Player,Team,Season,Height,Position,Age,G,MIN,MINPG,FGM,FGA,FGP,TPM,TPA,TPP,FTM,FTA,FTP,ORB,ORBPG,DRB,DRBPG,TRB,TRBPG,AST,ASTPG,STL,STLPG,BLK,BLKPG,TO,TOPG,PF,PTS,PTSPG,
A.J. Price,IND,2009-2010, 6-2,PG,23,56,865,15.4464285714,145,354,.410,60,174,.345,60,75,.800,12,0.214285714286,76,1.35714285714,88,1.57142857143,106,1.89285714286,35,0.625,3,0.0535714285714,59,1.05357142857,53,410,7.32142857143,
A.J. Price,IND,2010-2011, 6-2,PG,24,50,795,15.9,114,320,.356,41,149,.275,54,81,.667,16,0.32,56,1.12,72,1.44,111,2.22,29,0.58,1,0.02,53,1.06,61,323,6.46,
A.J. Price,IND,2011-2012, 6-2,PG,25,44,568,12.9090909091,59,174,.339,26,88,.295,28,35,.800,13,0.295454545455,48,1.09090909091,61,1.38636363636,86,1.95454545455,20,0.454545454545,2,0.0454545454545,32,0.727272727273,30,172,3.90909090909,
A.J. Price,WAS,2012-2013, 6-2,PG,26,46,1033,22.4565217391,121,320,.378,52,155,.335,32,41,.780,17,0.369565217391,82,1.78260869565,99,2.15217391304,182,3.95652173913,27,0.586956521739,2,0.0434782608696,55,1.19565217391,60,326,7.08695652174,
