Player,Team,Season,Height,Position,Age,G,MIN,MINPG,FGM,FGA,FGP,TPM,TPA,TPP,FTM,FTA,FTP,ORB,ORBPG,DRB,DRBPG,TRB,TRBPG,AST,ASTPG,STL,STLPG,BLK,BLKPG,TO,TOPG,PF,PTS,PTSPG,
A.J. Guyton,CHI,2000-2001, 6-1,PG,22,33,630,19.0909090909,78,192,.406,27,69,.391,15,18,.833,10,0.30303030303,26,0.787878787879,36,1.09090909091,64,1.93939393939,9,0.272727272727,5,0.151515151515,24,0.727272727273,35,198,6.0,
A.J. Guyton,CHI,2001-2002, 6-1,PG,23,45,607,13.4888888889,88,244,.361,46,123,.374,22,27,.815,12,0.266666666667,32,0.711111111111,44,0.977777777778,81,1.8,10,0.222222222222,7,0.155555555556,37,0.822222222222,23,244,5.42222222222,
A.J. Guyton,GSW,2002-2003, 6-1,PG,24,2,9,4.5,0,4,.000,0,1,.000,0,0,.000,0,0.0,0,0.0,0,0.0,2,1.0,1,0.5,0,0.0,1,0.5,0,0,0.0,
