Player,Team,Season,Height,Position,Age,G,MIN,MINPG,FGM,FGA,FGP,TPM,TPA,TPP,FTM,FTA,FTP,ORB,ORBPG,DRB,DRBPG,TRB,TRBPG,AST,ASTPG,STL,STLPG,BLK,BLKPG,TO,TOPG,PF,PTS,PTSPG,
Aaron James,NOJ,1974-1975, 6-8,SF,22,76,1731,22.7763157895,370,776,.477,.000,.000,.000,147,189,.778,140,1.84210526316,226,2.97368421053,366,4.81578947368,66,0.868421052632,41,0.539473684211,15,0.197368421053,.000,0.0,217,887,11.6710526316,
Aaron James,NOJ,1975-1976, 6-8,SF,23,75,1346,17.9466666667,262,594,.441,.000,.000,.000,153,204,.750,93,1.24,156,2.08,249,3.32,59,0.786666666667,33,0.44,6,0.08,.000,0.0,172,677,9.02666666667,
Aaron James,NOJ,1976-1977, 6-8,SF,24,52,1059,20.3653846154,238,486,.490,.000,.000,.000,89,114,.781,56,1.07692307692,130,2.5,186,3.57692307692,55,1.05769230769,20,0.384615384615,5,0.0961538461538,.000,0.0,127,565,10.8653846154,
Aaron James,NOJ,1977-1978, 6-8,SF,25,80,2118,26.475,428,861,.497,.000,.000,.000,117,157,.745,163,2.0375,258,3.225,421,5.2625,112,1.4,36,0.45,22,0.275,130,1.625,254,973,12.1625,
Aaron James,NOJ,1978-1979, 6-8,SF,26,73,1417,19.4109589041,311,630,.494,.000,.000,.000,105,140,.750,97,1.32876712329,151,2.06849315068,248,3.39726027397,78,1.06849315068,28,0.383561643836,21,0.287671232877,111,1.52054794521,202,727,9.95890410959,
