Player,Team,Season,Height,Position,Age,G,MIN,MINPG,FGM,FGA,FGP,TPM,TPA,TPP,FTM,FTA,FTP,ORB,ORBPG,DRB,DRBPG,TRB,TRBPG,AST,ASTPG,STL,STLPG,BLK,BLKPG,TO,TOPG,PF,PTS,PTSPG,
Aaron Gray,CHI,2007-2008, 7-0,C,23,61,613,10.0491803279,103,204,.505,0,1,.000,56,99,.566,70,1.14754098361,98,1.60655737705,168,2.75409836066,41,0.672131147541,21,0.344262295082,16,0.262295081967,57,0.934426229508,117,262,4.29508196721,
Aaron Gray,CHI,2008-2009, 7-0,C,24,56,715,12.7678571429,81,167,.485,0,1,.000,34,59,.576,84,1.5,136,2.42857142857,220,3.92857142857,46,0.821428571429,14,0.25,18,0.321428571429,40,0.714285714286,135,196,3.5,
Aaron Gray,TOT,2009-2010, 7-0,C,25,32,311,9.71875,42,82,.512,0,0,.000,20,28,.714,45,1.40625,61,1.90625,106,3.3125,22,0.6875,9,0.28125,11,0.34375,18,0.5625,54,104,3.25,
Aaron Gray,CHI,2009-2010, 7-0,C,25,8,50,6.25,8,21,.381,0,0,.000,2,7,.286,5,0.625,11,1.375,16,2.0,2,0.25,0,0.0,0,0.0,1,0.125,10,18,2.25,
Aaron Gray,NOH,2009-2010, 7-0,C,25,24,261,10.875,34,61,.557,0,0,.000,18,21,.857,40,1.66666666667,50,2.08333333333,90,3.75,20,0.833333333333,9,0.375,11,0.458333333333,17,0.708333333333,44,86,3.58333333333,
Aaron Gray,NOH,2010-2011, 7-0,C,26,41,531,12.9512195122,56,99,.566,0,0,.000,17,34,.500,59,1.43902439024,112,2.73170731707,171,4.17073170732,16,0.390243902439,11,0.268292682927,12,0.292682926829,32,0.780487804878,96,129,3.14634146341,
Aaron Gray,TOR,2011-2012, 7-0,C,27,49,813,16.5918367347,83,161,.516,0,0,.000,25,47,.532,83,1.69387755102,198,4.04081632653,281,5.73469387755,27,0.551020408163,22,0.448979591837,17,0.34693877551,51,1.04081632653,127,191,3.89795918367,
Aaron Gray,TOR,2012-2013, 7-0,C,28,35,417,11.9142857143,41,76,.539,0,0,.000,20,38,.526,41,1.17142857143,72,2.05714285714,113,3.22857142857,24,0.685714285714,7,0.2,3,0.0857142857143,33,0.942857142857,70,102,2.91428571429,
