Player,Team,Season,Height,Position,Age,G,MIN,MINPG,FGM,FGA,FGP,TPM,TPA,TPP,FTM,FTA,FTP,ORB,ORBPG,DRB,DRBPG,TRB,TRBPG,AST,ASTPG,STL,STLPG,BLK,BLKPG,TO,TOPG,PF,PTS,PTSPG,
Abdul Jeelani,POR,1979-1980, 6-8,SF,25,77,1286,16.7012987013,288,565,.510,0,6,.000,161,204,.789,114,1.48051948052,156,2.02597402597,270,3.50649350649,95,1.23376623377,40,0.519480519481,40,0.519480519481,117,1.51948051948,155,737,9.57142857143,
Abdul Jeelani,DAL,1980-1981, 6-8,SF,26,66,1108,16.7878787879,187,440,.425,0,1,.000,179,220,.814,83,1.25757575758,147,2.22727272727,230,3.48484848485,65,0.984848484848,44,0.666666666667,31,0.469696969697,87,1.31818181818,123,553,8.37878787879,
