Player,Team,Season,Height,Position,Age,G,MIN,MINPG,FGM,FGA,FGP,TPM,TPA,TPP,FTM,FTA,FTP,ORB,ORBPG,DRB,DRBPG,TRB,TRBPG,AST,ASTPG,STL,STLPG,BLK,BLKPG,TO,TOPG,PF,PTS,PTSPG,
Acie Law,ATL,2007-2008, 6-3,PG,23,56,865,15.4464285714,95,237,.401,7,34,.206,38,48,.792,12,0.214285714286,45,0.803571428571,57,1.01785714286,113,2.01785714286,29,0.517857142857,0,0.0,56,1.0,73,235,4.19642857143,
Acie Law,ATL,2008-2009, 6-3,PG,24,55,560,10.1818181818,52,139,.374,9,29,.310,49,60,.817,6,0.109090909091,52,0.945454545455,58,1.05454545455,86,1.56363636364,11,0.2,3,0.0545454545455,29,0.527272727273,43,162,2.94545454545,
Acie Law,TOT,2009-2010, 6-3,PG,25,26,234,9.0,35,75,.467,5,16,.313,38,49,.776,3,0.115384615385,14,0.538461538462,17,0.653846153846,26,1.0,11,0.423076923077,1,0.0384615384615,17,0.653846153846,16,113,4.34615384615,
Acie Law,GSW,2009-2010, 6-3,PG,25,5,66,13.2,9,14,.643,1,3,.333,12,15,.800,0,0.0,2,0.4,2,0.4,7,1.4,6,1.2,0,0.0,2,0.4,5,31,6.2,
Acie Law,CHA,2009-2010, 6-3,PG,25,9,33,3.66666666667,5,16,.313,0,1,.000,6,7,.857,0,0.0,1,0.111111111111,1,0.111111111111,3,0.333333333333,1,0.111111111111,1,0.111111111111,3,0.333333333333,3,16,1.77777777778,
Acie Law,CHI,2009-2010, 6-3,PG,25,12,135,11.25,21,45,.467,4,12,.333,20,27,.741,3,0.25,11,0.916666666667,14,1.16666666667,16,1.33333333333,4,0.333333333333,0,0.0,12,1.0,8,66,5.5,
Acie Law,TOT,2010-2011, 6-3,PG,26,51,726,14.2352941176,81,186,.435,6,36,.167,47,64,.734,12,0.235294117647,51,1.0,63,1.23529411765,84,1.64705882353,32,0.627450980392,0,0.0,43,0.843137254902,61,215,4.21568627451,
Acie Law,MEM,2010-2011, 6-3,PG,26,11,94,8.54545454545,3,19,.158,0,6,.000,6,10,.600,3,0.272727272727,8,0.727272727273,11,1.0,14,1.27272727273,4,0.363636363636,0,0.0,10,0.909090909091,10,12,1.09090909091,
Acie Law,GSW,2010-2011, 6-3,PG,26,40,632,15.8,78,167,.467,6,30,.200,41,54,.759,9,0.225,43,1.075,52,1.3,70,1.75,28,0.7,0,0.0,33,0.825,51,203,5.075,
