Player,Team,Season,Height,Position,Age,G,MIN,MINPG,FGM,FGA,FGP,TPM,TPA,TPP,FTM,FTA,FTP,ORB,ORBPG,DRB,DRBPG,TRB,TRBPG,AST,ASTPG,STL,STLPG,BLK,BLKPG,TO,TOPG,PF,PTS,PTSPG,
Adrian Caldwell,HOU,1989-1990, 6-8,PF,23,51,331,6.49019607843,42,76,.553,0,0,.000,13,28,.464,36,0.705882352941,73,1.43137254902,109,2.13725490196,7,0.137254901961,11,0.21568627451,18,0.352941176471,32,0.627450980392,69,97,1.90196078431,
Adrian Caldwell,HOU,1990-1991, 6-8,PF,24,42,343,8.16666666667,35,83,.422,0,1,.000,7,17,.412,43,1.02380952381,57,1.35714285714,100,2.38095238095,8,0.190476190476,19,0.452380952381,10,0.238095238095,30,0.714285714286,35,77,1.83333333333,
Adrian Caldwell,HOU,1994-1995, 6-8,PF,28,7,30,4.28571428571,1,4,.250,0,0,.000,3,6,.500,1,0.142857142857,9,1.28571428571,10,1.42857142857,0,0.0,1,0.142857142857,0,0.0,1,0.142857142857,6,5,0.714285714286,
Adrian Caldwell,IND,1995-1996, 6-8,PF,29,51,327,6.41176470588,46,83,.554,0,0,.000,18,36,.500,42,0.823529411765,68,1.33333333333,110,2.1568627451,6,0.117647058824,9,0.176470588235,5,0.0980392156863,35,0.686274509804,73,110,2.1568627451,
Adrian Caldwell,TOT,1996-1997, 6-8,PF,30,45,569,12.6444444444,40,92,.435,0,2,.000,21,50,.420,58,1.28888888889,109,2.42222222222,167,3.71111111111,12,0.266666666667,16,0.355555555556,8,0.177777777778,28,0.622222222222,87,101,2.24444444444,
Adrian Caldwell,NJN,1996-1997, 6-8,PF,30,18,204,11.3333333333,10,35,.286,0,2,.000,9,17,.529,20,1.11111111111,36,2.0,56,3.11111111111,5,0.277777777778,8,0.444444444444,1,0.0555555555556,12,0.666666666667,27,29,1.61111111111,
Adrian Caldwell,PHI,1996-1997, 6-8,PF,30,27,365,13.5185185185,30,57,.526,0,0,.000,12,33,.364,38,1.40740740741,73,2.7037037037,111,4.11111111111,7,0.259259259259,8,0.296296296296,7,0.259259259259,16,0.592592592593,60,72,2.66666666667,
Adrian Caldwell,DAL,1997-1998, 6-8,PF,31,1,3,3.0,0,0,.000,0,0,.000,0,0,.000,0,0.0,0,0.0,0,0.0,0,0.0,0,0.0,0,0.0,0,0.0,0,0,0.0,
