Player,Team,Season,Height,Position,Age,G,MIN,MINPG,FGM,FGA,FGP,TPM,TPA,TPP,FTM,FTA,FTP,ORB,ORBPG,DRB,DRBPG,TRB,TRBPG,AST,ASTPG,STL,STLPG,BLK,BLKPG,TO,TOPG,PF,PTS,PTSPG,
Adrian Branch,LAL,1986-1987, 6-7,SF,23,32,219,6.84375,48,96,.500,0,2,.000,42,54,.778,23,0.71875,30,0.9375,53,1.65625,16,0.5,16,0.5,3,0.09375,24,0.75,39,138,4.3125,
Adrian Branch,NJN,1987-1988, 6-7,SF,24,20,308,15.4,56,134,.418,1,5,.200,20,23,.870,20,1.0,28,1.4,48,2.4,16,0.8,16,0.8,11,0.55,29,1.45,41,133,6.65,
Adrian Branch,POR,1988-1989, 6-7,SF,25,67,811,12.1044776119,202,436,.463,7,31,.226,87,120,.725,63,0.940298507463,69,1.02985074627,132,1.97014925373,60,0.89552238806,45,0.671641791045,3,0.044776119403,64,0.955223880597,99,498,7.4328358209,
Adrian Branch,MIN,1989-1990, 6-7,SF,26,11,91,8.27272727273,25,61,.410,1,1,1.000,14,22,.636,8,0.727272727273,12,1.09090909091,20,1.81818181818,4,0.363636363636,6,0.545454545455,0,0.0,8,0.727272727273,14,65,5.90909090909,
