Player,Team,Season,Height,Position,Age,G,MIN,MINPG,FGM,FGA,FGP,TPM,TPA,TPP,FTM,FTA,FTP,ORB,ORBPG,DRB,DRBPG,TRB,TRBPG,AST,ASTPG,STL,STLPG,BLK,BLKPG,TO,TOPG,PF,PTS,PTSPG,
Al Butler,TOT,1961-1962, 6-2,PG,23,59,2016,34.1694915254,349,754,.463,.000,.000,.000,129,182,.709,.000,0.0,.000,0.0,337,5.71186440678,205,3.47457627119,.000,0.0,.000,0.0,.000,0.0,156,827,14.0169491525,
Al Butler,BOS,1961-1962, 6-2,PG,23,5,47,9.4,13,29,.448,.000,.000,.000,5,6,.833,.000,0.0,.000,0.0,13,2.6,4,0.8,.000,0.0,.000,0.0,.000,0.0,9,31,6.2,
Al Butler,NYK,1961-1962, 6-2,PG,23,54,1969,36.462962963,336,725,.463,.000,.000,.000,124,176,.705,.000,0.0,.000,0.0,324,6.0,201,3.72222222222,.000,0.0,.000,0.0,.000,0.0,147,796,14.7407407407,
Al Butler,NYK,1962-1963, 6-2,PG,24,74,1488,20.1081081081,297,676,.439,.000,.000,.000,144,187,.770,.000,0.0,.000,0.0,170,2.2972972973,156,2.10810810811,.000,0.0,.000,0.0,.000,0.0,145,738,9.97297297297,
Al Butler,NYK,1963-1964, 6-2,PG,25,76,1379,18.1447368421,260,616,.422,.000,.000,.000,138,187,.738,.000,0.0,.000,0.0,168,2.21052631579,157,2.06578947368,.000,0.0,.000,0.0,.000,0.0,167,658,8.65789473684,
Al Butler,BAL,1964-1965, 6-2,PG,26,25,172,6.88,24,73,.329,.000,.000,.000,11,15,.733,.000,0.0,.000,0.0,21,0.84,12,0.48,.000,0.0,.000,0.0,.000,0.0,25,59,2.36,
