Player,Team,Season,Height,Position,Age,G,MIN,MINPG,FGM,FGA,FGP,TPM,TPA,TPP,FTM,FTA,FTP,ORB,ORBPG,DRB,DRBPG,TRB,TRBPG,AST,ASTPG,STL,STLPG,BLK,BLKPG,TO,TOPG,PF,PTS,PTSPG,
Al Cueto,MMF,1969-1970, 6-7,C,23,78,1265,16.2179487179,182,449,.405,5,16,.313,102,144,.708,171,2.19230769231,281,3.60256410256,452,5.79487179487,58,0.74358974359,.000,0.0,.000,0.0,95,1.21794871795,257,471,6.03846153846,
Al Cueto,MMP,1970-1971, 6-7,C,24,71,974,13.7183098592,134,333,.402,0,5,.000,55,77,.714,100,1.40845070423,179,2.52112676056,279,3.92957746479,86,1.21126760563,.000,0.0,.000,0.0,57,0.802816901408,166,323,4.54929577465,
