Player,Team,Season,Height,Position,Age,G,MIN,MINPG,FGM,FGA,FGP,TPM,TPA,TPP,FTM,FTA,FTP,ORB,ORBPG,DRB,DRBPG,TRB,TRBPG,AST,ASTPG,STL,STLPG,BLK,BLKPG,TO,TOPG,PF,PTS,PTSPG,
Al Ferrari,STL,1955-1956, 6-4,SF,22,68,1611,23.6911764706,191,534,.358,.000,.000,.000,164,236,.695,.000,0.0,.000,0.0,186,2.73529411765,163,2.39705882353,.000,0.0,.000,0.0,.000,0.0,192,546,8.02941176471,
Al Ferrari,STL,1958-1959, 6-4,SG,25,72,1189,16.5138888889,134,385,.348,.000,.000,.000,145,199,.729,.000,0.0,.000,0.0,142,1.97222222222,122,1.69444444444,.000,0.0,.000,0.0,.000,0.0,155,413,5.73611111111,
Al Ferrari,STL,1959-1960, 6-4,SG,26,71,1567,22.0704225352,216,523,.413,.000,.000,.000,176,225,.782,.000,0.0,.000,0.0,162,2.28169014085,188,2.64788732394,.000,0.0,.000,0.0,.000,0.0,205,608,8.56338028169,
Al Ferrari,STL,1960-1961, 6-4,SG,27,63,1031,16.3650793651,117,328,.357,.000,.000,.000,95,116,.819,.000,0.0,.000,0.0,115,1.8253968254,143,2.26984126984,.000,0.0,.000,0.0,.000,0.0,157,329,5.22222222222,
Al Ferrari,STL,1961-1962, 6-4,SG,28,79,2046,25.8987341772,208,582,.357,.000,.000,.000,175,219,.799,.000,0.0,.000,0.0,213,2.69620253165,313,3.96202531646,.000,0.0,.000,0.0,.000,0.0,278,591,7.48101265823,
Al Ferrari,CHZ,1962-1963, 6-4,,29,18,138,7.66666666667,12,37,.324,.000,.000,.000,14,17,.824,.000,0.0,.000,0.0,12,0.666666666667,14,0.777777777778,.000,0.0,.000,0.0,.000,0.0,21,38,2.11111111111,
