Player,Team,Season,Height,Position,Age,G,MIN,MINPG,FGM,FGA,FGP,TPM,TPA,TPP,FTM,FTA,FTP,ORB,ORBPG,DRB,DRBPG,TRB,TRBPG,AST,ASTPG,STL,STLPG,BLK,BLKPG,TO,TOPG,PF,PTS,PTSPG,
Al Guokas,TOT,1949-1950, 6-5,,24,57,.000,0.0,93,299,.311,.000,.000,.000,28,50,.560,.000,0.0,.000,0.0,.000,0.0,95,1.66666666667,.000,0.0,.000,0.0,.000,0.0,143,214,3.75438596491,
Al Guokas,DNN,1949-1950, 6-5,,24,41,.000,0.0,86,271,.317,.000,.000,.000,25,47,.532,.000,0.0,.000,0.0,.000,0.0,85,2.07317073171,.000,0.0,.000,0.0,.000,0.0,116,197,4.80487804878,
Al Guokas,PHW,1949-1950, 6-5,,24,16,.000,0.0,7,28,.250,.000,.000,.000,3,3,1.000,.000,0.0,.000,0.0,.000,0.0,10,0.625,.000,0.0,.000,0.0,.000,0.0,27,17,1.0625,
