Player,Team,Season,Height,Position,Age,G,MIN,MINPG,FGM,FGA,FGP,TPM,TPA,TPP,FTM,FTA,FTP,ORB,ORBPG,DRB,DRBPG,TRB,TRBPG,AST,ASTPG,STL,STLPG,BLK,BLKPG,TO,TOPG,PF,PTS,PTSPG,
Al Horford,ATL,2007-2008, 6-10,C,21,81,2540,31.3580246914,333,668,.499,0,5,.000,155,212,.731,248,3.06172839506,537,6.62962962963,785,9.69135802469,124,1.53086419753,60,0.740740740741,76,0.938271604938,137,1.69135802469,267,821,10.1358024691,
Al Horford,ATL,2008-2009, 6-10,C,22,67,2242,33.4626865672,312,594,.525,0,1,.000,149,205,.727,145,2.16417910448,479,7.14925373134,624,9.31343283582,163,2.4328358209,53,0.791044776119,95,1.41791044776,103,1.53731343284,190,773,11.5373134328,
Al Horford,ATL,2009-2010, 6-10,C,23,81,2845,35.1234567901,467,847,.551,1,1,1.000,213,270,.789,236,2.91358024691,563,6.95061728395,799,9.86419753086,189,2.33333333333,59,0.728395061728,91,1.12345679012,122,1.50617283951,225,1148,14.1728395062,
Al Horford,ATL,2010-2011, 6-10,C,24,77,2704,35.1168831169,513,921,.557,2,4,.500,150,188,.798,182,2.36363636364,536,6.96103896104,718,9.32467532468,266,3.45454545455,59,0.766233766234,80,1.03896103896,119,1.54545454545,193,1178,15.2987012987,
Al Horford,ATL,2011-2012, 6-10,C,25,11,348,31.6363636364,57,103,.553,0,1,.000,22,30,.733,26,2.36363636364,51,4.63636363636,77,7.0,24,2.18181818182,10,0.909090909091,14,1.27272727273,16,1.45454545455,21,136,12.3636363636,
Al Horford,ATL,2012-2013, 6-10,C,26,61,2272,37.2459016393,472,850,.555,3,5,.600,107,177,.605,162,2.65573770492,454,7.44262295082,616,10.0983606557,197,3.22950819672,59,0.967213114754,68,1.11475409836,123,2.01639344262,137,1054,17.2786885246,
