Player,Team,Season,Height,Position,Age,G,MIN,MINPG,FGM,FGA,FGP,TPM,TPA,TPP,FTM,FTA,FTP,ORB,ORBPG,DRB,DRBPG,TRB,TRBPG,AST,ASTPG,STL,STLPG,BLK,BLKPG,TO,TOPG,PF,PTS,PTSPG,
Al Henry,PHI,1970-1971, 6-9,C,21,6,26,4.33333333333,1,6,.167,.000,.000,.000,5,7,.714,.000,0.0,.000,0.0,11,1.83333333333,0,0.0,.000,0.0,.000,0.0,.000,0.0,1,7,1.16666666667,
Al Henry,PHI,1971-1972, 6-9,C,22,43,421,9.79069767442,68,156,.436,.000,.000,.000,51,73,.699,.000,0.0,.000,0.0,137,3.18604651163,8,0.186046511628,.000,0.0,.000,0.0,.000,0.0,42,187,4.3488372093,
