Player,Team,Season,Height,Position,Age,G,MIN,MINPG,FGM,FGA,FGP,TPM,TPA,TPP,FTM,FTA,FTP,ORB,ORBPG,DRB,DRBPG,TRB,TRBPG,AST,ASTPG,STL,STLPG,BLK,BLKPG,TO,TOPG,PF,PTS,PTSPG,
Al Jefferson,BOS,2004-2005, 6-10,PF,20,71,1051,14.8028169014,195,369,.528,0,3,.000,85,135,.630,119,1.67605633803,193,2.71830985915,312,4.39436619718,24,0.338028169014,22,0.30985915493,55,0.774647887324,66,0.929577464789,195,475,6.69014084507,
Al Jefferson,BOS,2005-2006, 6-10,PF,21,59,1062,18.0,189,379,.499,0,4,.000,86,134,.642,97,1.64406779661,202,3.42372881356,299,5.06779661017,30,0.508474576271,30,0.508474576271,46,0.779661016949,62,1.05084745763,166,464,7.86440677966,
Al Jefferson,BOS,2006-2007, 6-10,C,22,69,2319,33.6086956522,453,882,.514,0,1,.000,201,295,.681,237,3.4347826087,519,7.52173913043,756,10.9565217391,88,1.27536231884,48,0.695652173913,106,1.53623188406,136,1.97101449275,232,1107,16.0434782609,
Al Jefferson,MIN,2007-2008, 6-10,C,23,82,2919,35.5975609756,721,1441,.500,0,5,.000,284,394,.721,308,3.75609756098,603,7.35365853659,911,11.1097560976,117,1.42682926829,74,0.90243902439,119,1.4512195122,167,2.03658536585,222,1726,21.0487804878,
Al Jefferson,MIN,2008-2009, 6-10,C,24,50,1836,36.72,485,975,.497,0,4,.000,186,252,.738,172,3.44,376,7.52,548,10.96,79,1.58,39,0.78,83,1.66,92,1.84,141,1156,23.12,
Al Jefferson,MIN,2009-2010, 6-10,C,25,76,2463,32.4078947368,560,1125,.498,0,4,.000,181,266,.680,180,2.36842105263,523,6.88157894737,703,9.25,137,1.80263157895,63,0.828947368421,98,1.28947368421,136,1.78947368421,205,1301,17.1184210526,
Al Jefferson,UTA,2010-2011, 6-10,C,26,82,2940,35.8536585366,654,1319,.496,0,0,.000,220,289,.761,235,2.86585365854,559,6.81707317073,794,9.68292682927,149,1.81707317073,46,0.560975609756,153,1.86585365854,105,1.28048780488,238,1528,18.6341463415,
Al Jefferson,UTA,2011-2012, 6-10,C,27,61,2075,34.0163934426,516,1048,.492,1,4,.250,137,177,.774,133,2.18032786885,452,7.40983606557,585,9.59016393443,134,2.19672131148,47,0.770491803279,101,1.65573770492,62,1.01639344262,155,1170,19.1803278689,
Al Jefferson,UTA,2012-2013, 6-10,C,28,61,1992,32.6557377049,462,949,.487,2,15,.133,139,178,.781,122,2.0,438,7.18032786885,560,9.18032786885,126,2.06557377049,55,0.901639344262,72,1.18032786885,78,1.27868852459,131,1065,17.4590163934,
