Player,Team,Season,Height,Position,Age,G,MIN,MINPG,FGM,FGA,FGP,TPM,TPA,TPP,FTM,FTA,FTP,ORB,ORBPG,DRB,DRBPG,TRB,TRBPG,AST,ASTPG,STL,STLPG,BLK,BLKPG,TO,TOPG,PF,PTS,PTSPG,
Al Roges,BLB,1953-1954, 6-4,SF,23,67,1937,28.9104477612,220,614,.358,.000,.000,.000,130,179,.726,.000,0.0,.000,0.0,213,3.17910447761,160,2.38805970149,.000,0.0,.000,0.0,.000,0.0,177,570,8.50746268657,
Al Roges,TOT,1954-1955, 6-4,,24,17,201,11.8235294118,23,61,.377,.000,.000,.000,15,24,.625,.000,0.0,.000,0.0,24,1.41176470588,19,1.11764705882,.000,0.0,.000,0.0,.000,0.0,20,61,3.58823529412,
