Player,Team,Season,Height,Position,Age,G,MIN,MINPG,FGM,FGA,FGP,TPM,TPA,TPP,FTM,FTA,FTP,ORB,ORBPG,DRB,DRBPG,TRB,TRBPG,AST,ASTPG,STL,STLPG,BLK,BLKPG,TO,TOPG,PF,PTS,PTSPG,
Al Thornton,LAC,2007-2008, 6-8,PF,24,79,2158,27.3164556962,374,871,.429,43,130,.331,214,288,.743,98,1.24050632911,260,3.29113924051,358,4.53164556962,98,1.24050632911,46,0.582278481013,43,0.544303797468,128,1.62025316456,195,1005,12.7215189873,
Al Thornton,LAC,2008-2009, 6-8,SF,25,71,2654,37.3802816901,469,1051,.446,20,79,.253,236,313,.754,122,1.71830985915,246,3.46478873239,368,5.18309859155,103,1.45070422535,59,0.830985915493,62,0.87323943662,130,1.83098591549,227,1194,16.8169014085,
Al Thornton,TOT,2009-2010, 6-8,SF,26,75,2079,27.72,320,676,.473,11,31,.355,153,211,.725,116,1.54666666667,178,2.37333333333,294,3.92,90,1.2,45,0.6,35,0.466666666667,102,1.36,206,804,10.72,
Al Thornton,LAC,2009-2010, 6-8,SF,26,51,1405,27.5490196078,220,460,.478,5,14,.357,103,139,.741,85,1.66666666667,107,2.09803921569,192,3.76470588235,61,1.19607843137,25,0.490196078431,22,0.43137254902,66,1.29411764706,144,548,10.7450980392,
Al Thornton,WAS,2009-2010, 6-8,SF,26,24,674,28.0833333333,100,216,.463,6,17,.353,50,72,.694,31,1.29166666667,71,2.95833333333,102,4.25,29,1.20833333333,20,0.833333333333,13,0.541666666667,36,1.5,62,256,10.6666666667,
Al Thornton,TOT,2010-2011, 6-8,SF,27,71,1383,19.4788732394,205,431,.476,4,26,.154,110,142,.775,56,0.788732394366,157,2.21126760563,213,3.0,62,0.87323943662,35,0.492957746479,12,0.169014084507,64,0.901408450704,143,524,7.38028169014,
Al Thornton,WAS,2010-2011, 6-8,SF,27,49,1069,21.8163265306,154,327,.471,4,25,.160,81,107,.757,46,0.938775510204,110,2.24489795918,156,3.18367346939,51,1.04081632653,28,0.571428571429,9,0.183673469388,44,0.897959183673,103,393,8.02040816327,
Al Thornton,GSW,2010-2011, 6-8,PF,27,22,314,14.2727272727,51,104,.490,0,1,.000,29,35,.829,10,0.454545454545,47,2.13636363636,57,2.59090909091,11,0.5,7,0.318181818182,3,0.136363636364,20,0.909090909091,40,131,5.95454545455,
