Player,Team,Season,Height,Position,Age,G,MIN,MINPG,FGM,FGA,FGP,TPM,TPA,TPP,FTM,FTA,FTP,ORB,ORBPG,DRB,DRBPG,TRB,TRBPG,AST,ASTPG,STL,STLPG,BLK,BLKPG,TO,TOPG,PF,PTS,PTSPG,
Al Wood,TOT,1981-1982, 6-6,SG,23,48,930,19.375,179,381,.470,3,24,.125,93,119,.782,51,1.0625,83,1.72916666667,134,2.79166666667,58,1.20833333333,31,0.645833333333,9,0.1875,71,1.47916666667,108,454,9.45833333333,
Al Wood,ATL,1981-1982, 6-6,SG,23,19,238,12.5263157895,36,105,.343,0,6,.000,20,28,.714,22,1.15789473684,22,1.15789473684,44,2.31578947368,11,0.578947368421,9,0.473684210526,1,0.0526315789474,11,0.578947368421,34,92,4.84210526316,
Al Wood,SDC,1981-1982, 6-6,SG,23,29,692,23.8620689655,143,276,.518,3,18,.167,73,91,.802,29,1.0,61,2.10344827586,90,3.10344827586,47,1.62068965517,22,0.758620689655,8,0.275862068966,60,2.06896551724,74,362,12.4827586207,
Al Wood,SDC,1982-1983, 6-6,SF,24,76,1822,23.9736842105,343,740,.464,15,50,.300,124,161,.770,96,1.26315789474,140,1.84210526316,236,3.10526315789,134,1.76315789474,55,0.723684210526,36,0.473684210526,111,1.46052631579,188,825,10.8552631579,
Al Wood,SEA,1983-1984, 6-6,SG,25,81,2236,27.6049382716,467,945,.494,3,21,.143,223,271,.823,94,1.16049382716,181,2.23456790123,275,3.3950617284,166,2.04938271605,64,0.79012345679,32,0.395061728395,126,1.55555555556,207,1160,14.3209876543,
Al Wood,SEA,1984-1985, 6-6,SG,26,80,2545,31.8125,515,1061,.485,7,33,.212,166,214,.776,99,1.2375,180,2.25,279,3.4875,236,2.95,84,1.05,52,0.65,120,1.5,187,1203,15.0375,
Al Wood,SEA,1985-1986, 6-6,SG,27,78,1749,22.4230769231,355,817,.435,5,37,.135,187,239,.782,80,1.02564102564,164,2.10256410256,244,3.12820512821,114,1.46153846154,57,0.730769230769,19,0.24358974359,107,1.37179487179,171,902,11.5641025641,
Al Wood,DAL,1986-1987, 6-6,SG,28,54,657,12.1666666667,121,310,.390,7,25,.280,109,139,.784,39,0.722222222222,55,1.01851851852,94,1.74074074074,34,0.62962962963,19,0.351851851852,11,0.203703703704,34,0.62962962963,83,358,6.62962962963,
