Player,Team,Season,Height,Position,Age,G,MIN,MINPG,FGM,FGA,FGP,TPM,TPA,TPP,FTM,FTA,FTP,ORB,ORBPG,DRB,DRBPG,TRB,TRBPG,AST,ASTPG,STL,STLPG,BLK,BLKPG,TO,TOPG,PF,PTS,PTSPG,
Alaa Abdelnaby,POR,1990-1991, 6-10,PF,22,43,290,6.74418604651,55,116,.474,0,0,.000,25,44,.568,27,0.627906976744,62,1.44186046512,89,2.06976744186,12,0.279069767442,4,0.093023255814,12,0.279069767442,22,0.511627906977,39,135,3.13953488372,
Alaa Abdelnaby,POR,1991-1992, 6-10,PF,23,71,934,13.1549295775,178,361,.493,0,0,.000,76,101,.752,81,1.14084507042,179,2.52112676056,260,3.66197183099,30,0.422535211268,25,0.352112676056,17,0.239436619718,66,0.929577464789,132,432,6.08450704225,
Alaa Abdelnaby,TOT,1992-1993, 6-10,PF,24,75,1311,17.48,245,473,.518,0,1,.000,88,116,.759,126,1.68,211,2.81333333333,337,4.49333333333,27,0.36,25,0.333333333333,26,0.346666666667,97,1.29333333333,189,578,7.70666666667,
Alaa Abdelnaby,MIL,1992-1993, 6-10,PF,24,12,159,13.25,26,56,.464,0,1,.000,12,16,.750,12,1.0,25,2.08333333333,37,3.08333333333,10,0.833333333333,6,0.5,4,0.333333333333,13,1.08333333333,24,64,5.33333333333,
Alaa Abdelnaby,BOS,1992-1993, 6-10,PF,24,63,1152,18.2857142857,219,417,.525,0,0,.000,76,100,.760,114,1.80952380952,186,2.95238095238,300,4.7619047619,17,0.269841269841,19,0.301587301587,22,0.349206349206,84,1.33333333333,165,514,8.15873015873,
Alaa Abdelnaby,BOS,1993-1994, 6-10,PF,25,13,159,12.2307692308,24,55,.436,0,0,.000,16,25,.640,12,0.923076923077,34,2.61538461538,46,3.53846153846,3,0.230769230769,2,0.153846153846,3,0.230769230769,17,1.30769230769,20,64,4.92307692308,
Alaa Abdelnaby,TOT,1994-1995, 6-10,PF,26,54,506,9.37037037037,118,231,.511,0,2,.000,20,35,.571,37,0.685185185185,77,1.42592592593,114,2.11111111111,13,0.240740740741,15,0.277777777778,12,0.222222222222,45,0.833333333333,104,256,4.74074074074,
Alaa Abdelnaby,SAC,1994-1995, 6-10,PF,26,51,476,9.33333333333,117,220,.532,0,2,.000,20,35,.571,34,0.666666666667,72,1.41176470588,106,2.07843137255,13,0.254901960784,15,0.294117647059,12,0.235294117647,40,0.78431372549,102,254,4.98039215686,
Alaa Abdelnaby,PHI,1994-1995, 6-10,PF,26,3,30,10.0,1,11,.091,0,0,.000,0,0,.000,3,1.0,5,1.66666666667,8,2.66666666667,0,0.0,0,0.0,0,0.0,5,1.66666666667,2,2,0.666666666667,
