Player,Team,Season,Height,Position,Age,G,MIN,MINPG,FGM,FGA,FGP,TPM,TPA,TPP,FTM,FTA,FTP,ORB,ORBPG,DRB,DRBPG,TRB,TRBPG,AST,ASTPG,STL,STLPG,BLK,BLKPG,TO,TOPG,PF,PTS,PTSPG,
Alan Hardy,LAL,1980-1981, 6-7,SG,23,22,111,5.04545454545,22,59,.373,0,0,.000,7,10,.700,8,0.363636363636,11,0.5,19,0.863636363636,3,0.136363636364,1,0.0454545454545,9,0.409090909091,11,0.5,13,51,2.31818181818,
Alan Hardy,DET,1981-1982, 6-7,SG,24,38,310,8.15789473684,62,136,.456,0,5,.000,18,29,.621,14,0.368421052632,20,0.526315789474,34,0.894736842105,20,0.526315789474,9,0.236842105263,4,0.105263157895,20,0.526315789474,32,142,3.73684210526,
