Player,Team,Season,Height,Position,Age,G,MIN,MINPG,FGM,FGA,FGP,TPM,TPA,TPP,FTM,FTA,FTP,ORB,ORBPG,DRB,DRBPG,TRB,TRBPG,AST,ASTPG,STL,STLPG,BLK,BLKPG,TO,TOPG,PF,PTS,PTSPG,
Alan Ogg,MIA,1990-1991, 7-2,C,23,31,261,8.41935483871,24,55,.436,0,2,.000,6,10,.600,15,0.483870967742,34,1.09677419355,49,1.58064516129,2,0.0645161290323,6,0.193548387097,27,0.870967741935,8,0.258064516129,53,54,1.74193548387,
Alan Ogg,MIA,1991-1992, 7-2,C,24,43,367,8.53488372093,46,84,.548,0,0,.000,16,30,.533,30,0.697674418605,44,1.02325581395,74,1.72093023256,7,0.162790697674,5,0.116279069767,28,0.651162790698,19,0.441860465116,73,108,2.51162790698,
Alan Ogg,TOT,1992-1993, 7-2,C,25,6,29,4.83333333333,5,13,.385,0,0,.000,3,4,.750,3,0.5,7,1.16666666667,10,1.66666666667,4,0.666666666667,1,0.166666666667,3,0.5,3,0.5,6,13,2.16666666667,
Alan Ogg,MIL,1992-1993, 7-2,C,25,3,26,8.66666666667,3,9,.333,0,0,.000,2,2,1.000,1,0.333333333333,5,1.66666666667,6,2.0,4,1.33333333333,1,0.333333333333,3,1.0,3,1.0,6,8,2.66666666667,
Alan Ogg,WSB,1992-1993, 7-2,C,25,3,3,1.0,2,4,.500,0,0,.000,1,2,.500,2,0.666666666667,2,0.666666666667,4,1.33333333333,0,0.0,0,0.0,0,0.0,0,0.0,0,5,1.66666666667,
