Player,Team,Season,Height,Position,Age,G,MIN,MINPG,FGM,FGA,FGP,TPM,TPA,TPP,FTM,FTA,FTP,ORB,ORBPG,DRB,DRBPG,TRB,TRBPG,AST,ASTPG,STL,STLPG,BLK,BLKPG,TO,TOPG,PF,PTS,PTSPG,
Albert King,NJN,1981-1982, 6-6,SF,22,76,1694,22.2894736842,391,812,.482,3,13,.231,133,171,.778,105,1.38157894737,207,2.72368421053,312,4.10526315789,142,1.86842105263,64,0.842105263158,36,0.473684210526,180,2.36842105263,261,918,12.0789473684,
Albert King,NJN,1982-1983, 6-6,SF,23,79,2447,30.9746835443,582,1226,.475,6,23,.261,176,227,.775,157,1.98734177215,299,3.78481012658,456,5.77215189873,291,3.6835443038,95,1.20253164557,41,0.518987341772,245,3.10126582278,278,1346,17.0379746835,
Albert King,NJN,1983-1984, 6-6,SF,24,79,2103,26.6202531646,465,946,.492,3,22,.136,232,295,.786,125,1.58227848101,263,3.32911392405,388,4.91139240506,203,2.56962025316,91,1.15189873418,33,0.417721518987,208,2.63291139241,258,1165,14.746835443,
Albert King,NJN,1984-1985, 6-6,SF,25,42,860,20.4761904762,226,460,.491,0,8,.000,85,104,.817,70,1.66666666667,89,2.11904761905,159,3.78571428571,58,1.38095238095,41,0.97619047619,9,0.214285714286,65,1.54761904762,110,537,12.7857142857,
Albert King,NJN,1985-1986, 6-6,SF,26,73,1998,27.3698630137,438,961,.456,4,23,.174,167,203,.823,116,1.58904109589,250,3.42465753425,366,5.01369863014,181,2.47945205479,58,0.794520547945,24,0.328767123288,181,2.47945205479,205,1047,14.3424657534,
Albert King,NJN,1986-1987, 6-6,SF,27,61,1291,21.1639344262,244,573,.426,13,32,.406,81,100,.810,82,1.34426229508,132,2.16393442623,214,3.50819672131,103,1.68852459016,34,0.55737704918,28,0.459016393443,103,1.68852459016,177,582,9.54098360656,
Albert King,PHI,1987-1988, 6-6,SF,28,72,1593,22.125,211,540,.391,17,49,.347,78,103,.757,71,0.986111111111,145,2.01388888889,216,3.0,109,1.51388888889,39,0.541666666667,18,0.25,93,1.29166666667,219,517,7.18055555556,
Albert King,SAS,1988-1989, 6-6,SF,29,46,791,17.1956521739,141,327,.431,8,32,.250,37,48,.771,33,0.717391304348,107,2.32608695652,140,3.04347826087,79,1.71739130435,27,0.586956521739,7,0.152173913043,74,1.60869565217,97,327,7.10869565217,
Albert King,WSB,1991-1992, 6-6,SF,32,6,59,9.83333333333,11,30,.367,2,7,.286,7,8,.875,1,0.166666666667,10,1.66666666667,11,1.83333333333,5,0.833333333333,3,0.5,0,0.0,2,0.333333333333,7,31,5.16666666667,
