Player,Team,Season,Height,Position,Age,G,MIN,MINPG,FGM,FGA,FGP,TPM,TPA,TPP,FTM,FTA,FTP,ORB,ORBPG,DRB,DRBPG,TRB,TRBPG,AST,ASTPG,STL,STLPG,BLK,BLKPG,TO,TOPG,PF,PTS,PTSPG,
Alec Burks,UTA,2011-2012, 6-6,SG,20,59,939,15.9152542373,153,357,.429,15,45,.333,104,143,.727,57,0.966101694915,75,1.27118644068,132,2.23728813559,55,0.932203389831,27,0.457627118644,5,0.0847457627119,51,0.864406779661,84,425,7.20338983051,
Alec Burks,UTA,2012-2013, 6-6,SG,21,49,894,18.2448979592,124,303,.409,24,67,.358,75,107,.701,31,0.632653061224,87,1.77551020408,118,2.40816326531,77,1.57142857143,28,0.571428571429,11,0.224489795918,64,1.30612244898,91,347,7.08163265306,
