Player,Team,Season,Height,Position,Age,G,MIN,MINPG,FGM,FGA,FGP,TPM,TPA,TPP,FTM,FTA,FTP,ORB,ORBPG,DRB,DRBPG,TRB,TRBPG,AST,ASTPG,STL,STLPG,BLK,BLKPG,TO,TOPG,PF,PTS,PTSPG,
Alec Kessler,MIA,1990-1991, 6-11,C,24,78,1259,16.141025641,199,468,.425,0,4,.000,88,131,.672,115,1.47435897436,221,2.83333333333,336,4.30769230769,31,0.397435897436,17,0.217948717949,26,0.333333333333,108,1.38461538462,189,486,6.23076923077,
Alec Kessler,MIA,1991-1992, 6-11,PF,25,77,1197,15.5454545455,158,383,.413,0,0,.000,94,115,.817,114,1.48051948052,200,2.5974025974,314,4.07792207792,34,0.441558441558,17,0.220779220779,32,0.415584415584,58,0.753246753247,185,410,5.32467532468,
Alec Kessler,MIA,1992-1993, 6-11,PF,26,40,415,10.375,57,122,.467,5,11,.455,36,47,.766,25,0.625,66,1.65,91,2.275,14,0.35,4,0.1,12,0.3,21,0.525,63,155,3.875,
Alec Kessler,MIA,1993-1994, 6-11,PF,27,15,66,4.4,11,25,.440,5,9,.556,6,8,.750,4,0.266666666667,6,0.4,10,0.666666666667,2,0.133333333333,1,0.0666666666667,1,0.0666666666667,5,0.333333333333,14,33,2.2,
