Player,Team,Season,Height,Position,Age,G,MIN,MINPG,FGM,FGA,FGP,TPM,TPA,TPP,FTM,FTA,FTP,ORB,ORBPG,DRB,DRBPG,TRB,TRBPG,AST,ASTPG,STL,STLPG,BLK,BLKPG,TO,TOPG,PF,PTS,PTSPG,
Aleksandar Radojevic,TOR,1999-2000, 7-3,C,23,3,24,8.0,2,7,.286,0,0,.000,3,6,.500,2,0.666666666667,6,2.0,8,2.66666666667,1,0.333333333333,2,0.666666666667,1,0.333333333333,5,1.66666666667,5,7,2.33333333333,
Aleksandar Radojevic,UTA,2004-2005, 7-3,C,28,12,128,10.6666666667,6,19,.316,0,0,.000,7,10,.700,9,0.75,19,1.58333333333,28,2.33333333333,6,0.5,0,0.0,2,0.166666666667,15,1.25,32,19,1.58333333333,
