Player,Team,Season,Height,Position,Age,G,MIN,MINPG,FGM,FGA,FGP,TPM,TPA,TPP,FTM,FTA,FTP,ORB,ORBPG,DRB,DRBPG,TRB,TRBPG,AST,ASTPG,STL,STLPG,BLK,BLKPG,TO,TOPG,PF,PTS,PTSPG,
Alexander Johnson,MEM,2006-2007, 6-9,PF,23,59,753,12.7627118644,91,169,.538,0,0,.000,78,118,.661,50,0.847457627119,131,2.22033898305,181,3.06779661017,17,0.28813559322,25,0.423728813559,35,0.593220338983,47,0.796610169492,137,260,4.40677966102,
Alexander Johnson,MIA,2007-2008, 6-9,PF,24,43,549,12.7674418605,61,125,.488,0,0,.000,57,83,.687,32,0.744186046512,62,1.44186046512,94,2.18604651163,13,0.302325581395,13,0.302325581395,10,0.232558139535,42,0.976744186047,80,179,4.16279069767,
