Player,Team,Season,Height,Position,Age,G,MIN,MINPG,FGM,FGA,FGP,TPM,TPA,TPP,FTM,FTA,FTP,ORB,ORBPG,DRB,DRBPG,TRB,TRBPG,AST,ASTPG,STL,STLPG,BLK,BLKPG,TO,TOPG,PF,PTS,PTSPG,
Alex Hannum,SYR,1949-1950, 6-7,PF,26,64,.000,0.0,177,488,.363,.000,.000,.000,128,186,.688,.000,0.0,.000,0.0,.000,0.0,129,2.015625,.000,0.0,.000,0.0,.000,0.0,264,482,7.53125,
Alex Hannum,SYR,1950-1951, 6-7,PF,27,63,.000,0.0,182,494,.368,.000,.000,.000,107,197,.543,.000,0.0,.000,0.0,301,4.77777777778,119,1.88888888889,.000,0.0,.000,0.0,.000,0.0,271,471,7.47619047619,
Alex Hannum,TOT,1951-1952, 6-7,,28,66,1508,22.8484848485,170,462,.368,.000,.000,.000,98,138,.710,.000,0.0,.000,0.0,336,5.09090909091,133,2.01515151515,.000,0.0,.000,0.0,.000,0.0,271,438,6.63636363636,
Alex Hannum,ROC,1952-1953, 6-7,PF,29,68,1288,18.9411764706,129,360,.358,.000,.000,.000,88,133,.662,.000,0.0,.000,0.0,279,4.10294117647,81,1.19117647059,.000,0.0,.000,0.0,.000,0.0,258,346,5.08823529412,
Alex Hannum,ROC,1953-1954, 6-7,PF,30,72,1707,23.7083333333,175,503,.348,.000,.000,.000,102,164,.622,.000,0.0,.000,0.0,350,4.86111111111,105,1.45833333333,.000,0.0,.000,0.0,.000,0.0,279,452,6.27777777778,
Alex Hannum,MLH,1954-1955, 6-7,PF,31,53,1088,20.5283018868,126,358,.352,.000,.000,.000,61,107,.570,.000,0.0,.000,0.0,245,4.62264150943,105,1.98113207547,.000,0.0,.000,0.0,.000,0.0,206,313,5.90566037736,
Alex Hannum,STL,1955-1956, 6-7,PF,32,71,1480,20.8450704225,146,453,.322,.000,.000,.000,93,154,.604,.000,0.0,.000,0.0,344,4.84507042254,157,2.21126760563,.000,0.0,.000,0.0,.000,0.0,271,385,5.42253521127,
Alex Hannum,TOT,1956-1957, 6-7,,33,59,642,10.8813559322,77,223,.345,.000,.000,.000,37,56,.661,.000,0.0,.000,0.0,158,2.67796610169,28,0.474576271186,.000,0.0,.000,0.0,.000,0.0,135,191,3.23728813559,
