Player,Team,Season,Height,Position,Age,G,MIN,MINPG,FGM,FGA,FGP,TPM,TPA,TPP,FTM,FTA,FTP,ORB,ORBPG,DRB,DRBPG,TRB,TRBPG,AST,ASTPG,STL,STLPG,BLK,BLKPG,TO,TOPG,PF,PTS,PTSPG,
Alex Blackwell,LAL,1992-1993, 6-6,SF,22,27,109,4.03703703704,14,42,.333,0,3,.000,6,8,.750,10,0.37037037037,13,0.481481481481,23,0.851851851852,7,0.259259259259,4,0.148148148148,2,0.0740740740741,5,0.185185185185,14,34,1.25925925926,
