Player,Team,Season,Height,Position,Age,G,MIN,MINPG,FGM,FGA,FGP,TPM,TPA,TPP,FTM,FTA,FTP,ORB,ORBPG,DRB,DRBPG,TRB,TRBPG,AST,ASTPG,STL,STLPG,BLK,BLKPG,TO,TOPG,PF,PTS,PTSPG,
Alexey Shved,MIN,2012-2013, 6-6,SG,24,57,1517,26.6140350877,194,531,.365,71,242,.293,97,134,.724,37,0.649122807018,109,1.91228070175,146,2.56140350877,222,3.89473684211,42,0.736842105263,24,0.421052631579,125,2.19298245614,96,556,9.75438596491,
