Player,Team,Season,Height,Position,Age,G,MIN,MINPG,FGM,FGA,FGP,TPM,TPA,TPP,FTM,FTA,FTP,ORB,ORBPG,DRB,DRBPG,TRB,TRBPG,AST,ASTPG,STL,STLPG,BLK,BLKPG,TO,TOPG,PF,PTS,PTSPG,
Alex Bradley,NYK,1981-1982, 6-6,SF,22,39,331,8.48717948718,54,103,.524,0,1,.000,29,48,.604,31,0.794871794872,34,0.871794871795,65,1.66666666667,11,0.282051282051,12,0.307692307692,5,0.128205128205,28,0.717948717949,37,137,3.51282051282,
