Player,Team,Season,Height,Position,Age,G,MIN,MINPG,FGM,FGA,FGP,TPM,TPA,TPP,FTM,FTA,FTP,ORB,ORBPG,DRB,DRBPG,TRB,TRBPG,AST,ASTPG,STL,STLPG,BLK,BLKPG,TO,TOPG,PF,PTS,PTSPG,
Alex Stivrins,SEA,1985-1986, 6-8,SF,23,3,14,4.66666666667,1,4,.250,0,0,.000,1,4,.250,3,1.0,0,0.0,3,1.0,1,0.333333333333,0,0.0,0,0.0,3,1.0,2,3,1.0,
Alex Stivrins,TOT,1992-1993, 6-8,PF,30,19,76,4.0,19,39,.487,0,2,.000,3,4,.750,7,0.368421052632,12,0.631578947368,19,1.0,3,0.157894736842,2,0.105263157895,2,0.105263157895,7,0.368421052632,11,41,2.15789473684,
Alex Stivrins,PHO,1992-1993, 6-8,PF,30,10,35,3.5,11,18,.611,0,1,.000,0,0,.000,2,0.2,6,0.6,8,0.8,1,0.1,1,0.1,1,0.1,5,0.5,7,22,2.2,
Alex Stivrins,LAC,1992-1993, 6-8,SF,30,1,1,1.0,0,1,.000,0,0,.000,0,0,.000,0,0.0,0,0.0,0,0.0,0,0.0,0,0.0,0,0.0,0,0.0,0,0,0.0,
Alex Stivrins,MIL,1992-1993, 6-8,SF,30,3,25,8.33333333333,4,11,.364,0,0,.000,3,4,.750,3,1.0,3,1.0,6,2.0,2,0.666666666667,1,0.333333333333,0,0.0,2,0.666666666667,4,11,3.66666666667,
Alex Stivrins,ATL,1992-1993, 6-8,PF,30,5,15,3.0,4,9,.444,0,1,.000,0,0,.000,2,0.4,3,0.6,5,1.0,0,0.0,0,0.0,1,0.2,0,0.0,0,8,1.6,
