Player,Team,Season,Height,Position,Age,G,MIN,MINPG,FGM,FGA,FGP,TPM,TPA,TPP,FTM,FTA,FTP,ORB,ORBPG,DRB,DRBPG,TRB,TRBPG,AST,ASTPG,STL,STLPG,BLK,BLKPG,TO,TOPG,PF,PTS,PTSPG,
Alfred McGuire,NYK,1951-1952, 6-2,PG,23,59,788,13.3559322034,72,167,.431,.000,.000,.000,64,122,.525,.000,0.0,.000,0.0,121,2.05084745763,107,1.81355932203,.000,0.0,.000,0.0,.000,0.0,136,208,3.52542372881,
Alfred McGuire,NYK,1952-1953, 6-2,PG,24,58,1231,21.224137931,112,287,.390,.000,.000,.000,128,201,.637,.000,0.0,.000,0.0,167,2.87931034483,145,2.5,.000,0.0,.000,0.0,.000,0.0,206,352,6.06896551724,
Alfred McGuire,NYK,1953-1954, 6-2,PG,25,64,849,13.265625,58,177,.328,.000,.000,.000,58,133,.436,.000,0.0,.000,0.0,121,1.890625,103,1.609375,.000,0.0,.000,0.0,.000,0.0,144,174,2.71875,
Alfred McGuire,BLB,1954-1955, 6-2,PG,26,10,98,9.8,9,32,.281,.000,.000,.000,5,7,.714,.000,0.0,.000,0.0,9,0.9,8,0.8,.000,0.0,.000,0.0,.000,0.0,15,23,2.3,
