Player,Team,Season,Height,Position,Age,G,MIN,MINPG,FGM,FGA,FGP,TPM,TPA,TPP,FTM,FTA,FTP,ORB,ORBPG,DRB,DRBPG,TRB,TRBPG,AST,ASTPG,STL,STLPG,BLK,BLKPG,TO,TOPG,PF,PTS,PTSPG,
Alfredrick Hughes,SAS,1985-1986, 6-5,SG,23,68,866,12.7352941176,152,372,.409,3,17,.176,49,84,.583,49,0.720588235294,64,0.941176470588,113,1.66176470588,61,0.897058823529,26,0.382352941176,5,0.0735294117647,63,0.926470588235,79,356,5.23529411765,
