Player,Team,Season,Height,Position,Age,G,MIN,MINPG,FGM,FGA,FGP,TPM,TPA,TPP,FTM,FTA,FTP,ORB,ORBPG,DRB,DRBPG,TRB,TRBPG,AST,ASTPG,STL,STLPG,BLK,BLKPG,TO,TOPG,PF,PTS,PTSPG,
Allan Ray,BOS,2006-2007, 6-2,SG,22,47,710,15.1063829787,100,259,.386,48,116,.414,42,55,.764,18,0.382978723404,51,1.08510638298,69,1.46808510638,43,0.914893617021,20,0.425531914894,3,0.063829787234,42,0.893617021277,85,290,6.17021276596,
