Player,Team,Season,Height,Position,Age,G,MIN,MINPG,FGM,FGA,FGP,TPM,TPA,TPP,FTM,FTA,FTP,ORB,ORBPG,DRB,DRBPG,TRB,TRBPG,AST,ASTPG,STL,STLPG,BLK,BLKPG,TO,TOPG,PF,PTS,PTSPG,
Allen Murphy,KEN,1975-1976, 6-5,SG,23,29,248,8.55172413793,43,114,.377,0,1,.000,27,37,.730,24,0.827586206897,23,0.793103448276,47,1.62068965517,13,0.448275862069,10,0.344827586207,8,0.275862068966,27,0.931034482759,52,113,3.89655172414,
Allen Murphy,LAL,1976-1977, 6-5,SG,24,2,18,9.0,1,5,.200,.000,.000,.000,3,7,.429,3,1.5,1,0.5,4,2.0,0,0.0,0,0.0,0,0.0,.000,0.0,5,5,2.5,
