Player,Team,Season,Height,Position,Age,G,MIN,MINPG,FGM,FGA,FGP,TPM,TPA,TPP,FTM,FTA,FTP,ORB,ORBPG,DRB,DRBPG,TRB,TRBPG,AST,ASTPG,STL,STLPG,BLK,BLKPG,TO,TOPG,PF,PTS,PTSPG,
Alonzo Bradley,HOU,1977-1978, 6-6,SF,24,43,798,18.5581395349,130,304,.428,.000,.000,.000,43,59,.729,24,0.558139534884,75,1.74418604651,99,2.3023255814,54,1.25581395349,16,0.372093023256,6,0.139534883721,55,1.27906976744,83,303,7.04651162791,
Alonzo Bradley,HOU,1978-1979, 6-6,SF,25,34,245,7.20588235294,37,88,.420,.000,.000,.000,22,33,.667,13,0.382352941176,33,0.970588235294,46,1.35294117647,17,0.5,5,0.147058823529,1,0.0294117647059,17,0.5,33,96,2.82352941176,
Alonzo Bradley,HOU,1979-1980, 6-6,SF,26,22,96,4.36363636364,17,48,.354,1,1,1.000,6,9,.667,2,0.0909090909091,4,0.181818181818,6,0.272727272727,3,0.136363636364,3,0.136363636364,0,0.0,8,0.363636363636,9,41,1.86363636364,
