Player,Team,Season,Height,Position,Age,G,MIN,MINPG,FGM,FGA,FGP,TPM,TPA,TPP,FTM,FTA,FTP,ORB,ORBPG,DRB,DRBPG,TRB,TRBPG,AST,ASTPG,STL,STLPG,BLK,BLKPG,TO,TOPG,PF,PTS,PTSPG,
Alvin Scott,PHO,1977-1978, 6-7,SF,22,81,1538,18.987654321,180,369,.488,.000,.000,.000,132,191,.691,135,1.66666666667,222,2.74074074074,357,4.40740740741,88,1.08641975309,52,0.641975308642,40,0.493827160494,85,1.04938271605,158,492,6.07407407407,
Alvin Scott,PHO,1978-1979, 6-7,SF,23,81,1737,21.4444444444,212,396,.535,.000,.000,.000,120,168,.714,104,1.28395061728,256,3.16049382716,360,4.44444444444,126,1.55555555556,80,0.987654320988,62,0.765432098765,99,1.22222222222,139,544,6.71604938272,
Alvin Scott,PHO,1979-1980, 6-7,SF,24,79,1303,16.4936708861,127,301,.422,1,3,.333,95,122,.779,89,1.12658227848,139,1.75949367089,228,2.88607594937,98,1.24050632911,47,0.594936708861,53,0.670886075949,92,1.16455696203,101,350,4.43037974684,
Alvin Scott,PHO,1980-1981, 6-7,SF,25,82,1423,17.3536585366,173,348,.497,1,6,.167,97,127,.764,101,1.23170731707,167,2.03658536585,268,3.26829268293,114,1.39024390244,60,0.731707317073,70,0.853658536585,77,0.939024390244,124,444,5.41463414634,
Alvin Scott,PHO,1981-1982, 6-7,SF,26,81,1740,21.4814814815,189,380,.497,0,2,.000,108,148,.730,97,1.1975308642,197,2.43209876543,294,3.62962962963,149,1.83950617284,59,0.728395061728,70,0.864197530864,98,1.20987654321,169,486,6.0,
Alvin Scott,PHO,1982-1983, 6-7,SF,27,81,1139,14.0617283951,124,259,.479,0,2,.000,81,110,.736,60,0.740740740741,164,2.02469135802,224,2.76543209877,97,1.1975308642,48,0.592592592593,31,0.382716049383,64,0.79012345679,133,329,4.06172839506,
Alvin Scott,PHO,1983-1984, 6-7,SF,28,65,735,11.3076923077,55,124,.444,1,2,.500,56,72,.778,29,0.446153846154,71,1.09230769231,100,1.53846153846,48,0.738461538462,19,0.292307692308,20,0.307692307692,42,0.646153846154,85,167,2.56923076923,
Alvin Scott,PHO,1984-1985, 6-7,SF,29,77,1238,16.0779220779,111,259,.429,1,5,.200,53,74,.716,46,0.597402597403,115,1.49350649351,161,2.09090909091,127,1.64935064935,39,0.506493506494,25,0.324675324675,60,0.779220779221,125,276,3.58441558442,
