Player,Team,Season,Height,Position,Age,G,MIN,MINPG,FGM,FGA,FGP,TPM,TPA,TPP,FTM,FTA,FTP,ORB,ORBPG,DRB,DRBPG,TRB,TRBPG,AST,ASTPG,STL,STLPG,BLK,BLKPG,TO,TOPG,PF,PTS,PTSPG,
Anderson Varejao,CLE,2004-2005, 6-10,PF,22,54,863,15.9814814815,99,193,.513,0,2,.000,68,127,.535,109,2.01851851852,148,2.74074074074,257,4.75925925926,27,0.5,41,0.759259259259,38,0.703703703704,26,0.481481481481,122,266,4.92592592593,
Anderson Varejao,CLE,2005-2006, 6-10,C,23,48,760,15.8333333333,79,150,.527,0,1,.000,61,119,.513,77,1.60416666667,158,3.29166666667,235,4.89583333333,19,0.395833333333,31,0.645833333333,19,0.395833333333,27,0.5625,118,219,4.5625,
Anderson Varejao,CLE,2006-2007, 6-10,C,24,81,1932,23.8518518519,191,401,.476,0,9,.000,165,268,.616,191,2.35802469136,354,4.37037037037,545,6.72839506173,75,0.925925925926,76,0.938271604938,52,0.641975308642,67,0.827160493827,269,547,6.75308641975,
Anderson Varejao,CLE,2007-2008, 6-10,C,25,48,1320,27.5,136,295,.461,0,2,.000,49,82,.598,134,2.79166666667,265,5.52083333333,399,8.3125,53,1.10416666667,37,0.770833333333,26,0.541666666667,59,1.22916666667,134,321,6.6875,
Anderson Varejao,CLE,2008-2009, 6-10,PF,26,81,2306,28.4691358025,270,504,.536,0,2,.000,154,250,.616,166,2.04938271605,415,5.12345679012,581,7.17283950617,81,1.0,75,0.925925925926,66,0.814814814815,80,0.987654320988,239,694,8.56790123457,
Anderson Varejao,CLE,2009-2010, 6-10,PF,27,76,2166,28.5,267,467,.572,1,5,.200,116,175,.663,189,2.48684210526,389,5.11842105263,578,7.60526315789,87,1.14473684211,71,0.934210526316,67,0.881578947368,67,0.881578947368,223,651,8.56578947368,
Anderson Varejao,CLE,2010-2011, 6-10,C,28,31,994,32.064516129,114,216,.528,0,2,.000,54,81,.667,98,3.16129032258,203,6.54838709677,301,9.70967741935,45,1.45161290323,27,0.870967741935,38,1.22580645161,40,1.29032258065,87,282,9.09677419355,
Anderson Varejao,CLE,2011-2012, 6-10,C,29,25,785,31.4,114,222,.514,0,4,.000,43,64,.672,109,4.36,178,7.12,287,11.48,43,1.72,35,1.4,17,0.68,45,1.8,62,271,10.84,
Anderson Varejao,CLE,2012-2013, 6-10,C,30,25,901,36.04,138,289,.478,0,5,.000,77,102,.755,138,5.52,223,8.92,361,14.44,84,3.36,37,1.48,14,0.56,44,1.76,68,353,14.12,
