Player,Team,Season,Height,Position,Age,G,MIN,MINPG,FGM,FGA,FGP,TPM,TPA,TPP,FTM,FTA,FTP,ORB,ORBPG,DRB,DRBPG,TRB,TRBPG,AST,ASTPG,STL,STLPG,BLK,BLKPG,TO,TOPG,PF,PTS,PTSPG,
Andre Barrett,TOT,2004-2005, 5-10,PG,22,38,483,12.7105263158,45,124,.363,14,52,.269,14,19,.737,11,0.289473684211,29,0.763157894737,40,1.05263157895,69,1.81578947368,19,0.5,1,0.0263157894737,27,0.710526315789,51,118,3.10526315789,
Andre Barrett,HOU,2004-2005, 5-10,PG,22,27,314,11.6296296296,20,69,.290,9,37,.243,7,10,.700,5,0.185185185185,14,0.518518518519,19,0.703703703704,42,1.55555555556,14,0.518518518519,0,0.0,16,0.592592592593,35,56,2.07407407407,
Andre Barrett,ORL,2004-2005, 5-10,PG,22,11,169,15.3636363636,25,55,.455,5,15,.333,7,9,.778,6,0.545454545455,15,1.36363636364,21,1.90909090909,27,2.45454545455,5,0.454545454545,1,0.0909090909091,11,1.0,16,62,5.63636363636,
Andre Barrett,TOT,2005-2006, 5-10,PG,23,19,282,14.8421052632,38,104,.365,2,14,.143,9,12,.750,9,0.473684210526,16,0.842105263158,25,1.31578947368,52,2.73684210526,10,0.526315789474,0,0.0,15,0.789473684211,13,87,4.57894736842,
Andre Barrett,PHO,2005-2006, 5-10,PG,23,2,21,10.5,3,7,.429,0,1,.000,3,3,1.000,1,0.5,2,1.0,3,1.5,2,1.0,0,0.0,0,0.0,1,0.5,1,9,4.5,
Andre Barrett,TOR,2005-2006, 5-10,PG,23,17,261,15.3529411765,35,97,.361,2,13,.154,6,9,.667,8,0.470588235294,14,0.823529411765,22,1.29411764706,50,2.94117647059,10,0.588235294118,0,0.0,14,0.823529411765,12,78,4.58823529412,
Andre Barrett,CHI,2006-2007, 5-10,PG,24,6,29,4.83333333333,4,8,.500,0,0,.000,0,0,.000,1,0.166666666667,4,0.666666666667,5,0.833333333333,7,1.16666666667,0,0.0,0,0.0,4,0.666666666667,4,8,1.33333333333,
Andre Barrett,LAC,2007-2008, 5-10,PG,25,4,25,6.25,2,5,.400,1,3,.333,1,2,.500,0,0.0,1,0.25,1,0.25,7,1.75,0,0.0,0,0.0,1,0.25,1,6,1.5,
