Player,Team,Season,Height,Position,Age,G,MIN,MINPG,FGM,FGA,FGP,TPM,TPA,TPP,FTM,FTA,FTP,ORB,ORBPG,DRB,DRBPG,TRB,TRBPG,AST,ASTPG,STL,STLPG,BLK,BLKPG,TO,TOPG,PF,PTS,PTSPG,
Andris Biedrins,GSW,2004-2005, 6-11,C,18,30,384,12.8,45,78,.577,0,1,.000,19,40,.475,47,1.56666666667,71,2.36666666667,118,3.93333333333,12,0.4,12,0.4,24,0.8,12,0.4,87,109,3.63333333333,
Andris Biedrins,GSW,2005-2006, 6-11,C,19,68,1000,14.7058823529,118,185,.638,0,0,.000,22,72,.306,124,1.82352941176,159,2.33823529412,283,4.16176470588,24,0.352941176471,23,0.338235294118,47,0.691176470588,34,0.5,190,258,3.79411764706,
Andris Biedrins,GSW,2006-2007, 6-11,C,20,82,2382,29.0487804878,348,581,.599,0,0,.000,87,167,.521,251,3.06097560976,511,6.23170731707,762,9.29268292683,88,1.07317073171,67,0.817073170732,136,1.65853658537,119,1.4512195122,304,783,9.5487804878,
Andris Biedrins,GSW,2007-2008, 6-11,C,21,76,2078,27.3421052632,340,543,.626,0,0,.000,116,187,.620,256,3.36842105263,488,6.42105263158,744,9.78947368421,75,0.986842105263,56,0.736842105263,94,1.23684210526,85,1.11842105263,262,796,10.4736842105,
Andris Biedrins,GSW,2008-2009, 6-11,C,22,62,1863,30.0483870968,308,533,.578,0,1,.000,119,216,.551,223,3.59677419355,470,7.58064516129,693,11.1774193548,121,1.95161290323,63,1.01612903226,96,1.54838709677,110,1.77419354839,236,735,11.8548387097,
Andris Biedrins,GSW,2009-2010, 6-11,C,23,33,763,23.1212121212,81,137,.591,0,0,.000,4,25,.160,63,1.90909090909,196,5.93939393939,259,7.84848484848,57,1.72727272727,20,0.606060606061,44,1.33333333333,32,0.969696969697,117,166,5.0303030303,
Andris Biedrins,GSW,2010-2011, 6-11,C,24,59,1397,23.6779661017,142,266,.534,0,0,.000,10,31,.323,145,2.45762711864,281,4.76271186441,426,7.22033898305,60,1.01694915254,52,0.881355932203,52,0.881355932203,57,0.966101694915,198,294,4.98305084746,
Andris Biedrins,GSW,2011-2012, 6-11,C,25,47,739,15.7234042553,39,64,.609,0,0,.000,1,9,.111,45,0.957446808511,131,2.78723404255,176,3.74468085106,16,0.340425531915,23,0.489361702128,45,0.957446808511,14,0.297872340426,125,79,1.68085106383,
Andris Biedrins,GSW,2012-2013, 6-11,C,26,50,477,9.54,10,21,.476,0,0,.000,4,11,.364,33,0.66,117,2.34,150,3.0,13,0.26,14,0.28,39,0.78,13,0.26,95,24,0.48,
