Player,Team,Season,Height,Position,Age,G,MIN,MINPG,FGM,FGA,FGP,TPM,TPA,TPP,FTM,FTA,FTP,ORB,ORBPG,DRB,DRBPG,TRB,TRBPG,AST,ASTPG,STL,STLPG,BLK,BLKPG,TO,TOPG,PF,PTS,PTSPG,
Andre Moore,TOT,1987-1988, 6-9,PF,23,10,50,5.0,9,27,.333,0,0,.000,6,8,.750,6,0.6,8,0.8,14,1.4,6,0.6,2,0.2,1,0.1,4,0.4,6,24,2.4,
Andre Moore,DEN,1987-1988, 6-9,PF,23,7,34,4.85714285714,7,24,.292,0,0,.000,6,6,1.000,5,0.714285714286,7,1.0,12,1.71428571429,5,0.714285714286,2,0.285714285714,1,0.142857142857,3,0.428571428571,4,20,2.85714285714,
Andre Moore,MIL,1987-1988, 6-9,SF,23,3,16,5.33333333333,2,3,.667,0,0,.000,0,2,.000,1,0.333333333333,1,0.333333333333,2,0.666666666667,1,0.333333333333,0,0.0,0,0.0,1,0.333333333333,2,4,1.33333333333,
