Player,Team,Season,Height,Position,Age,G,MIN,MINPG,FGM,FGA,FGP,TPM,TPA,TPP,FTM,FTA,FTP,ORB,ORBPG,DRB,DRBPG,TRB,TRBPG,AST,ASTPG,STL,STLPG,BLK,BLKPG,TO,TOPG,PF,PTS,PTSPG,
Andrew Bogut,MIL,2005-2006, 7-0,PF,21,82,2348,28.6341463415,323,606,.533,0,3,.000,122,194,.629,189,2.30487804878,384,4.68292682927,573,6.98780487805,192,2.34146341463,49,0.59756097561,68,0.829268292683,125,1.5243902439,259,768,9.36585365854,
Andrew Bogut,MIL,2006-2007, 7-0,C,22,66,2258,34.2121212121,348,629,.553,1,5,.200,112,194,.577,168,2.54545454545,416,6.30303030303,584,8.84848484848,198,3.0,49,0.742424242424,35,0.530303030303,150,2.27272727273,216,809,12.2575757576,
Andrew Bogut,MIL,2007-2008, 7-0,C,23,78,2720,34.8717948718,465,910,.511,0,7,.000,189,322,.587,245,3.14102564103,518,6.64102564103,763,9.78205128205,199,2.55128205128,64,0.820512820513,135,1.73076923077,172,2.20512820513,254,1119,14.3461538462,
Andrew Bogut,MIL,2008-2009, 7-0,C,24,36,1124,31.2222222222,183,317,.577,0,0,.000,56,98,.571,117,3.25,252,7.0,369,10.25,72,2.0,23,0.638888888889,37,1.02777777778,86,2.38888888889,130,422,11.7222222222,
Andrew Bogut,MIL,2009-2010, 7-0,C,25,69,2229,32.3043478261,473,910,.520,0,2,.000,149,237,.629,208,3.01449275362,493,7.14492753623,701,10.1594202899,127,1.84057971014,39,0.565217391304,175,2.53623188406,131,1.89855072464,222,1095,15.8695652174,
Andrew Bogut,MIL,2010-2011, 7-0,C,26,65,2297,35.3384615385,367,742,.495,0,4,.000,96,217,.442,199,3.06153846154,521,8.01538461538,720,11.0769230769,131,2.01538461538,47,0.723076923077,168,2.58461538462,125,1.92307692308,217,830,12.7692307692,
Andrew Bogut,MIL,2011-2012, 7-0,C,27,12,364,30.3333333333,61,136,.449,0,1,.000,14,23,.609,22,1.83333333333,78,6.5,100,8.33333333333,31,2.58333333333,12,1.0,24,2.0,24,2.0,36,136,11.3333333333,
Andrew Bogut,GSW,2012-2013, 7-0,C,28,18,440,24.4444444444,47,102,.461,1,1,1.000,14,26,.538,36,2.0,99,5.5,135,7.5,41,2.27777777778,14,0.777777777778,28,1.55555555556,17,0.944444444444,50,109,6.05555555556,
