Player,Team,Season,Height,Position,Age,G,MIN,MINPG,FGM,FGA,FGP,TPM,TPA,TPP,FTM,FTA,FTP,ORB,ORBPG,DRB,DRBPG,TRB,TRBPG,AST,ASTPG,STL,STLPG,BLK,BLKPG,TO,TOPG,PF,PTS,PTSPG,
Andrea Bargnani,TOR,2006-2007, 7-0,PF,21,65,1629,25.0615384615,267,625,.427,100,268,.373,117,142,.824,52,0.8,203,3.12307692308,255,3.92307692308,50,0.769230769231,32,0.492307692308,53,0.815384615385,107,1.64615384615,180,751,11.5538461538,
Andrea Bargnani,TOR,2007-2008, 7-0,PF,22,78,1861,23.858974359,280,725,.386,90,261,.345,142,169,.840,50,0.641025641026,238,3.05128205128,288,3.69230769231,89,1.14102564103,23,0.294871794872,37,0.474358974359,88,1.12820512821,211,792,10.1538461538,
Andrea Bargnani,TOR,2008-2009, 7-0,PF,23,78,2453,31.4487179487,431,958,.450,119,291,.409,221,266,.831,70,0.897435897436,346,4.4358974359,416,5.33333333333,94,1.20512820513,34,0.435897435897,97,1.24358974359,135,1.73076923077,242,1202,15.4102564103,
Andrea Bargnani,TOR,2009-2010, 7-0,PF,24,80,2799,34.9875,537,1143,.470,121,325,.372,181,234,.774,105,1.3125,388,4.85,493,6.1625,93,1.1625,25,0.3125,111,1.3875,120,1.5,215,1376,17.2,
Andrea Bargnani,TOR,2010-2011, 7-0,C,25,66,2353,35.6515151515,525,1173,.448,77,223,.345,287,350,.820,74,1.12121212121,269,4.07575757576,343,5.19696969697,119,1.80303030303,34,0.515151515152,46,0.69696969697,152,2.30303030303,160,1414,21.4242424242,
Andrea Bargnani,TOR,2011-2012, 7-0,C,26,31,1032,33.2903225806,209,484,.432,34,115,.296,151,173,.873,24,0.774193548387,148,4.77419354839,172,5.54838709677,61,1.96774193548,18,0.58064516129,15,0.483870967742,69,2.22580645161,52,603,19.4516129032,
Andrea Bargnani,TOR,2012-2013, 7-0,PF,27,35,1003,28.6571428571,170,425,.400,38,122,.311,65,77,.844,26,0.742857142857,102,2.91428571429,128,3.65714285714,38,1.08571428571,21,0.6,23,0.657142857143,54,1.54285714286,64,443,12.6571428571,
