Player,Team,Season,Height,Position,Age,G,MIN,MINPG,FGM,FGA,FGP,TPM,TPA,TPP,FTM,FTA,FTP,ORB,ORBPG,DRB,DRBPG,TRB,TRBPG,AST,ASTPG,STL,STLPG,BLK,BLKPG,TO,TOPG,PF,PTS,PTSPG,
Andres Guibert,MIN,1993-1994, 6-10,C,25,5,33,6.6,6,20,.300,0,0,.000,3,6,.500,10,2.0,6,1.2,16,3.2,2,0.4,0,0.0,1,0.2,6,1.2,6,15,3.0,
Andres Guibert,MIN,1994-1995, 6-10,PF,26,17,167,9.82352941176,16,47,.340,0,4,.000,13,19,.684,16,0.941176470588,29,1.70588235294,45,2.64705882353,10,0.588235294118,8,0.470588235294,1,0.0588235294118,12,0.705882352941,29,45,2.64705882353,
