Player,Team,Season,Height,Position,Age,G,MIN,MINPG,FGM,FGA,FGP,TPM,TPA,TPP,FTM,FTA,FTP,ORB,ORBPG,DRB,DRBPG,TRB,TRBPG,AST,ASTPG,STL,STLPG,BLK,BLKPG,TO,TOPG,PF,PTS,PTSPG,
Andre Spencer,TOT,1992-1993, 6-6,SF,28,20,422,21.1,73,163,.448,0,2,.000,41,54,.759,38,1.9,43,2.15,81,4.05,24,1.2,17,0.85,10,0.5,26,1.3,64,187,9.35,
Andre Spencer,ATL,1992-1993, 6-6,SF,28,3,15,5.0,0,3,.000,0,0,.000,0,0,.000,0,0.0,1,0.333333333333,1,0.333333333333,0,0.0,2,0.666666666667,0,0.0,2,0.666666666667,3,0,0.0,
Andre Spencer,GSW,1992-1993, 6-6,SF,28,17,407,23.9411764706,73,160,.456,0,2,.000,41,54,.759,38,2.23529411765,42,2.47058823529,80,4.70588235294,24,1.41176470588,15,0.882352941176,10,0.588235294118,24,1.41176470588,61,187,11.0,
Andre Spencer,TOT,1993-1994, 6-6,SF,29,28,349,12.4642857143,52,118,.441,0,0,.000,55,77,.714,30,1.07142857143,43,1.53571428571,73,2.60714285714,22,0.785714285714,19,0.678571428571,7,0.25,21,0.75,43,159,5.67857142857,
Andre Spencer,GSW,1993-1994, 6-6,SF,29,5,63,12.6,9,18,.500,0,0,.000,3,4,.750,4,0.8,8,1.6,12,2.4,3,0.6,1,0.2,2,0.4,2,0.4,6,21,4.2,
Andre Spencer,SAC,1993-1994, 6-6,SF,29,23,286,12.4347826087,43,100,.430,0,0,.000,52,73,.712,26,1.13043478261,35,1.52173913043,61,2.65217391304,19,0.826086956522,18,0.782608695652,5,0.217391304348,19,0.826086956522,37,138,6.0,
