Player,Team,Season,Height,Position,Age,G,MIN,MINPG,FGM,FGA,FGP,TPM,TPA,TPP,FTM,FTA,FTP,ORB,ORBPG,DRB,DRBPG,TRB,TRBPG,AST,ASTPG,STL,STLPG,BLK,BLKPG,TO,TOPG,PF,PTS,PTSPG,
Andre McCarter,KCK,1976-1977, 6-3,PG,23,59,725,12.2881355932,119,257,.463,.000,.000,.000,32,45,.711,16,0.271186440678,39,0.661016949153,55,0.932203389831,99,1.67796610169,23,0.389830508475,0,0.0,.000,0.0,63,270,4.57627118644,
Andre McCarter,KCK,1977-1978, 6-3,PG,24,1,9,9.0,0,2,.000,.000,.000,.000,0,0,.000,0,0.0,1,1.0,1,1.0,0,0.0,0,0.0,0,0.0,0,0.0,1,0,0.0,
Andre McCarter,WSB,1980-1981, 6-3,PG,27,43,448,10.4186046512,51,135,.378,2,8,.250,18,24,.750,16,0.372093023256,23,0.53488372093,39,0.906976744186,73,1.6976744186,14,0.325581395349,0,0.0,24,0.558139534884,36,122,2.83720930233,
