Player,Team,Season,Height,Position,Age,G,MIN,MINPG,FGM,FGA,FGP,TPM,TPA,TPP,FTM,FTA,FTP,ORB,ORBPG,DRB,DRBPG,TRB,TRBPG,AST,ASTPG,STL,STLPG,BLK,BLKPG,TO,TOPG,PF,PTS,PTSPG,
Andre Brown,SEA,2006-2007, 6-9,PF,25,38,271,7.13157894737,42,74,.568,0,1,.000,9,15,.600,26,0.684210526316,48,1.26315789474,74,1.94736842105,2,0.0526315789474,6,0.157894736842,4,0.105263157895,29,0.763157894737,26,93,2.44736842105,
Andre Brown,MEM,2007-2008, 6-9,PF,26,33,286,8.66666666667,39,78,.500,0,0,.000,22,49,.449,37,1.12121212121,55,1.66666666667,92,2.78787878788,8,0.242424242424,7,0.212121212121,4,0.121212121212,14,0.424242424242,38,100,3.0303030303,
Andre Brown,CHA,2008-2009, 6-9,PF,27,4,41,10.25,1,7,.143,0,0,.000,2,2,1.000,7,1.75,5,1.25,12,3.0,1,0.25,1,0.25,0,0.0,5,1.25,9,4,1.0,
