Player,Team,Season,Height,Position,Age,G,MIN,MINPG,FGM,FGA,FGP,TPM,TPA,TPP,FTM,FTA,FTP,ORB,ORBPG,DRB,DRBPG,TRB,TRBPG,AST,ASTPG,STL,STLPG,BLK,BLKPG,TO,TOPG,PF,PTS,PTSPG,
Andrew Gaze,WSB,1993-1994, 6-7,SG,28,7,70,10.0,8,17,.471,4,8,.500,2,2,1.000,1,0.142857142857,6,0.857142857143,7,1.0,5,0.714285714286,2,0.285714285714,1,0.142857142857,3,0.428571428571,9,22,3.14285714286,
Andrew Gaze,SAS,1998-1999, 6-7,SG,33,19,58,3.05263157895,8,25,.320,5,16,.313,0,0,.000,2,0.105263157895,3,0.157894736842,5,0.263157894737,6,0.315789473684,2,0.105263157895,1,0.0526315789474,4,0.210526315789,7,21,1.10526315789,
