Player,Team,Season,Height,Position,Age,G,MIN,MINPG,FGM,FGA,FGP,TPM,TPA,TPP,FTM,FTA,FTP,ORB,ORBPG,DRB,DRBPG,TRB,TRBPG,AST,ASTPG,STL,STLPG,BLK,BLKPG,TO,TOPG,PF,PTS,PTSPG,
Andrew Anderson,OAK,1967-1968, 6-2,PG,22,77,1894,24.5974025974,279,756,.369,9,44,.205,163,225,.724,.000,0.0,.000,0.0,167,2.16883116883,118,1.53246753247,.000,0.0,.000,0.0,120,1.55844155844,190,730,9.48051948052,
Andrew Anderson,TOT,1968-1969, 6-2,SG,23,36,742,20.6111111111,123,272,.452,0,6,.000,98,123,.797,51,1.41666666667,54,1.5,105,2.91666666667,45,1.25,.000,0.0,.000,0.0,53,1.47222222222,76,344,9.55555555556,
Andrew Anderson,OAK,1968-1969, 6-2,,23,3,24,8.0,5,9,.556,0,0,.000,2,3,.667,3,1.0,1,0.333333333333,4,1.33333333333,3,1.0,.000,0.0,.000,0.0,2,0.666666666667,5,12,4.0,
Andrew Anderson,MMF,1968-1969, 6-2,SG,23,33,718,21.7575757576,118,263,.449,0,6,.000,96,120,.800,48,1.45454545455,53,1.60606060606,101,3.06060606061,42,1.27272727273,.000,0.0,.000,0.0,51,1.54545454545,71,332,10.0606060606,
Andrew Anderson,TOT,1969-1970, 6-2,SG,24,81,2150,26.5432098765,401,930,.431,1,13,.077,204,268,.761,140,1.72839506173,115,1.41975308642,255,3.14814814815,164,2.02469135802,.000,0.0,.000,0.0,143,1.76543209877,196,1007,12.4320987654,
Andrew Anderson,MMF,1969-1970, 6-2,SG,24,32,617,19.28125,109,253,.431,0,2,.000,89,113,.788,30,0.9375,26,0.8125,56,1.75,39,1.21875,.000,0.0,.000,0.0,54,1.6875,74,307,9.59375,
Andrew Anderson,LAS,1969-1970, 6-2,SG,24,49,1533,31.2857142857,292,677,.431,1,11,.091,115,155,.742,110,2.24489795918,89,1.81632653061,199,4.0612244898,125,2.55102040816,.000,0.0,.000,0.0,89,1.81632653061,122,700,14.2857142857,
