Player,Team,Season,Height,Position,Age,G,MIN,MINPG,FGM,FGA,FGP,TPM,TPA,TPP,FTM,FTA,FTP,ORB,ORBPG,DRB,DRBPG,TRB,TRBPG,AST,ASTPG,STL,STLPG,BLK,BLKPG,TO,TOPG,PF,PTS,PTSPG,
Andy Duncan,ROC,1948-1949, 6-6,,26,55,.000,0.0,162,391,.414,.000,.000,.000,83,135,.615,.000,0.0,.000,0.0,.000,0.0,51,0.927272727273,.000,0.0,.000,0.0,.000,0.0,179,407,7.4,
Andy Duncan,ROC,1949-1950, 6-6,,27,67,.000,0.0,125,289,.433,.000,.000,.000,60,108,.556,.000,0.0,.000,0.0,.000,0.0,42,0.626865671642,.000,0.0,.000,0.0,.000,0.0,160,310,4.62686567164,
Andy Duncan,BOS,1950-1951, 6-6,,28,14,.000,0.0,7,40,.175,.000,.000,.000,15,22,.682,.000,0.0,.000,0.0,30,2.14285714286,8,0.571428571429,.000,0.0,.000,0.0,.000,0.0,32,29,2.07142857143,
