Player,Team,Season,Height,Position,Age,G,MIN,MINPG,FGM,FGA,FGP,TPM,TPA,TPP,FTM,FTA,FTP,ORB,ORBPG,DRB,DRBPG,TRB,TRBPG,AST,ASTPG,STL,STLPG,BLK,BLKPG,TO,TOPG,PF,PTS,PTSPG,
Andy Johnson,PHW,1958-1959, 6-5,SF,26,67,1158,17.2835820896,174,466,.373,.000,.000,.000,115,191,.602,.000,0.0,.000,0.0,212,3.16417910448,90,1.34328358209,.000,0.0,.000,0.0,.000,0.0,176,463,6.91044776119,
Andy Johnson,PHW,1959-1960, 6-5,SF,27,75,1421,18.9466666667,245,648,.378,.000,.000,.000,125,208,.601,.000,0.0,.000,0.0,282,3.76,152,2.02666666667,.000,0.0,.000,0.0,.000,0.0,196,615,8.2,
Andy Johnson,PHW,1960-1961, 6-5,PF,28,79,2000,25.3164556962,299,834,.359,.000,.000,.000,157,275,.571,.000,0.0,.000,0.0,345,4.36708860759,205,2.59493670886,.000,0.0,.000,0.0,.000,0.0,249,755,9.55696202532,
Andy Johnson,CHP,1961-1962, 6-5,SF,29,71,2193,30.8873239437,365,814,.448,.000,.000,.000,284,452,.628,.000,0.0,.000,0.0,351,4.94366197183,228,3.21126760563,.000,0.0,.000,0.0,.000,0.0,247,1014,14.2816901408,
