Player,Team,Season,Height,Position,Age,G,MIN,MINPG,FGM,FGA,FGP,TPM,TPA,TPP,FTM,FTA,FTP,ORB,ORBPG,DRB,DRBPG,TRB,TRBPG,AST,ASTPG,STL,STLPG,BLK,BLKPG,TO,TOPG,PF,PTS,PTSPG,
Angelo Musi,PHW,1946-1947, 5-9,,28,60,.000,0.0,230,818,.281,.000,.000,.000,102,123,.829,.000,0.0,.000,0.0,.000,0.0,26,0.433333333333,.000,0.0,.000,0.0,.000,0.0,120,562,9.36666666667,
Angelo Musi,PHW,1947-1948, 5-9,,29,43,.000,0.0,134,485,.276,.000,.000,.000,51,73,.699,.000,0.0,.000,0.0,.000,0.0,10,0.232558139535,.000,0.0,.000,0.0,.000,0.0,56,319,7.41860465116,
Angelo Musi,PHW,1948-1949, 5-9,,30,58,.000,0.0,194,618,.314,.000,.000,.000,90,119,.756,.000,0.0,.000,0.0,.000,0.0,81,1.39655172414,.000,0.0,.000,0.0,.000,0.0,108,478,8.24137931034,
