Player,Team,Season,Height,Position,Age,G,MIN,MINPG,FGM,FGA,FGP,TPM,TPA,TPP,FTM,FTA,FTP,ORB,ORBPG,DRB,DRBPG,TRB,TRBPG,AST,ASTPG,STL,STLPG,BLK,BLKPG,TO,TOPG,PF,PTS,PTSPG,
Ansu Sesay,SEA,2001-2002, 6-9,SF,25,9,142,15.7777777778,22,44,.500,0,0,.000,14,20,.700,7,0.777777777778,13,1.44444444444,20,2.22222222222,8,0.888888888889,3,0.333333333333,2,0.222222222222,2,0.222222222222,18,58,6.44444444444,
Ansu Sesay,SEA,2002-2003, 6-9,SF,26,45,448,9.95555555556,41,107,.383,0,0,.000,12,21,.571,34,0.755555555556,39,0.866666666667,73,1.62222222222,23,0.511111111111,14,0.311111111111,5,0.111111111111,25,0.555555555556,62,94,2.08888888889,
Ansu Sesay,SEA,2003-2004, 6-9,SF,27,57,583,10.2280701754,81,178,.455,6,21,.286,32,46,.696,43,0.754385964912,49,0.859649122807,92,1.61403508772,19,0.333333333333,19,0.333333333333,20,0.350877192982,23,0.40350877193,66,200,3.50877192982,
Ansu Sesay,GSW,2004-2005, 6-9,SF,28,16,128,8.0,17,42,.405,2,8,.250,13,24,.542,18,1.125,20,1.25,38,2.375,12,0.75,2,0.125,3,0.1875,8,0.5,16,49,3.0625,
