Player,Team,Season,Height,Position,Age,G,MIN,MINPG,FGM,FGA,FGP,TPM,TPA,TPP,FTM,FTA,FTP,ORB,ORBPG,DRB,DRBPG,TRB,TRBPG,AST,ASTPG,STL,STLPG,BLK,BLKPG,TO,TOPG,PF,PTS,PTSPG,
Anthony Bowie,SAS,1988-1989, 6-6,SG,25,18,438,24.3333333333,72,144,.500,1,5,.200,10,15,.667,25,1.38888888889,31,1.72222222222,56,3.11111111111,29,1.61111111111,18,1.0,4,0.222222222222,22,1.22222222222,43,155,8.61111111111,
Anthony Bowie,HOU,1989-1990, 6-6,SG,26,66,918,13.9090909091,119,293,.406,6,21,.286,40,54,.741,36,0.545454545455,82,1.24242424242,118,1.78787878788,96,1.45454545455,42,0.636363636364,5,0.0757575757576,59,0.893939393939,80,284,4.30303030303,
Anthony Bowie,ORL,1991-1992, 6-6,SG,28,52,1721,33.0961538462,312,633,.493,17,44,.386,117,136,.860,70,1.34615384615,175,3.36538461538,245,4.71153846154,163,3.13461538462,55,1.05769230769,38,0.730769230769,107,2.05769230769,101,758,14.5769230769,
Anthony Bowie,ORL,1992-1993, 6-6,SG,29,77,1761,22.8701298701,268,569,.471,15,48,.313,67,84,.798,36,0.467532467532,158,2.05194805195,194,2.51948051948,175,2.27272727273,54,0.701298701299,14,0.181818181818,84,1.09090909091,131,618,8.02597402597,
Anthony Bowie,ORL,1993-1994, 6-6,SG,30,70,948,13.5428571429,139,289,.481,1,18,.056,41,49,.837,29,0.414285714286,91,1.3,120,1.71428571429,102,1.45714285714,32,0.457142857143,12,0.171428571429,58,0.828571428571,81,320,4.57142857143,
Anthony Bowie,ORL,1994-1995, 6-6,SG,31,77,1261,16.3766233766,177,369,.480,12,40,.300,61,73,.836,54,0.701298701299,85,1.1038961039,139,1.80519480519,159,2.06493506494,47,0.61038961039,21,0.272727272727,86,1.11688311688,138,427,5.54545454545,
Anthony Bowie,ORL,1995-1996, 6-6,SG,32,74,1078,14.5675675676,128,272,.471,12,31,.387,40,46,.870,40,0.540540540541,83,1.12162162162,123,1.66216216216,105,1.41891891892,34,0.459459459459,10,0.135135135135,55,0.743243243243,112,308,4.16216216216,
Anthony Bowie,NYK,1997-1998, 6-6,SG,34,27,224,8.2962962963,32,59,.542,3,4,.750,8,9,.889,9,0.333333333333,17,0.62962962963,26,0.962962962963,11,0.407407407407,6,0.222222222222,2,0.0740740740741,7,0.259259259259,25,75,2.77777777778,
