Player,Team,Season,Height,Position,Age,G,MIN,MINPG,FGM,FGA,FGP,TPM,TPA,TPP,FTM,FTA,FTP,ORB,ORBPG,DRB,DRBPG,TRB,TRBPG,AST,ASTPG,STL,STLPG,BLK,BLKPG,TO,TOPG,PF,PTS,PTSPG,
Anthony Cook,DEN,1990-1991, 6-9,PF,23,58,1121,19.3275862069,118,283,.417,0,3,.000,71,129,.550,134,2.31034482759,192,3.31034482759,326,5.62068965517,26,0.448275862069,35,0.603448275862,72,1.24137931034,50,0.862068965517,100,307,5.29310344828,
Anthony Cook,DEN,1991-1992, 6-9,PF,24,22,115,5.22727272727,15,25,.600,0,0,.000,4,6,.667,13,0.590909090909,21,0.954545454545,34,1.54545454545,2,0.0909090909091,5,0.227272727273,4,0.181818181818,3,0.136363636364,10,34,1.54545454545,
Anthony Cook,TOT,1993-1994, 6-9,PF,26,25,203,8.12,26,54,.481,0,1,.000,10,25,.400,20,0.8,36,1.44,56,2.24,4,0.16,3,0.12,14,0.56,12,0.48,22,62,2.48,
Anthony Cook,ORL,1993-1994, 6-9,PF,26,2,2,1.0,0,1,.000,0,0,.000,0,0,.000,0,0.0,0,0.0,0,0.0,0,0.0,0,0.0,2,1.0,1,0.5,0,0,0.0,
Anthony Cook,MIL,1993-1994, 6-9,PF,26,23,201,8.73913043478,26,53,.491,0,1,.000,10,25,.400,20,0.869565217391,36,1.5652173913,56,2.4347826087,4,0.173913043478,3,0.130434782609,12,0.521739130435,11,0.478260869565,22,62,2.69565217391,
Anthony Cook,POR,1995-1996, 6-9,PF,28,11,60,5.45454545455,7,16,.438,0,2,.000,1,4,.250,5,0.454545454545,7,0.636363636364,12,1.09090909091,2,0.181818181818,0,0.0,1,0.0909090909091,1,0.0909090909091,8,15,1.36363636364,
