Player,Team,Season,Height,Position,Age,G,MIN,MINPG,FGM,FGA,FGP,TPM,TPA,TPP,FTM,FTA,FTP,ORB,ORBPG,DRB,DRBPG,TRB,TRBPG,AST,ASTPG,STL,STLPG,BLK,BLKPG,TO,TOPG,PF,PTS,PTSPG,
Anthony Tolliver,SAS,2008-2009, 6-8,PF,23,19,208,10.9473684211,19,65,.292,9,41,.220,5,10,.500,12,0.631578947368,29,1.52631578947,41,2.15789473684,17,0.894736842105,5,0.263157894737,1,0.0526315789474,7,0.368421052632,16,52,2.73684210526,
Anthony Tolliver,TOT,2009-2010, 6-8,PF,24,46,1427,31.0217391304,193,449,.430,50,152,.329,103,134,.769,84,1.82608695652,236,5.13043478261,320,6.95652173913,87,1.89130434783,32,0.695652173913,33,0.717391304348,46,1.0,128,539,11.7173913043,
Anthony Tolliver,POR,2009-2010, 6-8,PF,24,2,4,2.0,0,1,.000,0,1,.000,0,0,.000,0,0.0,1,0.5,1,0.5,0,0.0,0,0.0,0,0.0,0,0.0,1,0,0.0,
Anthony Tolliver,GSW,2009-2010, 6-8,PF,24,44,1423,32.3409090909,193,448,.431,50,151,.331,103,134,.769,84,1.90909090909,235,5.34090909091,319,7.25,87,1.97727272727,32,0.727272727273,33,0.75,46,1.04545454545,127,539,12.25,
Anthony Tolliver,MIN,2010-2011, 6-8,SF,25,65,1362,20.9538461538,141,313,.450,47,115,.409,105,131,.802,92,1.41538461538,203,3.12307692308,295,4.53846153846,82,1.26153846154,28,0.430769230769,28,0.430769230769,49,0.753846153846,145,434,6.67692307692,
Anthony Tolliver,MIN,2011-2012, 6-8,SF,26,51,882,17.2941176471,71,182,.390,25,101,.248,41,55,.745,50,0.980392156863,103,2.01960784314,153,3.0,22,0.43137254902,18,0.352941176471,19,0.372549019608,35,0.686274509804,86,208,4.07843137255,
Anthony Tolliver,ATL,2012-2013, 6-8,SF,27,46,652,14.1739130435,58,158,.367,31,95,.326,27,33,.818,22,0.478260869565,87,1.89130434783,109,2.36956521739,26,0.565217391304,10,0.217391304348,11,0.239130434783,28,0.608695652174,46,174,3.78260869565,
