Player,Team,Season,Height,Position,Age,G,MIN,MINPG,FGM,FGA,FGP,TPM,TPA,TPP,FTM,FTA,FTP,ORB,ORBPG,DRB,DRBPG,TRB,TRBPG,AST,ASTPG,STL,STLPG,BLK,BLKPG,TO,TOPG,PF,PTS,PTSPG,
Anthony Avent,MIL,1992-1993, 6-9,PF,23,82,2285,27.8658536585,347,802,.433,0,2,.000,112,172,.651,180,2.19512195122,332,4.0487804878,512,6.24390243902,91,1.10975609756,57,0.69512195122,73,0.890243902439,140,1.70731707317,237,806,9.82926829268,
Anthony Avent,TOT,1993-1994, 6-9,PF,24,74,1371,18.527027027,150,398,.377,0,0,.000,89,123,.724,144,1.94594594595,194,2.62162162162,338,4.56756756757,65,0.878378378378,33,0.445945945946,31,0.418918918919,85,1.14864864865,147,389,5.25675675676,
Anthony Avent,MIL,1993-1994, 6-9,PF,24,33,695,21.0606060606,92,228,.404,0,0,.000,61,79,.772,60,1.81818181818,94,2.84848484848,154,4.66666666667,33,1.0,16,0.484848484848,20,0.606060606061,43,1.30303030303,60,245,7.42424242424,
Anthony Avent,ORL,1993-1994, 6-9,PF,24,41,676,16.487804878,58,170,.341,0,0,.000,28,44,.636,84,2.0487804878,100,2.43902439024,184,4.48780487805,32,0.780487804878,17,0.414634146341,11,0.268292682927,42,1.0243902439,87,144,3.51219512195,
Anthony Avent,ORL,1994-1995, 6-9,PF,25,71,1066,15.014084507,105,244,.430,0,0,.000,48,75,.640,97,1.3661971831,196,2.76056338028,293,4.12676056338,41,0.577464788732,28,0.394366197183,50,0.704225352113,53,0.746478873239,170,258,3.6338028169,
Anthony Avent,VAN,1995-1996, 6-9,PF,26,71,1586,22.338028169,179,466,.384,0,0,.000,57,77,.740,108,1.52112676056,247,3.47887323944,355,5.0,69,0.971830985915,30,0.422535211268,42,0.591549295775,107,1.50704225352,202,415,5.84507042254,
Anthony Avent,UTA,1998-1999, 6-9,PF,29,5,44,8.8,4,13,.308,0,0,.000,1,2,.500,8,1.6,4,0.8,12,2.4,1,0.2,2,0.4,0,0.0,7,1.4,6,9,1.8,
Anthony Avent,LAC,1999-2000, 6-9,PF,30,49,377,7.69387755102,29,96,.302,0,0,.000,23,32,.719,23,0.469387755102,51,1.04081632653,74,1.51020408163,11,0.224489795918,16,0.326530612245,15,0.30612244898,24,0.489795918367,62,81,1.65306122449,
