Player,Team,Season,Height,Position,Age,G,MIN,MINPG,FGM,FGA,FGP,TPM,TPA,TPP,FTM,FTA,FTP,ORB,ORBPG,DRB,DRBPG,TRB,TRBPG,AST,ASTPG,STL,STLPG,BLK,BLKPG,TO,TOPG,PF,PTS,PTSPG,
Anthony Randolph,GSW,2008-2009, 6-10,PF,19,63,1129,17.9206349206,199,431,.462,0,4,.000,101,141,.716,128,2.03174603175,235,3.73015873016,363,5.7619047619,49,0.777777777778,42,0.666666666667,74,1.1746031746,80,1.26984126984,141,499,7.92063492063,
Anthony Randolph,GSW,2009-2010, 6-10,C,20,33,749,22.696969697,137,309,.443,1,5,.200,109,136,.801,73,2.21212121212,142,4.30303030303,215,6.51515151515,42,1.27272727273,28,0.848484848485,51,1.54545454545,49,1.48484848485,92,384,11.6363636364,
Anthony Randolph,TOT,2010-2011, 6-10,C-,21,40,590,14.75,123,264,.466,1,4,.250,58,86,.674,43,1.075,117,2.925,160,4.0,33,0.825,22,0.55,24,0.6,53,1.325,62,305,7.625,
Anthony Randolph,NYK,2010-2011, 6-10,PF,21,17,127,7.47058823529,14,45,.311,1,4,.250,6,12,.500,11,0.647058823529,29,1.70588235294,40,2.35294117647,7,0.411764705882,4,0.235294117647,8,0.470588235294,10,0.588235294118,15,35,2.05882352941,
Anthony Randolph,MIN,2010-2011, 6-10,C,21,23,463,20.1304347826,109,219,.498,0,0,.000,52,74,.703,32,1.39130434783,88,3.82608695652,120,5.21739130435,26,1.13043478261,18,0.782608695652,16,0.695652173913,43,1.86956521739,47,270,11.7391304348,
Anthony Randolph,MIN,2011-2012, 6-10,PF,22,34,517,15.2058823529,94,200,.470,0,1,.000,64,84,.762,42,1.23529411765,81,2.38235294118,123,3.61764705882,19,0.558823529412,13,0.382352941176,35,1.02941176471,40,1.17647058824,56,252,7.41176470588,
Anthony Randolph,DEN,2012-2013, 6-10,PF,23,27,190,7.03703703704,28,70,.400,0,5,.000,16,24,.667,18,0.666666666667,34,1.25925925926,52,1.92592592593,8,0.296296296296,8,0.296296296296,15,0.555555555556,20,0.740740740741,26,72,2.66666666667,
