Player,Team,Season,Height,Position,Age,G,MIN,MINPG,FGM,FGA,FGP,TPM,TPA,TPP,FTM,FTA,FTP,ORB,ORBPG,DRB,DRBPG,TRB,TRBPG,AST,ASTPG,STL,STLPG,BLK,BLKPG,TO,TOPG,PF,PTS,PTSPG,
Anthony Jones,TOT,1986-1987, 6-6,SF,24,65,858,13.2,133,322,.413,7,20,.350,50,65,.769,40,0.615384615385,64,0.984615384615,104,1.6,73,1.12307692308,42,0.646153846154,19,0.292307692308,49,0.753846153846,79,323,4.96923076923,
Anthony Jones,WSB,1986-1987, 6-6,SG,24,16,114,7.125,14,33,.424,0,1,.000,9,13,.692,1,0.0625,8,0.5,9,0.5625,7,0.4375,10,0.625,1,0.0625,11,0.6875,11,37,2.3125,
Anthony Jones,SAS,1986-1987, 6-6,SF,24,49,744,15.1836734694,119,289,.412,7,19,.368,41,52,.788,39,0.795918367347,56,1.14285714286,95,1.9387755102,66,1.34693877551,32,0.65306122449,18,0.367346938776,38,0.775510204082,68,286,5.83673469388,
Anthony Jones,TOT,1988-1989, 6-6,SG,26,33,196,5.93939393939,29,79,.367,4,16,.250,14,16,.875,14,0.424242424242,14,0.424242424242,28,0.848484848485,17,0.515151515152,11,0.333333333333,3,0.0909090909091,5,0.151515151515,20,76,2.30303030303,
Anthony Jones,CHI,1988-1989, 6-6,SG,26,8,65,8.125,5,15,.333,0,1,.000,2,2,1.000,4,0.5,4,0.5,8,1.0,4,0.5,2,0.25,1,0.125,1,0.125,7,12,1.5,
Anthony Jones,DAL,1988-1989, 6-6,SG,26,25,131,5.24,24,64,.375,4,15,.267,12,14,.857,10,0.4,10,0.4,20,0.8,13,0.52,9,0.36,2,0.08,4,0.16,13,64,2.56,
Anthony Jones,DAL,1989-1990, 6-6,SG,27,66,650,9.84848484848,72,194,.371,4,13,.308,47,69,.681,33,0.5,49,0.742424242424,82,1.24242424242,29,0.439393939394,32,0.484848484848,16,0.242424242424,42,0.636363636364,77,195,2.95454545455,
