Player,Team,Season,Height,Position,Age,G,MIN,MINPG,FGM,FGA,FGP,TPM,TPA,TPP,FTM,FTA,FTP,ORB,ORBPG,DRB,DRBPG,TRB,TRBPG,AST,ASTPG,STL,STLPG,BLK,BLKPG,TO,TOPG,PF,PTS,PTSPG,
Anthony Parker,PHI,1997-1998, 6-6,SG,22,37,196,5.2972972973,25,63,.397,9,28,.321,13,20,.650,8,0.216216216216,18,0.486486486486,26,0.702702702703,19,0.513513513514,11,0.297297297297,3,0.0810810810811,11,0.297297297297,17,72,1.94594594595,
Anthony Parker,PHI,1998-1999, 6-6,SG,23,2,3,1.5,1,1,1.000,0,0,.000,0,0,.000,0,0.0,0,0.0,0,0.0,0,0.0,0,0.0,0,0.0,0,0.0,0,2,1.0,
Anthony Parker,ORL,1999-2000, 6-6,SG,24,16,185,11.5625,24,57,.421,1,14,.071,8,11,.727,5,0.3125,22,1.375,27,1.6875,10,0.625,8,0.5,4,0.25,11,0.6875,13,57,3.5625,
Anthony Parker,TOR,2006-2007, 6-6,SG,31,73,2437,33.3835616438,328,687,.477,115,261,.441,132,158,.835,60,0.821917808219,223,3.05479452055,283,3.87671232877,153,2.09589041096,73,1.0,11,0.150684931507,71,0.972602739726,135,903,12.3698630137,
Anthony Parker,TOR,2007-2008, 6-6,SG,32,82,2634,32.1219512195,395,829,.476,133,304,.438,102,125,.816,50,0.609756097561,284,3.46341463415,334,4.07317073171,183,2.23170731707,79,0.963414634146,17,0.207317073171,87,1.06097560976,157,1025,12.5,
Anthony Parker,TOR,2008-2009, 6-6,SG,33,80,2637,32.9625,321,754,.426,94,241,.390,121,145,.834,45,0.5625,272,3.4,317,3.9625,269,3.3625,100,1.25,15,0.1875,114,1.425,145,857,10.7125,
Anthony Parker,CLE,2009-2010, 6-6,SG,34,81,2289,28.2592592593,206,475,.434,108,261,.414,75,95,.789,30,0.37037037037,201,2.48148148148,231,2.85185185185,157,1.93827160494,63,0.777777777778,18,0.222222222222,71,0.876543209877,151,595,7.34567901235,
Anthony Parker,CLE,2010-2011, 6-6,SF,35,72,2091,29.0416666667,220,552,.399,86,227,.379,74,95,.779,33,0.458333333333,185,2.56944444444,218,3.02777777778,218,3.02777777778,67,0.930555555556,10,0.138888888889,80,1.11111111111,109,600,8.33333333333,
Anthony Parker,CLE,2011-2012, 6-6,SF,36,51,1280,25.0980392157,141,326,.433,50,138,.362,35,56,.625,10,0.196078431373,128,2.50980392157,138,2.70588235294,120,2.35294117647,38,0.745098039216,7,0.137254901961,50,0.980392156863,65,367,7.19607843137,
