Player,Team,Season,Height,Position,Age,G,MIN,MINPG,FGM,FGA,FGP,TPM,TPA,TPP,FTM,FTA,FTP,ORB,ORBPG,DRB,DRBPG,TRB,TRBPG,AST,ASTPG,STL,STLPG,BLK,BLKPG,TO,TOPG,PF,PTS,PTSPG,
Anthony Taylor,MIA,1988-1989, 6-4,PG,23,21,368,17.5238095238,60,151,.397,0,2,.000,24,32,.750,11,0.52380952381,23,1.09523809524,34,1.61904761905,43,2.04761904762,22,1.04761904762,5,0.238095238095,20,0.952380952381,37,144,6.85714285714,
