Player,Team,Season,Height,Position,Age,G,MIN,MINPG,FGM,FGA,FGP,TPM,TPA,TPP,FTM,FTA,FTP,ORB,ORBPG,DRB,DRBPG,TRB,TRBPG,AST,ASTPG,STL,STLPG,BLK,BLKPG,TO,TOPG,PF,PTS,PTSPG,
Anthony Frederick,IND,1988-1989, 6-7,SF,24,46,313,6.80434782609,63,125,.504,2,5,.400,24,34,.706,26,0.565217391304,26,0.565217391304,52,1.13043478261,20,0.434782608696,14,0.304347826087,6,0.130434782609,34,0.739130434783,59,152,3.30434782609,
Anthony Frederick,SAC,1990-1991, 6-7,SF,26,35,475,13.5714285714,67,168,.399,0,0,.000,43,60,.717,36,1.02857142857,48,1.37142857143,84,2.4,44,1.25714285714,22,0.628571428571,13,0.371428571429,40,1.14285714286,50,177,5.05714285714,
Anthony Frederick,CHH,1991-1992, 6-7,SF,27,66,852,12.9090909091,161,370,.435,4,17,.235,63,92,.685,75,1.13636363636,69,1.04545454545,144,2.18181818182,71,1.07575757576,40,0.606060606061,26,0.393939393939,58,0.878787878788,91,389,5.89393939394,
