Player,Team,Season,Height,Position,Age,G,MIN,MINPG,FGM,FGA,FGP,TPM,TPA,TPP,FTM,FTA,FTP,ORB,ORBPG,DRB,DRBPG,TRB,TRBPG,AST,ASTPG,STL,STLPG,BLK,BLKPG,TO,TOPG,PF,PTS,PTSPG,
Anthony Roberson,MEM,2005-2006, 6-2,PG,22,16,88,5.5,14,31,.452,5,10,.500,2,2,1.000,0,0.0,6,0.375,6,0.375,5,0.3125,1,0.0625,0,0.0,3,0.1875,6,35,2.1875,
Anthony Roberson,GSW,2006-2007, 6-2,PG,23,20,227,11.35,44,104,.423,21,55,.382,2,3,.667,2,0.1,19,0.95,21,1.05,10,0.5,12,0.6,0,0.0,13,0.65,27,111,5.55,
Anthony Roberson,TOT,2008-2009, 6-2,PG,25,29,276,9.51724137931,44,120,.367,26,81,.321,5,5,1.000,6,0.206896551724,16,0.551724137931,22,0.758620689655,20,0.689655172414,10,0.344827586207,1,0.0344827586207,8,0.275862068966,18,119,4.10344827586,
Anthony Roberson,NYK,2008-2009, 6-2,PG,25,23,253,11.0,39,103,.379,24,71,.338,5,5,1.000,4,0.173913043478,11,0.478260869565,15,0.652173913043,19,0.826086956522,10,0.434782608696,1,0.0434782608696,7,0.304347826087,18,107,4.65217391304,
Anthony Roberson,CHI,2008-2009, 6-2,PG,25,6,23,3.83333333333,5,17,.294,2,10,.200,0,0,.000,2,0.333333333333,5,0.833333333333,7,1.16666666667,1,0.166666666667,0,0.0,0,0.0,1,0.166666666667,0,12,2.0,
