Player,Team,Season,Height,Position,Age,G,MIN,MINPG,FGM,FGA,FGP,TPM,TPA,TPP,FTM,FTA,FTP,ORB,ORBPG,DRB,DRBPG,TRB,TRBPG,AST,ASTPG,STL,STLPG,BLK,BLKPG,TO,TOPG,PF,PTS,PTSPG,
Antoine Wright,NJN,2005-2006, 6-7,SG,21,39,370,9.48717948718,29,81,.358,1,15,.067,11,22,.500,8,0.205128205128,22,0.564102564103,30,0.769230769231,12,0.307692307692,4,0.102564102564,3,0.0769230769231,21,0.538461538462,42,70,1.79487179487,
Antoine Wright,NJN,2006-2007, 6-7,SG,22,63,1137,18.0476190476,110,251,.438,19,59,.322,44,73,.603,38,0.603174603175,137,2.1746031746,175,2.77777777778,55,0.873015873016,30,0.47619047619,10,0.15873015873,43,0.68253968254,120,283,4.49206349206,
Antoine Wright,TOT,2007-2008, 6-7,SG,23,56,1232,22.0,136,329,.413,32,110,.291,46,67,.687,40,0.714285714286,107,1.91071428571,147,2.625,80,1.42857142857,28,0.5,21,0.375,50,0.892857142857,127,350,6.25,
Antoine Wright,NJN,2007-2008, 6-7,SG,23,41,1056,25.756097561,115,287,.401,27,101,.267,41,58,.707,35,0.853658536585,90,2.19512195122,125,3.0487804878,67,1.63414634146,26,0.634146341463,17,0.414634146341,39,0.951219512195,105,298,7.26829268293,
Antoine Wright,DAL,2007-2008, 6-7,SG,23,15,176,11.7333333333,21,42,.500,5,9,.556,5,9,.556,5,0.333333333333,17,1.13333333333,22,1.46666666667,13,0.866666666667,2,0.133333333333,4,0.266666666667,11,0.733333333333,22,52,3.46666666667,
Antoine Wright,DAL,2008-2009, 6-7,SF,24,65,1552,23.8769230769,179,431,.415,45,149,.302,71,95,.747,31,0.476923076923,105,1.61538461538,136,2.09230769231,77,1.18461538462,46,0.707692307692,27,0.415384615385,54,0.830769230769,172,474,7.29230769231,
Antoine Wright,TOR,2009-2010, 6-7,SF,25,67,1392,20.776119403,162,399,.406,58,173,.335,53,77,.688,38,0.567164179104,152,2.26865671642,190,2.83582089552,71,1.05970149254,30,0.44776119403,11,0.164179104478,58,0.865671641791,134,435,6.49253731343,
Antoine Wright,SAC,2010-2011, 6-7,SG,26,7,31,4.42857142857,1,8,.125,0,4,.000,0,0,.000,2,0.285714285714,1,0.142857142857,3,0.428571428571,0,0.0,1,0.142857142857,0,0.0,1,0.142857142857,3,2,0.285714285714,
