Player,Team,Season,Height,Position,Age,G,MIN,MINPG,FGM,FGA,FGP,TPM,TPA,TPP,FTM,FTA,FTP,ORB,ORBPG,DRB,DRBPG,TRB,TRBPG,AST,ASTPG,STL,STLPG,BLK,BLKPG,TO,TOPG,PF,PTS,PTSPG,
Antonio Burks,MEM,2004-2005, 6-1,PG,24,24,219,9.125,28,60,.467,3,11,.273,14,19,.737,1,0.0416666666667,11,0.458333333333,12,0.5,28,1.16666666667,13,0.541666666667,1,0.0416666666667,12,0.5,25,73,3.04166666667,
Antonio Burks,MEM,2005-2006, 6-1,PG,25,57,570,10.0,51,144,.354,1,6,.167,10,23,.435,4,0.0701754385965,33,0.578947368421,37,0.649122807018,76,1.33333333333,20,0.350877192982,0,0.0,36,0.631578947368,45,113,1.98245614035,
