Player,Team,Season,Height,Position,Age,G,MIN,MINPG,FGM,FGA,FGP,TPM,TPA,TPP,FTM,FTA,FTP,ORB,ORBPG,DRB,DRBPG,TRB,TRBPG,AST,ASTPG,STL,STLPG,BLK,BLKPG,TO,TOPG,PF,PTS,PTSPG,
Archie Dees,CIN,1958-1959, 6-8,PF,22,68,1252,18.4117647059,200,562,.356,.000,.000,.000,159,204,.779,.000,0.0,.000,0.0,339,4.98529411765,56,0.823529411765,.000,0.0,.000,0.0,.000,0.0,114,559,8.22058823529,
Archie Dees,DET,1959-1960, 6-8,PF,23,73,1244,17.0410958904,271,617,.439,.000,.000,.000,165,204,.809,.000,0.0,.000,0.0,397,5.43835616438,43,0.58904109589,.000,0.0,.000,0.0,.000,0.0,188,707,9.68493150685,
Archie Dees,DET,1960-1961, 6-8,C,24,28,308,11.0,53,135,.393,.000,.000,.000,39,47,.830,.000,0.0,.000,0.0,94,3.35714285714,17,0.607142857143,.000,0.0,.000,0.0,.000,0.0,50,145,5.17857142857,
Archie Dees,TOT,1961-1962, 6-8,,25,21,288,13.7142857143,51,115,.443,.000,.000,.000,35,46,.761,.000,0.0,.000,0.0,77,3.66666666667,16,0.761904761905,.000,0.0,.000,0.0,.000,0.0,33,137,6.52380952381,
