Player,Team,Season,Height,Position,Age,G,MIN,MINPG,FGM,FGA,FGP,TPM,TPA,TPP,FTM,FTA,FTP,ORB,ORBPG,DRB,DRBPG,TRB,TRBPG,AST,ASTPG,STL,STLPG,BLK,BLKPG,TO,TOPG,PF,PTS,PTSPG,
Aron Baynes,SAS,2012-2013, 6-10,C,26,11,73,6.63636363636,10,17,.588,0,0,.000,4,6,.667,5,0.454545454545,10,0.909090909091,15,1.36363636364,2,0.181818181818,1,0.0909090909091,5,0.454545454545,7,0.636363636364,13,24,2.18181818182,
