Player,Team,Season,Height,Position,Age,G,MIN,MINPG,FGM,FGA,FGP,TPM,TPA,TPP,FTM,FTA,FTP,ORB,ORBPG,DRB,DRBPG,TRB,TRBPG,AST,ASTPG,STL,STLPG,BLK,BLKPG,TO,TOPG,PF,PTS,PTSPG,
Art Williams,SDR,1967-1968, 6-1,PG,28,79,1739,22.0126582278,265,718,.369,.000,.000,.000,113,165,.685,.000,0.0,.000,0.0,286,3.62025316456,391,4.94936708861,.000,0.0,.000,0.0,.000,0.0,204,643,8.13924050633,
Art Williams,SDR,1968-1969, 6-1,PG,29,79,1987,25.1518987342,227,592,.383,.000,.000,.000,105,149,.705,.000,0.0,.000,0.0,364,4.60759493671,524,6.63291139241,.000,0.0,.000,0.0,.000,0.0,238,559,7.07594936709,
Art Williams,SDR,1969-1970, 6-1,PG,30,80,1545,19.3125,189,464,.407,.000,.000,.000,88,118,.746,.000,0.0,.000,0.0,292,3.65,503,6.2875,.000,0.0,.000,0.0,.000,0.0,168,466,5.825,
Art Williams,BOS,1970-1971, 6-1,PG,31,74,1141,15.4189189189,150,330,.455,.000,.000,.000,60,83,.723,.000,0.0,.000,0.0,205,2.77027027027,233,3.14864864865,.000,0.0,.000,0.0,.000,0.0,182,360,4.86486486486,
Art Williams,BOS,1971-1972, 6-1,PG,32,81,1326,16.3703703704,161,339,.475,.000,.000,.000,90,119,.756,.000,0.0,.000,0.0,256,3.16049382716,327,4.03703703704,.000,0.0,.000,0.0,.000,0.0,204,412,5.08641975309,
Art Williams,BOS,1972-1973, 6-1,PG,33,81,974,12.024691358,110,261,.421,.000,.000,.000,43,56,.768,.000,0.0,.000,0.0,182,2.24691358025,236,2.91358024691,.000,0.0,.000,0.0,.000,0.0,136,263,3.24691358025,
Art Williams,BOS,1973-1974, 6-1,PG,34,67,617,9.20895522388,73,168,.435,.000,.000,.000,27,32,.844,20,0.298507462687,95,1.41791044776,115,1.71641791045,163,2.4328358209,44,0.65671641791,3,0.044776119403,.000,0.0,100,173,2.58208955224,
Art Williams,SDA,1974-1975, 6-1,PG,35,7,89,12.7142857143,8,12,.667,0,0,.000,0,0,.000,3,0.428571428571,9,1.28571428571,12,1.71428571429,20,2.85714285714,7,1.0,0,0.0,10,1.42857142857,15,16,2.28571428571,
