Player,Team,Season,Height,Position,Age,G,MIN,MINPG,FGM,FGA,FGP,TPM,TPA,TPP,FTM,FTA,FTP,ORB,ORBPG,DRB,DRBPG,TRB,TRBPG,AST,ASTPG,STL,STLPG,BLK,BLKPG,TO,TOPG,PF,PTS,PTSPG,
Art Spector,BOS,1946-1947, 6-4,,26,55,.000,0.0,123,460,.267,.000,.000,.000,83,150,.553,.000,0.0,.000,0.0,.000,0.0,46,0.836363636364,.000,0.0,.000,0.0,.000,0.0,130,329,5.98181818182,
Art Spector,BOS,1947-1948, 6-4,,27,48,.000,0.0,67,243,.276,.000,.000,.000,60,92,.652,.000,0.0,.000,0.0,.000,0.0,17,0.354166666667,.000,0.0,.000,0.0,.000,0.0,106,194,4.04166666667,
Art Spector,BOS,1948-1949, 6-4,,28,59,.000,0.0,130,434,.300,.000,.000,.000,64,116,.552,.000,0.0,.000,0.0,.000,0.0,77,1.30508474576,.000,0.0,.000,0.0,.000,0.0,111,324,5.49152542373,
Art Spector,BOS,1949-1950, 6-4,,29,7,.000,0.0,2,12,.167,.000,.000,.000,1,4,.250,.000,0.0,.000,0.0,.000,0.0,3,0.428571428571,.000,0.0,.000,0.0,.000,0.0,4,5,0.714285714286,
