Player,Team,Season,Height,Position,Age,G,MIN,MINPG,FGM,FGA,FGP,TPM,TPA,TPP,FTM,FTA,FTP,ORB,ORBPG,DRB,DRBPG,TRB,TRBPG,AST,ASTPG,STL,STLPG,BLK,BLKPG,TO,TOPG,PF,PTS,PTSPG,
Art Harris,SEA,1968-1969, 6-4,SG,22,80,2556,31.95,416,1054,.395,.000,.000,.000,161,251,.641,.000,0.0,.000,0.0,301,3.7625,258,3.225,.000,0.0,.000,0.0,.000,0.0,326,993,12.4125,
Art Harris,TOT,1969-1970, 6-4,SG,23,81,1553,19.1728395062,285,723,.394,.000,.000,.000,86,134,.642,.000,0.0,.000,0.0,161,1.98765432099,231,2.85185185185,.000,0.0,.000,0.0,.000,0.0,220,656,8.0987654321,
Art Harris,SEA,1969-1970, 6-4,SG,23,5,178,35.6,28,73,.384,.000,.000,.000,4,9,.444,.000,0.0,.000,0.0,19,3.8,20,4.0,.000,0.0,.000,0.0,.000,0.0,11,60,12.0,
Art Harris,PHO,1969-1970, 6-4,SG,23,76,1375,18.0921052632,257,650,.395,.000,.000,.000,82,125,.656,.000,0.0,.000,0.0,142,1.86842105263,211,2.77631578947,.000,0.0,.000,0.0,.000,0.0,209,596,7.84210526316,
Art Harris,PHO,1970-1971, 6-4,PG,24,56,952,17.0,199,484,.411,.000,.000,.000,69,113,.611,.000,0.0,.000,0.0,100,1.78571428571,132,2.35714285714,.000,0.0,.000,0.0,.000,0.0,137,467,8.33928571429,
Art Harris,PHO,1971-1972, 6-4,SG,25,21,145,6.90476190476,23,70,.329,.000,.000,.000,9,21,.429,.000,0.0,.000,0.0,13,0.619047619048,18,0.857142857143,.000,0.0,.000,0.0,.000,0.0,26,55,2.61904761905,
