Player,Team,Season,Height,Position,Age,G,MIN,MINPG,FGM,FGA,FGP,TPM,TPA,TPP,FTM,FTA,FTP,ORB,ORBPG,DRB,DRBPG,TRB,TRBPG,AST,ASTPG,STL,STLPG,BLK,BLKPG,TO,TOPG,PF,PTS,PTSPG,
Art Long,SAC,2000-2001, 6-9,SF,28,9,20,2.22222222222,0,4,.000,0,0,.000,0,2,.000,2,0.222222222222,6,0.666666666667,8,0.888888888889,1,0.111111111111,0,0.0,3,0.333333333333,2,0.222222222222,5,0,0.0,
Art Long,SEA,2001-2002, 6-9,PF,29,63,989,15.6984126984,120,244,.492,0,0,.000,45,85,.529,107,1.69841269841,144,2.28571428571,251,3.98412698413,41,0.650793650794,22,0.349206349206,28,0.444444444444,63,1.0,180,285,4.52380952381,
Art Long,TOT,2002-2003, 6-9,SF,30,26,211,8.11538461538,28,75,.373,2,3,.667,2,10,.200,21,0.807692307692,39,1.5,60,2.30769230769,6,0.230769230769,5,0.192307692308,11,0.423076923077,20,0.769230769231,35,60,2.30769230769,
Art Long,PHI,2002-2003, 6-9,SF,30,19,131,6.89473684211,19,50,.380,1,1,1.000,1,5,.200,13,0.684210526316,27,1.42105263158,40,2.10526315789,2,0.105263157895,2,0.105263157895,8,0.421052631579,9,0.473684210526,22,40,2.10526315789,
Art Long,TOR,2002-2003, 6-9,SF,30,7,80,11.4285714286,9,25,.360,1,2,.500,1,5,.200,8,1.14285714286,12,1.71428571429,20,2.85714285714,4,0.571428571429,3,0.428571428571,3,0.428571428571,11,1.57142857143,13,20,2.85714285714,
