Player,Team,Season,Height,Position,Age,G,MIN,MINPG,FGM,FGA,FGP,TPM,TPA,TPP,FTM,FTA,FTP,ORB,ORBPG,DRB,DRBPG,TRB,TRBPG,AST,ASTPG,STL,STLPG,BLK,BLKPG,TO,TOPG,PF,PTS,PTSPG,
Art Collins,ATL,1980-1981, 6-4,SG,26,29,395,13.6206896552,35,99,.354,0,2,.000,24,36,.667,19,0.655172413793,22,0.758620689655,41,1.41379310345,25,0.862068965517,11,0.379310344828,1,0.0344827586207,32,1.10344827586,35,94,3.24137931034,
