Player,Team,Season,Height,Position,Age,G,MIN,MINPG,FGM,FGA,FGP,TPM,TPA,TPP,FTM,FTA,FTP,ORB,ORBPG,DRB,DRBPG,TRB,TRBPG,AST,ASTPG,STL,STLPG,BLK,BLKPG,TO,TOPG,PF,PTS,PTSPG,
Arvesta Kelly,PTP,1967-1968, 6-2,,22,16,146,9.125,26,76,.342,3,13,.231,8,13,.615,.000,0.0,.000,0.0,33,2.0625,13,0.8125,.000,0.0,.000,0.0,10,0.625,34,63,3.9375,
Arvesta Kelly,MNP,1968-1969, 6-2,SG,23,68,1066,15.6764705882,155,425,.365,25,105,.238,63,103,.612,54,0.794117647059,103,1.51470588235,157,2.30882352941,61,0.897058823529,.000,0.0,.000,0.0,89,1.30882352941,141,398,5.85294117647,
Arvesta Kelly,PTP,1969-1970, 6-2,PG,24,70,2391,34.1571428571,384,778,.494,21,74,.284,168,257,.654,122,1.74285714286,145,2.07142857143,267,3.81428571429,226,3.22857142857,.000,0.0,.000,0.0,209,2.98571428571,195,957,13.6714285714,
Arvesta Kelly,TOT,1970-1971, 6-2,,25,22,180,8.18181818182,20,35,.571,0,3,.000,18,31,.581,9,0.409090909091,16,0.727272727273,25,1.13636363636,17,0.772727272727,.000,0.0,.000,0.0,21,0.954545454545,34,58,2.63636363636,
Arvesta Kelly,PTC,1970-1971, 6-2,,25,17,135,7.94117647059,16,27,.593,0,3,.000,12,23,.522,8,0.470588235294,16,0.941176470588,24,1.41176470588,17,1.0,.000,0.0,.000,0.0,13,0.764705882353,26,44,2.58823529412,
Arvesta Kelly,CAR,1970-1971, 6-2,,25,5,45,9.0,4,8,.500,0,0,.000,6,8,.750,1,0.2,0,0.0,1,0.2,0,0.0,.000,0.0,.000,0.0,8,1.6,8,14,2.8,
Arvesta Kelly,TOT,1971-1972, 6-2,SG,26,12,112,9.33333333333,13,29,.448,1,3,.333,3,4,.750,5,0.416666666667,10,0.833333333333,15,1.25,14,1.16666666667,.000,0.0,.000,0.0,8,0.666666666667,20,30,2.5,
Arvesta Kelly,PTC,1971-1972, 6-2,,26,8,71,8.875,10,20,.500,1,3,.333,3,4,.750,4,0.5,4,0.5,8,1.0,12,1.5,.000,0.0,.000,0.0,6,0.75,10,24,3.0,
Arvesta Kelly,INA,1971-1972, 6-2,SG,26,4,41,10.25,3,9,.333,0,0,.000,0,0,.000,1,0.25,6,1.5,7,1.75,2,0.5,.000,0.0,.000,0.0,2,0.5,10,6,1.5,
