Player,Team,Season,Height,Position,Age,G,MIN,MINPG,FGM,FGA,FGP,TPM,TPA,TPP,FTM,FTA,FTP,ORB,ORBPG,DRB,DRBPG,TRB,TRBPG,AST,ASTPG,STL,STLPG,BLK,BLKPG,TO,TOPG,PF,PTS,PTSPG,
Ashraf Amaya,VAN,1995-1996, 6-8,PF,24,54,1104,20.4444444444,121,252,.480,0,1,.000,97,149,.651,114,2.11111111111,189,3.5,303,5.61111111111,33,0.611111111111,22,0.407407407407,10,0.185185185185,57,1.05555555556,151,339,6.27777777778,
Ashraf Amaya,WSB,1996-1997, 6-8,PF,25,31,144,4.64516129032,12,40,.300,1,1,1.000,15,28,.536,19,0.612903225806,33,1.06451612903,52,1.67741935484,3,0.0967741935484,7,0.225806451613,3,0.0967741935484,10,0.322580645161,29,40,1.29032258065,
