Player,Team,Season,Height,Position,Age,G,MIN,MINPG,FGM,FGA,FGP,TPM,TPA,TPP,FTM,FTA,FTP,ORB,ORBPG,DRB,DRBPG,TRB,TRBPG,AST,ASTPG,STL,STLPG,BLK,BLKPG,TO,TOPG,PF,PTS,PTSPG,
Audie Norris,POR,1982-1983, 6-9,C,22,30,311,10.3666666667,26,63,.413,0,0,.000,14,30,.467,25,0.833333333333,44,1.46666666667,69,2.3,24,0.8,13,0.433333333333,2,0.0666666666667,33,1.1,61,66,2.2,
Audie Norris,POR,1983-1984, 6-9,C,23,79,1157,14.6455696203,124,246,.504,0,0,.000,104,149,.698,82,1.03797468354,175,2.21518987342,257,3.25316455696,76,0.962025316456,30,0.379746835443,34,0.430379746835,114,1.44303797468,231,352,4.45569620253,
Audie Norris,POR,1984-1985, 6-9,C,24,78,1117,14.3205128205,133,245,.543,0,3,.000,135,203,.665,90,1.15384615385,160,2.05128205128,250,3.20512820513,47,0.602564102564,42,0.538461538462,33,0.423076923077,100,1.28205128205,221,401,5.14102564103,
