Player,Team,Season,Height,Position,Age,G,MIN,MINPG,FGM,FGA,FGP,TPM,TPA,TPP,FTM,FTA,FTP,ORB,ORBPG,DRB,DRBPG,TRB,TRBPG,AST,ASTPG,STL,STLPG,BLK,BLKPG,TO,TOPG,PF,PTS,PTSPG,
Aulcie Perry,VIR,1974-1975, 6-10,C,24,21,415,19.7619047619,81,186,.435,0,1,.000,19,30,.633,40,1.90476190476,65,3.09523809524,105,5.0,20,0.952380952381,12,0.571428571429,16,0.761904761905,34,1.61904761905,58,181,8.61904761905,
