Player,Team,Season,Height,Position,Age,G,MIN,MINPG,FGM,FGA,FGP,TPM,TPA,TPP,FTM,FTA,FTP,ORB,ORBPG,DRB,DRBPG,TRB,TRBPG,AST,ASTPG,STL,STLPG,BLK,BLKPG,TO,TOPG,PF,PTS,PTSPG,
Avery Bradley,BOS,2010-2011, 6-2,PG,20,31,162,5.22580645161,23,67,.343,0,5,.000,6,12,.500,4,0.129032258065,13,0.41935483871,17,0.548387096774,12,0.387096774194,9,0.290322580645,0,0.0,16,0.516129032258,20,52,1.67741935484,
Avery Bradley,BOS,2011-2012, 6-2,PG,21,64,1368,21.375,200,402,.498,22,54,.407,62,78,.795,34,0.53125,81,1.265625,115,1.796875,87,1.359375,43,0.671875,12,0.1875,75,1.171875,109,484,7.5625,
Avery Bradley,BOS,2012-2013, 6-2,SG,22,33,948,28.7272727273,134,317,.423,28,84,.333,20,29,.690,25,0.757575757576,59,1.78787878788,84,2.54545454545,67,2.0303030303,41,1.24242424242,13,0.393939393939,41,1.24242424242,79,316,9.57575757576,
