Player,Team,Season,Height,Position,Age,G,MIN,MINPG,FGM,FGA,FGP,TPM,TPA,TPP,FTM,FTA,FTP,ORB,ORBPG,DRB,DRBPG,TRB,TRBPG,AST,ASTPG,STL,STLPG,BLK,BLKPG,TO,TOPG,PF,PTS,PTSPG,
Awvee Storey,NJN,2004-2005, 6-6,SG,27,9,32,3.55555555556,3,10,.300,1,2,.500,1,2,.500,4,0.444444444444,1,0.111111111111,5,0.555555555556,1,0.111111111111,0,0.0,0,0.0,0,0.0,3,8,0.888888888889,
Awvee Storey,WAS,2005-2006, 6-6,SF,28,25,116,4.64,16,41,.390,3,7,.429,8,14,.571,8,0.32,14,0.56,22,0.88,4,0.16,3,0.12,1,0.04,5,0.2,22,43,1.72,
Awvee Storey,MIL,2007-2008, 6-6,SG,30,26,259,9.96153846154,39,89,.438,0,7,.000,14,29,.483,31,1.19230769231,23,0.884615384615,54,2.07692307692,16,0.615384615385,7,0.269230769231,1,0.0384615384615,10,0.384615384615,41,92,3.53846153846,
