Player,Team,Season,Height,Position,Age,G,MIN,MINPG,FGM,FGA,FGP,TPM,TPA,TPP,FTM,FTA,FTP,ORB,ORBPG,DRB,DRBPG,TRB,TRBPG,AST,ASTPG,STL,STLPG,BLK,BLKPG,TO,TOPG,PF,PTS,PTSPG,
B.J. Tyler,PHI,1994-1995, 6-1,PG,23,55,809,14.7090909091,72,189,.381,16,51,.314,35,50,.700,13,0.236363636364,49,0.890909090909,62,1.12727272727,174,3.16363636364,36,0.654545454545,2,0.0363636363636,97,1.76363636364,58,195,3.54545454545,
