Player,Team,Season,Height,Position,Age,G,MIN,MINPG,FGM,FGA,FGP,TPM,TPA,TPP,FTM,FTA,FTP,ORB,ORBPG,DRB,DRBPG,TRB,TRBPG,AST,ASTPG,STL,STLPG,BLK,BLKPG,TO,TOPG,PF,PTS,PTSPG,
Barry Kramer,TOT,1964-1965, 6-4,SF,22,52,507,9.75,63,186,.339,.000,.000,.000,60,84,.714,.000,0.0,.000,0.0,100,1.92307692308,41,0.788461538462,.000,0.0,.000,0.0,.000,0.0,67,186,3.57692307692,
Barry Kramer,SFW,1964-1965, 6-4,SF,22,33,276,8.36363636364,36,100,.360,.000,.000,.000,30,44,.682,.000,0.0,.000,0.0,59,1.78787878788,26,0.787878787879,.000,0.0,.000,0.0,.000,0.0,36,102,3.09090909091,
Barry Kramer,NYK,1964-1965, 6-4,SF,22,19,231,12.1578947368,27,86,.314,.000,.000,.000,30,40,.750,.000,0.0,.000,0.0,41,2.15789473684,15,0.789473684211,.000,0.0,.000,0.0,.000,0.0,31,84,4.42105263158,
Barry Kramer,NYA,1969-1970, 6-4,SF,27,7,56,8.0,10,31,.323,0,1,.000,7,8,.875,7,1.0,6,0.857142857143,13,1.85714285714,3,0.428571428571,.000,0.0,.000,0.0,11,1.57142857143,10,27,3.85714285714,
