Player,Team,Season,Height,Position,Age,G,MIN,MINPG,FGM,FGA,FGP,TPM,TPA,TPP,FTM,FTA,FTP,ORB,ORBPG,DRB,DRBPG,TRB,TRBPG,AST,ASTPG,STL,STLPG,BLK,BLKPG,TO,TOPG,PF,PTS,PTSPG,
Barry Liebowitz,TOT,1967-1968, 6-2,PG,22,82,2168,26.4390243902,320,873,.367,6,39,.154,248,308,.805,.000,0.0,.000,0.0,170,2.07317073171,301,3.67073170732,.000,0.0,.000,0.0,224,2.73170731707,208,894,10.9024390244,
Barry Liebowitz,PTP,1967-1968, 6-2,SG,22,23,447,19.4347826087,83,207,.401,2,6,.333,52,60,.867,.000,0.0,.000,0.0,40,1.73913043478,52,2.26086956522,.000,0.0,.000,0.0,55,2.39130434783,44,220,9.5652173913,
Barry Liebowitz,NJA,1967-1968, 6-2,PG,22,24,707,29.4583333333,98,287,.341,0,7,.000,77,96,.802,.000,0.0,.000,0.0,72,3.0,93,3.875,.000,0.0,.000,0.0,62,2.58333333333,68,273,11.375,
Barry Liebowitz,OAK,1967-1968, 6-2,PG,22,35,1014,28.9714285714,139,379,.367,4,26,.154,119,152,.783,.000,0.0,.000,0.0,58,1.65714285714,156,4.45714285714,.000,0.0,.000,0.0,107,3.05714285714,96,401,11.4571428571,
