Player,Team,Season,Height,Position,Age,G,MIN,MINPG,FGM,FGA,FGP,TPM,TPA,TPP,FTM,FTA,FTP,ORB,ORBPG,DRB,DRBPG,TRB,TRBPG,AST,ASTPG,STL,STLPG,BLK,BLKPG,TO,TOPG,PF,PTS,PTSPG,
Belus Smawley,STB,1946-1947, 6-1,SG,28,22,.000,0.0,113,352,.321,.000,.000,.000,36,47,.766,.000,0.0,.000,0.0,.000,0.0,10,0.454545454545,.000,0.0,.000,0.0,.000,0.0,37,262,11.9090909091,
Belus Smawley,STB,1947-1948, 6-1,SG,29,48,.000,0.0,212,688,.308,.000,.000,.000,111,150,.740,.000,0.0,.000,0.0,.000,0.0,18,0.375,.000,0.0,.000,0.0,.000,0.0,88,535,11.1458333333,
Belus Smawley,STB,1948-1949, 6-1,SG,30,59,.000,0.0,352,946,.372,.000,.000,.000,210,281,.747,.000,0.0,.000,0.0,.000,0.0,183,3.10169491525,.000,0.0,.000,0.0,.000,0.0,145,914,15.4915254237,
Belus Smawley,STB,1949-1950, 6-1,SG,31,61,.000,0.0,287,832,.345,.000,.000,.000,260,314,.828,.000,0.0,.000,0.0,.000,0.0,215,3.52459016393,.000,0.0,.000,0.0,.000,0.0,160,834,13.6721311475,
Belus Smawley,TOT,1950-1951, 6-1,SG,32,60,.000,0.0,252,663,.380,.000,.000,.000,227,267,.850,.000,0.0,.000,0.0,178,2.96666666667,161,2.68333333333,.000,0.0,.000,0.0,.000,0.0,145,731,12.1833333333,
Belus Smawley,SYR,1950-1951, 6-1,SG,32,16,.000,0.0,40,118,.339,.000,.000,.000,44,54,.815,.000,0.0,.000,0.0,48,3.0,36,2.25,.000,0.0,.000,0.0,.000,0.0,36,124,7.75,
Belus Smawley,BLB,1950-1951, 6-1,SG,32,44,.000,0.0,212,545,.389,.000,.000,.000,183,213,.859,.000,0.0,.000,0.0,130,2.95454545455,125,2.84090909091,.000,0.0,.000,0.0,.000,0.0,109,607,13.7954545455,
Belus Smawley,BLB,1951-1952, 6-1,SG,33,11,139,12.6363636364,13,63,.206,.000,.000,.000,14,17,.824,.000,0.0,.000,0.0,18,1.63636363636,8,0.727272727273,.000,0.0,.000,0.0,.000,0.0,9,40,3.63636363636,
