Player,Team,Season,Height,Position,Age,G,MIN,MINPG,FGM,FGA,FGP,TPM,TPA,TPP,FTM,FTA,FTP,ORB,ORBPG,DRB,DRBPG,TRB,TRBPG,AST,ASTPG,STL,STLPG,BLK,BLKPG,TO,TOPG,PF,PTS,PTSPG,
Ben Gordon,CHI,2004-2005, 6-3,SG,21,82,2002,24.4146341463,434,1056,.411,134,331,.405,233,270,.863,55,0.670731707317,160,1.9512195122,215,2.62195121951,164,2.0,53,0.646341463415,10,0.121951219512,186,2.26829268293,224,1235,15.0609756098,
Ben Gordon,CHI,2005-2006, 6-3,SG,22,80,2482,31.025,486,1152,.422,166,382,.435,211,268,.787,43,0.5375,176,2.2,219,2.7375,240,3.0,75,0.9375,5,0.0625,180,2.25,238,1349,16.8625,
Ben Gordon,CHI,2006-2007, 6-3,SG,23,82,2704,32.9756097561,609,1338,.455,155,375,.413,380,440,.864,35,0.426829268293,223,2.71951219512,258,3.14634146341,296,3.60975609756,64,0.780487804878,17,0.207317073171,249,3.03658536585,252,1753,21.3780487805,
Ben Gordon,CHI,2007-2008, 6-3,SG,24,72,2291,31.8194444444,464,1069,.434,142,346,.410,266,293,.908,40,0.555555555556,181,2.51388888889,221,3.06944444444,213,2.95833333333,55,0.763888888889,8,0.111111111111,150,2.08333333333,171,1336,18.5555555556,
Ben Gordon,CHI,2008-2009, 6-3,SG,25,82,2999,36.5731707317,598,1315,.455,173,422,.410,330,382,.864,52,0.634146341463,231,2.81707317073,283,3.4512195122,279,3.40243902439,71,0.865853658537,22,0.268292682927,200,2.43902439024,184,1699,20.7195121951,
Ben Gordon,DET,2009-2010, 6-3,SG,26,62,1730,27.9032258065,291,699,.416,75,234,.321,198,230,.861,26,0.41935483871,93,1.5,119,1.91935483871,166,2.67741935484,49,0.790322580645,6,0.0967741935484,118,1.90322580645,147,855,13.7903225806,
Ben Gordon,DET,2010-2011, 6-3,SG,27,82,2131,25.987804878,339,770,.440,107,266,.402,136,160,.850,41,0.5,154,1.87804878049,195,2.37804878049,171,2.08536585366,48,0.585365853659,16,0.19512195122,141,1.71951219512,178,921,11.2317073171,
Ben Gordon,DET,2011-2012, 6-3,SG,28,52,1398,26.8846153846,234,530,.442,63,147,.429,117,136,.860,14,0.269230769231,107,2.05769230769,121,2.32692307692,127,2.44230769231,34,0.653846153846,11,0.211538461538,115,2.21153846154,114,648,12.4615384615,
Ben Gordon,CHA,2012-2013, 6-3,SG,29,57,1219,21.3859649123,260,623,.417,89,222,.401,86,102,.843,17,0.298245614035,88,1.54385964912,105,1.84210526316,119,2.08771929825,32,0.561403508772,15,0.263157894737,97,1.70175438596,105,695,12.1929824561,
