Player,Team,Season,Height,Position,Age,G,MIN,MINPG,FGM,FGA,FGP,TPM,TPA,TPP,FTM,FTA,FTP,ORB,ORBPG,DRB,DRBPG,TRB,TRBPG,AST,ASTPG,STL,STLPG,BLK,BLKPG,TO,TOPG,PF,PTS,PTSPG,
Ben Uzoh,NJN,2010-2011, 6-3,PG,22,42,438,10.4285714286,61,144,.424,3,8,.375,33,56,.589,30,0.714285714286,31,0.738095238095,61,1.45238095238,69,1.64285714286,13,0.309523809524,8,0.190476190476,25,0.595238095238,29,158,3.7619047619,
Ben Uzoh,TOT,2011-2012, 6-3,PG,23,18,370,20.5555555556,35,99,.354,0,1,.000,11,19,.579,19,1.05555555556,48,2.66666666667,67,3.72222222222,61,3.38888888889,17,0.944444444444,3,0.166666666667,19,1.05555555556,31,81,4.5,
Ben Uzoh,CLE,2011-2012, 6-3,PG,23,2,13,6.5,2,5,.400,0,0,.000,0,0,.000,2,1.0,2,1.0,4,2.0,2,1.0,1,0.5,0,0.0,0,0.0,1,4,2.0,
Ben Uzoh,TOR,2011-2012, 6-3,PG,23,16,357,22.3125,33,94,.351,0,1,.000,11,19,.579,17,1.0625,46,2.875,63,3.9375,59,3.6875,16,1.0,3,0.1875,19,1.1875,30,77,4.8125,
