Player,Team,Season,Height,Position,Age,G,MIN,MINPG,FGM,FGA,FGP,TPM,TPA,TPP,FTM,FTA,FTP,ORB,ORBPG,DRB,DRBPG,TRB,TRBPG,AST,ASTPG,STL,STLPG,BLK,BLKPG,TO,TOPG,PF,PTS,PTSPG,
Ben McDonald,CLE,1985-1986, 6-8,SF,23,21,266,12.6666666667,28,58,.483,0,1,.000,5,8,.625,15,0.714285714286,23,1.09523809524,38,1.80952380952,9,0.428571428571,7,0.333333333333,1,0.047619047619,10,0.47619047619,30,61,2.90476190476,
Ben McDonald,GSW,1986-1987, 6-8,PF,24,63,1284,20.380952381,164,360,.456,1,8,.125,24,38,.632,63,1.0,120,1.90476190476,183,2.90476190476,84,1.33333333333,27,0.428571428571,8,0.126984126984,43,0.68253968254,200,353,5.60317460317,
Ben McDonald,GSW,1987-1988, 6-8,PF,25,81,2039,25.1728395062,258,552,.467,9,35,.257,87,111,.784,133,1.64197530864,202,2.49382716049,335,4.13580246914,138,1.7037037037,39,0.481481481481,8,0.0987654320988,93,1.14814814815,246,612,7.55555555556,
Ben McDonald,GSW,1988-1989, 6-8,PF,26,11,103,9.36363636364,13,19,.684,0,0,.000,9,15,.600,4,0.363636363636,8,0.727272727273,12,1.09090909091,5,0.454545454545,4,0.363636363636,0,0.0,3,0.272727272727,11,35,3.18181818182,
