Player,Team,Season,Height,Position,Age,G,MIN,MINPG,FGM,FGA,FGP,TPM,TPA,TPP,FTM,FTA,FTP,ORB,ORBPG,DRB,DRBPG,TRB,TRBPG,AST,ASTPG,STL,STLPG,BLK,BLKPG,TO,TOPG,PF,PTS,PTSPG,
Ben Coleman,NJN,1986-1987, 6-9,C,25,68,1029,15.1323529412,182,313,.581,0,1,.000,88,121,.727,99,1.45588235294,189,2.77941176471,288,4.23529411765,37,0.544117647059,32,0.470588235294,31,0.455882352941,94,1.38235294118,200,452,6.64705882353,
Ben Coleman,TOT,1987-1988, 6-9,PF,26,70,1498,21.4,226,453,.499,0,3,.000,141,185,.762,116,1.65714285714,234,3.34285714286,350,5.0,62,0.885714285714,43,0.614285714286,41,0.585714285714,127,1.81428571429,230,593,8.47142857143,
Ben Coleman,NJN,1987-1988, 6-9,PF,26,27,657,24.3333333333,116,240,.483,0,2,.000,65,84,.774,58,2.14814814815,115,4.25925925926,173,6.40740740741,39,1.44444444444,28,1.03703703704,16,0.592592592593,72,2.66666666667,110,297,11.0,
Ben Coleman,PHI,1987-1988, 6-9,PF,26,43,841,19.5581395349,110,213,.516,0,1,.000,76,101,.752,58,1.3488372093,119,2.76744186047,177,4.11627906977,23,0.53488372093,15,0.348837209302,25,0.581395348837,55,1.27906976744,120,296,6.88372093023,
Ben Coleman,PHI,1988-1989, 6-9,PF,27,58,703,12.1206896552,117,241,.485,0,0,.000,61,77,.792,49,0.844827586207,128,2.20689655172,177,3.05172413793,17,0.293103448276,10,0.172413793103,18,0.310344827586,48,0.827586206897,120,295,5.08620689655,
Ben Coleman,MIL,1989-1990, 6-9,PF,28,22,305,13.8636363636,46,97,.474,0,1,.000,34,41,.829,31,1.40909090909,56,2.54545454545,87,3.95454545455,12,0.545454545455,7,0.318181818182,7,0.318181818182,26,1.18181818182,54,126,5.72727272727,
Ben Coleman,DET,1993-1994, 6-9,PF,32,9,77,8.55555555556,12,25,.480,0,0,.000,4,8,.500,10,1.11111111111,16,1.77777777778,26,2.88888888889,0,0.0,2,0.222222222222,2,0.222222222222,7,0.777777777778,9,28,3.11111111111,
