Player,Team,Season,Height,Position,Age,G,MIN,MINPG,FGM,FGA,FGP,TPM,TPA,TPP,FTM,FTA,FTP,ORB,ORBPG,DRB,DRBPG,TRB,TRBPG,AST,ASTPG,STL,STLPG,BLK,BLKPG,TO,TOPG,PF,PTS,PTSPG,
Ben Hansbrough,IND,2012-2013, 6-3,PG,25,22,156,7.09090909091,11,34,.324,6,19,.316,12,18,.667,1,0.0454545454545,13,0.590909090909,14,0.636363636364,12,0.545454545455,6,0.272727272727,1,0.0454545454545,17,0.772727272727,18,40,1.81818181818,
