Player,Team,Season,Height,Position,Age,G,MIN,MINPG,FGM,FGA,FGP,TPM,TPA,TPP,FTM,FTA,FTP,ORB,ORBPG,DRB,DRBPG,TRB,TRBPG,AST,ASTPG,STL,STLPG,BLK,BLKPG,TO,TOPG,PF,PTS,PTSPG,
Bernard James,DAL,2012-2013, 6-10,C,27,37,436,11.7837837838,51,100,.510,0,2,.000,24,39,.615,49,1.32432432432,76,2.05405405405,125,3.37837837838,5,0.135135135135,11,0.297297297297,36,0.972972972973,17,0.459459459459,59,126,3.40540540541,
