Player,Team,Season,Height,Position,Age,G,MIN,MINPG,FGM,FGA,FGP,TPM,TPA,TPP,FTM,FTA,FTP,ORB,ORBPG,DRB,DRBPG,TRB,TRBPG,AST,ASTPG,STL,STLPG,BLK,BLKPG,TO,TOPG,PF,PTS,PTSPG,
Bernard Robinson,CHA,2004-2005, 6-6,SG,24,31,328,10.5806451613,36,81,.444,3,8,.375,18,26,.692,14,0.451612903226,34,1.09677419355,48,1.54838709677,30,0.967741935484,11,0.354838709677,4,0.129032258065,20,0.645161290323,42,93,3.0,
Bernard Robinson,CHA,2005-2006, 6-6,SF,25,66,1303,19.7424242424,157,365,.430,2,21,.095,106,134,.791,62,0.939393939394,157,2.37878787879,219,3.31818181818,77,1.16666666667,81,1.22727272727,10,0.151515151515,74,1.12121212121,141,422,6.39393939394,
Bernard Robinson,TOT,2006-2007, 6-6,SG,26,31,278,8.96774193548,19,62,.306,0,2,.000,23,27,.852,10,0.322580645161,38,1.22580645161,48,1.54838709677,19,0.612903225806,17,0.548387096774,2,0.0645161290323,16,0.516129032258,32,61,1.96774193548,
Bernard Robinson,CHA,2006-2007, 6-6,SG,26,21,241,11.4761904762,16,54,.296,0,2,.000,19,22,.864,9,0.428571428571,33,1.57142857143,42,2.0,17,0.809523809524,13,0.619047619048,1,0.047619047619,16,0.761904761905,28,51,2.42857142857,
Bernard Robinson,NJN,2006-2007, 6-6,SF,26,10,37,3.7,3,8,.375,0,0,.000,4,5,.800,1,0.1,5,0.5,6,0.6,2,0.2,4,0.4,1,0.1,0,0.0,4,10,1.0,
