Player,Team,Season,Height,Position,Age,G,MIN,MINPG,FGM,FGA,FGP,TPM,TPA,TPP,FTM,FTA,FTP,ORB,ORBPG,DRB,DRBPG,TRB,TRBPG,AST,ASTPG,STL,STLPG,BLK,BLKPG,TO,TOPG,PF,PTS,PTSPG,
Bernie Williams,SDR,1969-1970, 6-3,SG,24,72,1228,17.0555555556,251,641,.392,.000,.000,.000,96,122,.787,.000,0.0,.000,0.0,155,2.15277777778,165,2.29166666667,.000,0.0,.000,0.0,.000,0.0,124,598,8.30555555556,
Bernie Williams,SDR,1970-1971, 6-3,SG,25,56,708,12.6428571429,112,338,.331,.000,.000,.000,68,81,.840,.000,0.0,.000,0.0,85,1.51785714286,113,2.01785714286,.000,0.0,.000,0.0,.000,0.0,76,292,5.21428571429,
Bernie Williams,VIR,1971-1972, 6-3,SG,26,78,1667,21.3717948718,349,816,.428,18,65,.277,113,142,.796,51,0.653846153846,103,1.32051282051,154,1.97435897436,134,1.71794871795,.000,0.0,.000,0.0,123,1.57692307692,178,829,10.6282051282,
Bernie Williams,VIR,1972-1973, 6-3,SG,27,71,1513,21.3098591549,356,831,.428,10,58,.172,166,193,.860,60,0.845070422535,65,0.915492957746,125,1.76056338028,137,1.92957746479,.000,0.0,.000,0.0,136,1.91549295775,150,888,12.5070422535,
Bernie Williams,VIR,1973-1974, 6-3,SG,28,6,51,8.5,6,19,.316,1,2,.500,2,2,1.000,0,0.0,4,0.666666666667,4,0.666666666667,7,1.16666666667,1,0.166666666667,0,0.0,5,0.833333333333,3,15,2.5,
