Player,Team,Season,Height,Position,Age,G,MIN,MINPG,FGM,FGA,FGP,TPM,TPA,TPP,FTM,FTA,FTP,ORB,ORBPG,DRB,DRBPG,TRB,TRBPG,AST,ASTPG,STL,STLPG,BLK,BLKPG,TO,TOPG,PF,PTS,PTSPG,
Bernard Toone,PHI,1979-1980, 6-9,PF,23,23,124,5.39130434783,23,64,.359,1,7,.143,8,10,.800,12,0.521739130435,22,0.95652173913,34,1.47826086957,12,0.521739130435,4,0.173913043478,5,0.217391304348,16,0.695652173913,20,55,2.39130434783,
