Player,Team,Season,Height,Position,Age,G,MIN,MINPG,FGM,FGA,FGP,TPM,TPA,TPP,FTM,FTA,FTP,ORB,ORBPG,DRB,DRBPG,TRB,TRBPG,AST,ASTPG,STL,STLPG,BLK,BLKPG,TO,TOPG,PF,PTS,PTSPG,
Bevo Nordmann,CIN,1961-1962, 6-10,C,22,58,344,5.93103448276,51,126,.405,.000,.000,.000,29,57,.509,.000,0.0,.000,0.0,128,2.20689655172,18,0.310344827586,.000,0.0,.000,0.0,.000,0.0,81,131,2.25862068966,
Bevo Nordmann,TOT,1962-1963, 6-10,C,23,53,1000,18.8679245283,156,319,.489,.000,.000,.000,59,122,.484,.000,0.0,.000,0.0,316,5.96226415094,47,0.88679245283,.000,0.0,.000,0.0,.000,0.0,156,371,7.0,
Bevo Nordmann,STL,1962-1963, 6-10,C,23,27,271,10.037037037,36,80,.450,.000,.000,.000,21,39,.538,.000,0.0,.000,0.0,85,3.14814814815,8,0.296296296296,.000,0.0,.000,0.0,.000,0.0,49,93,3.44444444444,
Bevo Nordmann,NYK,1962-1963, 6-10,C,23,26,729,28.0384615385,120,239,.502,.000,.000,.000,38,83,.458,.000,0.0,.000,0.0,231,8.88461538462,39,1.5,.000,0.0,.000,0.0,.000,0.0,107,278,10.6923076923,
Bevo Nordmann,TOT,1963-1964, 6-10,C,24,19,259,13.6315789474,27,66,.409,.000,.000,.000,9,19,.474,.000,0.0,.000,0.0,65,3.42105263158,5,0.263157894737,.000,0.0,.000,0.0,.000,0.0,51,63,3.31578947368,
Bevo Nordmann,NYK,1963-1964, 6-10,C,24,7,106,15.1428571429,13,25,.520,.000,.000,.000,8,14,.571,.000,0.0,.000,0.0,25,3.57142857143,1,0.142857142857,.000,0.0,.000,0.0,.000,0.0,18,34,4.85714285714,
Bevo Nordmann,STL,1963-1964, 6-10,C,24,12,153,12.75,14,41,.341,.000,.000,.000,1,5,.200,.000,0.0,.000,0.0,40,3.33333333333,4,0.333333333333,.000,0.0,.000,0.0,.000,0.0,33,29,2.41666666667,
Bevo Nordmann,BOS,1964-1965, 6-10,C,25,3,25,8.33333333333,3,5,.600,.000,.000,.000,0,0,.000,.000,0.0,.000,0.0,8,2.66666666667,3,1.0,.000,0.0,.000,0.0,.000,0.0,5,6,2.0,
