Player,Team,Season,Height,Position,Age,G,MIN,MINPG,FGM,FGA,FGP,TPM,TPA,TPP,FTM,FTA,FTP,ORB,ORBPG,DRB,DRBPG,TRB,TRBPG,AST,ASTPG,STL,STLPG,BLK,BLKPG,TO,TOPG,PF,PTS,PTSPG,
Bill Dinwiddie,CIN,1967-1968, 6-7,SF,24,67,871,13.0,141,358,.394,.000,.000,.000,62,102,.608,.000,0.0,.000,0.0,237,3.53731343284,31,0.462686567164,.000,0.0,.000,0.0,.000,0.0,122,344,5.13432835821,
Bill Dinwiddie,CIN,1968-1969, 6-7,SF,25,69,1028,14.8985507246,124,352,.352,.000,.000,.000,45,87,.517,.000,0.0,.000,0.0,242,3.50724637681,55,0.797101449275,.000,0.0,.000,0.0,.000,0.0,146,293,4.24637681159,
Bill Dinwiddie,BOS,1970-1971, 6-7,PF,27,61,717,11.7540983607,123,328,.375,.000,.000,.000,54,74,.730,.000,0.0,.000,0.0,209,3.4262295082,34,0.55737704918,.000,0.0,.000,0.0,.000,0.0,90,300,4.91803278689,
Bill Dinwiddie,MIL,1971-1972, 6-7,PF,28,23,144,6.26086956522,16,57,.281,.000,.000,.000,5,9,.556,.000,0.0,.000,0.0,32,1.39130434783,9,0.391304347826,.000,0.0,.000,0.0,.000,0.0,23,37,1.60869565217,
