Player,Team,Season,Height,Position,Age,G,MIN,MINPG,FGM,FGA,FGP,TPM,TPA,TPP,FTM,FTA,FTP,ORB,ORBPG,DRB,DRBPG,TRB,TRBPG,AST,ASTPG,STL,STLPG,BLK,BLKPG,TO,TOPG,PF,PTS,PTSPG,
Bill Chamberlain,TOT,1972-1973, 6-6,SF,23,50,665,13.3,112,282,.397,2,8,.250,36,59,.610,61,1.22,57,1.14,118,2.36,76,1.52,.000,0.0,.000,0.0,58,1.16,98,262,5.24,
Bill Chamberlain,MMT,1972-1973, 6-6,SF,23,7,99,14.1428571429,11,34,.324,1,5,.200,2,4,.500,5,0.714285714286,6,0.857142857143,11,1.57142857143,7,1.0,.000,0.0,.000,0.0,4,0.571428571429,17,25,3.57142857143,
Bill Chamberlain,KEN,1972-1973, 6-6,SF,23,43,566,13.1627906977,101,248,.407,1,3,.333,34,55,.618,56,1.3023255814,51,1.18604651163,107,2.48837209302,69,1.60465116279,.000,0.0,.000,0.0,54,1.25581395349,81,237,5.51162790698,
Bill Chamberlain,PHO,1973-1974, 6-6,SF,24,28,367,13.1071428571,57,130,.438,.000,.000,.000,39,56,.696,33,1.17857142857,47,1.67857142857,80,2.85714285714,37,1.32142857143,20,0.714285714286,12,0.428571428571,.000,0.0,74,153,5.46428571429,
