Player,Team,Season,Height,Position,Age,G,MIN,MINPG,FGM,FGA,FGP,TPM,TPA,TPP,FTM,FTA,FTP,ORB,ORBPG,DRB,DRBPG,TRB,TRBPG,AST,ASTPG,STL,STLPG,BLK,BLKPG,TO,TOPG,PF,PTS,PTSPG,
Bill Miller,TOT,1948-1949, 6-3,,24,28,.000,0.0,21,72,.292,.000,.000,.000,11,20,.550,.000,0.0,.000,0.0,.000,0.0,20,0.714285714286,.000,0.0,.000,0.0,.000,0.0,32,53,1.89285714286,
Bill Miller,CHS,1948-1949, 6-3,,24,14,.000,0.0,5,23,.217,.000,.000,.000,4,9,.444,.000,0.0,.000,0.0,.000,0.0,8,0.571428571429,.000,0.0,.000,0.0,.000,0.0,17,14,1.0,
Bill Miller,STB,1948-1949, 6-3,,24,14,.000,0.0,16,49,.327,.000,.000,.000,7,11,.636,.000,0.0,.000,0.0,.000,0.0,12,0.857142857143,.000,0.0,.000,0.0,.000,0.0,15,39,2.78571428571,
