Player,Team,Season,Height,Position,Age,G,MIN,MINPG,FGM,FGA,FGP,TPM,TPA,TPP,FTM,FTA,FTP,ORB,ORBPG,DRB,DRBPG,TRB,TRBPG,AST,ASTPG,STL,STLPG,BLK,BLKPG,TO,TOPG,PF,PTS,PTSPG,
Bill Martin,IND,1985-1986, 6-7,SF,23,66,691,10.4696969697,143,298,.480,0,8,.000,46,54,.852,42,0.636363636364,60,0.909090909091,102,1.54545454545,52,0.787878787879,21,0.318181818182,7,0.106060606061,58,0.878787878788,108,332,5.0303030303,
Bill Martin,NYK,1986-1987, 6-7,SF,24,8,68,8.5,9,25,.360,0,0,.000,7,8,.875,2,0.25,5,0.625,7,0.875,0,0.0,4,0.5,2,0.25,7,0.875,5,25,3.125,
Bill Martin,PHO,1987-1988, 6-7,SF,25,10,101,10.1,16,51,.314,0,1,.000,8,13,.615,9,0.9,18,1.8,27,2.7,6,0.6,5,0.5,0,0.0,9,0.9,16,40,4.0,
