Player,Team,Season,Height,Position,Age,G,MIN,MINPG,FGM,FGA,FGP,TPM,TPA,TPP,FTM,FTA,FTP,ORB,ORBPG,DRB,DRBPG,TRB,TRBPG,AST,ASTPG,STL,STLPG,BLK,BLKPG,TO,TOPG,PF,PTS,PTSPG,
Billy Ray Bates,POR,1979-1980, 6-4,SG,23,16,235,14.6875,72,146,.493,8,19,.421,28,39,.718,13,0.8125,16,1.0,29,1.8125,31,1.9375,14,0.875,2,0.125,20,1.25,26,180,11.25,
Billy Ray Bates,POR,1980-1981, 6-4,SG,24,77,1560,20.2597402597,439,902,.487,14,54,.259,170,199,.854,71,0.922077922078,86,1.11688311688,157,2.03896103896,196,2.54545454545,82,1.06493506494,6,0.0779220779221,149,1.93506493506,120,1062,13.7922077922,
Billy Ray Bates,POR,1981-1982, 6-4,SG,25,75,1229,16.3866666667,327,692,.473,12,41,.293,166,211,.787,53,0.706666666667,55,0.733333333333,108,1.44,111,1.48,41,0.546666666667,5,0.0666666666667,93,1.24,100,832,11.0933333333,
Billy Ray Bates,TOT,1982-1983, 6-4,SG,26,19,304,16.0,55,145,.379,2,5,.400,11,22,.500,11,0.578947368421,8,0.421052631579,19,1.0,14,0.736842105263,14,0.736842105263,3,0.157894736842,12,0.631578947368,19,123,6.47368421053,
Billy Ray Bates,WSB,1982-1983, 6-4,SG,26,15,277,18.4666666667,53,129,.411,2,5,.400,10,20,.500,10,0.666666666667,8,0.533333333333,18,1.2,14,0.933333333333,13,0.866666666667,3,0.2,12,0.8,18,118,7.86666666667,
Billy Ray Bates,LAL,1982-1983, 6-4,SG,26,4,27,6.75,2,16,.125,0,0,.000,1,2,.500,1,0.25,0,0.0,1,0.25,0,0.0,1,0.25,0,0.0,0,0.0,1,5,1.25,
