Player,Team,Season,Height,Position,Age,G,MIN,MINPG,FGM,FGA,FGP,TPM,TPA,TPP,FTM,FTA,FTP,ORB,ORBPG,DRB,DRBPG,TRB,TRBPG,AST,ASTPG,STL,STLPG,BLK,BLKPG,TO,TOPG,PF,PTS,PTSPG,
Bill Curley,DET,1994-1995, 6-9,PF,22,53,595,11.2264150943,58,134,.433,0,0,.000,27,36,.750,54,1.01886792453,70,1.32075471698,124,2.33962264151,25,0.471698113208,21,0.396226415094,21,0.396226415094,25,0.471698113208,128,143,2.69811320755,
Bill Curley,MIN,1997-1998, 6-9,PF,25,11,146,13.2727272727,16,33,.485,0,1,.000,2,3,.667,11,1.0,17,1.54545454545,28,2.54545454545,4,0.363636363636,3,0.272727272727,1,0.0909090909091,3,0.272727272727,28,34,3.09090909091,
Bill Curley,MIN,1998-1999, 6-9,PF,26,35,372,10.6285714286,29,72,.403,1,5,.200,19,22,.864,20,0.571428571429,31,0.885714285714,51,1.45714285714,14,0.4,17,0.485714285714,9,0.257142857143,10,0.285714285714,83,78,2.22857142857,
Bill Curley,TOT,1999-2000, 6-9,SF,27,28,309,11.0357142857,29,68,.426,0,1,.000,18,25,.720,18,0.642857142857,32,1.14285714286,50,1.78571428571,14,0.5,13,0.464285714286,4,0.142857142857,21,0.75,61,76,2.71428571429,
Bill Curley,HOU,1999-2000, 6-9,PF,27,4,50,12.5,6,11,.545,0,0,.000,0,0,.000,4,1.0,4,1.0,8,2.0,0,0.0,2,0.5,0,0.0,4,1.0,10,12,3.0,
Bill Curley,GSW,1999-2000, 6-9,SF,27,24,259,10.7916666667,23,57,.404,0,1,.000,18,25,.720,14,0.583333333333,28,1.16666666667,42,1.75,14,0.583333333333,11,0.458333333333,4,0.166666666667,17,0.708333333333,51,64,2.66666666667,
Bill Curley,TOT,2000-2001, 6-9,PF,28,20,192,9.6,25,47,.532,1,2,.500,12,19,.632,21,1.05,16,0.8,37,1.85,3,0.15,7,0.35,9,0.45,16,0.8,45,63,3.15,
Bill Curley,DAL,2000-2001, 6-9,PF,28,5,15,3.0,1,4,.250,0,1,.000,1,4,.250,0,0.0,0,0.0,0,0.0,0,0.0,1,0.2,1,0.2,2,0.4,4,3,0.6,
Bill Curley,GSW,2000-2001, 6-9,PF,28,15,177,11.8,24,43,.558,1,1,1.000,11,15,.733,21,1.4,16,1.06666666667,37,2.46666666667,3,0.2,6,0.4,8,0.533333333333,14,0.933333333333,41,60,4.0,
