Player,Team,Season,Height,Position,Age,G,MIN,MINPG,FGM,FGA,FGP,TPM,TPA,TPP,FTM,FTA,FTP,ORB,ORBPG,DRB,DRBPG,TRB,TRBPG,AST,ASTPG,STL,STLPG,BLK,BLKPG,TO,TOPG,PF,PTS,PTSPG,
Bill Roberts,TOT,1948-1949, 6-9,,23,50,.000,0.0,89,267,.333,.000,.000,.000,44,63,.698,.000,0.0,.000,0.0,.000,0.0,41,0.82,.000,0.0,.000,0.0,.000,0.0,113,222,4.44,
Bill Roberts,CHS,1948-1949, 6-9,,23,2,.000,0.0,1,3,.333,.000,.000,.000,0,0,.000,.000,0.0,.000,0.0,.000,0.0,0,0.0,.000,0.0,.000,0.0,.000,0.0,2,2,1.0,
Bill Roberts,BOS,1948-1949, 6-9,,23,26,.000,0.0,36,109,.330,.000,.000,.000,9,19,.474,.000,0.0,.000,0.0,.000,0.0,13,0.5,.000,0.0,.000,0.0,.000,0.0,34,81,3.11538461538,
Bill Roberts,STB,1948-1949, 6-9,,23,22,.000,0.0,52,155,.335,.000,.000,.000,35,44,.795,.000,0.0,.000,0.0,.000,0.0,28,1.27272727273,.000,0.0,.000,0.0,.000,0.0,77,139,6.31818181818,
Bill Roberts,STB,1949-1950, 6-9,,24,67,.000,0.0,77,222,.347,.000,.000,.000,28,39,.718,.000,0.0,.000,0.0,.000,0.0,24,0.358208955224,.000,0.0,.000,0.0,.000,0.0,90,182,2.71641791045,
