Player,Team,Season,Height,Position,Age,G,MIN,MINPG,FGM,FGA,FGP,TPM,TPA,TPP,FTM,FTA,FTP,ORB,ORBPG,DRB,DRBPG,TRB,TRBPG,AST,ASTPG,STL,STLPG,BLK,BLKPG,TO,TOPG,PF,PTS,PTSPG,
Billy Shepherd,VIR,1972-1973, 5-10,PG,23,16,68,4.25,7,35,.200,4,16,.250,9,10,.900,2,0.125,3,0.1875,5,0.3125,8,0.5,.000,0.0,.000,0.0,8,0.5,12,27,1.6875,
Billy Shepherd,SDA,1973-1974, 5-10,PG,24,84,1738,20.6904761905,200,530,.377,65,202,.322,42,66,.636,22,0.261904761905,85,1.0119047619,107,1.27380952381,371,4.41666666667,97,1.15476190476,10,0.119047619048,120,1.42857142857,102,507,6.03571428571,
Billy Shepherd,MMS,1974-1975, 5-10,PG,25,69,1315,19.0579710145,161,386,.417,60,143,.420,52,72,.722,14,0.202898550725,65,0.942028985507,79,1.14492753623,278,4.02898550725,66,0.95652173913,9,0.130434782609,91,1.31884057971,68,434,6.28985507246,
