Player,Team,Season,Height,Position,Age,G,MIN,MINPG,FGM,FGA,FGP,TPM,TPA,TPP,FTM,FTA,FTP,ORB,ORBPG,DRB,DRBPG,TRB,TRBPG,AST,ASTPG,STL,STLPG,BLK,BLKPG,TO,TOPG,PF,PTS,PTSPG,
Bill Tosheff,INO,1951-1952, 6-1,PG,25,65,2055,31.6153846154,213,651,.327,.000,.000,.000,182,221,.824,.000,0.0,.000,0.0,216,3.32307692308,222,3.41538461538,.000,0.0,.000,0.0,.000,0.0,204,608,9.35384615385,
Bill Tosheff,INO,1952-1953, 6-1,PG,26,67,2459,36.7014925373,253,783,.323,.000,.000,.000,253,314,.806,.000,0.0,.000,0.0,229,3.41791044776,243,3.62686567164,.000,0.0,.000,0.0,.000,0.0,243,759,11.328358209,
Bill Tosheff,MLH,1953-1954, 6-1,PG,27,71,1825,25.7042253521,168,578,.291,.000,.000,.000,156,210,.743,.000,0.0,.000,0.0,163,2.29577464789,196,2.76056338028,.000,0.0,.000,0.0,.000,0.0,207,492,6.92957746479,
