Player,Team,Season,Height,Position,Age,G,MIN,MINPG,FGM,FGA,FGP,TPM,TPA,TPP,FTM,FTA,FTP,ORB,ORBPG,DRB,DRBPG,TRB,TRBPG,AST,ASTPG,STL,STLPG,BLK,BLKPG,TO,TOPG,PF,PTS,PTSPG,
Bill Walker,BOS,2008-2009, 6-6,SF,21,29,216,7.44827586207,36,58,.621,0,1,.000,16,23,.696,8,0.275862068966,21,0.724137931034,29,1.0,13,0.448275862069,6,0.206896551724,2,0.0689655172414,18,0.620689655172,51,88,3.03448275862,
Bill Walker,TOT,2009-2010, 6-6,SG,22,35,768,21.9428571429,120,232,.517,50,116,.431,39,49,.796,15,0.428571428571,73,2.08571428571,88,2.51428571429,40,1.14285714286,23,0.657142857143,3,0.0857142857143,28,0.8,83,329,9.4,
Bill Walker,BOS,2009-2010, 6-6,SF,22,8,29,3.625,3,6,.500,0,0,.000,2,2,1.000,0,0.0,5,0.625,5,0.625,3,0.375,0,0.0,0,0.0,2,0.25,4,8,1.0,
Bill Walker,NYK,2009-2010, 6-6,SG,22,27,739,27.3703703704,117,226,.518,50,116,.431,37,47,.787,15,0.555555555556,68,2.51851851852,83,3.07407407407,37,1.37037037037,23,0.851851851852,3,0.111111111111,26,0.962962962963,79,321,11.8888888889,
Bill Walker,NYK,2010-2011, 6-6,SG,23,61,784,12.8524590164,104,236,.441,59,153,.386,31,44,.705,16,0.262295081967,106,1.73770491803,122,2.0,34,0.55737704918,21,0.344262295082,6,0.0983606557377,37,0.606557377049,81,298,4.88524590164,
Bill Walker,NYK,2011-2012, 6-6,SG,24,32,620,19.375,68,171,.398,36,113,.319,17,20,.850,9,0.28125,71,2.21875,80,2.5,37,1.15625,19,0.59375,7,0.21875,35,1.09375,84,189,5.90625,
