Player,Team,Season,Height,Position,Age,G,MIN,MINPG,FGM,FGA,FGP,TPM,TPA,TPP,FTM,FTA,FTP,ORB,ORBPG,DRB,DRBPG,TRB,TRBPG,AST,ASTPG,STL,STLPG,BLK,BLKPG,TO,TOPG,PF,PTS,PTSPG,
Bill Ligon,DET,1974-1975, 6-4,SG,22,38,272,7.15789473684,55,143,.385,.000,.000,.000,16,25,.640,14,0.368421052632,12,0.315789473684,26,0.684210526316,25,0.657894736842,8,0.210526315789,9,0.236842105263,.000,0.0,31,126,3.31578947368,
