Player,Team,Season,Height,Position,Age,G,MIN,MINPG,FGM,FGA,FGP,TPM,TPA,TPP,FTM,FTA,FTP,ORB,ORBPG,DRB,DRBPG,TRB,TRBPG,AST,ASTPG,STL,STLPG,BLK,BLKPG,TO,TOPG,PF,PTS,PTSPG,
Bill Gabor,SYR,1949-1950, 5-11,SG,27,56,.000,0.0,226,671,.337,.000,.000,.000,157,228,.689,.000,0.0,.000,0.0,.000,0.0,108,1.92857142857,.000,0.0,.000,0.0,.000,0.0,198,609,10.875,
Bill Gabor,SYR,1950-1951, 5-11,SG,28,61,.000,0.0,255,745,.342,.000,.000,.000,179,242,.740,.000,0.0,.000,0.0,150,2.45901639344,125,2.04918032787,.000,0.0,.000,0.0,.000,0.0,213,689,11.2950819672,
Bill Gabor,SYR,1951-1952, 5-11,SG,29,57,1085,19.0350877193,173,538,.322,.000,.000,.000,142,183,.776,.000,0.0,.000,0.0,93,1.63157894737,86,1.50877192982,.000,0.0,.000,0.0,.000,0.0,188,488,8.56140350877,
Bill Gabor,SYR,1952-1953, 5-11,SG,30,69,1337,19.3768115942,215,614,.350,.000,.000,.000,217,284,.764,.000,0.0,.000,0.0,104,1.50724637681,134,1.94202898551,.000,0.0,.000,0.0,.000,0.0,262,647,9.3768115942,
Bill Gabor,SYR,1953-1954, 5-11,SG,31,61,1211,19.8524590164,204,551,.370,.000,.000,.000,139,194,.716,.000,0.0,.000,0.0,96,1.5737704918,162,2.65573770492,.000,0.0,.000,0.0,.000,0.0,183,547,8.96721311475,
Bill Gabor,SYR,1954-1955, 5-11,SG,32,3,47,15.6666666667,7,22,.318,.000,.000,.000,3,5,.600,.000,0.0,.000,0.0,5,1.66666666667,11,3.66666666667,.000,0.0,.000,0.0,.000,0.0,6,17,5.66666666667,
