Player,Team,Season,Height,Position,Age,G,MIN,MINPG,FGM,FGA,FGP,TPM,TPA,TPP,FTM,FTA,FTP,ORB,ORBPG,DRB,DRBPG,TRB,TRBPG,AST,ASTPG,STL,STLPG,BLK,BLKPG,TO,TOPG,PF,PTS,PTSPG,
Bill Robinzine,KCK,1975-1976, 6-7,PF,23,75,1327,17.6933333333,229,499,.459,.000,.000,.000,145,198,.732,128,1.70666666667,227,3.02666666667,355,4.73333333333,60,0.8,80,1.06666666667,8,0.106666666667,.000,0.0,290,603,8.04,
Bill Robinzine,KCK,1976-1977, 6-7,PF,24,75,1594,21.2533333333,307,677,.453,.000,.000,.000,159,216,.736,164,2.18666666667,310,4.13333333333,474,6.32,95,1.26666666667,86,1.14666666667,13,0.173333333333,.000,0.0,283,773,10.3066666667,
Bill Robinzine,KCK,1977-1978, 6-7,PF,25,82,1748,21.3170731707,305,677,.451,.000,.000,.000,206,271,.760,173,2.10975609756,366,4.46341463415,539,6.57317073171,72,0.878048780488,74,0.90243902439,11,0.134146341463,172,2.09756097561,281,816,9.9512195122,
Bill Robinzine,KCK,1978-1979, 6-7,PF,26,82,2179,26.5731707317,459,837,.548,.000,.000,.000,180,246,.732,218,2.65853658537,420,5.12195121951,638,7.78048780488,104,1.26829268293,105,1.28048780488,15,0.182926829268,179,2.18292682927,367,1098,13.3902439024,
Bill Robinzine,KCK,1979-1980, 6-7,PF,27,81,1917,23.6666666667,362,723,.501,1,2,.500,200,274,.730,184,2.27160493827,342,4.22222222222,526,6.49382716049,62,0.765432098765,106,1.30864197531,23,0.283950617284,148,1.82716049383,311,925,11.4197530864,
Bill Robinzine,TOT,1980-1981, 6-7,PF,28,78,2016,25.8461538462,392,826,.475,1,6,.167,218,281,.776,168,2.15384615385,365,4.67948717949,533,6.83333333333,118,1.51282051282,75,0.961538461538,9,0.115384615385,187,2.39743589744,275,1003,12.858974359,
Bill Robinzine,CLE,1980-1981, 6-7,PF,28,8,84,10.5,14,32,.438,0,0,.000,5,8,.625,4,0.5,9,1.125,13,1.625,5,0.625,4,0.5,0,0.0,10,1.25,19,33,4.125,
Bill Robinzine,DAL,1980-1981, 6-7,PF,28,70,1932,27.6,378,794,.476,1,6,.167,213,273,.780,164,2.34285714286,356,5.08571428571,520,7.42857142857,113,1.61428571429,71,1.01428571429,9,0.128571428571,177,2.52857142857,256,970,13.8571428571,
Bill Robinzine,UTA,1981-1982, 6-7,PF,29,56,651,11.625,131,294,.446,0,0,.000,61,75,.813,56,1.0,88,1.57142857143,144,2.57142857143,49,0.875,37,0.660714285714,5,0.0892857142857,83,1.48214285714,156,323,5.76785714286,
