Player,Team,Season,Height,Position,Age,G,MIN,MINPG,FGM,FGA,FGP,TPM,TPA,TPP,FTM,FTA,FTP,ORB,ORBPG,DRB,DRBPG,TRB,TRBPG,AST,ASTPG,STL,STLPG,BLK,BLKPG,TO,TOPG,PF,PTS,PTSPG,
Billy Thompson,LAL,1986-1987, 6-7,SF,23,59,762,12.9152542373,142,261,.544,0,1,.000,48,74,.649,69,1.16949152542,102,1.72881355932,171,2.89830508475,60,1.01694915254,15,0.254237288136,30,0.508474576271,61,1.03389830508,148,332,5.62711864407,
Billy Thompson,LAL,1987-1988, 6-7,SF,24,9,38,4.22222222222,3,13,.231,0,0,.000,8,10,.800,2,0.222222222222,7,0.777777777778,9,1.0,1,0.111111111111,1,0.111111111111,0,0.0,6,0.666666666667,11,14,1.55555555556,
Billy Thompson,MIA,1988-1989, 6-7,SF,25,79,2273,28.7721518987,349,716,.487,0,4,.000,156,224,.696,241,3.05063291139,331,4.18987341772,572,7.24050632911,176,2.22784810127,56,0.708860759494,105,1.32911392405,189,2.39240506329,260,854,10.8101265823,
Billy Thompson,MIA,1989-1990, 6-7,SF,26,79,2142,27.1139240506,375,727,.516,2,4,.500,115,185,.622,238,3.01265822785,313,3.96202531646,551,6.9746835443,166,2.10126582278,54,0.683544303797,89,1.12658227848,156,1.9746835443,237,867,10.9746835443,
Billy Thompson,MIA,1990-1991, 6-7,SF,27,73,1481,20.2876712329,205,411,.499,0,4,.000,89,124,.718,120,1.64383561644,192,2.6301369863,312,4.27397260274,111,1.52054794521,32,0.438356164384,48,0.657534246575,117,1.60273972603,161,499,6.83561643836,
Billy Thompson,GSW,1991-1992, 6-7,SF,28,1,1,1.0,0,0,.000,0,0,.000,0,0,.000,0,0.0,0,0.0,0,0.0,0,0.0,0,0.0,0,0.0,0,0.0,0,0,0.0,
