Player,Team,Season,Height,Position,Age,G,MIN,MINPG,FGM,FGA,FGP,TPM,TPA,TPP,FTM,FTA,FTP,ORB,ORBPG,DRB,DRBPG,TRB,TRBPG,AST,ASTPG,STL,STLPG,BLK,BLKPG,TO,TOPG,PF,PTS,PTSPG,
Billy Thomas,NJN,2004-2005, 6-4,SF,29,25,356,14.24,34,94,.362,17,56,.304,7,9,.778,7,0.28,29,1.16,36,1.44,17,0.68,14,0.56,1,0.04,9,0.36,29,92,3.68,
Billy Thomas,WAS,2005-2006, 6-4,SG,30,17,131,7.70588235294,13,40,.325,10,30,.333,2,2,1.000,5,0.294117647059,9,0.529411764706,14,0.823529411765,9,0.529411764706,10,0.588235294118,1,0.0588235294118,6,0.352941176471,19,38,2.23529411765,
Billy Thomas,TOT,2007-2008, 6-4,SF,32,11,42,3.81818181818,4,17,.235,4,16,.250,2,2,1.000,0,0.0,2,0.181818181818,2,0.181818181818,0,0.0,1,0.0909090909091,0,0.0,4,0.363636363636,4,14,1.27272727273,
Billy Thomas,NJN,2007-2008, 6-4,SF,32,4,8,2.0,0,3,.000,0,3,.000,2,2,1.000,0,0.0,0,0.0,0,0.0,0,0.0,0,0.0,0,0.0,1,0.25,0,2,0.5,
Billy Thomas,CLE,2007-2008, 6-4,SF,32,7,34,4.85714285714,4,14,.286,4,13,.308,0,0,.000,0,0.0,2,0.285714285714,2,0.285714285714,0,0.0,1,0.142857142857,0,0.0,3,0.428571428571,4,12,1.71428571429,
