Player,Team,Season,Height,Position,Age,G,MIN,MINPG,FGM,FGA,FGP,TPM,TPA,TPP,FTM,FTA,FTP,ORB,ORBPG,DRB,DRBPG,TRB,TRBPG,AST,ASTPG,STL,STLPG,BLK,BLKPG,TO,TOPG,PF,PTS,PTSPG,
Bill Closs,AND,1949-1950, 6-5,SF,28,64,.000,0.0,283,898,.315,.000,.000,.000,186,259,.718,.000,0.0,.000,0.0,.000,0.0,160,2.5,.000,0.0,.000,0.0,.000,0.0,190,752,11.75,
Bill Closs,PHW,1950-1951, 6-5,SF,29,65,.000,0.0,202,631,.320,.000,.000,.000,166,223,.744,.000,0.0,.000,0.0,401,6.16923076923,110,1.69230769231,.000,0.0,.000,0.0,.000,0.0,156,570,8.76923076923,
Bill Closs,FTW,1951-1952, 6-5,SF,30,57,1120,19.649122807,120,389,.308,.000,.000,.000,107,157,.682,.000,0.0,.000,0.0,204,3.57894736842,76,1.33333333333,.000,0.0,.000,0.0,.000,0.0,125,347,6.08771929825,
