Player,Team,Season,Height,Position,Age,G,MIN,MINPG,FGM,FGA,FGP,TPM,TPA,TPP,FTM,FTA,FTP,ORB,ORBPG,DRB,DRBPG,TRB,TRBPG,AST,ASTPG,STL,STLPG,BLK,BLKPG,TO,TOPG,PF,PTS,PTSPG,
Bill Thieben,FTW,1956-1957, 6-7,PF,21,58,633,10.9137931034,90,256,.352,.000,.000,.000,57,87,.655,.000,0.0,.000,0.0,207,3.56896551724,17,0.293103448276,.000,0.0,.000,0.0,.000,0.0,78,237,4.08620689655,
Bill Thieben,DET,1957-1958, 6-7,PF,22,27,243,9.0,42,143,.294,.000,.000,.000,16,27,.593,.000,0.0,.000,0.0,65,2.40740740741,7,0.259259259259,.000,0.0,.000,0.0,.000,0.0,44,100,3.7037037037,
