Player,Team,Season,Height,Position,Age,G,MIN,MINPG,FGM,FGA,FGP,TPM,TPA,TPP,FTM,FTA,FTP,ORB,ORBPG,DRB,DRBPG,TRB,TRBPG,AST,ASTPG,STL,STLPG,BLK,BLKPG,TO,TOPG,PF,PTS,PTSPG,
Bill Newton,INA,1972-1973, 6-9,PF,22,24,117,4.875,24,56,.429,1,2,.500,9,18,.500,21,0.875,26,1.08333333333,47,1.95833333333,9,0.375,.000,0.0,.000,0.0,10,0.416666666667,40,58,2.41666666667,
Bill Newton,INA,1973-1974, 6-9,C,23,11,73,6.63636363636,7,15,.467,0,0,.000,1,2,.500,1,0.0909090909091,17,1.54545454545,18,1.63636363636,5,0.454545454545,2,0.181818181818,0,0.0,7,0.636363636364,12,15,1.36363636364,
