Player,Team,Season,Height,Position,Age,G,MIN,MINPG,FGM,FGA,FGP,TPM,TPA,TPP,FTM,FTA,FTP,ORB,ORBPG,DRB,DRBPG,TRB,TRBPG,AST,ASTPG,STL,STLPG,BLK,BLKPG,TO,TOPG,PF,PTS,PTSPG,
Bill Calhoun,ROC,1948-1949, 6-3,SG,21,56,.000,0.0,146,408,.358,.000,.000,.000,75,131,.573,.000,0.0,.000,0.0,.000,0.0,125,2.23214285714,.000,0.0,.000,0.0,.000,0.0,97,367,6.55357142857,
Bill Calhoun,ROC,1949-1950, 6-3,SG,22,62,.000,0.0,207,549,.377,.000,.000,.000,146,203,.719,.000,0.0,.000,0.0,.000,0.0,115,1.85483870968,.000,0.0,.000,0.0,.000,0.0,100,560,9.03225806452,
Bill Calhoun,ROC,1950-1951, 6-3,SG,23,66,.000,0.0,175,506,.346,.000,.000,.000,161,228,.706,.000,0.0,.000,0.0,199,3.01515151515,99,1.5,.000,0.0,.000,0.0,.000,0.0,87,511,7.74242424242,
Bill Calhoun,BLB,1951-1952, 6-3,SG,24,55,1594,28.9818181818,129,409,.315,.000,.000,.000,125,183,.683,.000,0.0,.000,0.0,252,4.58181818182,117,2.12727272727,.000,0.0,.000,0.0,.000,0.0,84,383,6.96363636364,
Bill Calhoun,TOT,1952-1953, 6-3,SF,25,62,2148,34.6451612903,180,534,.337,.000,.000,.000,211,292,.723,.000,0.0,.000,0.0,277,4.46774193548,156,2.51612903226,.000,0.0,.000,0.0,.000,0.0,136,571,9.20967741935,
Bill Calhoun,SYR,1952-1953, 6-3,,25,13,239,18.3846153846,16,55,.291,.000,.000,.000,32,45,.711,.000,0.0,.000,0.0,27,2.07692307692,15,1.15384615385,.000,0.0,.000,0.0,.000,0.0,20,64,4.92307692308,
Bill Calhoun,MLH,1952-1953, 6-3,SF,25,49,1909,38.9591836735,164,479,.342,.000,.000,.000,179,247,.725,.000,0.0,.000,0.0,250,5.10204081633,141,2.87755102041,.000,0.0,.000,0.0,.000,0.0,116,507,10.3469387755,
Bill Calhoun,MLH,1953-1954, 6-3,SF,26,72,2370,32.9166666667,190,545,.349,.000,.000,.000,214,292,.733,.000,0.0,.000,0.0,274,3.80555555556,189,2.625,.000,0.0,.000,0.0,.000,0.0,151,594,8.25,
Bill Calhoun,MLH,1954-1955, 6-3,SG,27,69,2109,30.5652173913,144,480,.300,.000,.000,.000,166,236,.703,.000,0.0,.000,0.0,290,4.20289855072,235,3.40579710145,.000,0.0,.000,0.0,.000,0.0,181,454,6.57971014493,
