Player,Team,Season,Height,Position,Age,G,MIN,MINPG,FGM,FGA,FGP,TPM,TPA,TPP,FTM,FTA,FTP,ORB,ORBPG,DRB,DRBPG,TRB,TRBPG,AST,ASTPG,STL,STLPG,BLK,BLKPG,TO,TOPG,PF,PTS,PTSPG,
Billy Harris,SDA,1974-1975, 6-2,SG,23,76,1221,16.0657894737,264,664,.398,16,73,.219,65,96,.677,58,0.763157894737,64,0.842105263158,122,1.60526315789,111,1.46052631579,55,0.723684210526,6,0.0789473684211,79,1.03947368421,166,609,8.01315789474,
