Player,Team,Season,Height,Position,Age,G,MIN,MINPG,FGM,FGA,FGP,TPM,TPA,TPP,FTM,FTA,FTP,ORB,ORBPG,DRB,DRBPG,TRB,TRBPG,AST,ASTPG,STL,STLPG,BLK,BLKPG,TO,TOPG,PF,PTS,PTSPG,
Billy Donovan,NYK,1987-1988, 5-11,PG,22,44,364,8.27272727273,44,109,.404,0,7,.000,17,21,.810,5,0.113636363636,20,0.454545454545,25,0.568181818182,87,1.97727272727,16,0.363636363636,1,0.0227272727273,42,0.954545454545,33,105,2.38636363636,
