Player,Team,Season,Height,Position,Age,G,MIN,MINPG,FGM,FGA,FGP,TPM,TPA,TPP,FTM,FTA,FTP,ORB,ORBPG,DRB,DRBPG,TRB,TRBPG,AST,ASTPG,STL,STLPG,BLK,BLKPG,TO,TOPG,PF,PTS,PTSPG,
Bill Garnett,DAL,1982-1983, 6-9,C,22,75,1411,18.8133333333,170,319,.533,0,3,.000,129,174,.741,141,1.88,265,3.53333333333,406,5.41333333333,103,1.37333333333,48,0.64,70,0.933333333333,81,1.08,245,469,6.25333333333,
Bill Garnett,DAL,1983-1984, 6-9,PF,23,80,1529,19.1125,141,299,.472,0,2,.000,129,176,.733,123,1.5375,208,2.6,331,4.1375,128,1.6,44,0.55,66,0.825,68,0.85,217,411,5.1375,
Bill Garnett,IND,1984-1985, 6-9,PF,24,65,1123,17.2769230769,149,310,.481,0,2,.000,120,174,.690,98,1.50769230769,188,2.89230769231,286,4.4,67,1.03076923077,28,0.430769230769,15,0.230769230769,92,1.41538461538,196,418,6.43076923077,
Bill Garnett,IND,1985-1986, 6-9,PF,25,80,1197,14.9625,112,239,.469,0,2,.000,116,162,.716,106,1.325,169,2.1125,275,3.4375,95,1.1875,39,0.4875,22,0.275,91,1.1375,174,340,4.25,
