Player,Team,Season,Height,Position,Age,G,MIN,MINPG,FGM,FGA,FGP,TPM,TPA,TPP,FTM,FTA,FTP,ORB,ORBPG,DRB,DRBPG,TRB,TRBPG,AST,ASTPG,STL,STLPG,BLK,BLKPG,TO,TOPG,PF,PTS,PTSPG,
Bill Jones,NJN,1988-1989, 6-7,PF,22,37,307,8.2972972973,50,102,.490,0,1,.000,29,43,.674,20,0.540540540541,27,0.72972972973,47,1.27027027027,20,0.540540540541,17,0.459459459459,6,0.162162162162,18,0.486486486486,38,129,3.48648648649,
