Player,Team,Season,Height,Position,Age,G,MIN,MINPG,FGM,FGA,FGP,TPM,TPA,TPP,FTM,FTA,FTP,ORB,ORBPG,DRB,DRBPG,TRB,TRBPG,AST,ASTPG,STL,STLPG,BLK,BLKPG,TO,TOPG,PF,PTS,PTSPG,
Bird Averitt,SAA,1973-1974, 6-1,SG,21,74,1639,22.1486486486,343,912,.376,9,50,.180,156,224,.696,44,0.594594594595,77,1.04054054054,121,1.63513513514,132,1.78378378378,63,0.851351351351,6,0.0810810810811,137,1.85135135135,166,851,11.5,
Bird Averitt,KEN,1974-1975, 6-1,SG,22,84,2031,24.1785714286,422,1014,.416,7,47,.149,249,320,.778,51,0.607142857143,134,1.59523809524,185,2.20238095238,319,3.79761904762,87,1.03571428571,13,0.154761904762,232,2.7619047619,212,1100,13.0952380952,
Bird Averitt,KEN,1975-1976, 6-1,SG,23,78,2272,29.1282051282,546,1274,.429,40,128,.313,266,346,.769,55,0.705128205128,158,2.02564102564,213,2.73076923077,297,3.80769230769,106,1.35897435897,22,0.282051282051,221,2.83333333333,208,1398,17.9230769231,
Bird Averitt,BUF,1976-1977, 6-1,SG,24,75,1136,15.1466666667,234,619,.378,.000,.000,.000,121,169,.716,20,0.266666666667,58,0.773333333333,78,1.04,134,1.78666666667,30,0.4,5,0.0666666666667,.000,0.0,127,589,7.85333333333,
Bird Averitt,TOT,1977-1978, 6-1,SG,25,55,1085,19.7272727273,198,484,.409,.000,.000,.000,100,141,.709,17,0.309090909091,66,1.2,83,1.50909090909,196,3.56363636364,39,0.709090909091,9,0.163636363636,143,2.6,123,496,9.01818181818,
Bird Averitt,NJN,1977-1978, 6-1,SG,25,21,409,19.4761904762,69,188,.367,.000,.000,.000,36,45,.800,7,0.333333333333,26,1.2380952381,33,1.57142857143,68,3.2380952381,17,0.809523809524,1,0.047619047619,55,2.61904761905,37,174,8.28571428571,
Bird Averitt,BUF,1977-1978, 6-1,SG,25,34,676,19.8823529412,129,296,.436,.000,.000,.000,64,96,.667,10,0.294117647059,40,1.17647058824,50,1.47058823529,128,3.76470588235,22,0.647058823529,8,0.235294117647,88,2.58823529412,86,322,9.47058823529,
