Player,Team,Season,Height,Position,Age,G,MIN,MINPG,FGM,FGA,FGP,TPM,TPA,TPP,FTM,FTA,FTP,ORB,ORBPG,DRB,DRBPG,TRB,TRBPG,AST,ASTPG,STL,STLPG,BLK,BLKPG,TO,TOPG,PF,PTS,PTSPG,
Bismack Biyombo,CHA,2011-2012, 6-9,C,19,63,1455,23.0952380952,129,278,.464,0,0,.000,69,143,.483,113,1.79365079365,255,4.04761904762,368,5.84126984127,27,0.428571428571,20,0.31746031746,115,1.8253968254,71,1.12698412698,145,327,5.19047619048,
Bismack Biyombo,CHA,2012-2013, 6-9,C,20,62,1587,25.5967741935,108,250,.432,0,0,.000,56,109,.514,148,2.38709677419,283,4.56451612903,431,6.95161290323,25,0.403225806452,20,0.322580645161,103,1.66129032258,62,1.0,150,272,4.38709677419,
