Player,Team,Season,Height,Position,Age,G,MIN,MINPG,FGM,FGA,FGP,TPM,TPA,TPP,FTM,FTA,FTP,ORB,ORBPG,DRB,DRBPG,TRB,TRBPG,AST,ASTPG,STL,STLPG,BLK,BLKPG,TO,TOPG,PF,PTS,PTSPG,
Blair Rasmussen,DEN,1985-1986, 7-0,C,23,48,330,6.875,61,150,.407,0,0,.000,31,39,.795,37,0.770833333333,60,1.25,97,2.02083333333,16,0.333333333333,3,0.0625,10,0.208333333333,40,0.833333333333,63,153,3.1875,
Blair Rasmussen,DEN,1986-1987, 7-0,C,24,74,1421,19.2027027027,268,570,.470,0,0,.000,169,231,.732,183,2.47297297297,282,3.81081081081,465,6.28378378378,60,0.810810810811,24,0.324324324324,58,0.783783783784,79,1.06756756757,224,705,9.52702702703,
Blair Rasmussen,DEN,1987-1988, 7-0,C,25,79,1779,22.5189873418,435,884,.492,0,0,.000,132,170,.776,130,1.64556962025,307,3.88607594937,437,5.53164556962,78,0.987341772152,22,0.278481012658,81,1.0253164557,73,0.924050632911,241,1002,12.6835443038,
Blair Rasmussen,DEN,1988-1989, 7-0,C,26,77,1308,16.987012987,257,577,.445,0,0,.000,69,81,.852,105,1.36363636364,182,2.36363636364,287,3.72727272727,49,0.636363636364,29,0.376623376623,41,0.532467532468,49,0.636363636364,194,583,7.57142857143,
Blair Rasmussen,DEN,1989-1990, 7-0,C,27,81,1995,24.6296296296,445,895,.497,0,1,.000,111,134,.828,174,2.14814814815,420,5.18518518519,594,7.33333333333,82,1.01234567901,40,0.493827160494,104,1.28395061728,75,0.925925925926,300,1001,12.3580246914,
Blair Rasmussen,DEN,1990-1991, 7-0,C,28,70,2325,33.2142857143,405,885,.458,2,5,.400,63,93,.677,170,2.42857142857,508,7.25714285714,678,9.68571428571,70,1.0,52,0.742857142857,132,1.88571428571,81,1.15714285714,307,875,12.5,
Blair Rasmussen,ATL,1991-1992, 7-0,C,29,81,1968,24.2962962963,347,726,.478,5,23,.217,30,40,.750,94,1.16049382716,299,3.69135802469,393,4.85185185185,107,1.32098765432,35,0.432098765432,48,0.592592592593,51,0.62962962963,233,729,9.0,
Blair Rasmussen,ATL,1992-1993, 7-0,C,30,22,283,12.8636363636,30,80,.375,2,6,.333,9,13,.692,20,0.909090909091,35,1.59090909091,55,2.5,5,0.227272727273,5,0.227272727273,10,0.454545454545,12,0.545454545455,61,71,3.22727272727,
