Player,Team,Season,Height,Position,Age,G,MIN,MINPG,FGM,FGA,FGP,TPM,TPA,TPP,FTM,FTA,FTP,ORB,ORBPG,DRB,DRBPG,TRB,TRBPG,AST,ASTPG,STL,STLPG,BLK,BLKPG,TO,TOPG,PF,PTS,PTSPG,
Blake Ahearn,MIA,2007-2008, 6-2,PG,23,12,177,14.75,15,57,.263,10,34,.294,30,31,.968,1,0.0833333333333,18,1.5,19,1.58333333333,19,1.58333333333,6,0.5,0,0.0,16,1.33333333333,20,70,5.83333333333,
Blake Ahearn,SAS,2008-2009, 6-2,PG,24,3,19,6.33333333333,2,6,.333,2,4,.500,2,2,1.000,0,0.0,1,0.333333333333,1,0.333333333333,2,0.666666666667,1,0.333333333333,0,0.0,1,0.333333333333,3,8,2.66666666667,
Blake Ahearn,UTA,2011-2012, 6-2,PG,27,4,30,7.5,4,14,.286,2,9,.222,0,0,.000,0,0.0,2,0.5,2,0.5,1,0.25,0,0.0,0,0.0,5,1.25,4,10,2.5,
