Player,Team,Season,Height,Position,Age,G,MIN,MINPG,FGM,FGA,FGP,TPM,TPA,TPP,FTM,FTA,FTP,ORB,ORBPG,DRB,DRBPG,TRB,TRBPG,AST,ASTPG,STL,STLPG,BLK,BLKPG,TO,TOPG,PF,PTS,PTSPG,
Bo Ellis,DEN,1977-1978, 6-9,PF,23,78,1213,15.5512820513,133,320,.416,.000,.000,.000,72,104,.692,114,1.46153846154,190,2.4358974359,304,3.89743589744,73,0.935897435897,49,0.628205128205,47,0.602564102564,99,1.26923076923,208,338,4.33333333333,
Bo Ellis,DEN,1978-1979, 6-9,PF,24,42,269,6.40476190476,42,92,.457,.000,.000,.000,29,36,.806,17,0.404761904762,45,1.07142857143,62,1.47619047619,10,0.238095238095,10,0.238095238095,13,0.309523809524,22,0.52380952381,45,113,2.69047619048,
Bo Ellis,DEN,1979-1980, 6-9,PF,25,48,502,10.4583333333,61,136,.449,0,3,.000,40,53,.755,51,1.0625,65,1.35416666667,116,2.41666666667,30,0.625,10,0.208333333333,24,0.5,24,0.5,67,162,3.375,
