Player,Team,Season,Height,Position,Age,G,MIN,MINPG,FGM,FGA,FGP,TPM,TPA,TPP,FTM,FTA,FTP,ORB,ORBPG,DRB,DRBPG,TRB,TRBPG,AST,ASTPG,STL,STLPG,BLK,BLKPG,TO,TOPG,PF,PTS,PTSPG,
Bo Lamar,SDA,1973-1974, 6-1,SG,22,84,2824,33.619047619,686,1726,.397,69,247,.279,272,350,.777,105,1.25,187,2.22619047619,292,3.47619047619,288,3.42857142857,129,1.53571428571,13,0.154761904762,183,2.17857142857,155,1713,20.3928571429,
Bo Lamar,SDA,1974-1975, 6-1,PG,23,77,2917,37.8831168831,667,1571,.425,25,109,.229,247,315,.784,88,1.14285714286,151,1.96103896104,239,3.1038961039,427,5.54545454545,129,1.67532467532,12,0.155844155844,238,3.09090909091,150,1606,20.8571428571,
Bo Lamar,TOT,1975-1976, 6-1,SG,24,41,1130,27.5609756098,277,668,.415,24,86,.279,79,106,.745,46,1.12195121951,70,1.70731707317,116,2.82926829268,171,4.17073170732,42,1.0243902439,2,0.0487804878049,95,2.31707317073,58,657,16.0243902439,
Bo Lamar,SDS,1975-1976, 6-1,PG,24,6,222,37.0,48,113,.425,3,8,.375,11,14,.786,9,1.5,9,1.5,18,3.0,36,6.0,6,1.0,1,0.166666666667,20,3.33333333333,12,110,18.3333333333,
Bo Lamar,INA,1975-1976, 6-1,SG,24,35,908,25.9428571429,229,555,.413,21,78,.269,68,92,.739,37,1.05714285714,61,1.74285714286,98,2.8,135,3.85714285714,36,1.02857142857,1,0.0285714285714,75,2.14285714286,46,547,15.6285714286,
Bo Lamar,LAL,1976-1977, 6-1,PG,25,71,1165,16.4084507042,228,561,.406,.000,.000,.000,46,68,.676,30,0.422535211268,62,0.87323943662,92,1.29577464789,177,2.49295774648,59,0.830985915493,3,0.0422535211268,.000,0.0,73,502,7.07042253521,
