Player,Team,Season,Height,Position,Age,G,MIN,MINPG,FGM,FGA,FGP,TPM,TPA,TPP,FTM,FTA,FTP,ORB,ORBPG,DRB,DRBPG,TRB,TRBPG,AST,ASTPG,STL,STLPG,BLK,BLKPG,TO,TOPG,PF,PTS,PTSPG,
Bob Davies,ROC,1948-1949, 6-1,PG,29,60,.000,0.0,317,871,.364,.000,.000,.000,270,348,.776,.000,0.0,.000,0.0,.000,0.0,321,5.35,.000,0.0,.000,0.0,.000,0.0,197,904,15.0666666667,
Bob Davies,ROC,1949-1950, 6-1,PG,30,64,.000,0.0,317,887,.357,.000,.000,.000,261,347,.752,.000,0.0,.000,0.0,.000,0.0,294,4.59375,.000,0.0,.000,0.0,.000,0.0,187,895,13.984375,
Bob Davies,ROC,1950-1951, 6-1,PG,31,63,.000,0.0,326,877,.372,.000,.000,.000,303,381,.795,.000,0.0,.000,0.0,197,3.12698412698,287,4.55555555556,.000,0.0,.000,0.0,.000,0.0,208,955,15.1587301587,
Bob Davies,ROC,1951-1952, 6-1,PG,32,65,2394,36.8307692308,379,990,.383,.000,.000,.000,294,379,.776,.000,0.0,.000,0.0,189,2.90769230769,390,6.0,.000,0.0,.000,0.0,.000,0.0,269,1052,16.1846153846,
Bob Davies,ROC,1952-1953, 6-1,PG,33,66,2216,33.5757575758,339,880,.385,.000,.000,.000,351,466,.753,.000,0.0,.000,0.0,195,2.95454545455,280,4.24242424242,.000,0.0,.000,0.0,.000,0.0,261,1029,15.5909090909,
Bob Davies,ROC,1953-1954, 6-1,PG,34,72,2137,29.6805555556,288,777,.371,.000,.000,.000,311,433,.718,.000,0.0,.000,0.0,194,2.69444444444,323,4.48611111111,.000,0.0,.000,0.0,.000,0.0,224,887,12.3194444444,
Bob Davies,ROC,1954-1955, 6-1,PG,35,72,1870,25.9722222222,326,785,.415,.000,.000,.000,220,293,.751,.000,0.0,.000,0.0,205,2.84722222222,355,4.93055555556,.000,0.0,.000,0.0,.000,0.0,220,872,12.1111111111,
