Player,Team,Season,Height,Position,Age,G,MIN,MINPG,FGM,FGA,FGP,TPM,TPA,TPP,FTM,FTA,FTP,ORB,ORBPG,DRB,DRBPG,TRB,TRBPG,AST,ASTPG,STL,STLPG,BLK,BLKPG,TO,TOPG,PF,PTS,PTSPG,
Bob Bigelow,KCK,1975-1976, 6-7,SF,22,31,163,5.25806451613,16,47,.340,.000,.000,.000,24,33,.727,9,0.290322580645,20,0.645161290323,29,0.935483870968,9,0.290322580645,4,0.129032258065,1,0.0322580645161,.000,0.0,18,56,1.8064516129,
Bob Bigelow,KCK,1976-1977, 6-7,SF,23,29,162,5.58620689655,35,70,.500,.000,.000,.000,15,17,.882,8,0.275862068966,19,0.655172413793,27,0.931034482759,8,0.275862068966,3,0.103448275862,1,0.0344827586207,.000,0.0,17,85,2.93103448276,
Bob Bigelow,TOT,1977-1978, 6-7,SF,24,5,24,4.8,4,13,.308,.000,.000,.000,0,0,.000,3,0.6,6,1.2,9,1.8,0,0.0,0,0.0,0,0.0,0,0.0,3,8,1.6,
Bob Bigelow,KCK,1977-1978, 6-7,SF,24,1,7,7.0,1,1,1.000,.000,.000,.000,0,0,.000,2,2.0,3,3.0,5,5.0,0,0.0,0,0.0,0,0.0,0,0.0,2,2,2.0,
Bob Bigelow,BOS,1977-1978, 6-7,SF,24,4,17,4.25,3,12,.250,.000,.000,.000,0,0,.000,1,0.25,3,0.75,4,1.0,0,0.0,0,0.0,0,0.0,0,0.0,1,6,1.5,
Bob Bigelow,SDC,1978-1979, 6-7,SF,25,29,413,14.2413793103,36,90,.400,.000,.000,.000,13,21,.619,15,0.51724137931,31,1.06896551724,46,1.58620689655,25,0.862068965517,12,0.413793103448,2,0.0689655172414,18,0.620689655172,37,85,2.93103448276,
