Player,Team,Season,Height,Position,Age,G,MIN,MINPG,FGM,FGA,FGP,TPM,TPA,TPP,FTM,FTA,FTP,ORB,ORBPG,DRB,DRBPG,TRB,TRBPG,AST,ASTPG,STL,STLPG,BLK,BLKPG,TO,TOPG,PF,PTS,PTSPG,
Bob Feerick,WSC,1946-1947, 6-3,,27,55,.000,0.0,364,908,.401,.000,.000,.000,198,260,.762,.000,0.0,.000,0.0,.000,0.0,69,1.25454545455,.000,0.0,.000,0.0,.000,0.0,142,926,16.8363636364,
Bob Feerick,WSC,1947-1948, 6-3,,28,48,.000,0.0,293,861,.340,.000,.000,.000,189,240,.788,.000,0.0,.000,0.0,.000,0.0,56,1.16666666667,.000,0.0,.000,0.0,.000,0.0,139,775,16.1458333333,
Bob Feerick,WSC,1948-1949, 6-3,,29,58,.000,0.0,248,708,.350,.000,.000,.000,256,298,.859,.000,0.0,.000,0.0,.000,0.0,188,3.24137931034,.000,0.0,.000,0.0,.000,0.0,171,752,12.9655172414,
Bob Feerick,WSC,1949-1950, 6-3,,30,60,.000,0.0,172,500,.344,.000,.000,.000,139,174,.799,.000,0.0,.000,0.0,.000,0.0,127,2.11666666667,.000,0.0,.000,0.0,.000,0.0,140,483,8.05,
