Player,Team,Season,Height,Position,Age,G,MIN,MINPG,FGM,FGA,FGP,TPM,TPA,TPP,FTM,FTA,FTP,ORB,ORBPG,DRB,DRBPG,TRB,TRBPG,AST,ASTPG,STL,STLPG,BLK,BLKPG,TO,TOPG,PF,PTS,PTSPG,
Bob McIntyre,NJA,1967-1968, 6-6,SF,24,21,451,21.4761904762,70,187,.374,0,1,.000,34,58,.586,.000,0.0,.000,0.0,101,4.80952380952,11,0.52380952381,.000,0.0,.000,0.0,27,1.28571428571,27,174,8.28571428571,
Bob McIntyre,NYA,1969-1970, 6-6,SF,26,7,94,13.4285714286,12,32,.375,1,3,.333,0,1,.000,9,1.28571428571,11,1.57142857143,20,2.85714285714,5,0.714285714286,.000,0.0,.000,0.0,6,0.857142857143,8,25,3.57142857143,
