Player,Team,Season,Height,Position,Age,G,MIN,MINPG,FGM,FGA,FGP,TPM,TPA,TPP,FTM,FTA,FTP,ORB,ORBPG,DRB,DRBPG,TRB,TRBPG,AST,ASTPG,STL,STLPG,BLK,BLKPG,TO,TOPG,PF,PTS,PTSPG,
Bob Hogsett,DET,1966-1967, 6-7,PF,26,7,22,3.14285714286,5,16,.313,.000,.000,.000,6,6,1.000,.000,0.0,.000,0.0,3,0.428571428571,1,0.142857142857,.000,0.0,.000,0.0,.000,0.0,5,16,2.28571428571,
Bob Hogsett,PTP,1967-1968, 6-7,,27,13,119,9.15384615385,7,20,.350,0,0,.000,7,17,.412,.000,0.0,.000,0.0,23,1.76923076923,1,0.0769230769231,.000,0.0,.000,0.0,4,0.307692307692,11,21,1.61538461538,
