Player,Team,Season,Height,Position,Age,G,MIN,MINPG,FGM,FGA,FGP,TPM,TPA,TPP,FTM,FTA,FTP,ORB,ORBPG,DRB,DRBPG,TRB,TRBPG,AST,ASTPG,STL,STLPG,BLK,BLKPG,TO,TOPG,PF,PTS,PTSPG,
Bob Carpenter,FTW,1949-1950, 6-5,,32,66,.000,0.0,212,617,.344,.000,.000,.000,190,256,.742,.000,0.0,.000,0.0,.000,0.0,92,1.39393939394,.000,0.0,.000,0.0,.000,0.0,168,614,9.30303030303,
Bob Carpenter,TOT,1950-1951, 6-5,,33,56,.000,0.0,109,335,.325,.000,.000,.000,105,128,.820,.000,0.0,.000,0.0,229,4.08928571429,79,1.41071428571,.000,0.0,.000,0.0,.000,0.0,115,323,5.76785714286,
Bob Carpenter,FTW,1950-1951, 6-5,,33,21,.000,0.0,27,124,.218,.000,.000,.000,47,58,.810,.000,0.0,.000,0.0,62,2.95238095238,16,0.761904761905,.000,0.0,.000,0.0,.000,0.0,36,101,4.80952380952,
Bob Carpenter,TRI,1950-1951, 6-5,,33,35,.000,0.0,82,211,.389,.000,.000,.000,58,70,.829,.000,0.0,.000,0.0,167,4.77142857143,63,1.8,.000,0.0,.000,0.0,.000,0.0,79,222,6.34285714286,
