Player,Team,Season,Height,Position,Age,G,MIN,MINPG,FGM,FGA,FGP,TPM,TPA,TPP,FTM,FTA,FTP,ORB,ORBPG,DRB,DRBPG,TRB,TRBPG,AST,ASTPG,STL,STLPG,BLK,BLKPG,TO,TOPG,PF,PTS,PTSPG,
Bob Mullens,TOT,1946-1947, 6-1,,24,54,.000,0.0,125,445,.281,.000,.000,.000,64,102,.627,.000,0.0,.000,0.0,.000,0.0,54,1.0,.000,0.0,.000,0.0,.000,0.0,94,314,5.81481481481,
Bob Mullens,NYK,1946-1947, 6-1,,24,26,.000,0.0,27,104,.260,.000,.000,.000,22,34,.647,.000,0.0,.000,0.0,.000,0.0,18,0.692307692308,.000,0.0,.000,0.0,.000,0.0,32,76,2.92307692308,
Bob Mullens,TRH,1946-1947, 6-1,,24,28,.000,0.0,98,341,.287,.000,.000,.000,42,68,.618,.000,0.0,.000,0.0,.000,0.0,36,1.28571428571,.000,0.0,.000,0.0,.000,0.0,62,238,8.5,
