Player,Team,Season,Height,Position,Age,G,MIN,MINPG,FGM,FGA,FGP,TPM,TPA,TPP,FTM,FTA,FTP,ORB,ORBPG,DRB,DRBPG,TRB,TRBPG,AST,ASTPG,STL,STLPG,BLK,BLKPG,TO,TOPG,PF,PTS,PTSPG,
Bob Kinney,TOT,1948-1949, 6-6,,28,58,.000,0.0,161,495,.325,.000,.000,.000,136,234,.581,.000,0.0,.000,0.0,.000,0.0,77,1.3275862069,.000,0.0,.000,0.0,.000,0.0,224,458,7.89655172414,
Bob Kinney,FTW,1948-1949, 6-6,,28,37,.000,0.0,86,271,.317,.000,.000,.000,82,143,.573,.000,0.0,.000,0.0,.000,0.0,51,1.37837837838,.000,0.0,.000,0.0,.000,0.0,135,254,6.86486486486,
Bob Kinney,BOS,1948-1949, 6-6,,28,21,.000,0.0,75,224,.335,.000,.000,.000,54,91,.593,.000,0.0,.000,0.0,.000,0.0,26,1.2380952381,.000,0.0,.000,0.0,.000,0.0,89,204,9.71428571429,
Bob Kinney,BOS,1949-1950, 6-6,,29,60,.000,0.0,233,621,.375,.000,.000,.000,201,320,.628,.000,0.0,.000,0.0,.000,0.0,100,1.66666666667,.000,0.0,.000,0.0,.000,0.0,251,667,11.1166666667,
