Player,Team,Season,Height,Position,Age,G,MIN,MINPG,FGM,FGA,FGP,TPM,TPA,TPP,FTM,FTA,FTP,ORB,ORBPG,DRB,DRBPG,TRB,TRBPG,AST,ASTPG,STL,STLPG,BLK,BLKPG,TO,TOPG,PF,PTS,PTSPG,
Bob Warlick,DET,1965-1966, 6-5,SG,24,10,78,7.8,11,38,.289,.000,.000,.000,2,6,.333,.000,0.0,.000,0.0,16,1.6,10,1.0,.000,0.0,.000,0.0,.000,0.0,8,24,2.4,
Bob Warlick,SFW,1966-1967, 6-5,SG,25,12,65,5.41666666667,15,52,.288,.000,.000,.000,6,11,.545,.000,0.0,.000,0.0,20,1.66666666667,10,0.833333333333,.000,0.0,.000,0.0,.000,0.0,4,36,3.0,
Bob Warlick,SFW,1967-1968, 6-5,SG,26,69,1320,19.1304347826,257,610,.421,.000,.000,.000,97,171,.567,.000,0.0,.000,0.0,264,3.82608695652,159,2.30434782609,.000,0.0,.000,0.0,.000,0.0,164,611,8.85507246377,
Bob Warlick,TOT,1968-1969, 6-5,SG,27,66,997,15.1060606061,213,509,.418,.000,.000,.000,87,142,.613,.000,0.0,.000,0.0,152,2.30303030303,132,2.0,.000,0.0,.000,0.0,.000,0.0,122,513,7.77272727273,
Bob Warlick,MIL,1968-1969, 6-5,SG,27,3,22,7.33333333333,1,8,.125,.000,.000,.000,4,5,.800,.000,0.0,.000,0.0,1,0.333333333333,1,0.333333333333,.000,0.0,.000,0.0,.000,0.0,3,6,2.0,
Bob Warlick,PHO,1968-1969, 6-5,SG,27,63,975,15.4761904762,212,501,.423,.000,.000,.000,83,137,.606,.000,0.0,.000,0.0,151,2.39682539683,131,2.07936507937,.000,0.0,.000,0.0,.000,0.0,119,507,8.04761904762,
Bob Warlick,LAS,1969-1970, 6-5,SG,28,29,711,24.5172413793,112,309,.362,0,1,.000,65,96,.677,51,1.75862068966,63,2.1724137931,114,3.93103448276,76,2.62068965517,.000,0.0,.000,0.0,57,1.96551724138,70,289,9.96551724138,
