Player,Team,Season,Height,Position,Age,G,MIN,MINPG,FGM,FGA,FGP,TPM,TPA,TPP,FTM,FTA,FTP,ORB,ORBPG,DRB,DRBPG,TRB,TRBPG,AST,ASTPG,STL,STLPG,BLK,BLKPG,TO,TOPG,PF,PTS,PTSPG,
Bob Lavoy,INO,1950-1951, 6-7,PF,24,63,.000,0.0,221,619,.357,.000,.000,.000,84,133,.632,.000,0.0,.000,0.0,310,4.92063492063,76,1.20634920635,.000,0.0,.000,0.0,.000,0.0,190,526,8.34920634921,
Bob Lavoy,INO,1951-1952, 6-7,PF,25,63,1829,29.0317460317,240,604,.397,.000,.000,.000,168,223,.753,.000,0.0,.000,0.0,479,7.60317460317,107,1.69841269841,.000,0.0,.000,0.0,.000,0.0,210,648,10.2857142857,
Bob Lavoy,INO,1952-1953, 6-7,PF,26,70,2327,33.2428571429,225,560,.402,.000,.000,.000,168,242,.694,.000,0.0,.000,0.0,528,7.54285714286,130,1.85714285714,.000,0.0,.000,0.0,.000,0.0,274,618,8.82857142857,
Bob Lavoy,TOT,1953-1954, 6-7,PF,27,68,1277,18.7794117647,135,356,.379,.000,.000,.000,94,129,.729,.000,0.0,.000,0.0,317,4.66176470588,78,1.14705882353,.000,0.0,.000,0.0,.000,0.0,215,364,5.35294117647,
Bob Lavoy,MLH,1953-1954, 6-7,PF,27,8,125,15.625,16,36,.444,.000,.000,.000,9,16,.563,.000,0.0,.000,0.0,30,3.75,10,1.25,.000,0.0,.000,0.0,.000,0.0,19,41,5.125,
Bob Lavoy,SYR,1953-1954, 6-7,PF,27,60,1152,19.2,119,320,.372,.000,.000,.000,85,113,.752,.000,0.0,.000,0.0,287,4.78333333333,68,1.13333333333,.000,0.0,.000,0.0,.000,0.0,196,323,5.38333333333,
