Player,Team,Season,Height,Position,Age,G,MIN,MINPG,FGM,FGA,FGP,TPM,TPA,TPP,FTM,FTA,FTP,ORB,ORBPG,DRB,DRBPG,TRB,TRBPG,AST,ASTPG,STL,STLPG,BLK,BLKPG,TO,TOPG,PF,PTS,PTSPG,
Bob Nash,DET,1972-1973, 6-8,SF,22,36,169,4.69444444444,16,72,.222,.000,.000,.000,11,17,.647,.000,0.0,.000,0.0,34,0.944444444444,16,0.444444444444,.000,0.0,.000,0.0,.000,0.0,30,43,1.19444444444,
Bob Nash,DET,1973-1974, 6-8,SF,23,35,281,8.02857142857,41,115,.357,.000,.000,.000,24,39,.615,31,0.885714285714,43,1.22857142857,74,2.11428571429,14,0.4,3,0.0857142857143,10,0.285714285714,.000,0.0,35,106,3.02857142857,
Bob Nash,SDA,1974-1975, 6-8,SF,24,17,175,10.2941176471,27,78,.346,0,2,.000,13,18,.722,20,1.17647058824,35,2.05882352941,55,3.23529411765,12,0.705882352941,4,0.235294117647,2,0.117647058824,16,0.941176470588,30,67,3.94117647059,
Bob Nash,KCK,1977-1978, 6-8,SF,27,66,800,12.1212121212,157,304,.516,.000,.000,.000,50,69,.725,75,1.13636363636,94,1.42424242424,169,2.56060606061,46,0.69696969697,27,0.409090909091,18,0.272727272727,47,0.712121212121,75,364,5.51515151515,
Bob Nash,KCK,1978-1979, 6-8,SF,28,82,1307,15.9390243902,227,522,.435,.000,.000,.000,69,86,.802,76,0.926829268293,130,1.58536585366,206,2.51219512195,71,0.865853658537,29,0.353658536585,15,0.182926829268,82,1.0,135,523,6.37804878049,
