Player,Team,Season,Height,Position,Age,G,MIN,MINPG,FGM,FGA,FGP,TPM,TPA,TPP,FTM,FTA,FTP,ORB,ORBPG,DRB,DRBPG,TRB,TRBPG,AST,ASTPG,STL,STLPG,BLK,BLKPG,TO,TOPG,PF,PTS,PTSPG,
Bob Greacen,MIL,1969-1970, 6-7,SF,22,41,292,7.12195121951,44,109,.404,.000,.000,.000,18,28,.643,.000,0.0,.000,0.0,59,1.43902439024,27,0.658536585366,.000,0.0,.000,0.0,.000,0.0,49,106,2.58536585366,
Bob Greacen,MIL,1970-1971, 6-7,SF,23,2,43,21.5,1,12,.083,.000,.000,.000,3,7,.429,.000,0.0,.000,0.0,6,3.0,13,6.5,.000,0.0,.000,0.0,.000,0.0,7,5,2.5,
Bob Greacen,NYA,1971-1972, 6-7,SF,24,4,20,5.0,1,2,.500,0,0,.000,0,0,.000,1,0.25,1,0.25,2,0.5,1,0.25,.000,0.0,.000,0.0,2,0.5,1,2,0.5,
