Player,Team,Season,Height,Position,Age,G,MIN,MINPG,FGM,FGA,FGP,TPM,TPA,TPP,FTM,FTA,FTP,ORB,ORBPG,DRB,DRBPG,TRB,TRBPG,AST,ASTPG,STL,STLPG,BLK,BLKPG,TO,TOPG,PF,PTS,PTSPG,
Bob Doll,STB,1946-1947, 6-5,,27,60,.000,0.0,194,768,.253,.000,.000,.000,134,206,.650,.000,0.0,.000,0.0,.000,0.0,22,0.366666666667,.000,0.0,.000,0.0,.000,0.0,167,522,8.7,
Bob Doll,STB,1947-1948, 6-5,,28,42,.000,0.0,174,658,.264,.000,.000,.000,98,148,.662,.000,0.0,.000,0.0,.000,0.0,26,0.619047619048,.000,0.0,.000,0.0,.000,0.0,107,446,10.619047619,
Bob Doll,BOS,1948-1949, 6-5,,29,47,.000,0.0,145,438,.331,.000,.000,.000,80,117,.684,.000,0.0,.000,0.0,.000,0.0,117,2.48936170213,.000,0.0,.000,0.0,.000,0.0,118,370,7.87234042553,
Bob Doll,BOS,1949-1950, 6-5,,30,47,.000,0.0,120,347,.346,.000,.000,.000,75,114,.658,.000,0.0,.000,0.0,.000,0.0,108,2.29787234043,.000,0.0,.000,0.0,.000,0.0,117,315,6.70212765957,
