Player,Team,Season,Height,Position,Age,G,MIN,MINPG,FGM,FGA,FGP,TPM,TPA,TPP,FTM,FTA,FTP,ORB,ORBPG,DRB,DRBPG,TRB,TRBPG,AST,ASTPG,STL,STLPG,BLK,BLKPG,TO,TOPG,PF,PTS,PTSPG,
Bob Peterson,TOT,1953-1954, 6-5,,22,8,60,7.5,3,10,.300,.000,.000,.000,9,11,.818,.000,0.0,.000,0.0,12,1.5,3,0.375,.000,0.0,.000,0.0,.000,0.0,15,15,1.875,
Bob Peterson,BLB,1953-1954, 6-5,,22,4,36,9.0,1,5,.200,.000,.000,.000,5,6,.833,.000,0.0,.000,0.0,2,0.5,0,0.0,.000,0.0,.000,0.0,.000,0.0,9,7,1.75,
Bob Peterson,MLH,1953-1954, 6-5,,22,4,24,6.0,2,5,.400,.000,.000,.000,4,5,.800,.000,0.0,.000,0.0,10,2.5,3,0.75,.000,0.0,.000,0.0,.000,0.0,6,8,2.0,
Bob Peterson,NYK,1954-1955, 6-5,PF,23,37,503,13.5945945946,62,169,.367,.000,.000,.000,30,45,.667,.000,0.0,.000,0.0,154,4.16216216216,31,0.837837837838,.000,0.0,.000,0.0,.000,0.0,80,154,4.16216216216,
Bob Peterson,NYK,1955-1956, 6-5,SF,24,58,779,13.4310344828,121,303,.399,.000,.000,.000,68,104,.654,.000,0.0,.000,0.0,223,3.84482758621,44,0.758620689655,.000,0.0,.000,0.0,.000,0.0,123,310,5.34482758621,
