Player,Team,Season,Height,Position,Age,G,MIN,MINPG,FGM,FGA,FGP,TPM,TPA,TPP,FTM,FTA,FTP,ORB,ORBPG,DRB,DRBPG,TRB,TRBPG,AST,ASTPG,STL,STLPG,BLK,BLKPG,TO,TOPG,PF,PTS,PTSPG,
Bob Schafer,TOT,1955-1956, 6-3,SG,,54,578,10.7037037037,81,270,.300,.000,.000,.000,62,81,.765,.000,0.0,.000,0.0,71,1.31481481481,53,0.981481481481,.000,0.0,.000,0.0,.000,0.0,75,224,4.14814814815,
Bob Schafer,PHW,1955-1956, 6-3,SG,,12,82,6.83333333333,12,35,.343,.000,.000,.000,7,12,.583,.000,0.0,.000,0.0,13,1.08333333333,9,0.75,.000,0.0,.000,0.0,.000,0.0,14,31,2.58333333333,
Bob Schafer,STL,1955-1956, 6-3,SG,,42,496,11.8095238095,69,235,.294,.000,.000,.000,55,69,.797,.000,0.0,.000,0.0,58,1.38095238095,44,1.04761904762,.000,0.0,.000,0.0,.000,0.0,61,193,4.59523809524,
Bob Schafer,SYR,1956-1957, 6-3,SG,,11,167,15.1818181818,19,66,.288,.000,.000,.000,11,13,.846,.000,0.0,.000,0.0,11,1.0,15,1.36363636364,.000,0.0,.000,0.0,.000,0.0,16,49,4.45454545455,
