Player,Team,Season,Height,Position,Age,G,MIN,MINPG,FGM,FGA,FGP,TPM,TPA,TPP,FTM,FTA,FTP,ORB,ORBPG,DRB,DRBPG,TRB,TRBPG,AST,ASTPG,STL,STLPG,BLK,BLKPG,TO,TOPG,PF,PTS,PTSPG,
Bob Hubbard,PRO,1947-1948, 6-6,,25,28,.000,0.0,58,199,.291,.000,.000,.000,36,52,.692,.000,0.0,.000,0.0,.000,0.0,11,0.392857142857,.000,0.0,.000,0.0,.000,0.0,34,152,5.42857142857,
Bob Hubbard,PRO,1948-1949, 6-6,,26,34,.000,0.0,25,135,.185,.000,.000,.000,22,34,.647,.000,0.0,.000,0.0,.000,0.0,18,0.529411764706,.000,0.0,.000,0.0,.000,0.0,39,72,2.11764705882,
