Player,Team,Season,Height,Position,Age,G,MIN,MINPG,FGM,FGA,FGP,TPM,TPA,TPP,FTM,FTA,FTP,ORB,ORBPG,DRB,DRBPG,TRB,TRBPG,AST,ASTPG,STL,STLPG,BLK,BLKPG,TO,TOPG,PF,PTS,PTSPG,
Bob Tough,FTW,1948-1949, 6-0,,28,53,.000,0.0,183,661,.277,.000,.000,.000,100,138,.725,.000,0.0,.000,0.0,.000,0.0,99,1.8679245283,.000,0.0,.000,0.0,.000,0.0,101,466,8.79245283019,
Bob Tough,TOT,1949-1950, 6-0,,29,29,.000,0.0,43,153,.281,.000,.000,.000,37,40,.925,.000,0.0,.000,0.0,.000,0.0,38,1.31034482759,.000,0.0,.000,0.0,.000,0.0,40,123,4.24137931034,
Bob Tough,BLB,1949-1950, 6-0,,29,8,.000,0.0,11,39,.282,.000,.000,.000,5,6,.833,.000,0.0,.000,0.0,.000,0.0,2,0.25,.000,0.0,.000,0.0,.000,0.0,15,27,3.375,
Bob Tough,WAT,1949-1950, 6-0,,29,21,.000,0.0,32,114,.281,.000,.000,.000,32,34,.941,.000,0.0,.000,0.0,.000,0.0,36,1.71428571429,.000,0.0,.000,0.0,.000,0.0,25,96,4.57142857143,
