Player,Team,Season,Height,Position,Age,G,MIN,MINPG,FGM,FGA,FGP,TPM,TPA,TPP,FTM,FTA,FTP,ORB,ORBPG,DRB,DRBPG,TRB,TRBPG,AST,ASTPG,STL,STLPG,BLK,BLKPG,TO,TOPG,PF,PTS,PTSPG,
Bob O'Brien,PHW,1947-1948, 6-4,,21,22,.000,0.0,17,81,.210,.000,.000,.000,15,26,.577,.000,0.0,.000,0.0,.000,0.0,1,0.0454545454545,.000,0.0,.000,0.0,.000,0.0,40,49,2.22727272727,
Bob O'Brien,TOT,1948-1949, 6-4,,22,24,.000,0.0,10,50,.200,.000,.000,.000,12,32,.375,.000,0.0,.000,0.0,.000,0.0,9,0.375,.000,0.0,.000,0.0,.000,0.0,32,32,1.33333333333,
Bob O'Brien,PHW,1948-1949, 6-4,,22,16,.000,0.0,5,32,.156,.000,.000,.000,5,14,.357,.000,0.0,.000,0.0,.000,0.0,8,0.5,.000,0.0,.000,0.0,.000,0.0,21,15,0.9375,
Bob O'Brien,STB,1948-1949, 6-4,,22,8,.000,0.0,5,18,.278,.000,.000,.000,7,18,.389,.000,0.0,.000,0.0,.000,0.0,1,0.125,.000,0.0,.000,0.0,.000,0.0,11,17,2.125,
