Player,Team,Season,Height,Position,Age,G,MIN,MINPG,FGM,FGA,FGP,TPM,TPA,TPP,FTM,FTA,FTP,ORB,ORBPG,DRB,DRBPG,TRB,TRBPG,AST,ASTPG,STL,STLPG,BLK,BLKPG,TO,TOPG,PF,PTS,PTSPG,
Bob Kauffman,SEA,1968-1969, 6-8,C,22,82,1660,20.243902439,219,496,.442,.000,.000,.000,203,289,.702,.000,0.0,.000,0.0,484,5.90243902439,83,1.01219512195,.000,0.0,.000,0.0,.000,0.0,252,641,7.81707317073,
Bob Kauffman,CHI,1969-1970, 6-8,PF,23,64,775,12.109375,94,221,.425,.000,.000,.000,88,123,.715,.000,0.0,.000,0.0,211,3.296875,76,1.1875,.000,0.0,.000,0.0,.000,0.0,117,276,4.3125,
Bob Kauffman,BUF,1970-1971, 6-8,PF,24,78,2778,35.6153846154,616,1309,.471,.000,.000,.000,359,485,.740,.000,0.0,.000,0.0,837,10.7307692308,354,4.53846153846,.000,0.0,.000,0.0,.000,0.0,263,1591,20.3974358974,
Bob Kauffman,BUF,1971-1972, 6-8,PF,25,77,3205,41.6233766234,558,1123,.497,.000,.000,.000,341,429,.795,.000,0.0,.000,0.0,787,10.2207792208,297,3.85714285714,.000,0.0,.000,0.0,.000,0.0,273,1457,18.9220779221,
Bob Kauffman,BUF,1972-1973, 6-8,SF,26,77,3049,39.5974025974,535,1059,.505,.000,.000,.000,280,359,.780,.000,0.0,.000,0.0,855,11.1038961039,396,5.14285714286,.000,0.0,.000,0.0,.000,0.0,211,1350,17.5324675325,
Bob Kauffman,BUF,1973-1974, 6-8,PF,27,74,1304,17.6216216216,171,366,.467,.000,.000,.000,107,150,.713,97,1.31081081081,229,3.09459459459,326,4.40540540541,142,1.91891891892,37,0.5,18,0.243243243243,.000,0.0,155,449,6.06756756757,
Bob Kauffman,ATL,1974-1975, 6-8,PF,28,73,797,10.9178082192,113,261,.433,.000,.000,.000,59,84,.702,67,0.917808219178,115,1.57534246575,182,2.49315068493,81,1.1095890411,19,0.260273972603,4,0.0547945205479,.000,0.0,103,285,3.90410958904,
