Player,Team,Season,Height,Position,Age,G,MIN,MINPG,FGM,FGA,FGP,TPM,TPA,TPP,FTM,FTA,FTP,ORB,ORBPG,DRB,DRBPG,TRB,TRBPG,AST,ASTPG,STL,STLPG,BLK,BLKPG,TO,TOPG,PF,PTS,PTSPG,
Bob Donham,BOS,1950-1951, 6-2,SG,24,68,.000,0.0,151,298,.507,.000,.000,.000,114,229,.498,.000,0.0,.000,0.0,235,3.45588235294,139,2.04411764706,.000,0.0,.000,0.0,.000,0.0,179,416,6.11764705882,
Bob Donham,BOS,1951-1952, 6-2,SG,25,66,1980,30.0,201,413,.487,.000,.000,.000,149,293,.509,.000,0.0,.000,0.0,330,5.0,228,3.45454545455,.000,0.0,.000,0.0,.000,0.0,223,551,8.34848484848,
Bob Donham,BOS,1952-1953, 6-2,SG,26,71,1435,20.2112676056,169,353,.479,.000,.000,.000,113,240,.471,.000,0.0,.000,0.0,239,3.3661971831,153,2.15492957746,.000,0.0,.000,0.0,.000,0.0,213,451,6.35211267606,
Bob Donham,BOS,1953-1954, 6-2,SG,27,68,1451,21.3382352941,141,315,.448,.000,.000,.000,118,213,.554,.000,0.0,.000,0.0,267,3.92647058824,186,2.73529411765,.000,0.0,.000,0.0,.000,0.0,235,400,5.88235294118,
