Player,Team,Season,Height,Position,Age,G,MIN,MINPG,FGM,FGA,FGP,TPM,TPA,TPP,FTM,FTA,FTP,ORB,ORBPG,DRB,DRBPG,TRB,TRBPG,AST,ASTPG,STL,STLPG,BLK,BLKPG,TO,TOPG,PF,PTS,PTSPG,
Bob Carrington,TOT,1977-1978, 6-6,SG,24,72,1653,22.9583333333,253,589,.430,.000,.000,.000,130,171,.760,70,0.972222222222,104,1.44444444444,174,2.41666666667,117,1.625,65,0.902777777778,23,0.319444444444,118,1.63888888889,205,636,8.83333333333,
Bob Carrington,NJN,1977-1978, 6-6,SG,24,37,1032,27.8918918919,157,392,.401,.000,.000,.000,72,97,.742,42,1.13513513514,70,1.89189189189,112,3.02702702703,55,1.48648648649,43,1.16216216216,12,0.324324324324,66,1.78378378378,132,386,10.4324324324,
Bob Carrington,IND,1977-1978, 6-6,SG,24,35,621,17.7428571429,96,197,.487,.000,.000,.000,58,74,.784,28,0.8,34,0.971428571429,62,1.77142857143,62,1.77142857143,22,0.628571428571,11,0.314285714286,52,1.48571428571,73,250,7.14285714286,
Bob Carrington,SDC,1979-1980, 6-6,SG,26,10,134,13.4,15,37,.405,0,2,.000,6,8,.750,6,0.6,7,0.7,13,1.3,3,0.3,4,0.4,1,0.1,5,0.5,18,36,3.6,
