Player,Team,Season,Height,Position,Age,G,MIN,MINPG,FGM,FGA,FGP,TPM,TPA,TPP,FTM,FTA,FTP,ORB,ORBPG,DRB,DRBPG,TRB,TRBPG,AST,ASTPG,STL,STLPG,BLK,BLKPG,TO,TOPG,PF,PTS,PTSPG,
Bob Brannum,SHE,1949-1950, 6-5,PF,24,59,.000,0.0,234,718,.326,.000,.000,.000,245,355,.690,.000,0.0,.000,0.0,.000,0.0,205,3.47457627119,.000,0.0,.000,0.0,.000,0.0,279,713,12.0847457627,
Bob Brannum,BOS,1951-1952, 6-5,PF,26,66,1324,20.0606060606,149,404,.369,.000,.000,.000,107,171,.626,.000,0.0,.000,0.0,406,6.15151515152,76,1.15151515152,.000,0.0,.000,0.0,.000,0.0,235,405,6.13636363636,
Bob Brannum,BOS,1952-1953, 6-5,PF,27,71,1900,26.7605633803,188,541,.348,.000,.000,.000,110,185,.595,.000,0.0,.000,0.0,537,7.56338028169,147,2.07042253521,.000,0.0,.000,0.0,.000,0.0,287,486,6.84507042254,
Bob Brannum,BOS,1953-1954, 6-5,PF,28,71,1729,24.3521126761,140,453,.309,.000,.000,.000,129,206,.626,.000,0.0,.000,0.0,509,7.16901408451,144,2.02816901408,.000,0.0,.000,0.0,.000,0.0,280,409,5.76056338028,
Bob Brannum,BOS,1954-1955, 6-5,PF,29,71,1623,22.8591549296,176,465,.378,.000,.000,.000,90,127,.709,.000,0.0,.000,0.0,492,6.92957746479,127,1.78873239437,.000,0.0,.000,0.0,.000,0.0,232,442,6.22535211268,
