Player,Team,Season,Height,Position,Age,G,MIN,MINPG,FGM,FGA,FGP,TPM,TPA,TPP,FTM,FTA,FTP,ORB,ORBPG,DRB,DRBPG,TRB,TRBPG,AST,ASTPG,STL,STLPG,BLK,BLKPG,TO,TOPG,PF,PTS,PTSPG,
Bob Elliott,NJN,1978-1979, 6-9,PF,23,14,282,20.1428571429,41,73,.562,.000,.000,.000,41,56,.732,16,1.14285714286,40,2.85714285714,56,4.0,22,1.57142857143,6,0.428571428571,4,0.285714285714,26,1.85714285714,34,123,8.78571428571,
Bob Elliott,NJN,1979-1980, 6-9,PF,24,54,722,13.3703703704,101,228,.443,1,4,.250,104,152,.684,67,1.24074074074,118,2.18518518519,185,3.42592592593,53,0.981481481481,29,0.537037037037,14,0.259259259259,88,1.62962962963,97,307,5.68518518519,
Bob Elliott,NJN,1980-1981, 6-9,C,25,73,1320,18.0821917808,214,419,.511,1,2,.500,121,202,.599,104,1.42465753425,157,2.15068493151,261,3.57534246575,129,1.76712328767,34,0.465753424658,16,0.219178082192,119,1.6301369863,175,550,7.53424657534,
