Player,Team,Season,Height,Position,Age,G,MIN,MINPG,FGM,FGA,FGP,TPM,TPA,TPP,FTM,FTA,FTP,ORB,ORBPG,DRB,DRBPG,TRB,TRBPG,AST,ASTPG,STL,STLPG,BLK,BLKPG,TO,TOPG,PF,PTS,PTSPG,
Bob Hopkins,SYR,1956-1957, 6-8,C,22,62,764,12.3225806452,130,343,.379,.000,.000,.000,94,126,.746,.000,0.0,.000,0.0,233,3.75806451613,22,0.354838709677,.000,0.0,.000,0.0,.000,0.0,106,354,5.70967741935,
Bob Hopkins,SYR,1957-1958, 6-8,PF,23,69,1224,17.7391304348,221,554,.399,.000,.000,.000,123,161,.764,.000,0.0,.000,0.0,392,5.68115942029,45,0.652173913043,.000,0.0,.000,0.0,.000,0.0,162,565,8.1884057971,
Bob Hopkins,SYR,1958-1959, 6-8,PF,24,67,1518,22.6567164179,246,611,.403,.000,.000,.000,176,234,.752,.000,0.0,.000,0.0,436,6.50746268657,67,1.0,.000,0.0,.000,0.0,.000,0.0,181,668,9.97014925373,
Bob Hopkins,SYR,1959-1960, 6-8,PF,25,75,1616,21.5466666667,257,660,.389,.000,.000,.000,136,174,.782,.000,0.0,.000,0.0,465,6.2,55,0.733333333333,.000,0.0,.000,0.0,.000,0.0,193,650,8.66666666667,
