Player,Team,Season,Height,Position,Age,G,MIN,MINPG,FGM,FGA,FGP,TPM,TPA,TPP,FTM,FTA,FTP,ORB,ORBPG,DRB,DRBPG,TRB,TRBPG,AST,ASTPG,STL,STLPG,BLK,BLKPG,TO,TOPG,PF,PTS,PTSPG,
Bob Bedell,ANA,1967-1968, 6-7,PF,23,76,1492,19.6315789474,325,736,.442,0,4,.000,142,190,.747,.000,0.0,.000,0.0,506,6.65789473684,79,1.03947368421,.000,0.0,.000,0.0,111,1.46052631579,203,792,10.4210526316,
Bob Bedell,DLC,1968-1969, 6-7,PF,24,42,479,11.4047619048,92,221,.416,0,2,.000,48,84,.571,42,1.0,74,1.7619047619,116,2.7619047619,30,0.714285714286,.000,0.0,.000,0.0,35,0.833333333333,76,232,5.52380952381,
Bob Bedell,DLC,1969-1970, 6-7,PF,25,80,1536,19.2,285,677,.421,2,10,.200,207,246,.841,153,1.9125,301,3.7625,454,5.675,126,1.575,.000,0.0,.000,0.0,145,1.8125,192,779,9.7375,
Bob Bedell,TEX,1970-1971, 6-7,PF,26,71,970,13.661971831,176,441,.399,9,42,.214,93,113,.823,138,1.94366197183,172,2.42253521127,310,4.3661971831,85,1.19718309859,.000,0.0,.000,0.0,79,1.11267605634,124,454,6.39436619718,
