Player,Team,Season,Height,Position,Age,G,MIN,MINPG,FGM,FGA,FGP,TPM,TPA,TPP,FTM,FTA,FTP,ORB,ORBPG,DRB,DRBPG,TRB,TRBPG,AST,ASTPG,STL,STLPG,BLK,BLKPG,TO,TOPG,PF,PTS,PTSPG,
Bob Harris,FTW,1949-1950, 6-7,,22,62,.000,0.0,168,465,.361,.000,.000,.000,140,223,.628,.000,0.0,.000,0.0,.000,0.0,129,2.08064516129,.000,0.0,.000,0.0,.000,0.0,190,476,7.67741935484,
Bob Harris,TOT,1950-1951, 6-7,,23,56,.000,0.0,98,295,.332,.000,.000,.000,86,127,.677,.000,0.0,.000,0.0,291,5.19642857143,64,1.14285714286,.000,0.0,.000,0.0,.000,0.0,157,282,5.03571428571,
Bob Harris,FTW,1950-1951, 6-7,,23,12,.000,0.0,13,57,.228,.000,.000,.000,15,20,.750,.000,0.0,.000,0.0,44,3.66666666667,8,0.666666666667,.000,0.0,.000,0.0,.000,0.0,19,41,3.41666666667,
Bob Harris,BOS,1950-1951, 6-7,,23,44,.000,0.0,85,238,.357,.000,.000,.000,71,107,.664,.000,0.0,.000,0.0,247,5.61363636364,56,1.27272727273,.000,0.0,.000,0.0,.000,0.0,138,241,5.47727272727,
Bob Harris,BOS,1951-1952, 6-7,PF,24,66,1899,28.7727272727,190,463,.410,.000,.000,.000,134,209,.641,.000,0.0,.000,0.0,531,8.04545454545,120,1.81818181818,.000,0.0,.000,0.0,.000,0.0,194,514,7.78787878788,
Bob Harris,BOS,1952-1953, 6-7,SF,25,70,1971,28.1571428571,192,459,.418,.000,.000,.000,133,226,.588,.000,0.0,.000,0.0,485,6.92857142857,95,1.35714285714,.000,0.0,.000,0.0,.000,0.0,238,517,7.38571428571,
Bob Harris,BOS,1953-1954, 6-7,SF,26,71,1898,26.7323943662,156,409,.381,.000,.000,.000,108,172,.628,.000,0.0,.000,0.0,517,7.28169014085,94,1.32394366197,.000,0.0,.000,0.0,.000,0.0,224,420,5.91549295775,
