Player,Team,Season,Height,Position,Age,G,MIN,MINPG,FGM,FGA,FGP,TPM,TPA,TPP,FTM,FTA,FTP,ORB,ORBPG,DRB,DRBPG,TRB,TRBPG,AST,ASTPG,STL,STLPG,BLK,BLKPG,TO,TOPG,PF,PTS,PTSPG,
Bob Wilkerson,SEA,1976-1977, 6-6,SF,22,78,1552,19.8974358974,221,573,.386,.000,.000,.000,84,122,.689,96,1.23076923077,162,2.07692307692,258,3.30769230769,171,2.19230769231,72,0.923076923077,8,0.102564102564,.000,0.0,136,526,6.74358974359,
Bob Wilkerson,DEN,1977-1978, 6-6,SF,23,81,2780,34.3209876543,382,936,.408,.000,.000,.000,157,210,.748,98,1.20987654321,376,4.64197530864,474,5.85185185185,439,5.41975308642,126,1.55555555556,21,0.259259259259,294,3.62962962963,275,921,11.3703703704,
Bob Wilkerson,DEN,1978-1979, 6-6,SF,24,80,2425,30.3125,396,869,.456,.000,.000,.000,119,173,.688,100,1.25,314,3.925,414,5.175,284,3.55,118,1.475,21,0.2625,196,2.45,190,911,11.3875,
Bob Wilkerson,DEN,1979-1980, 6-6,SF,25,75,2381,31.7466666667,430,1030,.417,7,34,.206,166,222,.748,85,1.13333333333,231,3.08,316,4.21333333333,243,3.24,93,1.24,27,0.36,193,2.57333333333,194,1033,13.7733333333,
Bob Wilkerson,CHI,1980-1981, 6-6,SG,26,80,2238,27.975,330,715,.462,1,10,.100,137,163,.840,86,1.075,196,2.45,282,3.525,272,3.4,102,1.275,23,0.2875,175,2.1875,170,798,9.975,
Bob Wilkerson,CLE,1981-1982, 6-6,SF,27,65,1805,27.7692307692,284,679,.418,3,18,.167,145,185,.784,60,0.923076923077,190,2.92307692308,250,3.84615384615,237,3.64615384615,92,1.41538461538,25,0.384615384615,138,2.12307692308,188,716,11.0153846154,
Bob Wilkerson,CLE,1982-1983, 6-6,SF,28,77,1702,22.1038961039,213,511,.417,0,4,.000,93,124,.750,62,0.805194805195,180,2.33766233766,242,3.14285714286,189,2.45454545455,68,0.883116883117,16,0.207792207792,160,2.07792207792,157,519,6.74025974026,
