Player,Team,Season,Height,Position,Age,G,MIN,MINPG,FGM,FGA,FGP,TPM,TPA,TPP,FTM,FTA,FTP,ORB,ORBPG,DRB,DRBPG,TRB,TRBPG,AST,ASTPG,STL,STLPG,BLK,BLKPG,TO,TOPG,PF,PTS,PTSPG,
Bobby Brown,TOT,2008-2009, 6-2,SG,24,68,931,13.6911764706,141,360,.392,45,130,.346,34,43,.791,14,0.205882352941,38,0.558823529412,52,0.764705882353,117,1.72058823529,21,0.308823529412,3,0.0441176470588,63,0.926470588235,95,361,5.30882352941,
Bobby Brown,SAC,2008-2009, 6-2,SG,24,47,675,14.3617021277,94,247,.381,31,94,.330,26,34,.765,8,0.170212765957,28,0.595744680851,36,0.765957446809,87,1.85106382979,15,0.31914893617,1,0.0212765957447,47,1.0,74,245,5.21276595745,
Bobby Brown,MIN,2008-2009, 6-2,PG,24,21,256,12.1904761905,47,113,.416,14,36,.389,8,9,.889,6,0.285714285714,10,0.47619047619,16,0.761904761905,30,1.42857142857,6,0.285714285714,2,0.0952380952381,16,0.761904761905,21,116,5.52380952381,
Bobby Brown,TOT,2009-2010, 6-2,PG,25,45,519,11.5333333333,88,237,.371,26,98,.265,13,15,.867,9,0.2,29,0.644444444444,38,0.844444444444,88,1.95555555556,15,0.333333333333,1,0.0222222222222,46,1.02222222222,42,215,4.77777777778,
Bobby Brown,NOH,2009-2010, 6-2,PG,25,22,328,14.9090909091,60,152,.395,17,66,.258,8,8,1.000,1,0.0454545454545,17,0.772727272727,18,0.818181818182,46,2.09090909091,9,0.409090909091,1,0.0454545454545,24,1.09090909091,28,145,6.59090909091,
Bobby Brown,LAC,2009-2010, 6-2,PG,25,23,191,8.30434782609,28,85,.329,9,32,.281,5,7,.714,8,0.347826086957,12,0.521739130435,20,0.869565217391,42,1.82608695652,6,0.260869565217,0,0.0,22,0.95652173913,14,70,3.04347826087,
