Player,Team,Season,Height,Position,Age,G,MIN,MINPG,FGM,FGA,FGP,TPM,TPA,TPP,FTM,FTA,FTP,ORB,ORBPG,DRB,DRBPG,TRB,TRBPG,AST,ASTPG,STL,STLPG,BLK,BLKPG,TO,TOPG,PF,PTS,PTSPG,
Bobby Washington,KEN,1969-1970, 5-11,PG,22,2,5,2.5,0,1,.000,0,0,.000,0,0,.000,0,0.0,0,0.0,0,0.0,0,0.0,.000,0.0,.000,0.0,1,0.5,0,0,0.0,
Bobby Washington,CLE,1970-1971, 5-11,PG,23,47,823,17.5106382979,123,310,.397,.000,.000,.000,104,140,.743,.000,0.0,.000,0.0,105,2.23404255319,190,4.04255319149,.000,0.0,.000,0.0,.000,0.0,105,350,7.44680851064,
Bobby Washington,CLE,1971-1972, 5-11,PG,24,69,967,14.0144927536,123,309,.398,.000,.000,.000,104,128,.813,.000,0.0,.000,0.0,129,1.86956521739,223,3.23188405797,.000,0.0,.000,0.0,.000,0.0,135,350,5.07246376812,
