Player,Team,Season,Height,Position,Age,G,MIN,MINPG,FGM,FGA,FGP,TPM,TPA,TPP,FTM,FTA,FTP,ORB,ORBPG,DRB,DRBPG,TRB,TRBPG,AST,ASTPG,STL,STLPG,BLK,BLKPG,TO,TOPG,PF,PTS,PTSPG,
Bobby Lloyd,NJA,1967-1968, 6-2,PG,22,58,995,17.1551724138,147,349,.421,3,8,.375,170,199,.854,.000,0.0,.000,0.0,108,1.86206896552,93,1.60344827586,.000,0.0,.000,0.0,74,1.27586206897,114,467,8.05172413793,
Bobby Lloyd,NYA,1968-1969, 6-2,PG,23,67,1358,20.2686567164,215,541,.397,12,31,.387,218,246,.886,25,0.373134328358,87,1.29850746269,112,1.67164179104,136,2.02985074627,.000,0.0,.000,0.0,95,1.41791044776,176,660,9.85074626866,
