Player,Team,Season,Height,Position,Age,G,MIN,MINPG,FGM,FGA,FGP,TPM,TPA,TPP,FTM,FTA,FTP,ORB,ORBPG,DRB,DRBPG,TRB,TRBPG,AST,ASTPG,STL,STLPG,BLK,BLKPG,TO,TOPG,PF,PTS,PTSPG,
Bobby Croft,TOT,1970-1971, 6-10,C,23,62,739,11.9193548387,126,348,.362,0,2,.000,73,112,.652,83,1.33870967742,123,1.98387096774,206,3.32258064516,41,0.661290322581,.000,0.0,.000,0.0,44,0.709677419355,137,325,5.24193548387,
Bobby Croft,TEX,1970-1971, 6-10,C,23,29,517,17.8275862069,91,234,.389,0,0,.000,48,70,.686,61,2.10344827586,80,2.75862068966,141,4.86206896552,26,0.896551724138,.000,0.0,.000,0.0,27,0.931034482759,70,230,7.93103448276,
Bobby Croft,KEN,1970-1971, 6-10,C,23,33,222,6.72727272727,35,114,.307,0,2,.000,25,42,.595,22,0.666666666667,43,1.30303030303,65,1.9696969697,15,0.454545454545,.000,0.0,.000,0.0,17,0.515151515152,67,95,2.87878787879,
