Player,Team,Season,Height,Position,Age,G,MIN,MINPG,FGM,FGA,FGP,TPM,TPA,TPP,FTM,FTA,FTP,ORB,ORBPG,DRB,DRBPG,TRB,TRBPG,AST,ASTPG,STL,STLPG,BLK,BLKPG,TO,TOPG,PF,PTS,PTSPG,
Bobby Lewis,SFW,1967-1968, 6-3,SG,22,41,342,8.34146341463,59,151,.391,.000,.000,.000,61,79,.772,.000,0.0,.000,0.0,56,1.36585365854,41,1.0,.000,0.0,.000,0.0,.000,0.0,40,179,4.36585365854,
Bobby Lewis,SFW,1968-1969, 6-3,SG,23,62,756,12.1935483871,113,290,.390,.000,.000,.000,83,113,.735,.000,0.0,.000,0.0,114,1.83870967742,76,1.22580645161,.000,0.0,.000,0.0,.000,0.0,117,309,4.98387096774,
Bobby Lewis,SFW,1969-1970, 6-3,SG,24,73,1353,18.5342465753,213,557,.382,.000,.000,.000,100,152,.658,.000,0.0,.000,0.0,157,2.15068493151,194,2.65753424658,.000,0.0,.000,0.0,.000,0.0,170,526,7.20547945205,
Bobby Lewis,CLE,1970-1971, 6-3,SG,25,79,1852,23.4430379747,179,484,.370,.000,.000,.000,109,152,.717,.000,0.0,.000,0.0,206,2.60759493671,244,3.08860759494,.000,0.0,.000,0.0,.000,0.0,176,467,5.91139240506,
