Player,Team,Season,Height,Position,Age,G,MIN,MINPG,FGM,FGA,FGP,TPM,TPA,TPP,FTM,FTA,FTP,ORB,ORBPG,DRB,DRBPG,TRB,TRBPG,AST,ASTPG,STL,STLPG,BLK,BLKPG,TO,TOPG,PF,PTS,PTSPG,
Bobby Wanzer,ROC,1948-1949, 6-0,,27,60,.000,0.0,202,533,.379,.000,.000,.000,209,254,.823,.000,0.0,.000,0.0,.000,0.0,186,3.1,.000,0.0,.000,0.0,.000,0.0,132,613,10.2166666667,
Bobby Wanzer,ROC,1949-1950, 6-0,,28,67,.000,0.0,254,614,.414,.000,.000,.000,283,351,.806,.000,0.0,.000,0.0,.000,0.0,214,3.19402985075,.000,0.0,.000,0.0,.000,0.0,102,791,11.8059701493,
Bobby Wanzer,ROC,1950-1951, 6-0,,29,68,.000,0.0,252,628,.401,.000,.000,.000,232,273,.850,.000,0.0,.000,0.0,232,3.41176470588,181,2.66176470588,.000,0.0,.000,0.0,.000,0.0,129,736,10.8235294118,
Bobby Wanzer,ROC,1951-1952, 6-0,SG,30,66,2498,37.8484848485,328,772,.425,.000,.000,.000,377,417,.904,.000,0.0,.000,0.0,333,5.04545454545,262,3.9696969697,.000,0.0,.000,0.0,.000,0.0,201,1033,15.6515151515,
Bobby Wanzer,ROC,1952-1953, 6-0,SG,31,70,2577,36.8142857143,318,866,.367,.000,.000,.000,384,473,.812,.000,0.0,.000,0.0,351,5.01428571429,252,3.6,.000,0.0,.000,0.0,.000,0.0,206,1020,14.5714285714,
Bobby Wanzer,ROC,1953-1954, 6-0,SG,32,72,2538,35.25,322,835,.386,.000,.000,.000,314,428,.734,.000,0.0,.000,0.0,392,5.44444444444,254,3.52777777778,.000,0.0,.000,0.0,.000,0.0,171,958,13.3055555556,
Bobby Wanzer,ROC,1954-1955, 6-0,SG,33,72,2376,33.0,324,820,.395,.000,.000,.000,294,374,.786,.000,0.0,.000,0.0,374,5.19444444444,247,3.43055555556,.000,0.0,.000,0.0,.000,0.0,163,942,13.0833333333,
Bobby Wanzer,ROC,1955-1956, 6-0,PG,34,72,1980,27.5,245,651,.376,.000,.000,.000,259,360,.719,.000,0.0,.000,0.0,272,3.77777777778,225,3.125,.000,0.0,.000,0.0,.000,0.0,151,749,10.4027777778,
Bobby Wanzer,ROC,1956-1957, 6-0,SG,35,21,159,7.57142857143,23,49,.469,.000,.000,.000,36,46,.783,.000,0.0,.000,0.0,25,1.19047619048,9,0.428571428571,.000,0.0,.000,0.0,.000,0.0,20,82,3.90476190476,
