Player,Team,Season,Height,Position,Age,G,MIN,MINPG,FGM,FGA,FGP,TPM,TPA,TPP,FTM,FTA,FTP,ORB,ORBPG,DRB,DRBPG,TRB,TRBPG,AST,ASTPG,STL,STLPG,BLK,BLKPG,TO,TOPG,PF,PTS,PTSPG,
Bobby Hurley,SAC,1993-1994, 6-0,PG,22,19,499,26.2631578947,54,146,.370,2,16,.125,24,30,.800,6,0.315789473684,28,1.47368421053,34,1.78947368421,115,6.05263157895,13,0.684210526316,1,0.0526315789474,48,2.52631578947,28,134,7.05263157895,
Bobby Hurley,SAC,1994-1995, 6-0,PG,23,68,1105,16.25,103,284,.363,21,76,.276,58,76,.763,14,0.205882352941,56,0.823529411765,70,1.02941176471,226,3.32352941176,29,0.426470588235,0,0.0,110,1.61764705882,79,285,4.19117647059,
Bobby Hurley,SAC,1995-1996, 6-0,PG,24,72,1059,14.7083333333,65,230,.283,22,76,.289,68,85,.800,12,0.166666666667,63,0.875,75,1.04166666667,216,3.0,28,0.388888888889,3,0.0416666666667,86,1.19444444444,121,220,3.05555555556,
Bobby Hurley,SAC,1996-1997, 6-0,PG,25,49,632,12.8979591837,46,125,.368,14,45,.311,37,53,.698,9,0.183673469388,29,0.591836734694,38,0.775510204082,146,2.97959183673,27,0.551020408163,3,0.0612244897959,55,1.12244897959,53,143,2.91836734694,
Bobby Hurley,TOT,1997-1998, 6-0,PG,26,61,875,14.3442622951,93,238,.391,5,22,.227,59,76,.776,12,0.196721311475,54,0.885245901639,66,1.08196721311,177,2.90163934426,23,0.377049180328,0,0.0,86,1.40983606557,79,250,4.09836065574,
Bobby Hurley,SAC,1997-1998, 6-0,PG,26,34,417,12.2647058824,47,115,.409,4,15,.267,30,37,.811,7,0.205882352941,29,0.852941176471,36,1.05882352941,80,2.35294117647,13,0.382352941176,0,0.0,42,1.23529411765,36,128,3.76470588235,
Bobby Hurley,VAN,1997-1998, 6-0,PG,26,27,458,16.962962963,46,123,.374,1,7,.143,29,39,.744,5,0.185185185185,25,0.925925925926,30,1.11111111111,97,3.59259259259,10,0.37037037037,0,0.0,44,1.62962962963,43,122,4.51851851852,
