Player,Team,Season,Height,Position,Age,G,MIN,MINPG,FGM,FGA,FGP,TPM,TPA,TPP,FTM,FTA,FTP,ORB,ORBPG,DRB,DRBPG,TRB,TRBPG,AST,ASTPG,STL,STLPG,BLK,BLKPG,TO,TOPG,PF,PTS,PTSPG,
Bobby Phills,CLE,1991-1992, 6-5,SG,22,10,65,6.5,12,28,.429,0,2,.000,7,11,.636,4,0.4,4,0.4,8,0.8,4,0.4,3,0.3,1,0.1,8,0.8,3,31,3.1,
Bobby Phills,CLE,1992-1993, 6-5,SG,23,31,139,4.48387096774,38,82,.463,2,5,.400,15,25,.600,6,0.193548387097,11,0.354838709677,17,0.548387096774,10,0.322580645161,10,0.322580645161,2,0.0645161290323,18,0.58064516129,19,93,3.0,
Bobby Phills,CLE,1993-1994, 6-5,SG,24,72,1531,21.2638888889,242,514,.471,1,12,.083,113,157,.720,71,0.986111111111,141,1.95833333333,212,2.94444444444,133,1.84722222222,67,0.930555555556,12,0.166666666667,63,0.875,135,598,8.30555555556,
Bobby Phills,CLE,1994-1995, 6-5,SG,25,80,2500,31.25,338,816,.414,19,55,.345,183,235,.779,90,1.125,175,2.1875,265,3.3125,180,2.25,115,1.4375,25,0.3125,113,1.4125,206,878,10.975,
Bobby Phills,CLE,1995-1996, 6-5,SG,26,72,2530,35.1388888889,386,826,.467,93,211,.441,186,240,.775,62,0.861111111111,199,2.76388888889,261,3.625,271,3.76388888889,102,1.41666666667,27,0.375,126,1.75,192,1051,14.5972222222,
Bobby Phills,CLE,1996-1997, 6-5,SG,27,69,2375,34.4202898551,328,766,.428,85,216,.394,125,174,.718,63,0.913043478261,182,2.63768115942,245,3.55072463768,233,3.3768115942,113,1.63768115942,21,0.304347826087,135,1.95652173913,174,866,12.5507246377,
Bobby Phills,CHH,1997-1998, 6-5,SG,28,62,1887,30.435483871,246,552,.446,44,114,.386,106,140,.757,59,0.951612903226,157,2.53225806452,216,3.48387096774,187,3.01612903226,81,1.3064516129,18,0.290322580645,108,1.74193548387,181,642,10.3548387097,
Bobby Phills,CHH,1998-1999, 6-5,SG,29,43,1574,36.6046511628,215,497,.433,68,172,.395,115,168,.685,39,0.906976744186,135,3.13953488372,174,4.04651162791,149,3.46511627907,60,1.39534883721,25,0.581395348837,92,2.13953488372,124,613,14.2558139535,
Bobby Phills,CHH,1999-2000, 6-5,SG,30,28,825,29.4642857143,152,335,.454,30,91,.330,47,65,.723,17,0.607142857143,54,1.92857142857,71,2.53571428571,79,2.82142857143,41,1.46428571429,8,0.285714285714,48,1.71428571429,72,381,13.6071428571,
