Player,Team,Season,Height,Position,Age,G,MIN,MINPG,FGM,FGA,FGP,TPM,TPA,TPP,FTM,FTA,FTP,ORB,ORBPG,DRB,DRBPG,TRB,TRBPG,AST,ASTPG,STL,STLPG,BLK,BLKPG,TO,TOPG,PF,PTS,PTSPG,
Bobby Cattage,UTA,1981-1982, 6-9,PF,23,49,337,6.87755102041,60,135,.444,0,2,.000,30,41,.732,22,0.448979591837,51,1.04081632653,73,1.48979591837,7,0.142857142857,7,0.142857142857,0,0.0,18,0.367346938776,58,150,3.0612244898,
Bobby Cattage,NJN,1985-1986, 6-9,PF,27,29,185,6.37931034483,28,83,.337,1,5,.200,35,44,.795,15,0.51724137931,19,0.655172413793,34,1.1724137931,4,0.137931034483,6,0.206896551724,0,0.0,13,0.448275862069,23,92,3.1724137931,
