Player,Team,Season,Height,Position,Age,G,MIN,MINPG,FGM,FGA,FGP,TPM,TPA,TPP,FTM,FTA,FTP,ORB,ORBPG,DRB,DRBPG,TRB,TRBPG,AST,ASTPG,STL,STLPG,BLK,BLKPG,TO,TOPG,PF,PTS,PTSPG,
Bones McKinney,WSC,1946-1947, 6-6,SF,28,58,.000,0.0,275,987,.279,.000,.000,.000,145,210,.690,.000,0.0,.000,0.0,.000,0.0,69,1.18965517241,.000,0.0,.000,0.0,.000,0.0,162,695,11.9827586207,
Bones McKinney,WSC,1947-1948, 6-6,SF,29,43,.000,0.0,182,680,.268,.000,.000,.000,121,188,.644,.000,0.0,.000,0.0,.000,0.0,36,0.837209302326,.000,0.0,.000,0.0,.000,0.0,176,485,11.2790697674,
Bones McKinney,WSC,1948-1949, 6-6,SF,30,57,.000,0.0,263,801,.328,.000,.000,.000,197,279,.706,.000,0.0,.000,0.0,.000,0.0,114,2.0,.000,0.0,.000,0.0,.000,0.0,216,723,12.6842105263,
Bones McKinney,WSC,1949-1950, 6-6,SF,31,53,.000,0.0,187,631,.296,.000,.000,.000,118,152,.776,.000,0.0,.000,0.0,.000,0.0,88,1.66037735849,.000,0.0,.000,0.0,.000,0.0,185,492,9.28301886792,
Bones McKinney,TOT,1950-1951, 6-6,SF,32,44,.000,0.0,102,327,.312,.000,.000,.000,58,81,.716,.000,0.0,.000,0.0,198,4.5,85,1.93181818182,.000,0.0,.000,0.0,.000,0.0,136,262,5.95454545455,
Bones McKinney,WSC,1950-1951, 6-6,SF,32,10,.000,0.0,12,43,.279,.000,.000,.000,3,7,.429,.000,0.0,.000,0.0,19,1.9,6,0.6,.000,0.0,.000,0.0,.000,0.0,14,27,2.7,
Bones McKinney,BOS,1950-1951, 6-6,SF,32,34,.000,0.0,90,284,.317,.000,.000,.000,55,74,.743,.000,0.0,.000,0.0,179,5.26470588235,79,2.32352941176,.000,0.0,.000,0.0,.000,0.0,122,235,6.91176470588,
Bones McKinney,BOS,1951-1952, 6-6,SF,33,63,1083,17.1904761905,136,418,.325,.000,.000,.000,65,80,.813,.000,0.0,.000,0.0,175,2.77777777778,111,1.7619047619,.000,0.0,.000,0.0,.000,0.0,148,337,5.34920634921,
