Player,Team,Season,Height,Position,Age,G,MIN,MINPG,FGM,FGA,FGP,TPM,TPA,TPP,FTM,FTA,FTP,ORB,ORBPG,DRB,DRBPG,TRB,TRBPG,AST,ASTPG,STL,STLPG,BLK,BLKPG,TO,TOPG,PF,PTS,PTSPG,
Boniface N'Dong,LAC,2005-2006, 7-0,C,28,23,152,6.60869565217,22,53,.415,0,1,.000,6,9,.667,15,0.652173913043,22,0.95652173913,37,1.60869565217,7,0.304347826087,2,0.0869565217391,5,0.217391304348,6,0.260869565217,23,50,2.17391304348,
