Player,Team,Season,Height,Position,Age,G,MIN,MINPG,FGM,FGA,FGP,TPM,TPA,TPP,FTM,FTA,FTP,ORB,ORBPG,DRB,DRBPG,TRB,TRBPG,AST,ASTPG,STL,STLPG,BLK,BLKPG,TO,TOPG,PF,PTS,PTSPG,
Bracey Wright,MIN,2005-2006, 6-3,SG,21,7,135,19.2857142857,21,51,.412,6,17,.353,14,16,.875,3,0.428571428571,15,2.14285714286,18,2.57142857143,5,0.714285714286,1,0.142857142857,0,0.0,8,1.14285714286,8,62,8.85714285714,
Bracey Wright,MIN,2006-2007, 6-3,SG,22,19,190,10.0,24,60,.400,6,20,.300,13,18,.722,7,0.368421052632,14,0.736842105263,21,1.10526315789,15,0.789473684211,9,0.473684210526,1,0.0526315789474,6,0.315789473684,6,67,3.52631578947,
