Player,Team,Season,Height,Position,Age,G,MIN,MINPG,FGM,FGA,FGP,TPM,TPA,TPP,FTM,FTA,FTP,ORB,ORBPG,DRB,DRBPG,TRB,TRBPG,AST,ASTPG,STL,STLPG,BLK,BLKPG,TO,TOPG,PF,PTS,PTSPG,
Brad Sellers,CHI,1986-1987, 7-0,PF,24,80,1751,21.8875,276,606,.455,2,10,.200,126,173,.728,155,1.9375,218,2.725,373,4.6625,102,1.275,44,0.55,68,0.85,84,1.05,194,680,8.5,
Brad Sellers,CHI,1987-1988, 7-0,SF,25,82,2212,26.9756097561,326,714,.457,1,7,.143,124,157,.790,107,1.30487804878,143,1.74390243902,250,3.0487804878,141,1.71951219512,34,0.414634146341,66,0.80487804878,91,1.10975609756,174,777,9.4756097561,
Brad Sellers,CHI,1988-1989, 7-0,PF,26,80,1732,21.65,231,476,.485,3,6,.500,86,101,.851,85,1.0625,142,1.775,227,2.8375,99,1.2375,35,0.4375,69,0.8625,72,0.9,176,551,6.8875,
Brad Sellers,TOT,1989-1990, 7-0,PF,27,59,700,11.8644067797,103,254,.406,0,5,.000,58,73,.795,39,0.661016949153,50,0.847457627119,89,1.50847457627,33,0.559322033898,17,0.28813559322,22,0.372881355932,46,0.779661016949,74,264,4.47457627119,
Brad Sellers,SEA,1989-1990, 7-0,PF,27,45,587,13.0444444444,84,198,.424,0,3,.000,49,61,.803,31,0.688888888889,39,0.866666666667,70,1.55555555556,32,0.711111111111,11,0.244444444444,19,0.422222222222,34,0.755555555556,63,217,4.82222222222,
Brad Sellers,MIN,1989-1990, 7-0,PF,27,14,113,8.07142857143,19,56,.339,0,2,.000,9,12,.750,8,0.571428571429,11,0.785714285714,19,1.35714285714,1,0.0714285714286,6,0.428571428571,3,0.214285714286,12,0.857142857143,11,47,3.35714285714,
Brad Sellers,DET,1991-1992, 7-0,PF,29,43,226,5.25581395349,41,88,.466,0,1,.000,20,26,.769,15,0.348837209302,27,0.627906976744,42,0.976744186047,14,0.325581395349,1,0.0232558139535,10,0.232558139535,15,0.348837209302,20,102,2.37209302326,
Brad Sellers,MIN,1992-1993, 7-0,PF,30,54,533,9.87037037037,49,130,.377,0,1,.000,37,39,.949,27,0.5,56,1.03703703704,83,1.53703703704,46,0.851851851852,6,0.111111111111,11,0.203703703704,27,0.5,40,135,2.5,
