Player,Team,Season,Height,Position,Age,G,MIN,MINPG,FGM,FGA,FGP,TPM,TPA,TPP,FTM,FTA,FTP,ORB,ORBPG,DRB,DRBPG,TRB,TRBPG,AST,ASTPG,STL,STLPG,BLK,BLKPG,TO,TOPG,PF,PTS,PTSPG,
Brad Wright,NYK,1986-1987, 6-11,PF,24,14,138,9.85714285714,20,46,.435,0,1,.000,12,28,.429,25,1.78571428571,28,2.0,53,3.78571428571,1,0.0714285714286,3,0.214285714286,6,0.428571428571,13,0.928571428571,20,52,3.71428571429,
Brad Wright,DEN,1987-1988, 6-11,PF,25,2,7,3.5,1,5,.200,0,0,.000,0,0,.000,0,0.0,1,0.5,1,0.5,0,0.0,0,0.0,0,0.0,2,1.0,3,2,1.0,
