Player,Team,Season,Height,Position,Age,G,MIN,MINPG,FGM,FGA,FGP,TPM,TPA,TPP,FTM,FTA,FTP,ORB,ORBPG,DRB,DRBPG,TRB,TRBPG,AST,ASTPG,STL,STLPG,BLK,BLKPG,TO,TOPG,PF,PTS,PTSPG,
Brandon Knight,DET,2011-2012, 6-3,PG,20,66,2129,32.2575757576,319,769,.415,105,276,.380,104,137,.759,33,0.5,178,2.69696969697,211,3.19696969697,251,3.80303030303,49,0.742424242424,10,0.151515151515,171,2.59090909091,154,847,12.8333333333,
Brandon Knight,DET,2012-2013, 6-3,PG,21,63,1961,31.126984127,311,753,.413,106,285,.372,143,193,.741,42,0.666666666667,172,2.73015873016,214,3.39682539683,258,4.09523809524,47,0.746031746032,8,0.126984126984,170,2.69841269841,132,871,13.8253968254,
