Player,Team,Season,Height,Position,Age,G,MIN,MINPG,FGM,FGA,FGP,TPM,TPA,TPP,FTM,FTA,FTP,ORB,ORBPG,DRB,DRBPG,TRB,TRBPG,AST,ASTPG,STL,STLPG,BLK,BLKPG,TO,TOPG,PF,PTS,PTSPG,
Brandon Williams,GSW,1997-1998, 6-6,SG,22,9,140,15.5555555556,16,50,.320,3,9,.333,2,4,.500,4,0.444444444444,11,1.22222222222,15,1.66666666667,3,0.333333333333,6,0.666666666667,3,0.333333333333,9,1.0,18,37,4.11111111111,
Brandon Williams,SAS,1998-1999, 6-6,SG,23,3,4,1.33333333333,0,0,.000,0,0,.000,2,4,.500,1,0.333333333333,0,0.0,1,0.333333333333,0,0.0,0,0.0,0,0.0,0,0.0,0,2,0.666666666667,
Brandon Williams,ATL,2002-2003, 6-6,SF,27,6,19,3.16666666667,1,7,.143,0,1,.000,0,0,.000,2,0.333333333333,0,0.0,2,0.333333333333,0,0.0,2,0.333333333333,0,0.0,3,0.5,4,2,0.333333333333,
