Player,Team,Season,Height,Position,Age,G,MIN,MINPG,FGM,FGA,FGP,TPM,TPA,TPP,FTM,FTA,FTP,ORB,ORBPG,DRB,DRBPG,TRB,TRBPG,AST,ASTPG,STL,STLPG,BLK,BLKPG,TO,TOPG,PF,PTS,PTSPG,
Brandon Rush,IND,2008-2009, 6-6,SG,23,75,1803,24.04,243,575,.423,78,209,.373,46,66,.697,34,0.453333333333,199,2.65333333333,233,3.10666666667,66,0.88,38,0.506666666667,37,0.493333333333,75,1.0,128,610,8.13333333333,
Brandon Rush,IND,2009-2010, 6-6,SG,24,82,2491,30.3780487805,297,702,.423,124,302,.411,56,89,.629,41,0.5,305,3.71951219512,346,4.21951219512,112,1.36585365854,56,0.682926829268,65,0.792682926829,93,1.13414634146,159,774,9.43902439024,
Brandon Rush,IND,2010-2011, 6-6,SG,25,67,1754,26.1791044776,217,515,.421,93,223,.417,80,106,.755,33,0.492537313433,184,2.74626865672,217,3.23880597015,62,0.925373134328,41,0.611940298507,35,0.522388059701,69,1.02985074627,107,607,9.05970149254,
Brandon Rush,GSW,2011-2012, 6-6,SF,26,65,1717,26.4153846154,235,469,.501,99,219,.452,65,82,.793,33,0.507692307692,218,3.35384615385,251,3.86153846154,88,1.35384615385,35,0.538461538462,58,0.892307692308,68,1.04615384615,64,634,9.75384615385,
Brandon Rush,GSW,2012-2013, 6-6,SF,27,2,25,12.5,6,9,.667,0,2,.000,2,3,.667,0,0.0,1,0.5,1,0.5,2,1.0,0,0.0,0,0.0,3,1.5,5,14,7.0,
