Player,Team,Season,Height,Position,Age,G,MIN,MINPG,FGM,FGA,FGP,TPM,TPA,TPP,FTM,FTA,FTP,ORB,ORBPG,DRB,DRBPG,TRB,TRBPG,AST,ASTPG,STL,STLPG,BLK,BLKPG,TO,TOPG,PF,PTS,PTSPG,
Brandon Bass,NOK,2005-2006, 6-8,PF,20,29,268,9.24137931034,28,70,.400,0,0,.000,12,19,.632,18,0.620689655172,50,1.72413793103,68,2.34482758621,3,0.103448275862,3,0.103448275862,7,0.241379310345,11,0.379310344828,18,68,2.34482758621,
Brandon Bass,NOK,2006-2007, 6-8,PF,21,21,162,7.71428571429,15,44,.341,0,1,.000,12,16,.750,13,0.619047619048,30,1.42857142857,43,2.04761904762,3,0.142857142857,2,0.0952380952381,3,0.142857142857,10,0.47619047619,16,42,2.0,
Brandon Bass,DAL,2007-2008, 6-8,C,22,79,1557,19.7088607595,246,493,.499,0,4,.000,162,197,.822,120,1.51898734177,227,2.87341772152,347,4.39240506329,58,0.73417721519,22,0.278481012658,48,0.607594936709,82,1.03797468354,150,654,8.27848101266,
Brandon Bass,DAL,2008-2009, 6-8,C,23,81,1574,19.4320987654,252,508,.496,0,6,.000,182,210,.867,129,1.59259259259,238,2.93827160494,367,4.53086419753,43,0.530864197531,27,0.333333333333,55,0.679012345679,86,1.06172839506,140,686,8.46913580247,
Brandon Bass,ORL,2009-2010, 6-8,PF,24,50,648,12.96,119,233,.511,0,0,.000,52,63,.825,54,1.08,73,1.46,127,2.54,19,0.38,12,0.24,27,0.54,31,0.62,69,290,5.8,
Brandon Bass,ORL,2010-2011, 6-8,PF,25,76,1980,26.0526315789,332,645,.515,0,2,.000,190,233,.815,134,1.76315789474,290,3.81578947368,424,5.57894736842,57,0.75,27,0.355263157895,52,0.684210526316,97,1.27631578947,159,854,11.2368421053,
Brandon Bass,BOS,2011-2012, 6-8,PF,26,59,1868,31.6610169492,303,632,.479,0,0,.000,132,163,.810,95,1.61016949153,270,4.57627118644,365,6.18644067797,55,0.932203389831,34,0.576271186441,54,0.915254237288,65,1.10169491525,135,738,12.5084745763,
Brandon Bass,BOS,2012-2013, 6-8,PF,27,64,1710,26.71875,200,439,.456,0,2,.000,93,110,.845,101,1.578125,226,3.53125,327,5.109375,60,0.9375,39,0.609375,43,0.671875,57,0.890625,151,493,7.703125,
