Player,Team,Season,Height,Position,Age,G,MIN,MINPG,FGM,FGA,FGP,TPM,TPA,TPP,FTM,FTA,FTP,ORB,ORBPG,DRB,DRBPG,TRB,TRBPG,AST,ASTPG,STL,STLPG,BLK,BLKPG,TO,TOPG,PF,PTS,PTSPG,
Brandon Roy,POR,2006-2007, 6-6,SG,22,57,2015,35.350877193,349,765,.456,55,146,.377,202,241,.838,58,1.01754385965,192,3.36842105263,250,4.38596491228,230,4.0350877193,67,1.17543859649,10,0.175438596491,116,2.0350877193,139,955,16.7543859649,
Brandon Roy,POR,2007-2008, 6-6,SG,23,74,2792,37.7297297297,531,1170,.454,73,215,.340,281,373,.753,81,1.09459459459,267,3.60810810811,348,4.7027027027,430,5.81081081081,79,1.06756756757,16,0.216216216216,136,1.83783783784,147,1416,19.1351351351,
Brandon Roy,POR,2008-2009, 6-6,SG,24,78,2903,37.2179487179,633,1318,.480,83,220,.377,416,505,.824,104,1.33333333333,266,3.41025641026,370,4.74358974359,400,5.12820512821,88,1.12820512821,22,0.282051282051,152,1.94871794872,127,1765,22.6282051282,
Brandon Roy,POR,2009-2010, 6-6,SG,25,65,2419,37.2153846154,491,1038,.473,73,221,.330,343,440,.780,73,1.12307692308,212,3.26153846154,285,4.38461538462,305,4.69230769231,61,0.938461538462,16,0.246153846154,129,1.98461538462,136,1398,21.5076923077,
Brandon Roy,POR,2010-2011, 6-6,SG,26,47,1310,27.8723404255,209,523,.400,38,114,.333,117,138,.848,28,0.595744680851,93,1.97872340426,121,2.57446808511,129,2.74468085106,37,0.787234042553,12,0.255319148936,55,1.17021276596,76,573,12.1914893617,
Brandon Roy,MIN,2012-2013, 6-6,SG,28,5,122,24.4,11,35,.314,0,9,.000,7,10,.700,3,0.6,11,2.2,14,2.8,23,4.6,3,0.6,0,0.0,7,1.4,5,29,5.8,
