Player,Team,Season,Height,Position,Age,G,MIN,MINPG,FGM,FGA,FGP,TPM,TPA,TPP,FTM,FTA,FTP,ORB,ORBPG,DRB,DRBPG,TRB,TRBPG,AST,ASTPG,STL,STLPG,BLK,BLKPG,TO,TOPG,PF,PTS,PTSPG,
Brandon Armstrong,NJN,2001-2002, 6-5,SG,21,35,196,5.6,27,85,.318,5,17,.294,5,10,.500,10,0.285714285714,6,0.171428571429,16,0.457142857143,8,0.228571428571,7,0.2,1,0.0285714285714,8,0.228571428571,26,64,1.82857142857,
Brandon Armstrong,NJN,2002-2003, 6-5,SG,22,17,69,4.05882352941,9,27,.333,1,6,.167,5,6,.833,0,0.0,4,0.235294117647,4,0.235294117647,2,0.117647058824,3,0.176470588235,1,0.0588235294118,5,0.294117647059,8,24,1.41176470588,
Brandon Armstrong,NJN,2003-2004, 6-5,SG,23,56,434,7.75,65,175,.371,19,52,.365,2,4,.500,12,0.214285714286,31,0.553571428571,43,0.767857142857,14,0.25,12,0.214285714286,2,0.0357142857143,24,0.428571428571,49,151,2.69642857143,
