Player,Team,Season,Height,Position,Age,G,MIN,MINPG,FGM,FGA,FGP,TPM,TPA,TPP,FTM,FTA,FTP,ORB,ORBPG,DRB,DRBPG,TRB,TRBPG,AST,ASTPG,STL,STLPG,BLK,BLKPG,TO,TOPG,PF,PTS,PTSPG,
Brett Vroman,UTA,1980-1981, 7-0,C,25,11,93,8.45454545455,10,27,.370,0,1,.000,14,19,.737,7,0.636363636364,18,1.63636363636,25,2.27272727273,9,0.818181818182,5,0.454545454545,5,0.454545454545,9,0.818181818182,26,34,3.09090909091,
