Player,Team,Season,Height,Position,Age,G,MIN,MINPG,FGM,FGA,FGP,TPM,TPA,TPP,FTM,FTA,FTP,ORB,ORBPG,DRB,DRBPG,TRB,TRBPG,AST,ASTPG,STL,STLPG,BLK,BLKPG,TO,TOPG,PF,PTS,PTSPG,
Brett Szabo,BOS,1996-1997, 6-11,C,28,70,662,9.45714285714,54,121,.446,0,1,.000,45,61,.738,56,0.8,109,1.55714285714,165,2.35714285714,17,0.242857142857,16,0.228571428571,32,0.457142857143,41,0.585714285714,119,153,2.18571428571,
