Player,Team,Season,Height,Position,Age,G,MIN,MINPG,FGM,FGA,FGP,TPM,TPA,TPP,FTM,FTA,FTP,ORB,ORBPG,DRB,DRBPG,TRB,TRBPG,AST,ASTPG,STL,STLPG,BLK,BLKPG,TO,TOPG,PF,PTS,PTSPG,
Brian Rowsom,IND,1987-1988, 6-9,PF,22,4,16,4.0,0,6,.000,0,0,.000,6,6,1.000,1,0.25,4,1.0,5,1.25,1,0.25,1,0.25,0,0.0,1,0.25,3,6,1.5,
Brian Rowsom,CHH,1988-1989, 6-9,PF,23,34,517,15.2058823529,80,162,.494,1,1,1.000,65,81,.802,56,1.64705882353,81,2.38235294118,137,4.02941176471,24,0.705882352941,10,0.294117647059,12,0.352941176471,18,0.529411764706,69,226,6.64705882353,
Brian Rowsom,CHH,1989-1990, 6-9,PF,24,44,559,12.7045454545,78,179,.436,1,2,.500,68,83,.819,44,1.0,87,1.97727272727,131,2.97727272727,22,0.5,18,0.409090909091,11,0.25,25,0.568181818182,58,225,5.11363636364,
