Player,Team,Season,Height,Position,Age,G,MIN,MINPG,FGM,FGA,FGP,TPM,TPA,TPP,FTM,FTA,FTP,ORB,ORBPG,DRB,DRBPG,TRB,TRBPG,AST,ASTPG,STL,STLPG,BLK,BLKPG,TO,TOPG,PF,PTS,PTSPG,
Brian Winters,LAL,1974-1975, 6-4,SG,22,68,1516,22.2941176471,359,810,.443,.000,.000,.000,76,92,.826,39,0.573529411765,99,1.45588235294,138,2.02941176471,195,2.86764705882,74,1.08823529412,18,0.264705882353,.000,0.0,168,794,11.6764705882,
Brian Winters,MIL,1975-1976, 6-4,SG,23,78,2795,35.8333333333,618,1333,.464,.000,.000,.000,180,217,.829,66,0.846153846154,183,2.34615384615,249,3.19230769231,366,4.69230769231,124,1.58974358974,25,0.320512820513,.000,0.0,240,1416,18.1538461538,
Brian Winters,MIL,1976-1977, 6-4,SG,24,78,2717,34.8333333333,652,1308,.498,.000,.000,.000,205,242,.847,64,0.820512820513,167,2.14102564103,231,2.96153846154,337,4.32051282051,114,1.46153846154,29,0.371794871795,.000,0.0,228,1509,19.3461538462,
Brian Winters,MIL,1977-1978, 6-4,SG,25,80,2751,34.3875,674,1457,.463,.000,.000,.000,246,293,.840,87,1.0875,163,2.0375,250,3.125,393,4.9125,124,1.55,27,0.3375,236,2.95,239,1594,19.925,
Brian Winters,MIL,1978-1979, 6-4,SG,26,79,2575,32.5949367089,662,1343,.493,.000,.000,.000,237,277,.856,48,0.607594936709,129,1.63291139241,177,2.24050632911,383,4.84810126582,83,1.05063291139,40,0.506329113924,257,3.25316455696,243,1561,19.7594936709,
Brian Winters,MIL,1979-1980, 6-4,SG,27,80,2623,32.7875,535,1116,.479,38,102,.373,184,214,.860,48,0.6,175,2.1875,223,2.7875,362,4.525,101,1.2625,28,0.35,186,2.325,208,1292,16.15,
Brian Winters,MIL,1980-1981, 6-4,SG,28,69,1771,25.6666666667,331,697,.475,18,51,.353,119,137,.869,32,0.463768115942,108,1.5652173913,140,2.02898550725,229,3.31884057971,70,1.01449275362,10,0.144927536232,136,1.97101449275,185,799,11.5797101449,
Brian Winters,MIL,1981-1982, 6-4,SG,29,61,1829,29.9836065574,404,806,.501,36,93,.387,123,156,.788,51,0.83606557377,119,1.95081967213,170,2.7868852459,253,4.14754098361,57,0.934426229508,9,0.147540983607,118,1.93442622951,187,967,15.8524590164,
Brian Winters,MIL,1982-1983, 6-4,SG,30,57,1361,23.8771929825,255,587,.434,22,68,.324,73,85,.859,35,0.614035087719,75,1.31578947368,110,1.9298245614,156,2.73684210526,45,0.789473684211,4,0.0701754385965,81,1.42105263158,132,605,10.6140350877,
