Player,Team,Season,Height,Position,Age,G,MIN,MINPG,FGM,FGA,FGP,TPM,TPA,TPP,FTM,FTA,FTP,ORB,ORBPG,DRB,DRBPG,TRB,TRBPG,AST,ASTPG,STL,STLPG,BLK,BLKPG,TO,TOPG,PF,PTS,PTSPG,
Brian Quinnett,NYK,1989-1990, 6-8,SG,23,31,193,6.22580645161,19,58,.328,0,2,.000,2,3,.667,9,0.290322580645,19,0.612903225806,28,0.903225806452,11,0.354838709677,3,0.0967741935484,4,0.129032258065,4,0.129032258065,27,40,1.29032258065,
Brian Quinnett,NYK,1990-1991, 6-8,SG,24,68,1011,14.8676470588,139,303,.459,15,43,.349,26,36,.722,65,0.955882352941,80,1.17647058824,145,2.13235294118,53,0.779411764706,22,0.323529411765,13,0.191176470588,52,0.764705882353,100,319,4.69117647059,
Brian Quinnett,TOT,1991-1992, 6-8,SG,25,39,326,8.35897435897,43,124,.347,13,41,.317,16,26,.615,16,0.410256410256,35,0.897435897436,51,1.30769230769,12,0.307692307692,16,0.410256410256,8,0.205128205128,16,0.410256410256,32,115,2.94871794872,
Brian Quinnett,NYK,1991-1992, 6-8,SG,25,24,190,7.91666666667,28,73,.384,10,26,.385,8,14,.571,9,0.375,15,0.625,24,1.0,7,0.291666666667,7,0.291666666667,6,0.25,8,0.333333333333,21,74,3.08333333333,
Brian Quinnett,DAL,1991-1992, 6-8,SG,25,15,136,9.06666666667,15,51,.294,3,15,.200,8,12,.667,7,0.466666666667,20,1.33333333333,27,1.8,5,0.333333333333,9,0.6,2,0.133333333333,8,0.533333333333,11,41,2.73333333333,
