Player,Team,Season,Height,Position,Age,G,MIN,MINPG,FGM,FGA,FGP,TPM,TPA,TPP,FTM,FTA,FTP,ORB,ORBPG,DRB,DRBPG,TRB,TRBPG,AST,ASTPG,STL,STLPG,BLK,BLKPG,TO,TOPG,PF,PTS,PTSPG,
Brian Howard,DAL,1991-1992, 6-6,SF,24,27,318,11.7777777778,54,104,.519,1,2,.500,22,31,.710,17,0.62962962963,34,1.25925925926,51,1.88888888889,14,0.518518518519,11,0.407407407407,8,0.296296296296,15,0.555555555556,55,131,4.85185185185,
Brian Howard,DAL,1992-1993, 6-6,SF,25,68,1295,19.0441176471,183,414,.442,1,7,.143,72,94,.766,66,0.970588235294,146,2.14705882353,212,3.11764705882,67,0.985294117647,55,0.808823529412,34,0.5,68,1.0,217,439,6.45588235294,
