Player,Team,Season,Height,Position,Age,G,MIN,MINPG,FGM,FGA,FGP,TPM,TPA,TPP,FTM,FTA,FTP,ORB,ORBPG,DRB,DRBPG,TRB,TRBPG,AST,ASTPG,STL,STLPG,BLK,BLKPG,TO,TOPG,PF,PTS,PTSPG,
Brian Roberts,NOH,2012-2013, 6-1,PG,27,61,890,14.5901639344,149,365,.408,39,109,.358,54,59,.915,14,0.229508196721,46,0.754098360656,60,0.983606557377,143,2.34426229508,27,0.44262295082,2,0.0327868852459,46,0.754098360656,70,391,6.40983606557,
