Player,Team,Season,Height,Position,Age,G,MIN,MINPG,FGM,FGA,FGP,TPM,TPA,TPP,FTM,FTA,FTP,ORB,ORBPG,DRB,DRBPG,TRB,TRBPG,AST,ASTPG,STL,STLPG,BLK,BLKPG,TO,TOPG,PF,PTS,PTSPG,
Brian Evans,ORL,1996-1997, 6-8,SF,23,14,59,4.21428571429,8,22,.364,4,8,.500,0,0,.000,1,0.0714285714286,7,0.5,8,0.571428571429,7,0.5,1,0.0714285714286,2,0.142857142857,2,0.142857142857,6,20,1.42857142857,
Brian Evans,TOT,1997-1998, 6-8,SF,24,72,893,12.4027777778,123,312,.394,29,87,.333,46,57,.807,49,0.680555555556,88,1.22222222222,137,1.90277777778,55,0.763888888889,29,0.402777777778,13,0.180555555556,38,0.527777777778,101,321,4.45833333333,
Brian Evans,ORL,1997-1998, 6-8,SF,24,44,561,12.75,77,206,.374,12,45,.267,40,48,.833,31,0.704545454545,54,1.22727272727,85,1.93181818182,31,0.704545454545,22,0.5,8,0.181818181818,24,0.545454545455,57,206,4.68181818182,
Brian Evans,NJN,1997-1998, 6-8,SF,24,28,332,11.8571428571,46,106,.434,17,42,.405,6,9,.667,18,0.642857142857,34,1.21428571429,52,1.85714285714,24,0.857142857143,7,0.25,5,0.178571428571,14,0.5,44,115,4.10714285714,
Brian Evans,TOT,1998-1999, 6-8,SF,25,16,145,9.0625,13,44,.295,4,13,.308,4,4,1.000,6,0.375,13,0.8125,19,1.1875,15,0.9375,5,0.3125,3,0.1875,2,0.125,8,34,2.125,
Brian Evans,NJN,1998-1999, 6-8,SF,25,11,121,11.0,11,34,.324,4,11,.364,4,4,1.000,4,0.363636363636,13,1.18181818182,17,1.54545454545,14,1.27272727273,3,0.272727272727,3,0.272727272727,2,0.181818181818,7,30,2.72727272727,
Brian Evans,MIN,1998-1999, 6-8,SF,25,5,24,4.8,2,10,.200,0,2,.000,0,0,.000,2,0.4,0,0.0,2,0.4,1,0.2,2,0.4,0,0.0,0,0.0,1,4,0.8,
