Player,Team,Season,Height,Position,Age,G,MIN,MINPG,FGM,FGA,FGP,TPM,TPA,TPP,FTM,FTA,FTP,ORB,ORBPG,DRB,DRBPG,TRB,TRBPG,AST,ASTPG,STL,STLPG,BLK,BLKPG,TO,TOPG,PF,PTS,PTSPG,
Brian Oliver,PHI,1990-1991, 6-4,SG,22,73,800,10.9589041096,111,272,.408,5,18,.278,52,71,.732,18,0.246575342466,62,0.849315068493,80,1.09589041096,88,1.20547945205,34,0.465753424658,4,0.0547945205479,50,0.684931506849,76,279,3.82191780822,
Brian Oliver,PHI,1991-1992, 6-4,SG,23,34,279,8.20588235294,33,100,.330,0,4,.000,15,22,.682,10,0.294117647059,20,0.588235294118,30,0.882352941176,20,0.588235294118,10,0.294117647059,2,0.0588235294118,24,0.705882352941,33,81,2.38235294118,
Brian Oliver,WSB,1994-1995, 6-4,SG,26,6,42,7.0,4,9,.444,0,0,.000,6,8,.750,0,0.0,4,0.666666666667,4,0.666666666667,4,0.666666666667,0,0.0,0,0.0,3,0.5,8,14,2.33333333333,
Brian Oliver,ATL,1997-1998, 6-4,SG,29,5,61,12.2,7,19,.368,0,0,.000,1,4,.250,3,0.6,6,1.2,9,1.8,2,0.4,1,0.2,0,0.0,1,0.2,4,15,3.0,
