Player,Team,Season,Height,Position,Age,G,MIN,MINPG,FGM,FGA,FGP,TPM,TPA,TPP,FTM,FTA,FTP,ORB,ORBPG,DRB,DRBPG,TRB,TRBPG,AST,ASTPG,STL,STLPG,BLK,BLKPG,TO,TOPG,PF,PTS,PTSPG,
Brook Lopez,NJN,2008-2009, 7-0,C,20,82,2501,30.5,448,844,.531,0,2,.000,172,217,.793,225,2.74390243902,440,5.36585365854,665,8.10975609756,86,1.0487804878,44,0.536585365854,151,1.84146341463,147,1.79268292683,257,1068,13.0243902439,
Brook Lopez,NJN,2009-2010, 7-0,C,21,82,3027,36.9146341463,563,1129,.499,0,2,.000,416,509,.817,270,3.29268292683,439,5.35365853659,709,8.64634146341,187,2.28048780488,55,0.670731707317,139,1.69512195122,204,2.48780487805,251,1542,18.8048780488,
Brook Lopez,NJN,2010-2011, 7-0,C,22,82,2889,35.2317073171,644,1309,.492,0,1,.000,385,489,.787,197,2.40243902439,291,3.5487804878,488,5.9512195122,129,1.57317073171,47,0.573170731707,120,1.46341463415,176,2.14634146341,240,1673,20.4024390244,
Brook Lopez,NJN,2011-2012, 7-0,C,23,5,136,27.2,38,77,.494,0,0,.000,20,32,.625,8,1.6,10,2.0,18,3.6,6,1.2,1,0.2,4,0.8,6,1.2,8,96,19.2,
Brook Lopez,BRK,2012-2013, 7-0,C,24,58,1770,30.5172413793,433,832,.520,0,0,.000,222,290,.766,157,2.70689655172,254,4.37931034483,411,7.08620689655,55,0.948275862069,27,0.465517241379,125,2.15517241379,98,1.68965517241,118,1088,18.7586206897,
