Player,Team,Season,Height,Position,Age,G,MIN,MINPG,FGM,FGA,FGP,TPM,TPA,TPP,FTM,FTA,FTP,ORB,ORBPG,DRB,DRBPG,TRB,TRBPG,AST,ASTPG,STL,STLPG,BLK,BLKPG,TO,TOPG,PF,PTS,PTSPG,
Brooks Thompson,ORL,1994-1995, 6-4,PG,24,38,246,6.47368421053,45,114,.395,18,58,.310,8,12,.667,7,0.184210526316,16,0.421052631579,23,0.605263157895,43,1.13157894737,10,0.263157894737,2,0.0526315789474,27,0.710526315789,46,116,3.05263157895,
Brooks Thompson,ORL,1995-1996, 6-4,PG,25,33,246,7.45454545455,48,103,.466,25,64,.391,19,27,.704,4,0.121212121212,20,0.606060606061,24,0.727272727273,31,0.939393939394,12,0.363636363636,0,0.0,24,0.727272727273,35,140,4.24242424242,
Brooks Thompson,TOT,1996-1997, 6-4,PG,26,67,1055,15.7462686567,162,406,.399,97,244,.398,24,38,.632,18,0.268656716418,78,1.16417910448,96,1.4328358209,180,2.68656716418,55,0.820895522388,2,0.0298507462687,87,1.29850746269,126,445,6.64179104478,
Brooks Thompson,UTA,1996-1997, 6-4,PG,26,2,8,4.0,0,1,.000,0,0,.000,0,0,.000,0,0.0,0,0.0,0,0.0,1,0.5,0,0.0,0,0.0,1,0.5,1,0,0.0,
Brooks Thompson,DEN,1996-1997, 6-4,PG,26,65,1047,16.1076923077,162,405,.400,97,244,.398,24,38,.632,18,0.276923076923,78,1.2,96,1.47692307692,179,2.75384615385,55,0.846153846154,2,0.0307692307692,86,1.32307692308,125,445,6.84615384615,
Brooks Thompson,TOT,1997-1998, 6-4,PG,27,30,167,5.56666666667,23,56,.411,9,30,.300,4,8,.500,1,0.0333333333333,14,0.466666666667,15,0.5,27,0.9,10,0.333333333333,1,0.0333333333333,16,0.533333333333,22,59,1.96666666667,
Brooks Thompson,PHO,1997-1998, 6-4,PG,27,13,46,3.53846153846,10,27,.370,5,16,.313,1,3,.333,1,0.0769230769231,4,0.307692307692,5,0.384615384615,3,0.230769230769,4,0.307692307692,0,0.0,5,0.384615384615,6,26,2.0,
Brooks Thompson,NYK,1997-1998, 6-4,PG,27,17,121,7.11764705882,13,29,.448,4,14,.286,3,5,.600,0,0.0,10,0.588235294118,10,0.588235294118,24,1.41176470588,6,0.352941176471,1,0.0588235294118,11,0.647058823529,16,33,1.94117647059,
