Player,Team,Season,Height,Position,Age,G,MIN,MINPG,FGM,FGA,FGP,TPM,TPA,TPP,FTM,FTA,FTP,ORB,ORBPG,DRB,DRBPG,TRB,TRBPG,AST,ASTPG,STL,STLPG,BLK,BLKPG,TO,TOPG,PF,PTS,PTSPG,
Bruce Kuczenski,TOT,1983-1984, 6-10,PF,22,15,119,7.93333333333,10,37,.270,0,0,.000,8,12,.667,7,0.466666666667,16,1.06666666667,23,1.53333333333,8,0.533333333333,1,0.0666666666667,1,0.0666666666667,15,1.0,18,28,1.86666666667,
Bruce Kuczenski,NJN,1983-1984, 6-10,PF,22,7,28,4.0,4,12,.333,0,0,.000,3,6,.500,3,0.428571428571,5,0.714285714286,8,1.14285714286,4,0.571428571429,0,0.0,0,0.0,2,0.285714285714,3,11,1.57142857143,
Bruce Kuczenski,PHI,1983-1984, 6-10,PF,22,3,40,13.3333333333,1,8,.125,0,0,.000,1,2,.500,1,0.333333333333,5,1.66666666667,6,2.0,2,0.666666666667,1,0.333333333333,1,0.333333333333,5,1.66666666667,7,3,1.0,
Bruce Kuczenski,IND,1983-1984, 6-10,PF,22,5,51,10.2,5,17,.294,0,0,.000,4,4,1.000,3,0.6,6,1.2,9,1.8,2,0.4,0,0.0,0,0.0,8,1.6,8,14,2.8,
