Player,Team,Season,Height,Position,Age,G,MIN,MINPG,FGM,FGA,FGP,TPM,TPA,TPP,FTM,FTA,FTP,ORB,ORBPG,DRB,DRBPG,TRB,TRBPG,AST,ASTPG,STL,STLPG,BLK,BLKPG,TO,TOPG,PF,PTS,PTSPG,
Bruce Hale,TOT,1948-1949, 6-1,,30,52,.000,0.0,187,585,.320,.000,.000,.000,172,228,.754,.000,0.0,.000,0.0,.000,0.0,156,3.0,.000,0.0,.000,0.0,.000,0.0,112,546,10.5,
Bruce Hale,INJ,1948-1949, 6-1,,30,18,.000,0.0,78,237,.329,.000,.000,.000,70,92,.761,.000,0.0,.000,0.0,.000,0.0,69,3.83333333333,.000,0.0,.000,0.0,.000,0.0,40,226,12.5555555556,
Bruce Hale,FTW,1948-1949, 6-1,,30,34,.000,0.0,109,348,.313,.000,.000,.000,102,136,.750,.000,0.0,.000,0.0,.000,0.0,87,2.55882352941,.000,0.0,.000,0.0,.000,0.0,72,320,9.41176470588,
Bruce Hale,INO,1949-1950, 6-1,,31,64,.000,0.0,217,614,.353,.000,.000,.000,223,285,.782,.000,0.0,.000,0.0,.000,0.0,226,3.53125,.000,0.0,.000,0.0,.000,0.0,143,657,10.265625,
Bruce Hale,INO,1950-1951, 6-1,,32,26,.000,0.0,40,135,.296,.000,.000,.000,14,23,.609,.000,0.0,.000,0.0,49,1.88461538462,42,1.61538461538,.000,0.0,.000,0.0,.000,0.0,30,94,3.61538461538,
