Player,Team,Season,Height,Position,Age,G,MIN,MINPG,FGM,FGA,FGP,TPM,TPA,TPP,FTM,FTA,FTP,ORB,ORBPG,DRB,DRBPG,TRB,TRBPG,AST,ASTPG,STL,STLPG,BLK,BLKPG,TO,TOPG,PF,PTS,PTSPG,
Bruce Seals,UTS,1973-1974, 6-8,SF,20,78,1358,17.4102564103,229,605,.379,19,90,.211,68,108,.630,100,1.28205128205,179,2.29487179487,279,3.57692307692,54,0.692307692308,57,0.730769230769,57,0.730769230769,81,1.03846153846,199,545,6.98717948718,
Bruce Seals,UTS,1974-1975, 6-8,SF,21,35,371,10.6,60,142,.423,0,3,.000,20,26,.769,43,1.22857142857,54,1.54285714286,97,2.77142857143,13,0.371428571429,15,0.428571428571,16,0.457142857143,24,0.685714285714,67,140,4.0,
Bruce Seals,SEA,1975-1976, 6-8,SF,22,81,2435,30.0617283951,388,889,.436,.000,.000,.000,181,267,.678,157,1.93827160494,350,4.32098765432,507,6.25925925926,119,1.46913580247,64,0.79012345679,44,0.543209876543,.000,0.0,314,957,11.8148148148,
Bruce Seals,SEA,1976-1977, 6-8,PF,23,81,1977,24.4074074074,378,851,.444,.000,.000,.000,138,195,.708,118,1.45679012346,236,2.91358024691,354,4.37037037037,93,1.14814814815,49,0.604938271605,58,0.716049382716,.000,0.0,262,894,11.037037037,
Bruce Seals,SEA,1977-1978, 6-8,SF,24,73,1322,18.1095890411,230,551,.417,.000,.000,.000,111,175,.634,62,0.849315068493,164,2.24657534247,226,3.09589041096,81,1.1095890411,41,0.561643835616,33,0.452054794521,103,1.41095890411,210,571,7.82191780822,
