Player,Team,Season,Height,Position,Age,G,MIN,MINPG,FGM,FGA,FGP,TPM,TPA,TPP,FTM,FTA,FTP,ORB,ORBPG,DRB,DRBPG,TRB,TRBPG,AST,ASTPG,STL,STLPG,BLK,BLKPG,TO,TOPG,PF,PTS,PTSPG,
Bruce Flowers,CLE,1982-1983, 6-8,PF,25,53,699,13.1886792453,110,206,.534,0,2,.000,41,53,.774,71,1.33962264151,109,2.05660377358,180,3.39622641509,47,0.88679245283,19,0.358490566038,12,0.22641509434,43,0.811320754717,99,261,4.92452830189,
