Player,Team,Season,Height,Position,Age,G,MIN,MINPG,FGM,FGA,FGP,TPM,TPA,TPP,FTM,FTA,FTP,ORB,ORBPG,DRB,DRBPG,TRB,TRBPG,AST,ASTPG,STL,STLPG,BLK,BLKPG,TO,TOPG,PF,PTS,PTSPG,
Bryant Reeves,VAN,1995-1996, 7-0,C,22,77,2460,31.9480519481,401,877,.457,0,3,.000,219,299,.732,178,2.31168831169,392,5.09090909091,570,7.4025974026,109,1.41558441558,43,0.558441558442,55,0.714285714286,157,2.03896103896,226,1021,13.2597402597,
Bryant Reeves,VAN,1996-1997, 7-0,C,23,75,2777,37.0266666667,498,1025,.486,1,11,.091,216,307,.704,174,2.32,436,5.81333333333,610,8.13333333333,160,2.13333333333,29,0.386666666667,67,0.893333333333,175,2.33333333333,270,1213,16.1733333333,
Bryant Reeves,VAN,1997-1998, 7-0,C,24,74,2527,34.1486486486,492,941,.523,0,4,.000,223,316,.706,196,2.64864864865,389,5.25675675676,585,7.90540540541,155,2.09459459459,39,0.527027027027,80,1.08108108108,156,2.10810810811,278,1207,16.3108108108,
Bryant Reeves,VAN,1998-1999, 7-0,C,25,25,702,28.08,102,251,.406,0,1,.000,67,116,.578,50,2.0,88,3.52,138,5.52,37,1.48,13,0.52,8,0.32,47,1.88,103,271,10.84,
Bryant Reeves,VAN,1999-2000, 7-0,C,26,69,1773,25.6956521739,252,562,.448,0,4,.000,107,165,.648,126,1.82608695652,264,3.82608695652,390,5.65217391304,82,1.1884057971,33,0.478260869565,38,0.550724637681,119,1.72463768116,245,611,8.85507246377,
Bryant Reeves,VAN,2000-2001, 7-0,C,27,75,1832,24.4266666667,254,552,.460,1,4,.250,113,142,.796,132,1.76,320,4.26666666667,452,6.02666666667,80,1.06666666667,43,0.573333333333,54,0.72,90,1.2,243,622,8.29333333333,
