Player,Team,Season,Height,Position,Age,G,MIN,MINPG,FGM,FGA,FGP,TPM,TPA,TPP,FTM,FTA,FTP,ORB,ORBPG,DRB,DRBPG,TRB,TRBPG,AST,ASTPG,STL,STLPG,BLK,BLKPG,TO,TOPG,PF,PTS,PTSPG,
Bryce Drew,HOU,1998-1999, 6-2,PG,24,34,441,12.9705882353,47,129,.364,16,49,.327,8,8,1.000,3,0.0882352941176,29,0.852941176471,32,0.941176470588,52,1.52941176471,12,0.352941176471,4,0.117647058824,31,0.911764705882,61,118,3.47058823529,
Bryce Drew,HOU,1999-2000, 6-2,PG,25,72,1293,17.9583333333,158,413,.383,59,163,.362,45,53,.849,23,0.319444444444,80,1.11111111111,103,1.43055555556,162,2.25,41,0.569444444444,1,0.0138888888889,66,0.916666666667,79,420,5.83333333333,
Bryce Drew,CHI,2000-2001, 6-2,PG,26,48,1305,27.1875,124,327,.379,40,105,.381,14,19,.737,12,0.25,57,1.1875,69,1.4375,185,3.85416666667,32,0.666666666667,3,0.0625,68,1.41666666667,99,302,6.29166666667,
Bryce Drew,CHH,2001-2002, 6-2,PG,27,61,774,12.6885245902,78,182,.429,31,73,.425,23,29,.793,14,0.229508196721,58,0.950819672131,72,1.18032786885,101,1.65573770492,32,0.524590163934,2,0.0327868852459,33,0.540983606557,49,210,3.44262295082,
Bryce Drew,NOH,2002-2003, 6-2,PG,28,13,79,6.07692307692,8,27,.296,3,7,.429,0,0,.000,4,0.307692307692,9,0.692307692308,13,1.0,11,0.846153846154,2,0.153846153846,0,0.0,3,0.230769230769,2,19,1.46153846154,
Bryce Drew,NOH,2003-2004, 6-2,PG,29,15,78,5.2,4,18,.222,1,7,.143,3,3,1.000,0,0.0,6,0.4,6,0.4,13,0.866666666667,4,0.266666666667,0,0.0,8,0.533333333333,1,12,0.8,
