Player,Team,Season,Height,Position,Age,G,MIN,MINPG,FGM,FGA,FGP,TPM,TPA,TPP,FTM,FTA,FTP,ORB,ORBPG,DRB,DRBPG,TRB,TRBPG,AST,ASTPG,STL,STLPG,BLK,BLKPG,TO,TOPG,PF,PTS,PTSPG,
Bubba Wells,DAL,1997-1998, 6-5,SG,23,39,395,10.1282051282,48,116,.414,1,6,.167,31,43,.721,22,0.564102564103,46,1.17948717949,68,1.74358974359,34,0.871794871795,15,0.384615384615,4,0.102564102564,31,0.794871794872,40,128,3.28205128205,
