Player,Team,Season,Height,Position,Age,G,MIN,MINPG,FGM,FGA,FGP,TPM,TPA,TPP,FTM,FTA,FTP,ORB,ORBPG,DRB,DRBPG,TRB,TRBPG,AST,ASTPG,STL,STLPG,BLK,BLKPG,TO,TOPG,PF,PTS,PTSPG,
Buck Johnson,HOU,1986-1987, 6-7,SF,23,60,520,8.66666666667,94,201,.468,0,1,.000,40,58,.690,38,0.633333333333,50,0.833333333333,88,1.46666666667,40,0.666666666667,17,0.283333333333,15,0.25,37,0.616666666667,81,228,3.8,
Buck Johnson,HOU,1987-1988, 6-7,SF,24,70,879,12.5571428571,155,298,.520,1,8,.125,67,91,.736,77,1.1,91,1.3,168,2.4,49,0.7,30,0.428571428571,26,0.371428571429,54,0.771428571429,127,378,5.4,
Buck Johnson,HOU,1988-1989, 6-7,SF,25,67,1850,27.6119402985,270,515,.524,1,9,.111,101,134,.754,114,1.70149253731,172,2.5671641791,286,4.26865671642,126,1.88059701493,64,0.955223880597,35,0.522388059701,110,1.64179104478,213,642,9.58208955224,
Buck Johnson,HOU,1989-1990, 6-7,SF,26,82,2832,34.5365853659,504,1019,.495,2,17,.118,205,270,.759,113,1.37804878049,268,3.26829268293,381,4.64634146341,252,3.07317073171,104,1.26829268293,62,0.756097560976,167,2.03658536585,321,1215,14.8170731707,
Buck Johnson,HOU,1990-1991, 6-7,SF,27,73,2279,31.2191780822,416,873,.477,2,15,.133,157,216,.727,108,1.47945205479,222,3.04109589041,330,4.52054794521,142,1.94520547945,81,1.1095890411,47,0.643835616438,122,1.67123287671,240,991,13.5753424658,
Buck Johnson,HOU,1991-1992, 6-7,SF,28,80,2202,27.525,290,633,.458,1,9,.111,104,143,.727,95,1.1875,217,2.7125,312,3.9,158,1.975,72,0.9,49,0.6125,104,1.3,234,685,8.5625,
Buck Johnson,WSB,1992-1993, 6-7,SF,29,73,1287,17.6301369863,193,403,.479,0,3,.000,92,126,.730,78,1.06849315068,117,1.60273972603,195,2.67123287671,89,1.21917808219,36,0.493150684932,18,0.246575342466,70,0.958904109589,187,478,6.54794520548,
