Player,Team,Season,Height,Position,Age,G,MIN,MINPG,FGM,FGA,FGP,TPM,TPA,TPP,FTM,FTA,FTP,ORB,ORBPG,DRB,DRBPG,TRB,TRBPG,AST,ASTPG,STL,STLPG,BLK,BLKPG,TO,TOPG,PF,PTS,PTSPG,
Bud Stallworth,SEA,1972-1973, 6-5,SF,23,77,1225,15.9090909091,198,522,.379,.000,.000,.000,86,114,.754,.000,0.0,.000,0.0,225,2.92207792208,58,0.753246753247,.000,0.0,.000,0.0,.000,0.0,138,482,6.25974025974,
Bud Stallworth,SEA,1973-1974, 6-5,SF,24,67,1019,15.2089552239,188,479,.392,.000,.000,.000,48,77,.623,51,0.761194029851,123,1.83582089552,174,2.59701492537,33,0.492537313433,21,0.313432835821,12,0.179104477612,.000,0.0,129,424,6.32835820896,
Bud Stallworth,NOJ,1974-1975, 6-5,SF,25,73,1668,22.8493150685,298,710,.420,.000,.000,.000,125,182,.687,78,1.06849315068,168,2.30136986301,246,3.3698630137,46,0.630136986301,59,0.808219178082,11,0.150684931507,.000,0.0,208,721,9.87671232877,
Bud Stallworth,NOJ,1975-1976, 6-5,SF,26,56,1051,18.7678571429,211,483,.437,.000,.000,.000,85,124,.685,42,0.75,103,1.83928571429,145,2.58928571429,53,0.946428571429,30,0.535714285714,17,0.303571428571,.000,0.0,135,507,9.05357142857,
Bud Stallworth,NOJ,1976-1977, 6-5,SF,27,40,526,13.15,126,272,.463,.000,.000,.000,17,29,.586,19,0.475,52,1.3,71,1.775,23,0.575,19,0.475,11,0.275,.000,0.0,76,269,6.725,
