Player,Team,Season,Height,Position,Age,G,MIN,MINPG,FGM,FGA,FGP,TPM,TPA,TPP,FTM,FTA,FTP,ORB,ORBPG,DRB,DRBPG,TRB,TRBPG,AST,ASTPG,STL,STLPG,BLK,BLKPG,TO,TOPG,PF,PTS,PTSPG,
Bud Palmer,NYK,1946-1947, 6-4,,25,42,.000,0.0,160,521,.307,.000,.000,.000,81,121,.669,.000,0.0,.000,0.0,.000,0.0,34,0.809523809524,.000,0.0,.000,0.0,.000,0.0,110,401,9.54761904762,
Bud Palmer,NYK,1947-1948, 6-4,,26,48,.000,0.0,224,710,.315,.000,.000,.000,174,234,.744,.000,0.0,.000,0.0,.000,0.0,45,0.9375,.000,0.0,.000,0.0,.000,0.0,149,622,12.9583333333,
Bud Palmer,NYK,1948-1949, 6-4,,27,58,.000,0.0,240,685,.350,.000,.000,.000,234,307,.762,.000,0.0,.000,0.0,.000,0.0,108,1.86206896552,.000,0.0,.000,0.0,.000,0.0,206,714,12.3103448276,
