Player,Team,Season,Height,Position,Age,G,MIN,MINPG,FGM,FGA,FGP,TPM,TPA,TPP,FTM,FTA,FTP,ORB,ORBPG,DRB,DRBPG,TRB,TRBPG,AST,ASTPG,STL,STLPG,BLK,BLKPG,TO,TOPG,PF,PTS,PTSPG,
Buddy O'Grady,WSC,1946-1947, 5-11,,27,55,.000,0.0,55,231,.238,.000,.000,.000,38,53,.717,.000,0.0,.000,0.0,.000,0.0,20,0.363636363636,.000,0.0,.000,0.0,.000,0.0,60,148,2.69090909091,
Buddy O'Grady,STB,1947-1948, 5-11,,28,44,.000,0.0,67,257,.261,.000,.000,.000,36,54,.667,.000,0.0,.000,0.0,.000,0.0,9,0.204545454545,.000,0.0,.000,0.0,.000,0.0,61,170,3.86363636364,
Buddy O'Grady,TOT,1948-1949, 5-11,,29,47,.000,0.0,85,293,.290,.000,.000,.000,49,71,.690,.000,0.0,.000,0.0,.000,0.0,68,1.44680851064,.000,0.0,.000,0.0,.000,0.0,57,219,4.65957446809,
Buddy O'Grady,STB,1948-1949, 5-11,,29,30,.000,0.0,52,176,.295,.000,.000,.000,34,46,.739,.000,0.0,.000,0.0,.000,0.0,43,1.43333333333,.000,0.0,.000,0.0,.000,0.0,36,138,4.6,
Buddy O'Grady,PRO,1948-1949, 5-11,,29,17,.000,0.0,33,117,.282,.000,.000,.000,15,25,.600,.000,0.0,.000,0.0,.000,0.0,25,1.47058823529,.000,0.0,.000,0.0,.000,0.0,21,81,4.76470588235,
