Player,Team,Season,Height,Position,Age,G,MIN,MINPG,FGM,FGA,FGP,TPM,TPA,TPP,FTM,FTA,FTP,ORB,ORBPG,DRB,DRBPG,TRB,TRBPG,AST,ASTPG,STL,STLPG,BLK,BLKPG,TO,TOPG,PF,PTS,PTSPG,
Butch Carter,LAL,1980-1981, 6-5,SF,22,54,672,12.4444444444,114,247,.462,3,10,.300,70,95,.737,34,0.62962962963,31,0.574074074074,65,1.2037037037,52,0.962962962963,23,0.425925925926,1,0.0185185185185,50,0.925925925926,99,301,5.57407407407,
Butch Carter,IND,1981-1982, 6-5,SG,23,75,1035,13.8,188,402,.468,8,25,.320,58,70,.829,30,0.4,49,0.653333333333,79,1.05333333333,60,0.8,34,0.453333333333,11,0.146666666667,54,0.72,110,442,5.89333333333,
Butch Carter,IND,1982-1983, 6-5,SG,24,81,1716,21.1851851852,354,706,.501,17,51,.333,124,154,.805,62,0.765432098765,88,1.08641975309,150,1.85185185185,194,2.3950617284,78,0.962962962963,13,0.16049382716,118,1.45679012346,207,849,10.4814814815,
Butch Carter,IND,1983-1984, 6-5,SG,25,73,2045,28.0136986301,413,862,.479,15,46,.326,136,178,.764,70,0.958904109589,83,1.13698630137,153,2.09589041096,206,2.82191780822,128,1.75342465753,13,0.178082191781,141,1.93150684932,211,977,13.3835616438,
Butch Carter,NYK,1984-1985, 6-5,SG,26,69,1279,18.5362318841,214,476,.450,11,43,.256,109,134,.813,36,0.521739130435,59,0.855072463768,95,1.3768115942,167,2.42028985507,57,0.826086956522,5,0.0724637681159,109,1.57971014493,151,548,7.94202898551,
Butch Carter,TOT,1985-1986, 6-5,SG,27,9,67,7.44444444444,7,24,.292,0,1,.000,6,7,.857,2,0.222222222222,2,0.222222222222,4,0.444444444444,4,0.444444444444,1,0.111111111111,0,0.0,7,0.777777777778,14,20,2.22222222222,
Butch Carter,NYK,1985-1986, 6-5,SG,27,5,31,6.2,2,8,.250,0,1,.000,1,1,1.000,2,0.4,1,0.2,3,0.6,3,0.6,1,0.2,0,0.0,6,1.2,6,5,1.0,
Butch Carter,PHI,1985-1986, 6-5,SG,27,4,36,9.0,5,16,.313,0,0,.000,5,6,.833,0,0.0,1,0.25,1,0.25,1,0.25,0,0.0,0,0.0,1,0.25,8,15,3.75,
