Player,Team,Season,Height,Position,Age,G,MIN,MINPG,FGM,FGA,FGP,TPM,TPA,TPP,FTM,FTA,FTP,ORB,ORBPG,DRB,DRBPG,TRB,TRBPG,AST,ASTPG,STL,STLPG,BLK,BLKPG,TO,TOPG,PF,PTS,PTSPG,
Byron Dinkins,HOU,1989-1990, 6-1,PG,22,33,362,10.9696969697,44,109,.404,1,9,.111,26,30,.867,13,0.393939393939,27,0.818181818182,40,1.21212121212,75,2.27272727273,19,0.575757575758,2,0.0606060606061,37,1.12121212121,30,115,3.48484848485,
Byron Dinkins,TOT,1990-1991, 6-1,PG,23,12,149,12.4166666667,14,34,.412,0,0,.000,8,9,.889,0,0.0,12,1.0,12,1.0,19,1.58333333333,2,0.166666666667,0,0.0,13,1.08333333333,15,36,3.0,
Byron Dinkins,SAS,1990-1991, 6-1,PG,23,10,144,14.4,13,33,.394,0,0,.000,8,9,.889,0,0.0,11,1.1,11,1.1,19,1.9,2,0.2,0,0.0,13,1.3,12,34,3.4,
Byron Dinkins,IND,1990-1991, 6-1,PG,23,2,5,2.5,1,1,1.000,0,0,.000,0,0,.000,0,0.0,1,0.5,1,0.5,0,0.0,0,0.0,0,0.0,0,0.0,3,2,1.0,
