Player,Team,Season,Height,Position,Age,G,MIN,MINPG,FGM,FGA,FGP,TPM,TPA,TPP,FTM,FTA,FTP,ORB,ORBPG,DRB,DRBPG,TRB,TRBPG,AST,ASTPG,STL,STLPG,BLK,BLKPG,TO,TOPG,PF,PTS,PTSPG,
Byron Houston,GSW,1992-1993, 6-5,SG,23,79,1274,16.1265822785,145,325,.446,2,7,.286,129,194,.665,119,1.50632911392,196,2.48101265823,315,3.98734177215,69,0.873417721519,44,0.556962025316,43,0.544303797468,87,1.10126582278,253,421,5.32911392405,
Byron Houston,GSW,1993-1994, 6-5,SF,24,71,866,12.1971830986,81,177,.458,1,7,.143,33,54,.611,67,0.943661971831,127,1.78873239437,194,2.7323943662,32,0.450704225352,33,0.464788732394,31,0.43661971831,49,0.69014084507,181,196,2.76056338028,
Byron Houston,SEA,1994-1995, 6-5,SF,25,39,258,6.61538461538,49,107,.458,6,22,.273,28,38,.737,20,0.512820512821,35,0.897435897436,55,1.41025641026,6,0.153846153846,13,0.333333333333,5,0.128205128205,20,0.512820512821,50,132,3.38461538462,
Byron Houston,SAC,1995-1996, 6-5,SF,26,25,276,11.04,32,64,.500,1,3,.333,21,26,.808,31,1.24,53,2.12,84,3.36,7,0.28,13,0.52,7,0.28,17,0.68,59,86,3.44,
