Player,Team,Season,Height,Position,Age,G,MIN,MINPG,FGM,FGA,FGP,TPM,TPA,TPP,FTM,FTA,FTP,ORB,ORBPG,DRB,DRBPG,TRB,TRBPG,AST,ASTPG,STL,STLPG,BLK,BLKPG,TO,TOPG,PF,PTS,PTSPG,
Byron Mullens,OKC,2009-2010, 7-0,PF,20,13,54,4.15384615385,7,19,.368,0,0,.000,0,0,.000,3,0.230769230769,7,0.538461538462,10,0.769230769231,1,0.0769230769231,2,0.153846153846,0,0.0,4,0.307692307692,13,14,1.07692307692,
Byron Mullens,OKC,2010-2011, 7-0,PF,21,13,85,6.53846153846,9,28,.321,0,0,.000,7,14,.500,6,0.461538461538,18,1.38461538462,24,1.84615384615,0,0.0,2,0.153846153846,3,0.230769230769,8,0.615384615385,11,25,1.92307692308,
Byron Mullens,CHA,2011-2012, 7-0,C,22,65,1465,22.5384615385,251,591,.425,12,51,.235,92,112,.821,96,1.47692307692,231,3.55384615385,327,5.03076923077,57,0.876923076923,21,0.323076923077,52,0.8,74,1.13846153846,137,606,9.32307692308,
Byron Mullens,CHA,2012-2013, 7-0,PF,23,45,1283,28.5111111111,200,519,.385,59,188,.314,53,76,.697,67,1.48888888889,245,5.44444444444,312,6.93333333333,68,1.51111111111,31,0.688888888889,27,0.6,69,1.53333333333,93,512,11.3777777778,
