Player,Team,Season,Height,Position,Age,G,MIN,MINPG,FGM,FGA,FGP,TPM,TPA,TPP,FTM,FTA,FTP,ORB,ORBPG,DRB,DRBPG,TRB,TRBPG,AST,ASTPG,STL,STLPG,BLK,BLKPG,TO,TOPG,PF,PTS,PTSPG,
C.J. Miles,UTA,2005-2006, 6-6,PG,18,23,203,8.82608695652,28,76,.368,5,20,.250,18,24,.750,18,0.782608695652,20,0.869565217391,38,1.65217391304,16,0.695652173913,7,0.304347826087,2,0.0869565217391,9,0.391304347826,20,79,3.4347826087,
C.J. Miles,UTA,2006-2007, 6-6,SG,19,37,373,10.0810810811,40,116,.345,7,32,.219,14,23,.609,11,0.297297297297,24,0.648648648649,35,0.945945945946,25,0.675675675676,11,0.297297297297,4,0.108108108108,28,0.756756756757,60,101,2.72972972973,
C.J. Miles,UTA,2007-2008, 6-6,SG,20,60,689,11.4833333333,113,236,.479,30,77,.390,41,52,.788,16,0.266666666667,62,1.03333333333,78,1.3,53,0.883333333333,32,0.533333333333,8,0.133333333333,27,0.45,98,297,4.95,
C.J. Miles,UTA,2008-2009, 6-6,SG,21,72,1623,22.5416666667,258,562,.459,63,179,.352,78,89,.876,45,0.625,122,1.69444444444,167,2.31944444444,107,1.48611111111,46,0.638888888889,15,0.208333333333,64,0.888888888889,187,657,9.125,
C.J. Miles,UTA,2009-2010, 6-6,SF,22,63,1497,23.7619047619,241,562,.429,74,217,.341,66,95,.695,42,0.666666666667,126,2.0,168,2.66666666667,105,1.66666666667,58,0.920634920635,17,0.269841269841,81,1.28571428571,190,622,9.87301587302,
C.J. Miles,UTA,2010-2011, 6-6,SF,23,78,1969,25.2435897436,366,899,.407,109,339,.322,159,196,.811,54,0.692307692308,201,2.57692307692,255,3.26923076923,135,1.73076923077,74,0.948717948718,38,0.487179487179,93,1.19230769231,221,1000,12.8205128205,
C.J. Miles,UTA,2011-2012, 6-6,SG,24,56,1145,20.4464285714,177,465,.381,46,150,.307,108,136,.794,27,0.482142857143,89,1.58928571429,116,2.07142857143,69,1.23214285714,46,0.821428571429,18,0.321428571429,53,0.946428571429,122,508,9.07142857143,
C.J. Miles,CLE,2012-2013, 6-6,SF,25,54,1152,21.3333333333,217,518,.419,107,278,.385,69,78,.885,18,0.333333333333,127,2.35185185185,145,2.68518518519,43,0.796296296296,43,0.796296296296,14,0.259259259259,59,1.09259259259,120,610,11.2962962963,
