Player,Team,Season,Height,Position,Age,G,MIN,MINPG,FGM,FGA,FGP,TPM,TPA,TPP,FTM,FTA,FTP,ORB,ORBPG,DRB,DRBPG,TRB,TRBPG,AST,ASTPG,STL,STLPG,BLK,BLKPG,TO,TOPG,PF,PTS,PTSPG,
Cal Ramsey,TOT,1959-1960, 6-4,SF,22,11,195,17.7272727273,39,96,.406,.000,.000,.000,19,33,.576,.000,0.0,.000,0.0,66,6.0,9,0.818181818182,.000,0.0,.000,0.0,.000,0.0,25,97,8.81818181818,
Cal Ramsey,STL,1959-1960, 6-4,SF,22,4,35,8.75,7,19,.368,.000,.000,.000,3,4,.750,.000,0.0,.000,0.0,19,4.75,0,0.0,.000,0.0,.000,0.0,.000,0.0,4,17,4.25,
Cal Ramsey,NYK,1959-1960, 6-4,SF,22,7,160,22.8571428571,32,77,.416,.000,.000,.000,16,29,.552,.000,0.0,.000,0.0,47,6.71428571429,9,1.28571428571,.000,0.0,.000,0.0,.000,0.0,21,80,11.4285714286,
Cal Ramsey,SYR,1960-1961, 6-4,SF,23,2,27,13.5,2,11,.182,.000,.000,.000,2,4,.500,.000,0.0,.000,0.0,7,3.5,3,1.5,.000,0.0,.000,0.0,.000,0.0,7,6,3.0,
