Player,Team,Season,Height,Position,Age,G,MIN,MINPG,FGM,FGA,FGP,TPM,TPA,TPP,FTM,FTA,FTP,ORB,ORBPG,DRB,DRBPG,TRB,TRBPG,AST,ASTPG,STL,STLPG,BLK,BLKPG,TO,TOPG,PF,PTS,PTSPG,
Cal Christensen,TRI,1950-1951, 6-5,SF,23,67,.000,0.0,134,445,.301,.000,.000,.000,175,245,.714,.000,0.0,.000,0.0,523,7.80597014925,161,2.40298507463,.000,0.0,.000,0.0,.000,0.0,266,443,6.61194029851,
Cal Christensen,MLH,1951-1952, 6-5,SF,24,24,374,15.5833333333,29,96,.302,.000,.000,.000,30,57,.526,.000,0.0,.000,0.0,82,3.41666666667,34,1.41666666667,.000,0.0,.000,0.0,.000,0.0,47,88,3.66666666667,
Cal Christensen,ROC,1952-1953, 6-5,SF,25,59,777,13.1694915254,72,230,.313,.000,.000,.000,68,114,.596,.000,0.0,.000,0.0,199,3.37288135593,54,0.915254237288,.000,0.0,.000,0.0,.000,0.0,148,212,3.59322033898,
Cal Christensen,ROC,1953-1954, 6-5,SF,26,70,1654,23.6285714286,137,395,.347,.000,.000,.000,138,261,.529,.000,0.0,.000,0.0,395,5.64285714286,107,1.52857142857,.000,0.0,.000,0.0,.000,0.0,196,412,5.88571428571,
Cal Christensen,ROC,1954-1955, 6-5,SF,27,71,1204,16.9577464789,114,305,.374,.000,.000,.000,124,206,.602,.000,0.0,.000,0.0,388,5.46478873239,104,1.46478873239,.000,0.0,.000,0.0,.000,0.0,174,352,4.95774647887,
