Player,Team,Season,Height,Position,Age,G,MIN,MINPG,FGM,FGA,FGP,TPM,TPA,TPP,FTM,FTA,FTP,ORB,ORBPG,DRB,DRBPG,TRB,TRBPG,AST,ASTPG,STL,STLPG,BLK,BLKPG,TO,TOPG,PF,PTS,PTSPG,
Carey Scurry,UTA,1985-1986, 6-7,SF,23,78,1168,14.9743589744,142,301,.472,1,11,.091,78,126,.619,97,1.24358974359,145,1.85897435897,242,3.10256410256,85,1.08974358974,78,1.0,66,0.846153846154,96,1.23076923077,171,363,4.65384615385,
Carey Scurry,UTA,1986-1987, 6-7,SF,24,69,753,10.9130434783,123,247,.498,4,13,.308,94,134,.701,97,1.40579710145,101,1.46376811594,198,2.86956521739,57,0.826086956522,55,0.797101449275,54,0.782608695652,56,0.811594202899,124,344,4.98550724638,
Carey Scurry,TOT,1987-1988, 6-7,SF,25,33,455,13.7878787879,55,118,.466,3,8,.375,27,39,.692,30,0.909090909091,54,1.63636363636,84,2.54545454545,50,1.51515151515,49,1.48484848485,23,0.69696969697,43,1.30303030303,81,140,4.24242424242,
Carey Scurry,UTA,1987-1988, 6-7,SF,25,29,447,15.4137931034,54,116,.466,3,8,.375,27,39,.692,29,1.0,52,1.79310344828,81,2.79310344828,49,1.68965517241,47,1.62068965517,22,0.758620689655,41,1.41379310345,78,138,4.75862068966,
Carey Scurry,NYK,1987-1988, 6-7,SF,25,4,8,2.0,1,2,.500,0,0,.000,0,0,.000,1,0.25,2,0.5,3,0.75,1,0.25,2,0.5,1,0.25,2,0.5,3,2,0.5,
