Player,Team,Season,Height,Position,Age,G,MIN,MINPG,FGM,FGA,FGP,TPM,TPA,TPP,FTM,FTA,FTP,ORB,ORBPG,DRB,DRBPG,TRB,TRBPG,AST,ASTPG,STL,STLPG,BLK,BLKPG,TO,TOPG,PF,PTS,PTSPG,
Carl Thomas,SAC,1991-1992, 6-4,SG,22,1,31,31.0,5,12,.417,1,2,.500,1,2,.500,0,0.0,0,0.0,0,0.0,1,1.0,1,1.0,0,0.0,1,1.0,3,12,12.0,
Carl Thomas,CLE,1996-1997, 6-4,SG,27,19,77,4.05263157895,9,24,.375,2,12,.167,1,1,1.000,3,0.157894736842,10,0.526315789474,13,0.684210526316,8,0.421052631579,2,0.105263157895,1,0.0526315789474,6,0.315789473684,7,21,1.10526315789,
Carl Thomas,TOT,1997-1998, 6-4,SG,28,43,426,9.90697674419,56,140,.400,20,59,.339,16,25,.640,10,0.232558139535,37,0.860465116279,47,1.09302325581,19,0.441860465116,21,0.488372093023,7,0.162790697674,18,0.418604651163,39,148,3.44186046512,
Carl Thomas,GSW,1997-1998, 6-4,SG,28,10,139,13.9,25,65,.385,5,21,.238,7,10,.700,4,0.4,6,0.6,10,1.0,9,0.9,5,0.5,1,0.1,6,0.6,12,62,6.2,
Carl Thomas,ORL,1997-1998, 6-4,SG,28,4,15,3.75,4,5,.800,0,0,.000,1,2,.500,0,0.0,0,0.0,0,0.0,1,0.25,0,0.0,1,0.25,0,0.0,0,9,2.25,
Carl Thomas,CLE,1997-1998, 6-4,SG,28,29,272,9.37931034483,27,70,.386,15,38,.395,8,13,.615,6,0.206896551724,31,1.06896551724,37,1.27586206897,9,0.310344827586,16,0.551724137931,5,0.172413793103,12,0.413793103448,27,77,2.65517241379,
