Player,Team,Season,Height,Position,Age,G,MIN,MINPG,FGM,FGA,FGP,TPM,TPA,TPP,FTM,FTA,FTP,ORB,ORBPG,DRB,DRBPG,TRB,TRBPG,AST,ASTPG,STL,STLPG,BLK,BLKPG,TO,TOPG,PF,PTS,PTSPG,
Carl Nicks,TOT,1980-1981, 6-1,PG,22,67,1109,16.552238806,172,359,.479,0,4,.000,71,126,.563,37,0.55223880597,73,1.08955223881,110,1.64179104478,149,2.22388059701,60,0.89552238806,3,0.044776119403,116,1.73134328358,141,415,6.19402985075,
Carl Nicks,DEN,1980-1981, 6-1,PG,22,27,493,18.2592592593,65,149,.436,0,1,.000,35,59,.593,13,0.481481481481,36,1.33333333333,49,1.81481481481,80,2.96296296296,28,1.03703703704,2,0.0740740740741,63,2.33333333333,52,165,6.11111111111,
Carl Nicks,UTA,1980-1981, 6-1,PG,22,40,616,15.4,107,210,.510,0,3,.000,36,67,.537,24,0.6,37,0.925,61,1.525,69,1.725,32,0.8,1,0.025,53,1.325,89,250,6.25,
Carl Nicks,UTA,1981-1982, 6-1,SG,23,80,1322,16.525,252,555,.454,0,5,.000,85,150,.567,67,0.8375,94,1.175,161,2.0125,89,1.1125,66,0.825,4,0.05,101,1.2625,184,589,7.3625,
Carl Nicks,CLE,1982-1983, 6-1,SG,24,9,148,16.4444444444,26,59,.441,0,1,.000,11,17,.647,8,0.888888888889,18,2.0,26,2.88888888889,11,1.22222222222,6,0.666666666667,0,0.0,11,1.22222222222,17,63,7.0,
