Player,Team,Season,Height,Position,Age,G,MIN,MINPG,FGM,FGA,FGP,TPM,TPA,TPP,FTM,FTA,FTP,ORB,ORBPG,DRB,DRBPG,TRB,TRBPG,AST,ASTPG,STL,STLPG,BLK,BLKPG,TO,TOPG,PF,PTS,PTSPG,
Carl Meinhold,BLB,1947-1948, 6-2,,21,48,.000,0.0,108,356,.303,.000,.000,.000,37,60,.617,.000,0.0,.000,0.0,.000,0.0,16,0.333333333333,.000,0.0,.000,0.0,.000,0.0,64,253,5.27083333333,
Carl Meinhold,TOT,1948-1949, 6-2,,22,50,.000,0.0,101,306,.330,.000,.000,.000,61,96,.635,.000,0.0,.000,0.0,.000,0.0,47,0.94,.000,0.0,.000,0.0,.000,0.0,60,263,5.26,
Carl Meinhold,CHS,1948-1949, 6-2,,22,15,.000,0.0,16,36,.444,.000,.000,.000,9,13,.692,.000,0.0,.000,0.0,.000,0.0,9,0.6,.000,0.0,.000,0.0,.000,0.0,12,41,2.73333333333,
Carl Meinhold,PRO,1948-1949, 6-2,,22,35,.000,0.0,85,270,.315,.000,.000,.000,52,83,.627,.000,0.0,.000,0.0,.000,0.0,38,1.08571428571,.000,0.0,.000,0.0,.000,0.0,48,222,6.34285714286,
