Player,Team,Season,Height,Position,Age,G,MIN,MINPG,FGM,FGA,FGP,TPM,TPA,TPP,FTM,FTA,FTP,ORB,ORBPG,DRB,DRBPG,TRB,TRBPG,AST,ASTPG,STL,STLPG,BLK,BLKPG,TO,TOPG,PF,PTS,PTSPG,
Carlos Terry,WSB,1980-1981, 6-5,SG,24,26,504,19.3846153846,80,160,.500,0,6,.000,28,42,.667,43,1.65384615385,73,2.80769230769,116,4.46153846154,70,2.69230769231,27,1.03846153846,13,0.5,57,2.19230769231,68,188,7.23076923077,
Carlos Terry,WSB,1981-1982, 6-5,SG,25,13,60,4.61538461538,3,15,.200,0,3,.000,3,4,.750,5,0.384615384615,7,0.538461538462,12,0.923076923077,8,0.615384615385,3,0.230769230769,1,0.0769230769231,5,0.384615384615,15,9,0.692307692308,
Carlos Terry,WSB,1982-1983, 6-5,SG,26,55,514,9.34545454545,39,106,.368,0,2,.000,10,15,.667,27,0.490909090909,72,1.30909090909,99,1.8,46,0.836363636364,24,0.436363636364,13,0.236363636364,20,0.363636363636,79,88,1.6,
