Player,Team,Season,Height,Position,Age,G,MIN,MINPG,FGM,FGA,FGP,TPM,TPA,TPP,FTM,FTA,FTP,ORB,ORBPG,DRB,DRBPG,TRB,TRBPG,AST,ASTPG,STL,STLPG,BLK,BLKPG,TO,TOPG,PF,PTS,PTSPG,
Carlos Clark,BOS,1983-1984, 6-4,SG,23,31,127,4.09677419355,19,52,.365,0,2,.000,16,18,.889,7,0.225806451613,10,0.322580645161,17,0.548387096774,17,0.548387096774,8,0.258064516129,1,0.0322580645161,12,0.387096774194,13,54,1.74193548387,
Carlos Clark,BOS,1984-1985, 6-4,SG,24,62,562,9.06451612903,64,152,.421,0,5,.000,41,53,.774,29,0.467741935484,40,0.645161290323,69,1.11290322581,48,0.774193548387,35,0.564516129032,2,0.0322580645161,42,0.677419354839,66,169,2.72580645161,
