Player,Team,Season,Height,Position,Age,G,MIN,MINPG,FGM,FGA,FGP,TPM,TPA,TPP,FTM,FTA,FTP,ORB,ORBPG,DRB,DRBPG,TRB,TRBPG,AST,ASTPG,STL,STLPG,BLK,BLKPG,TO,TOPG,PF,PTS,PTSPG,
Carl Fuller,FLO,1970-1971, 6-9,C,25,70,1151,16.4428571429,170,372,.457,0,1,.000,72,120,.600,102,1.45714285714,228,3.25714285714,330,4.71428571429,54,0.771428571429,.000,0.0,.000,0.0,75,1.07142857143,209,412,5.88571428571,
Carl Fuller,FLO,1971-1972, 6-9,C,26,6,63,10.5,6,14,.429,0,0,.000,9,15,.600,7,1.16666666667,21,3.5,28,4.66666666667,6,1.0,.000,0.0,.000,0.0,7,1.16666666667,11,21,3.5,
