Player,Team,Season,Height,Position,Age,G,MIN,MINPG,FGM,FGA,FGP,TPM,TPA,TPP,FTM,FTA,FTP,ORB,ORBPG,DRB,DRBPG,TRB,TRBPG,AST,ASTPG,STL,STLPG,BLK,BLKPG,TO,TOPG,PF,PTS,PTSPG,
Carlos Delfino,DET,2004-2005, 6-6,SG,22,30,459,15.3,42,117,.359,9,35,.257,23,40,.575,13,0.433333333333,42,1.4,55,1.83333333333,38,1.26666666667,22,0.733333333333,6,0.2,23,0.766666666667,44,116,3.86666666667,
Carlos Delfino,DET,2005-2006, 6-6,SG,23,68,726,10.6764705882,91,226,.403,20,60,.333,45,67,.672,28,0.411764705882,85,1.25,113,1.66176470588,44,0.647058823529,21,0.308823529412,15,0.220588235294,36,0.529411764706,86,247,3.63235294118,
Carlos Delfino,DET,2006-2007, 6-6,SG,24,82,1372,16.7317073171,156,376,.415,46,138,.333,70,89,.787,67,0.817073170732,199,2.42682926829,266,3.24390243902,88,1.07317073171,46,0.560975609756,8,0.0975609756098,61,0.743902439024,97,428,5.21951219512,
Carlos Delfino,TOR,2007-2008, 6-6,SG,25,82,1928,23.512195122,251,632,.397,120,314,.382,116,156,.744,66,0.80487804878,293,3.57317073171,359,4.37804878049,145,1.76829268293,69,0.841463414634,11,0.134146341463,75,0.914634146341,177,738,9.0,
Carlos Delfino,MIL,2009-2010, 6-6,SF,27,75,2279,30.3866666667,299,732,.408,134,365,.367,93,119,.782,51,0.68,343,4.57333333333,394,5.25333333333,202,2.69333333333,80,1.06666666667,21,0.28,119,1.58666666667,138,825,11.0,
Carlos Delfino,MIL,2010-2011, 6-6,SF,28,49,1590,32.4489795918,200,513,.390,105,284,.370,60,75,.800,24,0.489795918367,176,3.59183673469,200,4.08163265306,112,2.28571428571,76,1.55102040816,8,0.163265306122,57,1.16326530612,72,565,11.5306122449,
Carlos Delfino,MIL,2011-2012, 6-6,SF,29,54,1537,28.462962963,182,453,.402,86,239,.360,38,48,.792,20,0.37037037037,188,3.48148148148,208,3.85185185185,123,2.27777777778,79,1.46296296296,10,0.185185185185,66,1.22222222222,99,488,9.03703703704,
Carlos Delfino,HOU,2012-2013, 6-6,SF,30,54,1383,25.6111111111,206,502,.410,135,345,.391,34,41,.829,9,0.166666666667,163,3.01851851852,172,3.18518518519,113,2.09259259259,52,0.962962962963,6,0.111111111111,62,1.14814814815,91,581,10.7592592593,
