Player,Team,Season,Height,Position,Age,G,MIN,MINPG,FGM,FGA,FGP,TPM,TPA,TPP,FTM,FTA,FTP,ORB,ORBPG,DRB,DRBPG,TRB,TRBPG,AST,ASTPG,STL,STLPG,BLK,BLKPG,TO,TOPG,PF,PTS,PTSPG,
Cartier Martin,CHA,2008-2009, 6-7,SF,24,33,266,8.06060606061,28,77,.364,10,33,.303,20,25,.800,7,0.212121212121,26,0.787878787879,33,1.0,13,0.393939393939,8,0.242424242424,4,0.121212121212,9,0.272727272727,33,86,2.60606060606,
Cartier Martin,TOT,2009-2010, 6-7,SF,25,18,390,21.6666666667,50,136,.368,17,49,.347,24,30,.800,25,1.38888888889,43,2.38888888889,68,3.77777777778,16,0.888888888889,11,0.611111111111,1,0.0555555555556,19,1.05555555556,48,141,7.83333333333,
Cartier Martin,GSW,2009-2010, 6-7,SF,25,10,276,27.6,32,88,.364,10,31,.323,16,21,.762,17,1.7,30,3.0,47,4.7,9,0.9,8,0.8,0,0.0,13,1.3,36,90,9.0,
Cartier Martin,WAS,2009-2010, 6-7,SF,25,8,114,14.25,18,48,.375,7,18,.389,8,9,.889,8,1.0,13,1.625,21,2.625,7,0.875,3,0.375,1,0.125,6,0.75,12,51,6.375,
Cartier Martin,WAS,2010-2011, 6-7,SG,26,52,542,10.4230769231,71,182,.390,39,99,.394,28,40,.700,20,0.384615384615,54,1.03846153846,74,1.42307692308,18,0.346153846154,18,0.346153846154,6,0.115384615385,16,0.307692307692,52,209,4.01923076923,
Cartier Martin,WAS,2011-2012, 6-7,SF,27,17,391,23.0,59,134,.440,29,75,.387,11,19,.579,12,0.705882352941,46,2.70588235294,58,3.41176470588,10,0.588235294118,11,0.647058823529,2,0.117647058824,13,0.764705882353,35,158,9.29411764706,
Cartier Martin,WAS,2012-2013, 6-7,SF,28,27,437,16.1851851852,58,158,.367,32,88,.364,10,14,.714,5,0.185185185185,54,2.0,59,2.18518518519,10,0.37037037037,16,0.592592592593,5,0.185185185185,16,0.592592592593,36,158,5.85185185185,
