Player,Team,Season,Height,Position,Age,G,MIN,MINPG,FGM,FGA,FGP,TPM,TPA,TPP,FTM,FTA,FTP,ORB,ORBPG,DRB,DRBPG,TRB,TRBPG,AST,ASTPG,STL,STLPG,BLK,BLKPG,TO,TOPG,PF,PTS,PTSPG,
Casey Jacobsen,PHO,2002-2003, 6-6,SF,21,72,1147,15.9305555556,122,327,.373,52,165,.315,72,105,.686,29,0.402777777778,54,0.75,83,1.15277777778,73,1.01388888889,35,0.486111111111,6,0.0833333333333,55,0.763888888889,90,368,5.11111111111,
Casey Jacobsen,PHO,2003-2004, 6-6,SF,22,78,1828,23.4358974359,150,360,.417,75,180,.417,91,111,.820,42,0.538461538462,159,2.03846153846,201,2.57692307692,98,1.25641025641,48,0.615384615385,9,0.115384615385,68,0.871794871795,144,466,5.97435897436,
Casey Jacobsen,TOT,2004-2005, 6-6,SG,23,84,1798,21.4047619048,165,408,.404,66,177,.373,151,192,.786,35,0.416666666667,132,1.57142857143,167,1.9880952381,113,1.34523809524,33,0.392857142857,8,0.0952380952381,71,0.845238095238,104,547,6.5119047619,
Casey Jacobsen,PHO,2004-2005, 6-6,SF,23,40,768,19.2,65,157,.414,34,89,.382,48,62,.774,17,0.425,50,1.25,67,1.675,37,0.925,11,0.275,1,0.025,27,0.675,56,212,5.3,
Casey Jacobsen,NOH,2004-2005, 6-6,SG,23,44,1030,23.4090909091,100,251,.398,32,88,.364,103,130,.792,18,0.409090909091,82,1.86363636364,100,2.27272727273,76,1.72727272727,22,0.5,7,0.159090909091,44,1.0,48,335,7.61363636364,
Casey Jacobsen,MEM,2007-2008, 6-6,SG,26,53,547,10.320754717,39,115,.339,16,72,.222,13,17,.765,12,0.22641509434,53,1.0,65,1.22641509434,20,0.377358490566,5,0.0943396226415,1,0.0188679245283,16,0.301886792453,34,107,2.01886792453,
