Player,Team,Season,Height,Position,Age,G,MIN,MINPG,FGM,FGA,FGP,TPM,TPA,TPP,FTM,FTA,FTP,ORB,ORBPG,DRB,DRBPG,TRB,TRBPG,AST,ASTPG,STL,STLPG,BLK,BLKPG,TO,TOPG,PF,PTS,PTSPG,
Cedrick Hordges,DEN,1980-1981, 6-8,PF,24,68,1599,23.5147058824,221,480,.460,0,3,.000,130,186,.699,120,1.76470588235,338,4.97058823529,458,6.73529411765,104,1.52941176471,33,0.485294117647,19,0.279411764706,120,1.76470588235,226,572,8.41176470588,
Cedrick Hordges,DEN,1981-1982, 6-8,PF,25,77,1372,17.8181818182,204,414,.493,3,13,.231,116,199,.583,119,1.54545454545,276,3.58441558442,395,5.12987012987,65,0.844155844156,26,0.337662337662,19,0.246753246753,111,1.44155844156,230,527,6.84415584416,
