Player,Team,Season,Height,Position,Age,G,MIN,MINPG,FGM,FGA,FGP,TPM,TPA,TPP,FTM,FTA,FTP,ORB,ORBPG,DRB,DRBPG,TRB,TRBPG,AST,ASTPG,STL,STLPG,BLK,BLKPG,TO,TOPG,PF,PTS,PTSPG,
Cezary Trybanski,MEM,2002-2003, 7-2,C,23,15,86,5.73333333333,5,20,.250,0,0,.000,4,10,.400,6,0.4,8,0.533333333333,14,0.933333333333,1,0.0666666666667,0,0.0,6,0.4,8,0.533333333333,13,14,0.933333333333,
Cezary Trybanski,TOT,2003-2004, 7-2,C,24,7,15,2.14285714286,0,4,.000,0,0,.000,1,2,.500,0,0.0,1,0.142857142857,1,0.142857142857,0,0.0,1,0.142857142857,1,0.142857142857,2,0.285714285714,3,1,0.142857142857,
Cezary Trybanski,PHO,2003-2004, 7-2,C,24,4,10,2.5,0,2,.000,0,0,.000,0,0,.000,0,0.0,1,0.25,1,0.25,0,0.0,0,0.0,1,0.25,2,0.5,1,0,0.0,
Cezary Trybanski,NYK,2003-2004, 7-2,C,24,3,5,1.66666666667,0,2,.000,0,0,.000,1,2,.500,0,0.0,0,0.0,0,0.0,0,0.0,1,0.333333333333,0,0.0,0,0.0,2,1,0.333333333333,
