Player,Team,Season,Height,Position,Age,G,MIN,MINPG,FGM,FGA,FGP,TPM,TPA,TPP,FTM,FTA,FTP,ORB,ORBPG,DRB,DRBPG,TRB,TRBPG,AST,ASTPG,STL,STLPG,BLK,BLKPG,TO,TOPG,PF,PTS,PTSPG,
Chandler Parsons,HOU,2011-2012, 6-9,SF,23,63,1804,28.6349206349,248,549,.452,60,178,.337,43,78,.551,90,1.42857142857,210,3.33333333333,300,4.7619047619,134,2.12698412698,73,1.15873015873,29,0.460317460317,81,1.28571428571,142,599,9.50793650794,
Chandler Parsons,HOU,2012-2013, 6-9,SF,24,64,2320,36.25,379,782,.485,132,336,.393,90,127,.709,73,1.140625,269,4.203125,342,5.34375,233,3.640625,69,1.078125,24,0.375,127,1.984375,127,980,15.3125,
