Player,Team,Season,Height,Position,Age,G,MIN,MINPG,FGM,FGA,FGP,TPM,TPA,TPP,FTM,FTA,FTP,ORB,ORBPG,DRB,DRBPG,TRB,TRBPG,AST,ASTPG,STL,STLPG,BLK,BLKPG,TO,TOPG,PF,PTS,PTSPG,
Charlie Bell,TOT,2001-2002, 6-3,SG,22,7,44,6.28571428571,3,11,.273,0,6,.000,2,2,1.000,2,0.285714285714,3,0.428571428571,5,0.714285714286,2,0.285714285714,0,0.0,0,0.0,5,0.714285714286,3,8,1.14285714286,
Charlie Bell,PHO,2001-2002, 6-3,SG,22,5,42,8.4,3,11,.273,0,6,.000,2,2,1.000,2,0.4,2,0.4,4,0.8,2,0.4,0,0.0,0,0.0,5,1.0,3,8,1.6,
Charlie Bell,DAL,2001-2002, 6-3,SG,22,2,2,1.0,0,0,.000,0,0,.000,0,0,.000,0,0.0,1,0.5,1,0.5,0,0.0,0,0.0,0,0.0,0,0.0,0,0,0.0,
Charlie Bell,MIL,2005-2006, 6-3,SG,26,59,1283,21.7457627119,180,410,.439,71,168,.423,63,89,.708,21,0.35593220339,99,1.67796610169,120,2.03389830508,130,2.20338983051,59,1.0,5,0.0847457627119,41,0.694915254237,126,494,8.37288135593,
Charlie Bell,MIL,2006-2007, 6-3,SG,27,82,2848,34.7317073171,426,974,.437,127,361,.352,131,168,.780,57,0.69512195122,181,2.20731707317,238,2.90243902439,247,3.01219512195,97,1.18292682927,4,0.0487804878049,104,1.26829268293,213,1110,13.5365853659,
Charlie Bell,MIL,2007-2008, 6-3,SG,28,68,1628,23.9411764706,185,486,.381,74,217,.341,70,87,.805,31,0.455882352941,136,2.0,167,2.45588235294,210,3.08823529412,52,0.764705882353,2,0.0294117647059,76,1.11764705882,121,514,7.55882352941,
Charlie Bell,MIL,2008-2009, 6-3,SG,29,70,1783,25.4714285714,217,524,.414,87,240,.363,66,80,.825,32,0.457142857143,102,1.45714285714,134,1.91428571429,151,2.15714285714,50,0.714285714286,7,0.1,76,1.08571428571,138,587,8.38571428571,
Charlie Bell,MIL,2009-2010, 6-3,SG,30,71,1611,22.6901408451,169,443,.381,73,200,.365,48,67,.716,31,0.43661971831,101,1.42253521127,132,1.85915492958,104,1.46478873239,39,0.549295774648,12,0.169014084507,54,0.760563380282,136,459,6.46478873239,
Charlie Bell,GSW,2010-2011, 6-3,SG,31,19,171,9.0,12,43,.279,6,21,.286,2,4,.500,6,0.315789473684,12,0.631578947368,18,0.947368421053,13,0.684210526316,6,0.315789473684,1,0.0526315789474,6,0.315789473684,13,32,1.68421052632,
