Player,Team,Season,Height,Position,Age,G,MIN,MINPG,FGM,FGA,FGP,TPM,TPA,TPP,FTM,FTA,FTP,ORB,ORBPG,DRB,DRBPG,TRB,TRBPG,AST,ASTPG,STL,STLPG,BLK,BLKPG,TO,TOPG,PF,PTS,PTSPG,
Charles Bradley,BOS,1981-1982, 6-5,SG,22,51,339,6.64705882353,55,122,.451,0,1,.000,42,62,.677,12,0.235294117647,26,0.509803921569,38,0.745098039216,22,0.43137254902,14,0.274509803922,6,0.117647058824,37,0.725490196078,61,152,2.98039215686,
Charles Bradley,BOS,1982-1983, 6-5,SG,23,51,532,10.431372549,69,176,.392,0,3,.000,46,90,.511,30,0.588235294118,48,0.941176470588,78,1.52941176471,28,0.549019607843,32,0.627450980392,27,0.529411764706,42,0.823529411765,84,184,3.60784313725,
Charles Bradley,SEA,1983-1984, 6-5,SG,24,8,39,4.875,3,7,.429,0,0,.000,5,7,.714,0,0.0,3,0.375,3,0.375,5,0.625,0,0.0,1,0.125,8,1.0,6,11,1.375,
