Player,Team,Season,Height,Position,Age,G,MIN,MINPG,FGM,FGA,FGP,TPM,TPA,TPP,FTM,FTA,FTP,ORB,ORBPG,DRB,DRBPG,TRB,TRBPG,AST,ASTPG,STL,STLPG,BLK,BLKPG,TO,TOPG,PF,PTS,PTSPG,
Charles Thomas,DET,1991-1992, 6-3,SG,22,36,156,4.33333333333,18,51,.353,2,17,.118,10,15,.667,6,0.166666666667,16,0.444444444444,22,0.611111111111,22,0.611111111111,4,0.111111111111,1,0.0277777777778,17,0.472222222222,20,48,1.33333333333,
