Player,Team,Season,Height,Position,Age,G,MIN,MINPG,FGM,FGA,FGP,TPM,TPA,TPP,FTM,FTA,FTP,ORB,ORBPG,DRB,DRBPG,TRB,TRBPG,AST,ASTPG,STL,STLPG,BLK,BLKPG,TO,TOPG,PF,PTS,PTSPG,
Charles Smith,TOT,1997-1998, 6-4,SG,22,34,292,8.58823529412,49,125,.392,15,47,.319,6,11,.545,13,0.382352941176,14,0.411764705882,27,0.794117647059,21,0.617647058824,12,0.352941176471,6,0.176470588235,27,0.794117647059,24,119,3.5,
Charles Smith,MIA,1997-1998, 6-4,SG,22,11,32,2.90909090909,4,18,.222,1,3,.333,1,2,.500,5,0.454545454545,3,0.272727272727,8,0.727272727273,2,0.181818181818,2,0.181818181818,1,0.0909090909091,6,0.545454545455,3,10,0.909090909091,
Charles Smith,LAC,1997-1998, 6-4,SG,22,23,260,11.3043478261,45,107,.421,14,44,.318,5,9,.556,8,0.347826086957,11,0.478260869565,19,0.826086956522,19,0.826086956522,10,0.434782608696,5,0.217391304348,21,0.913043478261,21,109,4.73913043478,
Charles Smith,LAC,1998-1999, 6-4,SG,23,23,317,13.7826086957,35,97,.361,7,33,.212,7,16,.438,7,0.304347826087,17,0.739130434783,24,1.04347826087,13,0.565217391304,17,0.739130434783,14,0.608695652174,20,0.869565217391,35,84,3.65217391304,
Charles Smith,SAS,2001-2002, 6-4,SG,26,60,1141,19.0166666667,182,428,.425,35,131,.267,42,65,.646,34,0.566666666667,99,1.65,133,2.21666666667,80,1.33333333333,52,0.866666666667,44,0.733333333333,59,0.983333333333,114,441,7.35,
Charles Smith,POR,2002-2003, 6-4,SG,27,3,13,4.33333333333,1,4,.250,0,1,.000,3,4,.750,0,0.0,0,0.0,0,0.0,1,0.333333333333,1,0.333333333333,0,0.0,1,0.333333333333,3,5,1.66666666667,
Charles Smith,TOT,2005-2006, 6-4,SG,30,22,210,9.54545454545,30,72,.417,15,38,.395,5,8,.625,3,0.136363636364,13,0.590909090909,16,0.727272727273,9,0.409090909091,5,0.227272727273,6,0.272727272727,4,0.181818181818,28,80,3.63636363636,
Charles Smith,POR,2005-2006, 6-4,SG,30,21,208,9.90476190476,30,71,.423,15,37,.405,5,8,.625,3,0.142857142857,13,0.619047619048,16,0.761904761905,9,0.428571428571,5,0.238095238095,6,0.285714285714,4,0.190476190476,27,80,3.80952380952,
Charles Smith,DEN,2005-2006, 6-4,SG,30,1,2,2.0,0,1,.000,0,1,.000,0,0,.000,0,0.0,0,0.0,0,0.0,0,0.0,0,0.0,0,0.0,0,0.0,1,0,0.0,
