Player,Team,Season,Height,Position,Age,G,MIN,MINPG,FGM,FGA,FGP,TPM,TPA,TPP,FTM,FTA,FTP,ORB,ORBPG,DRB,DRBPG,TRB,TRBPG,AST,ASTPG,STL,STLPG,BLK,BLKPG,TO,TOPG,PF,PTS,PTSPG,
Charles Shackleford,NJN,1988-1989, 6-10,C,22,60,484,8.06666666667,83,168,.494,0,1,.000,21,42,.500,50,0.833333333333,103,1.71666666667,153,2.55,21,0.35,15,0.25,18,0.3,27,0.45,71,187,3.11666666667,
Charles Shackleford,NJN,1989-1990, 6-10,C,23,70,1557,22.2428571429,247,535,.462,0,1,.000,79,115,.687,180,2.57142857143,299,4.27142857143,479,6.84285714286,56,0.8,40,0.571428571429,35,0.5,116,1.65714285714,183,573,8.18571428571,
Charles Shackleford,PHI,1991-1992, 6-10,C,25,72,1399,19.4305555556,205,422,.486,0,1,.000,63,95,.663,145,2.01388888889,270,3.75,415,5.76388888889,46,0.638888888889,38,0.527777777778,51,0.708333333333,62,0.861111111111,205,473,6.56944444444,
Charles Shackleford,PHI,1992-1993, 6-10,C,26,48,568,11.8333333333,80,164,.488,0,2,.000,31,49,.633,65,1.35416666667,140,2.91666666667,205,4.27083333333,26,0.541666666667,13,0.270833333333,25,0.520833333333,36,0.75,92,191,3.97916666667,
Charles Shackleford,MIN,1994-1995, 6-10,PF,28,21,239,11.380952381,39,65,.600,0,0,.000,16,20,.800,16,0.761904761905,51,2.42857142857,67,3.19047619048,8,0.380952380952,8,0.380952380952,6,0.285714285714,8,0.380952380952,47,94,4.47619047619,
Charles Shackleford,CHH,1998-1999, 6-10,C,32,32,367,11.46875,44,90,.489,0,0,.000,19,29,.655,41,1.28125,88,2.75,129,4.03125,13,0.40625,5,0.15625,13,0.40625,27,0.84375,66,107,3.34375,
