Player,Team,Season,Height,Position,Age,G,MIN,MINPG,FGM,FGA,FGP,TPM,TPA,TPP,FTM,FTA,FTP,ORB,ORBPG,DRB,DRBPG,TRB,TRBPG,AST,ASTPG,STL,STLPG,BLK,BLKPG,TO,TOPG,PF,PTS,PTSPG,
Charlie Black,TOT,1948-1949, 6-5,,27,58,.000,0.0,203,691,.294,.000,.000,.000,161,291,.553,.000,0.0,.000,0.0,.000,0.0,140,2.41379310345,.000,0.0,.000,0.0,.000,0.0,247,567,9.77586206897,
Charlie Black,INJ,1948-1949, 6-5,,27,41,.000,0.0,157,546,.288,.000,.000,.000,123,229,.537,.000,0.0,.000,0.0,.000,0.0,115,2.80487804878,.000,0.0,.000,0.0,.000,0.0,183,437,10.6585365854,
Charlie Black,FTW,1948-1949, 6-5,,27,17,.000,0.0,46,145,.317,.000,.000,.000,38,62,.613,.000,0.0,.000,0.0,.000,0.0,25,1.47058823529,.000,0.0,.000,0.0,.000,0.0,64,130,7.64705882353,
Charlie Black,TOT,1949-1950, 6-5,,28,65,.000,0.0,226,813,.278,.000,.000,.000,209,321,.651,.000,0.0,.000,0.0,.000,0.0,163,2.50769230769,.000,0.0,.000,0.0,.000,0.0,273,661,10.1692307692,
Charlie Black,FTW,1949-1950, 6-5,,28,36,.000,0.0,125,435,.287,.000,.000,.000,132,209,.632,.000,0.0,.000,0.0,.000,0.0,75,2.08333333333,.000,0.0,.000,0.0,.000,0.0,140,382,10.6111111111,
Charlie Black,AND,1949-1950, 6-5,,28,29,.000,0.0,101,378,.267,.000,.000,.000,77,112,.688,.000,0.0,.000,0.0,.000,0.0,88,3.03448275862,.000,0.0,.000,0.0,.000,0.0,133,279,9.62068965517,
Charlie Black,MLH,1951-1952, 6-5,,30,13,117,9.0,6,31,.194,.000,.000,.000,5,12,.417,.000,0.0,.000,0.0,31,2.38461538462,9,0.692307692308,.000,0.0,.000,0.0,.000,0.0,31,17,1.30769230769,
