Player,Team,Season,Height,Position,Age,G,MIN,MINPG,FGM,FGA,FGP,TPM,TPA,TPP,FTM,FTA,FTP,ORB,ORBPG,DRB,DRBPG,TRB,TRBPG,AST,ASTPG,STL,STLPG,BLK,BLKPG,TO,TOPG,PF,PTS,PTSPG,
Charlie Davis,CLE,1971-1972, 6-2,SG,22,61,1144,18.7540983607,229,569,.402,.000,.000,.000,142,169,.840,.000,0.0,.000,0.0,92,1.50819672131,123,2.01639344262,.000,0.0,.000,0.0,.000,0.0,143,600,9.83606557377,
Charlie Davis,TOT,1972-1973, 6-2,SG,23,75,1419,18.92,263,631,.417,.000,.000,.000,130,168,.774,.000,0.0,.000,0.0,116,1.54666666667,185,2.46666666667,.000,0.0,.000,0.0,.000,0.0,194,656,8.74666666667,
Charlie Davis,CLE,1972-1973, 6-2,SG,23,6,86,14.3333333333,20,41,.488,.000,.000,.000,4,7,.571,.000,0.0,.000,0.0,5,0.833333333333,10,1.66666666667,.000,0.0,.000,0.0,.000,0.0,20,44,7.33333333333,
Charlie Davis,POR,1972-1973, 6-2,SG,23,69,1333,19.3188405797,243,590,.412,.000,.000,.000,126,161,.783,.000,0.0,.000,0.0,111,1.60869565217,175,2.53623188406,.000,0.0,.000,0.0,.000,0.0,174,612,8.86956521739,
Charlie Davis,POR,1973-1974, 6-2,SG,24,8,90,11.25,14,40,.350,.000,.000,.000,3,4,.750,2,0.25,9,1.125,11,1.375,11,1.375,2,0.25,0,0.0,.000,0.0,7,31,3.875,
