Player,Team,Season,Height,Position,Age,G,MIN,MINPG,FGM,FGA,FGP,TPM,TPA,TPP,FTM,FTA,FTP,ORB,ORBPG,DRB,DRBPG,TRB,TRBPG,AST,ASTPG,STL,STLPG,BLK,BLKPG,TO,TOPG,PF,PTS,PTSPG,
Charles O'Bannon,DET,1997-1998, 6-5,SG,22,30,234,7.8,26,69,.377,0,3,.000,12,15,.800,14,0.466666666667,19,0.633333333333,33,1.1,17,0.566666666667,9,0.3,1,0.0333333333333,9,0.3,15,64,2.13333333333,
Charles O'Bannon,DET,1998-1999, 6-5,SG,23,18,165,9.16666666667,24,56,.429,0,1,.000,8,8,1.000,18,1.0,16,0.888888888889,34,1.88888888889,12,0.666666666667,2,0.111111111111,3,0.166666666667,8,0.444444444444,22,56,3.11111111111,
