Player,Team,Season,Height,Position,Age,G,MIN,MINPG,FGM,FGA,FGP,TPM,TPA,TPP,FTM,FTA,FTP,ORB,ORBPG,DRB,DRBPG,TRB,TRBPG,AST,ASTPG,STL,STLPG,BLK,BLKPG,TO,TOPG,PF,PTS,PTSPG,
Charlie Paulk,MIL,1968-1969, 6-8,PF,22,17,217,12.7647058824,19,84,.226,.000,.000,.000,13,23,.565,.000,0.0,.000,0.0,78,4.58823529412,3,0.176470588235,.000,0.0,.000,0.0,.000,0.0,26,51,3.0,
Charlie Paulk,CIN,1970-1971, 6-8,PF,24,68,1213,17.8382352941,274,637,.430,.000,.000,.000,79,131,.603,.000,0.0,.000,0.0,320,4.70588235294,27,0.397058823529,.000,0.0,.000,0.0,.000,0.0,186,627,9.22058823529,
Charlie Paulk,TOT,1971-1972, 6-8,PF,25,35,211,6.02857142857,24,88,.273,.000,.000,.000,15,21,.714,.000,0.0,.000,0.0,64,1.82857142857,11,0.314285714286,.000,0.0,.000,0.0,.000,0.0,31,63,1.8,
Charlie Paulk,CHI,1971-1972, 6-8,PF,25,7,60,8.57142857143,8,28,.286,.000,.000,.000,7,9,.778,.000,0.0,.000,0.0,15,2.14285714286,4,0.571428571429,.000,0.0,.000,0.0,.000,0.0,7,23,3.28571428571,
Charlie Paulk,NYK,1971-1972, 6-8,PF,25,28,151,5.39285714286,16,60,.267,.000,.000,.000,8,12,.667,.000,0.0,.000,0.0,49,1.75,7,0.25,.000,0.0,.000,0.0,.000,0.0,24,40,1.42857142857,
