Player,Team,Season,Height,Position,Age,G,MIN,MINPG,FGM,FGA,FGP,TPM,TPA,TPP,FTM,FTA,FTP,ORB,ORBPG,DRB,DRBPG,TRB,TRBPG,AST,ASTPG,STL,STLPG,BLK,BLKPG,TO,TOPG,PF,PTS,PTSPG,
Charles Johnson,GSW,1972-1973, 6-0,SG,23,70,887,12.6714285714,171,400,.428,.000,.000,.000,33,46,.717,.000,0.0,.000,0.0,132,1.88571428571,118,1.68571428571,.000,0.0,.000,0.0,.000,0.0,105,375,5.35714285714,
Charles Johnson,GSW,1973-1974, 6-0,PG,24,59,1051,17.813559322,194,468,.415,.000,.000,.000,38,55,.691,49,0.830508474576,126,2.13559322034,175,2.96610169492,102,1.72881355932,62,1.05084745763,7,0.118644067797,.000,0.0,111,426,7.22033898305,
Charles Johnson,GSW,1974-1975, 6-0,SG,25,79,2171,27.4810126582,394,957,.412,.000,.000,.000,75,102,.735,134,1.69620253165,177,2.24050632911,311,3.93670886076,233,2.94936708861,138,1.74683544304,8,0.101265822785,.000,0.0,204,863,10.9240506329,
Charles Johnson,GSW,1975-1976, 6-0,PG,26,81,1549,19.1234567901,342,732,.467,.000,.000,.000,60,79,.759,77,0.950617283951,125,1.54320987654,202,2.49382716049,122,1.50617283951,100,1.23456790123,7,0.0864197530864,.000,0.0,178,744,9.18518518519,
Charles Johnson,GSW,1976-1977, 6-0,PG,27,79,1196,15.1392405063,255,583,.437,.000,.000,.000,49,69,.710,50,0.632911392405,91,1.15189873418,141,1.78481012658,91,1.15189873418,77,0.974683544304,7,0.0886075949367,.000,0.0,134,559,7.07594936709,
Charles Johnson,TOT,1977-1978, 6-0,SG,28,71,1299,18.2957746479,237,581,.408,.000,.000,.000,49,61,.803,43,0.605633802817,112,1.57746478873,155,2.18309859155,130,1.83098591549,62,0.87323943662,5,0.0704225352113,73,1.02816901408,129,523,7.3661971831,
Charles Johnson,GSW,1977-1978, 6-0,SG,28,32,492,15.375,96,235,.409,.000,.000,.000,7,10,.700,23,0.71875,39,1.21875,62,1.9375,48,1.5,31,0.96875,4,0.125,23,0.71875,53,199,6.21875,
Charles Johnson,WSB,1977-1978, 6-0,SG,28,39,807,20.6923076923,141,346,.408,.000,.000,.000,42,51,.824,20,0.512820512821,73,1.87179487179,93,2.38461538462,82,2.10256410256,31,0.794871794872,1,0.025641025641,50,1.28205128205,76,324,8.30769230769,
Charles Johnson,WSB,1978-1979, 6-0,SG,29,82,1819,22.1829268293,342,786,.435,.000,.000,.000,67,79,.848,70,0.853658536585,132,1.60975609756,202,2.46341463415,177,2.15853658537,95,1.15853658537,6,0.0731707317073,87,1.06097560976,161,751,9.15853658537,
