Player,Team,Season,Height,Position,Age,G,MIN,MINPG,FGM,FGA,FGP,TPM,TPA,TPP,FTM,FTA,FTP,ORB,ORBPG,DRB,DRBPG,TRB,TRBPG,AST,ASTPG,STL,STLPG,BLK,BLKPG,TO,TOPG,PF,PTS,PTSPG,
Charles Jenkins,GSW,2011-2012, 6-3,PG,22,51,893,17.5098039216,130,291,.447,3,20,.150,34,39,.872,8,0.156862745098,60,1.17647058824,68,1.33333333333,170,3.33333333333,33,0.647058823529,6,0.117647058824,60,1.17647058824,85,297,5.82352941176,
Charles Jenkins,TOT,2012-2013, 6-3,SG,23,53,380,7.16981132075,43,104,.413,1,2,.500,11,20,.550,8,0.150943396226,21,0.396226415094,29,0.547169811321,39,0.735849056604,14,0.264150943396,2,0.0377358490566,20,0.377358490566,18,98,1.84905660377,
Charles Jenkins,GSW,2012-2013, 6-3,SG,23,47,291,6.1914893617,35,83,.422,1,2,.500,10,18,.556,5,0.106382978723,16,0.340425531915,21,0.446808510638,28,0.595744680851,9,0.191489361702,1,0.0212765957447,19,0.404255319149,18,81,1.72340425532,
Charles Jenkins,PHI,2012-2013, 6-3,,23,6,89,14.8333333333,8,21,.381,0,0,.000,1,2,.500,3,0.5,5,0.833333333333,8,1.33333333333,11,1.83333333333,5,0.833333333333,1,0.166666666667,1,0.166666666667,0,17,2.83333333333,
