Player,Team,Season,Height,Position,Age,G,MIN,MINPG,FGM,FGA,FGP,TPM,TPA,TPP,FTM,FTA,FTP,ORB,ORBPG,DRB,DRBPG,TRB,TRBPG,AST,ASTPG,STL,STLPG,BLK,BLKPG,TO,TOPG,PF,PTS,PTSPG,
Charlie Villanueva,TOR,2005-2006, 6-11,PF,21,81,2361,29.1481481481,435,940,.463,70,214,.327,113,160,.706,181,2.23456790123,340,4.1975308642,521,6.43209876543,88,1.08641975309,60,0.740740740741,63,0.777777777778,99,1.22222222222,247,1053,13.0,
Charlie Villanueva,MIL,2006-2007, 6-11,PF,22,39,984,25.2307692308,180,383,.470,29,86,.337,73,89,.820,62,1.58974358974,166,4.25641025641,228,5.84615384615,36,0.923076923077,24,0.615384615385,12,0.307692307692,54,1.38461538462,108,462,11.8461538462,
Charlie Villanueva,MIL,2007-2008, 6-11,PF,23,76,1829,24.0657894737,354,814,.435,55,185,.297,123,157,.783,145,1.90789473684,321,4.22368421053,466,6.13157894737,78,1.02631578947,30,0.394736842105,35,0.460526315789,107,1.40789473684,174,886,11.6578947368,
Charlie Villanueva,MIL,2008-2009, 6-11,PF,24,78,2095,26.858974359,487,1089,.447,89,258,.345,201,240,.838,154,1.97435897436,366,4.69230769231,520,6.66666666667,137,1.75641025641,50,0.641025641026,56,0.717948717949,138,1.76923076923,254,1264,16.2051282051,
Charlie Villanueva,DET,2009-2010, 6-11,PF,25,78,1848,23.6923076923,363,827,.439,99,282,.351,106,130,.815,85,1.08974358974,280,3.58974358974,365,4.67948717949,53,0.679487179487,48,0.615384615385,55,0.705128205128,74,0.948717948718,223,931,11.9358974359,
Charlie Villanueva,DET,2010-2011, 6-11,PF,26,76,1666,21.9210526316,313,708,.442,125,323,.387,89,116,.767,50,0.657894736842,245,3.22368421053,295,3.88157894737,48,0.631578947368,42,0.552631578947,42,0.552631578947,66,0.868421052632,175,840,11.0526315789,
Charlie Villanueva,DET,2011-2012, 6-11,PF,27,13,180,13.8461538462,35,91,.385,15,45,.333,6,7,.857,9,0.692307692308,39,3.0,48,3.69230769231,6,0.461538461538,7,0.538461538462,5,0.384615384615,7,0.538461538462,25,91,7.0,
Charlie Villanueva,DET,2012-2013, 6-11,PF,28,55,917,16.6727272727,148,380,.389,78,215,.363,17,37,.459,42,0.763636363636,161,2.92727272727,203,3.69090909091,40,0.727272727273,25,0.454545454545,31,0.563636363636,30,0.545454545455,75,391,7.10909090909,
