Player,Team,Season,Height,Position,Age,G,MIN,MINPG,FGM,FGA,FGP,TPM,TPA,TPP,FTM,FTA,FTP,ORB,ORBPG,DRB,DRBPG,TRB,TRBPG,AST,ASTPG,STL,STLPG,BLK,BLKPG,TO,TOPG,PF,PTS,PTSPG,
Charles Jordan,INA,1975-1976, 6-8,SF,22,71,855,12.0422535211,162,373,.434,2,10,.200,43,72,.597,94,1.32394366197,122,1.71830985915,216,3.04225352113,53,0.746478873239,33,0.464788732394,13,0.183098591549,84,1.18309859155,184,369,5.19718309859,
