Player,Team,Season,Height,Position,Age,G,MIN,MINPG,FGM,FGA,FGP,TPM,TPA,TPP,FTM,FTA,FTP,ORB,ORBPG,DRB,DRBPG,TRB,TRBPG,AST,ASTPG,STL,STLPG,BLK,BLKPG,TO,TOPG,PF,PTS,PTSPG,
Charlie Tyra,NYK,1957-1958, 6-8,C,22,68,1182,17.3823529412,175,490,.357,.000,.000,.000,150,224,.670,.000,0.0,.000,0.0,480,7.05882352941,34,0.5,.000,0.0,.000,0.0,.000,0.0,175,500,7.35294117647,
Charlie Tyra,NYK,1958-1959, 6-8,C,23,69,1586,22.9855072464,240,606,.396,.000,.000,.000,129,190,.679,.000,0.0,.000,0.0,485,7.02898550725,33,0.478260869565,.000,0.0,.000,0.0,.000,0.0,180,609,8.82608695652,
Charlie Tyra,NYK,1959-1960, 6-8,C,24,74,2033,27.472972973,406,942,.431,.000,.000,.000,133,189,.704,.000,0.0,.000,0.0,598,8.08108108108,80,1.08108108108,.000,0.0,.000,0.0,.000,0.0,258,945,12.7702702703,
Charlie Tyra,NYK,1960-1961, 6-8,PF,25,59,1384,23.4576271186,199,549,.362,.000,.000,.000,120,173,.694,.000,0.0,.000,0.0,394,6.67796610169,82,1.38983050847,.000,0.0,.000,0.0,.000,0.0,164,518,8.77966101695,
Charlie Tyra,CHP,1961-1962, 6-8,PF,26,78,1606,20.5897435897,193,534,.361,.000,.000,.000,133,214,.621,.000,0.0,.000,0.0,610,7.82051282051,86,1.10256410256,.000,0.0,.000,0.0,.000,0.0,210,519,6.65384615385,
