Player,Team,Season,Height,Position,Age,G,MIN,MINPG,FGM,FGA,FGP,TPM,TPA,TPP,FTM,FTA,FTP,ORB,ORBPG,DRB,DRBPG,TRB,TRBPG,AST,ASTPG,STL,STLPG,BLK,BLKPG,TO,TOPG,PF,PTS,PTSPG,
Charles Beasley,DLC,1967-1968, 6-5,SG,22,78,2969,38.0641025641,374,758,.493,3,13,.231,285,327,.872,.000,0.0,.000,0.0,295,3.78205128205,290,3.71794871795,.000,0.0,.000,0.0,189,2.42307692308,202,1036,13.2820512821,
Charles Beasley,DLC,1968-1969, 6-5,SG,23,75,1719,22.92,220,506,.435,1,15,.067,161,192,.839,22,0.293333333333,136,1.81333333333,158,2.10666666667,208,2.77333333333,.000,0.0,.000,0.0,129,1.72,158,602,8.02666666667,
Charles Beasley,DLC,1969-1970, 6-5,SG,24,80,2150,26.875,292,667,.438,19,72,.264,231,262,.882,32,0.4,173,2.1625,205,2.5625,280,3.5,.000,0.0,.000,0.0,179,2.2375,222,834,10.425,
Charles Beasley,TOT,1970-1971, 6-5,SG,25,48,509,10.6041666667,57,136,.419,7,26,.269,40,49,.816,13,0.270833333333,33,0.6875,46,0.958333333333,82,1.70833333333,.000,0.0,.000,0.0,45,0.9375,69,161,3.35416666667,
Charles Beasley,TEX,1970-1971, 6-5,SG,25,43,486,11.3023255814,52,125,.416,7,24,.292,39,47,.830,13,0.302325581395,32,0.744186046512,45,1.04651162791,80,1.86046511628,.000,0.0,.000,0.0,44,1.02325581395,67,150,3.48837209302,
Charles Beasley,FLO,1970-1971, 6-5,SG,25,5,23,4.6,5,11,.455,0,2,.000,1,2,.500,0,0.0,1,0.2,1,0.2,2,0.4,.000,0.0,.000,0.0,1,0.2,2,11,2.2,
