Player,Team,Season,Height,Position,Age,G,MIN,MINPG,FGM,FGA,FGP,TPM,TPA,TPP,FTM,FTA,FTP,ORB,ORBPG,DRB,DRBPG,TRB,TRBPG,AST,ASTPG,STL,STLPG,BLK,BLKPG,TO,TOPG,PF,PTS,PTSPG,
Charles Pittman,PHO,1982-1983, 6-8,PF,24,28,170,6.07142857143,19,40,.475,0,1,.000,25,37,.676,13,0.464285714286,18,0.642857142857,31,1.10714285714,7,0.25,2,0.0714285714286,7,0.25,22,0.785714285714,41,63,2.25,
Charles Pittman,PHO,1983-1984, 6-8,PF,25,69,989,14.3333333333,126,209,.603,0,2,.000,69,101,.683,76,1.10144927536,138,2.0,214,3.10144927536,70,1.01449275362,16,0.231884057971,22,0.31884057971,81,1.17391304348,129,321,4.65217391304,
Charles Pittman,PHO,1984-1985, 6-8,SF,26,68,1001,14.7205882353,107,227,.471,0,2,.000,109,146,.747,90,1.32352941176,137,2.01470588235,227,3.33823529412,69,1.01470588235,20,0.294117647059,21,0.308823529412,100,1.47058823529,144,323,4.75,
Charles Pittman,PHO,1985-1986, 6-8,PF,27,69,1132,16.4057971014,127,218,.583,0,0,.000,99,141,.702,99,1.4347826087,147,2.13043478261,246,3.5652173913,58,0.840579710145,37,0.536231884058,23,0.333333333333,107,1.55072463768,140,353,5.11594202899,
