Player,Team,Season,Height,Position,Age,G,MIN,MINPG,FGM,FGA,FGP,TPM,TPA,TPP,FTM,FTA,FTP,ORB,ORBPG,DRB,DRBPG,TRB,TRBPG,AST,ASTPG,STL,STLPG,BLK,BLKPG,TO,TOPG,PF,PTS,PTSPG,
Charlie Sitton,DAL,1984-1985, 6-8,SF,22,43,304,7.06976744186,39,94,.415,0,2,.000,13,25,.520,24,0.558139534884,36,0.837209302326,60,1.39534883721,26,0.604651162791,7,0.162790697674,6,0.139534883721,19,0.441860465116,50,91,2.11627906977,
