Player,Team,Season,Height,Position,Age,G,MIN,MINPG,FGM,FGA,FGP,TPM,TPA,TPP,FTM,FTA,FTP,ORB,ORBPG,DRB,DRBPG,TRB,TRBPG,AST,ASTPG,STL,STLPG,BLK,BLKPG,TO,TOPG,PF,PTS,PTSPG,
Cheikh Samb,DET,2007-2008, 7-1,C,23,4,31,7.75,3,4,.750,0,0,.000,1,2,.500,3,0.75,4,1.0,7,1.75,0,0.0,1,0.25,2,0.5,1,0.25,8,7,1.75,
Cheikh Samb,TOT,2008-2009, 7-1,C,24,18,83,4.61111111111,6,32,.188,0,3,.000,3,7,.429,10,0.555555555556,14,0.777777777778,24,1.33333333333,1,0.0555555555556,3,0.166666666667,10,0.555555555556,3,0.166666666667,7,15,0.833333333333,
Cheikh Samb,DEN,2008-2009, 7-1,C,24,6,24,4.0,2,13,.154,0,1,.000,0,0,.000,2,0.333333333333,7,1.16666666667,9,1.5,1,0.166666666667,2,0.333333333333,5,0.833333333333,2,0.333333333333,4,4,0.666666666667,
Cheikh Samb,LAC,2008-2009, 7-1,C,24,10,51,5.1,4,16,.250,0,2,.000,3,5,.600,7,0.7,6,0.6,13,1.3,0,0.0,1,0.1,5,0.5,1,0.1,3,11,1.1,
Cheikh Samb,NYK,2008-2009, 7-1,C,24,2,8,4.0,0,3,.000,0,0,.000,0,2,.000,1,0.5,1,0.5,2,1.0,0,0.0,0,0.0,0,0.0,0,0.0,0,0,0.0,
