Player,Team,Season,Height,Position,Age,G,MIN,MINPG,FGM,FGA,FGP,TPM,TPA,TPP,FTM,FTA,FTP,ORB,ORBPG,DRB,DRBPG,TRB,TRBPG,AST,ASTPG,STL,STLPG,BLK,BLKPG,TO,TOPG,PF,PTS,PTSPG,
Chink Crossin,PHW,1947-1948, 6-1,,23,39,.000,0.0,29,121,.240,.000,.000,.000,13,23,.565,.000,0.0,.000,0.0,.000,0.0,20,0.512820512821,.000,0.0,.000,0.0,.000,0.0,28,71,1.82051282051,
Chink Crossin,PHW,1948-1949, 6-1,,24,44,.000,0.0,74,212,.349,.000,.000,.000,26,42,.619,.000,0.0,.000,0.0,.000,0.0,55,1.25,.000,0.0,.000,0.0,.000,0.0,53,174,3.95454545455,
Chink Crossin,PHW,1949-1950, 6-1,,25,64,.000,0.0,185,574,.322,.000,.000,.000,79,101,.782,.000,0.0,.000,0.0,.000,0.0,148,2.3125,.000,0.0,.000,0.0,.000,0.0,139,449,7.015625,
