Player,Team,Season,Height,Position,Age,G,MIN,MINPG,FGM,FGA,FGP,TPM,TPA,TPP,FTM,FTA,FTP,ORB,ORBPG,DRB,DRBPG,TRB,TRBPG,AST,ASTPG,STL,STLPG,BLK,BLKPG,TO,TOPG,PF,PTS,PTSPG,
Chris Jefferies,TOR,2002-2003, 6-8,SF,22,51,666,13.0588235294,75,194,.387,18,54,.333,29,43,.674,16,0.313725490196,43,0.843137254902,59,1.1568627451,22,0.43137254902,19,0.372549019608,16,0.313725490196,45,0.882352941176,56,197,3.86274509804,
Chris Jefferies,TOT,2003-2004, 6-8,SF,23,21,195,9.28571428571,27,72,.375,17,42,.405,13,20,.650,5,0.238095238095,24,1.14285714286,29,1.38095238095,7,0.333333333333,4,0.190476190476,7,0.333333333333,19,0.904761904762,36,84,4.0,
Chris Jefferies,TOR,2003-2004, 6-8,SG,23,2,8,4.0,3,6,.500,1,3,.333,1,1,1.000,0,0.0,1,0.5,1,0.5,1,0.5,0,0.0,0,0.0,1,0.5,0,8,4.0,
Chris Jefferies,CHI,2003-2004, 6-8,SF,23,19,187,9.84210526316,24,66,.364,16,39,.410,12,19,.632,5,0.263157894737,23,1.21052631579,28,1.47368421053,6,0.315789473684,4,0.210526315789,7,0.368421052632,18,0.947368421053,36,76,4.0,
