Player,Team,Season,Height,Position,Age,G,MIN,MINPG,FGM,FGA,FGP,TPM,TPA,TPP,FTM,FTA,FTP,ORB,ORBPG,DRB,DRBPG,TRB,TRBPG,AST,ASTPG,STL,STLPG,BLK,BLKPG,TO,TOPG,PF,PTS,PTSPG,
Chris Herren,DEN,1999-2000, 6-2,PG,24,45,597,13.2666666667,45,124,.363,24,67,.358,27,40,.675,12,0.266666666667,40,0.888888888889,52,1.15555555556,111,2.46666666667,15,0.333333333333,2,0.0444444444444,42,0.933333333333,74,141,3.13333333333,
Chris Herren,BOS,2000-2001, 6-2,PG,25,25,408,16.32,29,96,.302,16,55,.291,9,12,.750,4,0.16,17,0.68,21,0.84,56,2.24,14,0.56,0,0.0,20,0.8,43,83,3.32,
