Player,Team,Season,Height,Position,Age,G,MIN,MINPG,FGM,FGA,FGP,TPM,TPA,TPP,FTM,FTA,FTP,ORB,ORBPG,DRB,DRBPG,TRB,TRBPG,AST,ASTPG,STL,STLPG,BLK,BLKPG,TO,TOPG,PF,PTS,PTSPG,
Chris Robinson,VAN,1996-1997, 6-5,SG,22,41,681,16.6097560976,69,182,.379,34,89,.382,16,26,.615,23,0.560975609756,48,1.17073170732,71,1.73170731707,65,1.58536585366,28,0.682926829268,9,0.219512195122,34,0.829268292683,85,188,4.58536585366,
Chris Robinson,TOT,1997-1998, 6-5,SG,23,35,414,11.8285714286,65,174,.374,24,66,.364,8,16,.500,9,0.257142857143,37,1.05714285714,46,1.31428571429,39,1.11428571429,19,0.542857142857,4,0.114285714286,33,0.942857142857,50,162,4.62857142857,
Chris Robinson,VAN,1997-1998, 6-5,SG,23,16,143,8.9375,23,63,.365,7,24,.292,1,2,.500,0,0.0,13,0.8125,13,0.8125,10,0.625,7,0.4375,1,0.0625,15,0.9375,21,54,3.375,
Chris Robinson,SAC,1997-1998, 6-5,SG,23,19,271,14.2631578947,42,111,.378,17,42,.405,7,14,.500,9,0.473684210526,24,1.26315789474,33,1.73684210526,29,1.52631578947,12,0.631578947368,3,0.157894736842,18,0.947368421053,29,108,5.68421052632,
