Player,Team,Season,Height,Position,Age,G,MIN,MINPG,FGM,FGA,FGP,TPM,TPA,TPP,FTM,FTA,FTP,ORB,ORBPG,DRB,DRBPG,TRB,TRBPG,AST,ASTPG,STL,STLPG,BLK,BLKPG,TO,TOPG,PF,PTS,PTSPG,
Chris King,SEA,1993-1994, 6-8,SF,24,15,86,5.73333333333,19,48,.396,2,7,.286,15,26,.577,5,0.333333333333,10,0.666666666667,15,1.0,11,0.733333333333,4,0.266666666667,0,0.0,12,0.8,12,55,3.66666666667,
Chris King,VAN,1995-1996, 6-8,SF,26,80,1930,24.125,250,585,.427,44,113,.389,90,136,.662,102,1.275,183,2.2875,285,3.5625,104,1.3,68,0.85,33,0.4125,103,1.2875,163,634,7.925,
Chris King,UTA,1998-1999, 6-8,SF,29,8,42,5.25,2,7,.286,0,0,.000,0,4,.000,1,0.125,10,1.25,11,1.375,1,0.125,2,0.25,1,0.125,4,0.5,8,4,0.5,
