Player,Team,Season,Height,Position,Age,G,MIN,MINPG,FGM,FGA,FGP,TPM,TPA,TPP,FTM,FTA,FTP,ORB,ORBPG,DRB,DRBPG,TRB,TRBPG,AST,ASTPG,STL,STLPG,BLK,BLKPG,TO,TOPG,PF,PTS,PTSPG,
Chris Jent,HOU,1993-1994, 6-7,SF,24,3,78,26.0,13,26,.500,4,11,.364,1,2,.500,4,1.33333333333,11,3.66666666667,15,5.0,7,2.33333333333,0,0.0,0,0.0,5,1.66666666667,13,31,10.3333333333,
Chris Jent,NYK,1996-1997, 6-7,SF,27,3,10,3.33333333333,2,6,.333,2,3,.667,0,0,.000,1,0.333333333333,0,0.0,1,0.333333333333,1,0.333333333333,0,0.0,0,0.0,0,0.0,2,6,2.0,
