Player,Team,Season,Height,Position,Age,G,MIN,MINPG,FGM,FGA,FGP,TPM,TPA,TPP,FTM,FTA,FTP,ORB,ORBPG,DRB,DRBPG,TRB,TRBPG,AST,ASTPG,STL,STLPG,BLK,BLKPG,TO,TOPG,PF,PTS,PTSPG,
Chris Douglas-Roberts,NJN,2008-2009, 6-7,SG,22,44,585,13.2954545455,81,176,.460,3,12,.250,51,62,.823,14,0.318181818182,36,0.818181818182,50,1.13636363636,52,1.18181818182,12,0.272727272727,7,0.159090909091,31,0.704545454545,34,216,4.90909090909,
Chris Douglas-Roberts,NJN,2009-2010, 6-7,SF,23,67,1730,25.8208955224,255,573,.445,14,54,.259,133,157,.847,45,0.671641791045,153,2.28358208955,198,2.9552238806,93,1.38805970149,55,0.820895522388,19,0.283582089552,97,1.44776119403,101,657,9.80597014925,
Chris Douglas-Roberts,MIL,2010-2011, 6-7,SF,24,44,884,20.0909090909,117,273,.429,15,46,.326,74,89,.831,7,0.159090909091,81,1.84090909091,88,2.0,50,1.13636363636,29,0.659090909091,13,0.295454545455,35,0.795454545455,73,323,7.34090909091,
Chris Douglas-Roberts,DAL,2012-2013, 6-7,SG,26,6,63,10.5,5,14,.357,0,4,.000,7,10,.700,0,0.0,5,0.833333333333,5,0.833333333333,4,0.666666666667,2,0.333333333333,0,0.0,1,0.166666666667,4,17,2.83333333333,
