Player,Team,Season,Height,Position,Age,G,MIN,MINPG,FGM,FGA,FGP,TPM,TPA,TPP,FTM,FTA,FTP,ORB,ORBPG,DRB,DRBPG,TRB,TRBPG,AST,ASTPG,STL,STLPG,BLK,BLKPG,TO,TOPG,PF,PTS,PTSPG,
Chris Singleton,WAS,2011-2012, 6-8,SF,22,66,1431,21.6818181818,116,312,.372,44,127,.346,30,44,.682,43,0.651515151515,190,2.87878787879,233,3.5303030303,49,0.742424242424,70,1.06060606061,30,0.454545454545,38,0.575757575758,176,306,4.63636363636,
Chris Singleton,WAS,2012-2013, 6-8,PF,23,45,703,15.6222222222,72,185,.389,5,25,.200,30,53,.566,42,0.933333333333,100,2.22222222222,142,3.15555555556,25,0.555555555556,36,0.8,17,0.377777777778,29,0.644444444444,97,179,3.97777777778,
