Player,Team,Season,Height,Position,Age,G,MIN,MINPG,FGM,FGA,FGP,TPM,TPA,TPP,FTM,FTA,FTP,ORB,ORBPG,DRB,DRBPG,TRB,TRBPG,AST,ASTPG,STL,STLPG,BLK,BLKPG,TO,TOPG,PF,PTS,PTSPG,
Chris Munk,UTA,1990-1991, 6-9,PF,23,11,29,2.63636363636,3,7,.429,0,0,.000,7,12,.583,5,0.454545454545,9,0.818181818182,14,1.27272727273,1,0.0909090909091,1,0.0909090909091,2,0.181818181818,5,0.454545454545,5,13,1.18181818182,
