Player,Team,Season,Height,Position,Age,G,MIN,MINPG,FGM,FGA,FGP,TPM,TPA,TPP,FTM,FTA,FTP,ORB,ORBPG,DRB,DRBPG,TRB,TRBPG,AST,ASTPG,STL,STLPG,BLK,BLKPG,TO,TOPG,PF,PTS,PTSPG,
Chris Welp,PHI,1987-1988, 7-0,C,24,10,132,13.2,18,31,.581,0,0,.000,12,18,.667,11,1.1,13,1.3,24,2.4,5,0.5,5,0.5,5,0.5,9,0.9,25,48,4.8,
Chris Welp,PHI,1988-1989, 7-0,C,25,72,843,11.7083333333,99,222,.446,0,1,.000,48,73,.658,59,0.819444444444,134,1.86111111111,193,2.68055555556,29,0.402777777778,23,0.319444444444,41,0.569444444444,42,0.583333333333,176,246,3.41666666667,
Chris Welp,TOT,1989-1990, 7-0,C,26,27,198,7.33333333333,23,61,.377,0,0,.000,19,25,.760,18,0.666666666667,30,1.11111111111,48,1.77777777778,9,0.333333333333,6,0.222222222222,8,0.296296296296,15,0.555555555556,58,65,2.40740740741,
Chris Welp,SAS,1989-1990, 7-0,C,26,13,56,4.30769230769,7,23,.304,0,0,.000,1,2,.500,7,0.538461538462,5,0.384615384615,12,0.923076923077,5,0.384615384615,1,0.0769230769231,0,0.0,6,0.461538461538,21,15,1.15384615385,
Chris Welp,GSW,1989-1990, 7-0,C,26,14,142,10.1428571429,16,38,.421,0,0,.000,18,23,.783,11,0.785714285714,25,1.78571428571,36,2.57142857143,4,0.285714285714,5,0.357142857143,8,0.571428571429,9,0.642857142857,37,50,3.57142857143,
