Player,Team,Season,Height,Position,Age,G,MIN,MINPG,FGM,FGA,FGP,TPM,TPA,TPP,FTM,FTA,FTP,ORB,ORBPG,DRB,DRBPG,TRB,TRBPG,AST,ASTPG,STL,STLPG,BLK,BLKPG,TO,TOPG,PF,PTS,PTSPG,
Chris Corchiani,ORL,1991-1992, 6-0,PG,23,51,741,14.5294117647,77,193,.399,10,37,.270,91,104,.875,18,0.352941176471,60,1.17647058824,78,1.52941176471,141,2.76470588235,45,0.882352941176,2,0.0392156862745,74,1.45098039216,94,255,5.0,
Chris Corchiani,TOT,1992-1993, 6-0,PG,24,10,105,10.5,14,24,.583,0,3,.000,16,21,.762,1,0.1,6,0.6,7,0.7,16,1.6,6,0.6,0,0.0,8,0.8,18,44,4.4,
Chris Corchiani,ORL,1992-1993, 6-0,PG,24,9,102,11.3333333333,13,23,.565,0,3,.000,16,21,.762,1,0.111111111111,6,0.666666666667,7,0.777777777778,16,1.77777777778,6,0.666666666667,0,0.0,8,0.888888888889,17,42,4.66666666667,
Chris Corchiani,WSB,1992-1993, 6-0,PG,24,1,3,3.0,1,1,1.000,0,0,.000,0,0,.000,0,0.0,0,0.0,0,0.0,0,0.0,0,0.0,0,0.0,0,0.0,1,2,2.0,
Chris Corchiani,BOS,1993-1994, 6-0,PG,25,51,467,9.1568627451,40,94,.426,11,38,.289,26,38,.684,8,0.156862745098,36,0.705882352941,44,0.862745098039,86,1.6862745098,22,0.43137254902,2,0.0392156862745,38,0.745098039216,47,117,2.29411764706,
