Player,Team,Season,Height,Position,Age,G,MIN,MINPG,FGM,FGA,FGP,TPM,TPA,TPP,FTM,FTA,FTP,ORB,ORBPG,DRB,DRBPG,TRB,TRBPG,AST,ASTPG,STL,STLPG,BLK,BLKPG,TO,TOPG,PF,PTS,PTSPG,
Chris Smith,MIN,1992-1993, 6-3,SG,22,80,1266,15.825,125,289,.433,2,14,.143,95,120,.792,32,0.4,64,0.8,96,1.2,196,2.45,48,0.6,16,0.2,68,0.85,96,347,4.3375,
Chris Smith,MIN,1993-1994, 6-3,PG,23,80,1617,20.2125,184,423,.435,10,39,.256,95,141,.674,15,0.1875,107,1.3375,122,1.525,285,3.5625,38,0.475,18,0.225,101,1.2625,131,473,5.9125,
Chris Smith,MIN,1994-1995, 6-3,SG,24,64,1073,16.765625,116,264,.439,47,108,.435,41,63,.651,14,0.21875,59,0.921875,73,1.140625,146,2.28125,32,0.5,22,0.34375,50,0.78125,119,320,5.0,
