Player,Team,Season,Height,Position,Age,G,MIN,MINPG,FGM,FGA,FGP,TPM,TPA,TPP,FTM,FTA,FTP,ORB,ORBPG,DRB,DRBPG,TRB,TRBPG,AST,ASTPG,STL,STLPG,BLK,BLKPG,TO,TOPG,PF,PTS,PTSPG,
Chris Duhon,CHI,2004-2005, 6-1,PG,22,82,2177,26.5487804878,172,488,.352,94,265,.355,49,67,.731,23,0.280487804878,190,2.31707317073,213,2.59756097561,398,4.85365853659,82,1.0,3,0.0365853658537,119,1.4512195122,205,487,5.93902439024,
Chris Duhon,CHI,2005-2006, 6-1,PG,23,74,2155,29.1216216216,215,538,.400,100,278,.360,117,143,.818,28,0.378378378378,192,2.59459459459,220,2.97297297297,373,5.04054054054,70,0.945945945946,3,0.0405405405405,117,1.58108108108,152,647,8.74324324324,
Chris Duhon,CHI,2006-2007, 6-1,PG,24,78,1906,24.4358974359,197,483,.408,88,245,.359,76,101,.752,23,0.294871794872,146,1.87179487179,169,2.16666666667,310,3.97435897436,69,0.884615384615,6,0.0769230769231,105,1.34615384615,150,558,7.15384615385,
Chris Duhon,CHI,2007-2008, 6-1,PG,25,66,1490,22.5757575758,133,344,.387,54,155,.348,65,80,.813,19,0.287878787879,97,1.4696969697,116,1.75757575758,263,3.98484848485,48,0.727272727273,2,0.030303030303,71,1.07575757576,92,385,5.83333333333,
Chris Duhon,NYK,2008-2009, 6-1,PG,26,79,2906,36.7848101266,287,681,.421,127,325,.391,179,209,.856,45,0.569620253165,201,2.54430379747,246,3.11392405063,566,7.16455696203,72,0.911392405063,7,0.0886075949367,221,2.79746835443,126,880,11.1392405063,
Chris Duhon,NYK,2009-2010, 6-1,PG,27,67,2072,30.9253731343,168,451,.373,90,258,.349,68,95,.716,28,0.417910447761,150,2.23880597015,178,2.65671641791,378,5.64179104478,59,0.880597014925,3,0.044776119403,110,1.64179104478,83,494,7.37313432836,
Chris Duhon,ORL,2010-2011, 6-1,PG,28,51,774,15.1764705882,49,129,.380,13,52,.250,14,25,.560,9,0.176470588235,43,0.843137254902,52,1.01960784314,118,2.3137254902,16,0.313725490196,2,0.0392156862745,61,1.19607843137,30,125,2.45098039216,
Chris Duhon,ORL,2011-2012, 6-1,PG,29,63,1226,19.4603174603,85,203,.419,50,119,.420,17,21,.810,14,0.222222222222,88,1.39682539683,102,1.61904761905,151,2.39682539683,35,0.555555555556,9,0.142857142857,81,1.28571428571,71,237,3.7619047619,
Chris Duhon,LAL,2012-2013, 6-1,PG,30,43,809,18.8139534884,47,122,.385,33,90,.367,6,13,.462,11,0.255813953488,56,1.3023255814,67,1.55813953488,133,3.09302325581,20,0.46511627907,1,0.0232558139535,36,0.837209302326,54,133,3.09302325581,
