Player,Team,Season,Height,Position,Age,G,MIN,MINPG,FGM,FGA,FGP,TPM,TPA,TPP,FTM,FTA,FTP,ORB,ORBPG,DRB,DRBPG,TRB,TRBPG,AST,ASTPG,STL,STLPG,BLK,BLKPG,TO,TOPG,PF,PTS,PTSPG,
Chris Porter,GSW,2000-2001, 6-7,SF,22,51,1147,22.4901960784,173,445,.389,0,5,.000,94,141,.667,89,1.74509803922,100,1.96078431373,189,3.70588235294,61,1.19607843137,45,0.882352941176,6,0.117647058824,59,1.1568627451,111,440,8.62745098039,
