Player,Team,Season,Height,Position,Age,G,MIN,MINPG,FGM,FGA,FGP,TPM,TPA,TPP,FTM,FTA,FTP,ORB,ORBPG,DRB,DRBPG,TRB,TRBPG,AST,ASTPG,STL,STLPG,BLK,BLKPG,TO,TOPG,PF,PTS,PTSPG,
Chuck Hayes,HOU,2005-2006, 6-6,PF,22,40,535,13.375,59,105,.562,0,1,.000,29,45,.644,67,1.675,112,2.8,179,4.475,14,0.35,26,0.65,14,0.35,12,0.3,76,147,3.675,
Chuck Hayes,HOU,2006-2007, 6-6,PF,23,78,1714,21.9743589744,192,335,.573,0,0,.000,55,89,.618,204,2.61538461538,317,4.0641025641,521,6.67948717949,47,0.602564102564,70,0.897435897436,18,0.230769230769,64,0.820512820513,281,439,5.62820512821,
Chuck Hayes,HOU,2007-2008, 6-6,PF,24,79,1575,19.9367088608,113,221,.511,0,3,.000,11,24,.458,132,1.67088607595,295,3.73417721519,427,5.40506329114,91,1.15189873418,85,1.07594936709,43,0.544303797468,62,0.784810126582,212,237,3.0,
Chuck Hayes,HOU,2008-2009, 6-6,C,25,71,858,12.0845070423,42,113,.372,0,4,.000,7,19,.368,74,1.04225352113,176,2.47887323944,250,3.52112676056,42,0.591549295775,34,0.478873239437,19,0.267605633803,25,0.352112676056,134,91,1.28169014085,
Chuck Hayes,HOU,2009-2010, 6-6,C,26,82,1773,21.6219512195,161,329,.489,0,0,.000,36,66,.545,151,1.84146341463,314,3.82926829268,465,5.67073170732,139,1.69512195122,73,0.890243902439,43,0.524390243902,74,0.90243902439,219,358,4.36585365854,
Chuck Hayes,HOU,2010-2011, 6-6,C,27,74,2079,28.0945945946,244,463,.527,0,2,.000,94,142,.662,219,2.95945945946,380,5.13513513514,599,8.09459459459,202,2.72972972973,79,1.06756756757,49,0.662162162162,86,1.16216216216,200,582,7.86486486486,
Chuck Hayes,SAC,2011-2012, 6-6,C,28,54,1039,19.2407407407,73,170,.429,0,2,.000,26,39,.667,72,1.33333333333,162,3.0,234,4.33333333333,77,1.42592592593,36,0.666666666667,17,0.314814814815,50,0.925925925926,111,172,3.18518518519,
Chuck Hayes,SAC,2012-2013, 6-6,C,29,65,1056,16.2461538462,70,164,.427,0,1,.000,28,46,.609,98,1.50769230769,162,2.49230769231,260,4.0,94,1.44615384615,29,0.446153846154,16,0.246153846154,39,0.6,100,168,2.58461538462,
