Player,Team,Season,Height,Position,Age,G,MIN,MINPG,FGM,FGA,FGP,TPM,TPA,TPP,FTM,FTA,FTP,ORB,ORBPG,DRB,DRBPG,TRB,TRBPG,AST,ASTPG,STL,STLPG,BLK,BLKPG,TO,TOPG,PF,PTS,PTSPG,
Chuck Mencel,MNL,1955-1956, 6-0,PG,22,69,973,14.1014492754,120,375,.320,.000,.000,.000,78,96,.813,.000,0.0,.000,0.0,110,1.59420289855,132,1.91304347826,.000,0.0,.000,0.0,.000,0.0,74,318,4.60869565217,
Chuck Mencel,MNL,1956-1957, 6-0,PG,23,72,1848,25.6666666667,243,688,.353,.000,.000,.000,179,240,.746,.000,0.0,.000,0.0,237,3.29166666667,201,2.79166666667,.000,0.0,.000,0.0,.000,0.0,95,665,9.23611111111,
