Player,Team,Season,Height,Position,Age,G,MIN,MINPG,FGM,FGA,FGP,TPM,TPA,TPP,FTM,FTA,FTP,ORB,ORBPG,DRB,DRBPG,TRB,TRBPG,AST,ASTPG,STL,STLPG,BLK,BLKPG,TO,TOPG,PF,PTS,PTSPG,
Chuck Noble,FTW,1955-1956, 6-4,SG,24,72,2013,27.9583333333,270,767,.352,.000,.000,.000,146,195,.749,.000,0.0,.000,0.0,261,3.625,282,3.91666666667,.000,0.0,.000,0.0,.000,0.0,253,686,9.52777777778,
Chuck Noble,FTW,1956-1957, 6-4,SG,25,54,1260,23.3333333333,200,556,.360,.000,.000,.000,76,102,.745,.000,0.0,.000,0.0,135,2.5,180,3.33333333333,.000,0.0,.000,0.0,.000,0.0,161,476,8.81481481481,
Chuck Noble,DET,1957-1958, 6-4,SG,26,61,1363,22.3442622951,199,601,.331,.000,.000,.000,56,77,.727,.000,0.0,.000,0.0,140,2.29508196721,153,2.50819672131,.000,0.0,.000,0.0,.000,0.0,166,454,7.44262295082,
Chuck Noble,DET,1958-1959, 6-4,SG,27,65,939,14.4461538462,189,560,.338,.000,.000,.000,83,113,.735,.000,0.0,.000,0.0,115,1.76923076923,114,1.75384615385,.000,0.0,.000,0.0,.000,0.0,126,461,7.09230769231,
Chuck Noble,DET,1959-1960, 6-4,SG,28,58,1621,27.9482758621,276,774,.357,.000,.000,.000,101,138,.732,.000,0.0,.000,0.0,201,3.46551724138,265,4.56896551724,.000,0.0,.000,0.0,.000,0.0,172,653,11.2586206897,
Chuck Noble,DET,1960-1961, 6-4,SG,29,75,1665,22.2,196,566,.346,.000,.000,.000,82,115,.713,.000,0.0,.000,0.0,180,2.4,287,3.82666666667,.000,0.0,.000,0.0,.000,0.0,195,474,6.32,
Chuck Noble,DET,1961-1962, 6-4,SG,30,26,361,13.8846153846,32,113,.283,.000,.000,.000,8,15,.533,.000,0.0,.000,0.0,43,1.65384615385,63,2.42307692308,.000,0.0,.000,0.0,.000,0.0,55,72,2.76923076923,
