Player,Team,Season,Height,Position,Age,G,MIN,MINPG,FGM,FGA,FGP,TPM,TPA,TPP,FTM,FTA,FTP,ORB,ORBPG,DRB,DRBPG,TRB,TRBPG,AST,ASTPG,STL,STLPG,BLK,BLKPG,TO,TOPG,PF,PTS,PTSPG,
Chuck Gilmur,CHS,1946-1947, 6-4,,24,51,.000,0.0,76,253,.300,.000,.000,.000,26,66,.394,.000,0.0,.000,0.0,.000,0.0,21,0.411764705882,.000,0.0,.000,0.0,.000,0.0,139,178,3.49019607843,
Chuck Gilmur,CHS,1947-1948, 6-4,,25,48,.000,0.0,181,597,.303,.000,.000,.000,97,148,.655,.000,0.0,.000,0.0,.000,0.0,77,1.60416666667,.000,0.0,.000,0.0,.000,0.0,231,459,9.5625,
Chuck Gilmur,CHS,1948-1949, 6-4,,26,56,.000,0.0,110,281,.391,.000,.000,.000,66,121,.545,.000,0.0,.000,0.0,.000,0.0,125,2.23214285714,.000,0.0,.000,0.0,.000,0.0,194,286,5.10714285714,
Chuck Gilmur,WSC,1949-1950, 6-4,,27,68,.000,0.0,127,379,.335,.000,.000,.000,164,241,.680,.000,0.0,.000,0.0,.000,0.0,108,1.58823529412,.000,0.0,.000,0.0,.000,0.0,275,418,6.14705882353,
Chuck Gilmur,WSC,1950-1951, 6-4,,28,16,.000,0.0,17,61,.279,.000,.000,.000,17,32,.531,.000,0.0,.000,0.0,75,4.6875,17,1.0625,.000,0.0,.000,0.0,.000,0.0,57,51,3.1875,
