Player,Team,Season,Height,Position,Age,G,MIN,MINPG,FGM,FGA,FGP,TPM,TPA,TPP,FTM,FTA,FTP,ORB,ORBPG,DRB,DRBPG,TRB,TRBPG,AST,ASTPG,STL,STLPG,BLK,BLKPG,TO,TOPG,PF,PTS,PTSPG,
Cincinnatus Powell,DLC,1967-1968, 6-7,SF,25,77,2524,32.7792207792,533,1089,.489,1,4,.250,343,496,.692,.000,0.0,.000,0.0,694,9.01298701299,106,1.37662337662,.000,0.0,.000,0.0,190,2.46753246753,254,1410,18.3116883117,
Cincinnatus Powell,DLC,1968-1969, 6-7,SF,26,75,2573,34.3066666667,555,1179,.471,2,7,.286,342,470,.728,203,2.70666666667,468,6.24,671,8.94666666667,173,2.30666666667,.000,0.0,.000,0.0,212,2.82666666667,275,1454,19.3866666667,
Cincinnatus Powell,DLC,1969-1970, 6-7,SF,27,76,2624,34.5263157895,562,1200,.468,2,12,.167,402,519,.775,193,2.53947368421,489,6.43421052632,682,8.97368421053,192,2.52631578947,.000,0.0,.000,0.0,251,3.30263157895,250,1528,20.1052631579,
Cincinnatus Powell,KEN,1970-1971, 6-7,SF,28,81,2933,36.2098765432,578,1173,.493,4,16,.250,302,398,.759,311,3.83950617284,579,7.14814814815,890,10.987654321,255,3.14814814815,.000,0.0,.000,0.0,235,2.9012345679,323,1462,18.049382716,
Cincinnatus Powell,KEN,1971-1972, 6-7,SF,29,65,2288,35.2,430,907,.474,4,13,.308,185,256,.723,158,2.43076923077,342,5.26153846154,500,7.69230769231,237,3.64615384615,.000,0.0,.000,0.0,178,2.73846153846,219,1049,16.1384615385,
Cincinnatus Powell,UTS,1972-1973, 6-7,SF,30,83,1985,23.9156626506,423,853,.496,3,13,.231,167,240,.696,135,1.6265060241,285,3.43373493976,420,5.06024096386,137,1.65060240964,.000,0.0,.000,0.0,137,1.65060240964,249,1016,12.2409638554,
Cincinnatus Powell,VIR,1973-1974, 6-7,PF,31,82,2485,30.3048780488,528,1167,.452,10,31,.323,209,296,.706,171,2.08536585366,348,4.24390243902,519,6.32926829268,136,1.65853658537,46,0.560975609756,32,0.390243902439,186,2.26829268293,270,1275,15.5487804878,
Cincinnatus Powell,VIR,1974-1975, 6-7,SF,32,60,1224,20.4,214,530,.404,5,17,.294,119,180,.661,74,1.23333333333,132,2.2,206,3.43333333333,94,1.56666666667,27,0.45,8,0.133333333333,91,1.51666666667,138,552,9.2,
