Player,Team,Season,Height,Position,Age,G,MIN,MINPG,FGM,FGA,FGP,TPM,TPA,TPP,FTM,FTA,FTP,ORB,ORBPG,DRB,DRBPG,TRB,TRBPG,AST,ASTPG,STL,STLPG,BLK,BLKPG,TO,TOPG,PF,PTS,PTSPG,
Clark Kellogg,IND,1982-1983, 6-7,PF,21,81,2761,34.0864197531,680,1420,.479,4,18,.222,261,352,.741,340,4.1975308642,520,6.41975308642,860,10.6172839506,223,2.75308641975,141,1.74074074074,43,0.530864197531,217,2.67901234568,298,1625,20.0617283951,
Clark Kellogg,IND,1983-1984, 6-7,PF,22,79,2676,33.8734177215,619,1193,.519,7,21,.333,261,340,.768,230,2.91139240506,489,6.18987341772,719,9.10126582278,234,2.96202531646,121,1.53164556962,28,0.354430379747,218,2.75949367089,242,1506,19.0632911392,
Clark Kellogg,IND,1984-1985, 6-7,PF,23,77,2449,31.8051948052,562,1112,.505,7,14,.500,301,396,.760,224,2.90909090909,500,6.49350649351,724,9.4025974026,244,3.16883116883,86,1.11688311688,26,0.337662337662,231,3.0,247,1432,18.5974025974,
Clark Kellogg,IND,1985-1986, 6-7,PF,24,19,568,29.8947368421,139,294,.473,4,13,.308,53,69,.768,51,2.68421052632,117,6.15789473684,168,8.84210526316,57,3.0,28,1.47368421053,8,0.421052631579,61,3.21052631579,59,335,17.6315789474,
Clark Kellogg,IND,1986-1987, 6-7,PF,25,4,60,15.0,8,22,.364,1,2,.500,3,4,.750,7,1.75,4,1.0,11,2.75,6,1.5,5,1.25,0,0.0,4,1.0,12,20,5.0,
