Player,Team,Season,Height,Position,Age,G,MIN,MINPG,FGM,FGA,FGP,TPM,TPA,TPP,FTM,FTA,FTP,ORB,ORBPG,DRB,DRBPG,TRB,TRBPG,AST,ASTPG,STL,STLPG,BLK,BLKPG,TO,TOPG,PF,PTS,PTSPG,
Claude Gregory,WSB,1985-1986, 6-8,PF,27,2,2,1.0,1,2,.500,0,0,.000,0,0,.000,2,1.0,0,0.0,2,1.0,0,0.0,1,0.5,0,0.0,2,1.0,1,2,1.0,
Claude Gregory,LAC,1987-1988, 6-8,PF,29,23,313,13.6086956522,61,134,.455,0,1,.000,12,36,.333,37,1.60869565217,58,2.52173913043,95,4.13043478261,16,0.695652173913,9,0.391304347826,13,0.565217391304,22,0.95652173913,37,134,5.82608695652,
