Player,Team,Season,Height,Position,Age,G,MIN,MINPG,FGM,FGA,FGP,TPM,TPA,TPP,FTM,FTA,FTP,ORB,ORBPG,DRB,DRBPG,TRB,TRBPG,AST,ASTPG,STL,STLPG,BLK,BLKPG,TO,TOPG,PF,PTS,PTSPG,
Claude Terry,DNR,1972-1973, 6-4,SG,23,68,667,9.80882352941,120,285,.421,10,24,.417,74,114,.649,45,0.661764705882,30,0.441176470588,75,1.10294117647,62,0.911764705882,.000,0.0,.000,0.0,69,1.01470588235,111,324,4.76470588235,
Claude Terry,DNR,1973-1974, 6-4,SG,24,60,587,9.78333333333,113,255,.443,14,35,.400,60,69,.870,26,0.433333333333,45,0.75,71,1.18333333333,73,1.21666666667,12,0.2,3,0.05,57,0.95,64,300,5.0,
Claude Terry,DNA,1974-1975, 6-4,SF,25,70,989,14.1285714286,193,364,.530,10,25,.400,70,92,.761,57,0.814285714286,83,1.18571428571,140,2.0,111,1.58571428571,33,0.471428571429,2,0.0285714285714,80,1.14285714286,82,466,6.65714285714,
Claude Terry,DNA,1975-1976, 6-4,SG,26,79,1349,17.0759493671,232,500,.464,13,55,.236,80,89,.899,42,0.53164556962,110,1.39240506329,152,1.92405063291,146,1.84810126582,40,0.506329113924,5,0.0632911392405,96,1.21518987342,116,557,7.05063291139,
Claude Terry,TOT,1976-1977, 6-4,SG,27,45,545,12.1111111111,96,191,.503,.000,.000,.000,36,44,.818,12,0.266666666667,34,0.755555555556,46,1.02222222222,58,1.28888888889,20,0.444444444444,1,0.0222222222222,.000,0.0,48,228,5.06666666667,
Claude Terry,BUF,1976-1977, 6-4,SG,27,33,304,9.21212121212,49,104,.471,.000,.000,.000,18,23,.783,4,0.121212121212,24,0.727272727273,28,0.848484848485,33,1.0,11,0.333333333333,0,0.0,.000,0.0,27,116,3.51515151515,
Claude Terry,ATL,1976-1977, 6-4,SG,27,12,241,20.0833333333,47,87,.540,.000,.000,.000,18,21,.857,8,0.666666666667,10,0.833333333333,18,1.5,25,2.08333333333,9,0.75,1,0.0833333333333,.000,0.0,21,112,9.33333333333,
Claude Terry,ATL,1977-1978, 6-4,SG,28,27,166,6.14814814815,25,68,.368,.000,.000,.000,9,11,.818,3,0.111111111111,12,0.444444444444,15,0.555555555556,7,0.259259259259,6,0.222222222222,0,0.0,8,0.296296296296,14,59,2.18518518519,
