Player,Team,Season,Height,Position,Age,G,MIN,MINPG,FGM,FGA,FGP,TPM,TPA,TPP,FTM,FTA,FTP,ORB,ORBPG,DRB,DRBPG,TRB,TRBPG,AST,ASTPG,STL,STLPG,BLK,BLKPG,TO,TOPG,PF,PTS,PTSPG,
Clay Johnson,LAL,1981-1982, 6-4,SG,25,7,65,9.28571428571,11,20,.550,0,0,.000,3,6,.500,8,1.14285714286,4,0.571428571429,12,1.71428571429,7,1.0,3,0.428571428571,3,0.428571428571,7,1.0,13,25,3.57142857143,
Clay Johnson,LAL,1982-1983, 6-4,SG,26,48,447,9.3125,53,135,.393,0,2,.000,38,48,.792,40,0.833333333333,29,0.604166666667,69,1.4375,24,0.5,22,0.458333333333,4,0.0833333333333,25,0.520833333333,62,144,3.0,
Clay Johnson,SEA,1983-1984, 6-4,SG,27,25,176,7.04,20,50,.400,1,1,1.000,14,22,.636,6,0.24,6,0.24,12,0.48,14,0.56,8,0.32,2,0.08,12,0.48,24,55,2.2,
