Player,Team,Season,Height,Position,Age,G,MIN,MINPG,FGM,FGA,FGP,TPM,TPA,TPP,FTM,FTA,FTP,ORB,ORBPG,DRB,DRBPG,TRB,TRBPG,AST,ASTPG,STL,STLPG,BLK,BLKPG,TO,TOPG,PF,PTS,PTSPG,
Clem Haskins,CHI,1967-1968, 6-3,PG,24,76,1477,19.4342105263,273,650,.420,.000,.000,.000,133,202,.658,.000,0.0,.000,0.0,227,2.98684210526,165,2.17105263158,.000,0.0,.000,0.0,.000,0.0,175,679,8.93421052632,
Clem Haskins,CHI,1968-1969, 6-3,PG,25,79,2874,36.3797468354,537,1275,.421,.000,.000,.000,282,361,.781,.000,0.0,.000,0.0,359,4.54430379747,306,3.87341772152,.000,0.0,.000,0.0,.000,0.0,230,1356,17.164556962,
Clem Haskins,CHI,1969-1970, 6-3,SG,26,82,3214,39.1951219512,668,1486,.450,.000,.000,.000,332,424,.783,.000,0.0,.000,0.0,378,4.60975609756,624,7.60975609756,.000,0.0,.000,0.0,.000,0.0,237,1668,20.3414634146,
Clem Haskins,PHO,1970-1971, 6-3,PG,27,82,2764,33.7073170732,562,1277,.440,.000,.000,.000,338,431,.784,.000,0.0,.000,0.0,324,3.9512195122,383,4.67073170732,.000,0.0,.000,0.0,.000,0.0,207,1462,17.8292682927,
Clem Haskins,PHO,1971-1972, 6-3,PG,28,79,2453,31.0506329114,509,1054,.483,.000,.000,.000,220,258,.853,.000,0.0,.000,0.0,270,3.41772151899,290,3.67088607595,.000,0.0,.000,0.0,.000,0.0,194,1238,15.6708860759,
Clem Haskins,PHO,1972-1973, 6-3,SG,29,77,1581,20.5324675325,339,731,.464,.000,.000,.000,130,156,.833,.000,0.0,.000,0.0,173,2.24675324675,203,2.63636363636,.000,0.0,.000,0.0,.000,0.0,143,808,10.4935064935,
Clem Haskins,PHO,1973-1974, 6-3,SG,30,81,1822,22.4938271605,364,792,.460,.000,.000,.000,171,203,.842,78,0.962962962963,144,1.77777777778,222,2.74074074074,259,3.1975308642,81,1.0,16,0.197530864198,.000,0.0,166,899,11.0987654321,
Clem Haskins,WSB,1974-1975, 6-3,SG,31,70,702,10.0285714286,115,290,.397,.000,.000,.000,53,63,.841,29,0.414285714286,51,0.728571428571,80,1.14285714286,79,1.12857142857,23,0.328571428571,6,0.0857142857143,.000,0.0,73,283,4.04285714286,
Clem Haskins,WSB,1975-1976, 6-3,SG,32,55,737,13.4,148,269,.550,.000,.000,.000,54,65,.831,12,0.218181818182,42,0.763636363636,54,0.981818181818,73,1.32727272727,23,0.418181818182,8,0.145454545455,.000,0.0,79,350,6.36363636364,
