Player,Team,Season,Height,Position,Age,G,MIN,MINPG,FGM,FGA,FGP,TPM,TPA,TPP,FTM,FTA,FTP,ORB,ORBPG,DRB,DRBPG,TRB,TRBPG,AST,ASTPG,STL,STLPG,BLK,BLKPG,TO,TOPG,PF,PTS,PTSPG,
Cliff Anderson,LAL,1967-1968, 6-2,SG,23,18,94,5.22222222222,7,29,.241,.000,.000,.000,12,28,.429,.000,0.0,.000,0.0,11,0.611111111111,17,0.944444444444,.000,0.0,.000,0.0,.000,0.0,18,26,1.44444444444,
Cliff Anderson,LAL,1968-1969, 6-2,SG,24,35,289,8.25714285714,44,108,.407,.000,.000,.000,47,82,.573,.000,0.0,.000,0.0,44,1.25714285714,31,0.885714285714,.000,0.0,.000,0.0,.000,0.0,58,135,3.85714285714,
Cliff Anderson,DNR,1969-1970, 6-2,SG,25,3,22,7.33333333333,2,4,.500,0,0,.000,2,6,.333,1,0.333333333333,3,1.0,4,1.33333333333,4,1.33333333333,.000,0.0,.000,0.0,3,1.0,3,6,2.0,
Cliff Anderson,TOT,1970-1971, 6-2,SG,26,28,198,7.07142857143,20,65,.308,.000,.000,.000,46,67,.687,.000,0.0,.000,0.0,48,1.71428571429,20,0.714285714286,.000,0.0,.000,0.0,.000,0.0,29,86,3.07142857143,
Cliff Anderson,CLE,1970-1971, 6-2,SG,26,23,171,7.4347826087,19,59,.322,.000,.000,.000,41,60,.683,.000,0.0,.000,0.0,37,1.60869565217,16,0.695652173913,.000,0.0,.000,0.0,.000,0.0,22,79,3.4347826087,
Cliff Anderson,PHI,1970-1971, 6-2,SG,26,5,27,5.4,1,6,.167,.000,.000,.000,5,7,.714,.000,0.0,.000,0.0,11,2.2,4,0.8,.000,0.0,.000,0.0,.000,0.0,7,7,1.4,
