Player,Team,Season,Height,Position,Age,G,MIN,MINPG,FGM,FGA,FGP,TPM,TPA,TPP,FTM,FTA,FTP,ORB,ORBPG,DRB,DRBPG,TRB,TRBPG,AST,ASTPG,STL,STLPG,BLK,BLKPG,TO,TOPG,PF,PTS,PTSPG,
Clifford Rozier,GSW,1994-1995, 6-11,C,22,66,1494,22.6363636364,189,390,.485,2,7,.286,68,152,.447,200,3.0303030303,286,4.33333333333,486,7.36363636364,45,0.681818181818,35,0.530303030303,39,0.590909090909,89,1.34848484848,196,448,6.78787878788,
Clifford Rozier,GSW,1995-1996, 6-11,C,23,59,723,12.2542372881,79,135,.585,0,2,.000,26,55,.473,71,1.20338983051,100,1.69491525424,171,2.89830508475,22,0.372881355932,19,0.322033898305,30,0.508474576271,40,0.677966101695,135,184,3.1186440678,
Clifford Rozier,TOT,1996-1997, 6-11,C,24,42,737,17.5476190476,79,174,.454,0,2,.000,31,61,.508,102,2.42857142857,132,3.14285714286,234,5.57142857143,31,0.738095238095,24,0.571428571429,44,1.04761904762,29,0.690476190476,97,189,4.5,
Clifford Rozier,GSW,1996-1997, 6-11,C,24,1,5,5.0,0,1,.000,0,0,.000,0,0,.000,0,0.0,0,0.0,0,0.0,0,0.0,0,0.0,0,0.0,0,0.0,0,0,0.0,
Clifford Rozier,TOR,1996-1997, 6-11,C,24,41,732,17.8536585366,79,173,.457,0,2,.000,31,61,.508,102,2.48780487805,132,3.21951219512,234,5.70731707317,31,0.756097560976,24,0.585365853659,44,1.07317073171,29,0.707317073171,97,189,4.60975609756,
Clifford Rozier,MIN,1997-1998, 6-11,C,25,6,30,5.0,3,6,.500,0,0,.000,0,1,.000,3,0.5,3,0.5,6,1.0,0,0.0,0,0.0,0,0.0,4,0.666666666667,7,6,1.0,
