Player,Team,Season,Height,Position,Age,G,MIN,MINPG,FGM,FGA,FGP,TPM,TPA,TPP,FTM,FTA,FTP,ORB,ORBPG,DRB,DRBPG,TRB,TRBPG,AST,ASTPG,STL,STLPG,BLK,BLKPG,TO,TOPG,PF,PTS,PTSPG,
Clint Richardson,PHI,1979-1980, 6-3,SG,23,52,988,19.0,159,348,.457,1,3,.333,28,45,.622,55,1.05769230769,68,1.30769230769,123,2.36538461538,107,2.05769230769,24,0.461538461538,15,0.288461538462,64,1.23076923077,97,347,6.67307692308,
Clint Richardson,PHI,1980-1981, 6-3,SG,24,77,1313,17.0519480519,227,464,.489,0,1,.000,84,108,.778,83,1.07792207792,93,1.20779220779,176,2.28571428571,152,1.97402597403,36,0.467532467532,10,0.12987012987,110,1.42857142857,102,538,6.98701298701,
Clint Richardson,PHI,1981-1982, 6-3,SG,25,77,1040,13.5064935065,140,310,.452,2,2,1.000,69,88,.784,55,0.714285714286,63,0.818181818182,118,1.53246753247,109,1.41558441558,36,0.467532467532,9,0.116883116883,79,1.02597402597,109,351,4.55844155844,
Clint Richardson,PHI,1982-1983, 6-3,SG,26,77,1755,22.7922077922,259,559,.463,0,6,.000,71,111,.640,98,1.27272727273,149,1.93506493506,247,3.20779220779,168,2.18181818182,71,0.922077922078,18,0.233766233766,99,1.28571428571,164,589,7.64935064935,
Clint Richardson,PHI,1983-1984, 6-3,SG,27,69,1571,22.768115942,221,473,.467,0,4,.000,79,103,.767,62,0.898550724638,103,1.49275362319,165,2.39130434783,155,2.24637681159,49,0.710144927536,23,0.333333333333,100,1.44927536232,145,521,7.55072463768,
Clint Richardson,PHI,1984-1985, 6-3,SG,28,74,1531,20.6891891892,183,404,.453,1,3,.333,76,89,.854,60,0.810810810811,95,1.28378378378,155,2.09459459459,157,2.12162162162,37,0.5,15,0.202702702703,78,1.05405405405,143,443,5.98648648649,
Clint Richardson,IND,1985-1986, 6-3,SG,29,82,2224,27.1219512195,335,736,.455,1,9,.111,123,147,.837,69,0.841463414634,182,2.21951219512,251,3.06097560976,372,4.53658536585,58,0.707317073171,8,0.0975609756098,136,1.65853658537,153,794,9.68292682927,
Clint Richardson,IND,1986-1987, 6-3,SG,30,78,1396,17.8974358974,218,467,.467,6,17,.353,59,74,.797,51,0.653846153846,92,1.17948717949,143,1.83333333333,241,3.08974358974,49,0.628205128205,7,0.0897435897436,85,1.08974358974,106,501,6.42307692308,
