Player,Team,Season,Height,Position,Age,G,MIN,MINPG,FGM,FGA,FGP,TPM,TPA,TPP,FTM,FTA,FTP,ORB,ORBPG,DRB,DRBPG,TRB,TRBPG,AST,ASTPG,STL,STLPG,BLK,BLKPG,TO,TOPG,PF,PTS,PTSPG,
Clyde Dickey,UTS,1974-1975, 6-3,SG,23,58,472,8.13793103448,71,203,.350,2,15,.133,16,21,.762,12,0.206896551724,49,0.844827586207,61,1.05172413793,47,0.810344827586,14,0.241379310345,0,0.0,45,0.775862068966,46,160,2.75862068966,
