Player,Team,Season,Height,Position,Age,G,MIN,MINPG,FGM,FGA,FGP,TPM,TPA,TPP,FTM,FTA,FTP,ORB,ORBPG,DRB,DRBPG,TRB,TRBPG,AST,ASTPG,STL,STLPG,BLK,BLKPG,TO,TOPG,PF,PTS,PTSPG,
Cole Aldrich,OKC,2010-2011, 6-11,C,22,18,142,7.88888888889,8,15,.533,0,0,.000,2,4,.500,13,0.722222222222,22,1.22222222222,35,1.94444444444,4,0.222222222222,5,0.277777777778,7,0.388888888889,8,0.444444444444,30,18,1.0,
Cole Aldrich,OKC,2011-2012, 6-11,C,23,26,173,6.65384615385,22,42,.524,0,0,.000,13,14,.929,13,0.5,35,1.34615384615,48,1.84615384615,3,0.115384615385,8,0.307692307692,16,0.615384615385,9,0.346153846154,22,57,2.19230769231,
Cole Aldrich,TOT,2012-2013, 6-11,C,24,33,247,7.48484848485,27,53,.509,0,0,.000,7,12,.583,16,0.484848484848,53,1.60606060606,69,2.09090909091,8,0.242424242424,4,0.121212121212,11,0.333333333333,15,0.454545454545,44,61,1.84848484848,
Cole Aldrich,HOU,2012-2013, 6-11,C,24,30,213,7.1,23,43,.535,0,0,.000,4,9,.444,12,0.4,45,1.5,57,1.9,6,0.2,3,0.1,9,0.3,14,0.466666666667,41,50,1.66666666667,
Cole Aldrich,SAC,2012-2013, 6-11,,24,3,34,11.3333333333,4,10,.400,0,0,.000,3,3,1.000,4,1.33333333333,8,2.66666666667,12,4.0,2,0.666666666667,1,0.333333333333,2,0.666666666667,1,0.333333333333,3,11,3.66666666667,
