Player,Team,Season,Height,Position,Age,G,MIN,MINPG,FGM,FGA,FGP,TPM,TPA,TPP,FTM,FTA,FTP,ORB,ORBPG,DRB,DRBPG,TRB,TRBPG,AST,ASTPG,STL,STLPG,BLK,BLKPG,TO,TOPG,PF,PTS,PTSPG,
Corey Brewer,MIN,2007-2008, 6-9,SF,21,79,1803,22.8227848101,182,486,.374,7,36,.194,88,110,.800,82,1.03797468354,210,2.6582278481,292,3.69620253165,111,1.40506329114,76,0.962025316456,25,0.316455696203,89,1.12658227848,188,459,5.81012658228,
Corey Brewer,MIN,2008-2009, 6-9,SF,22,15,307,20.4666666667,37,90,.411,5,12,.417,14,19,.737,18,1.2,31,2.06666666667,49,3.26666666667,25,1.66666666667,15,1.0,3,0.2,13,0.866666666667,37,93,6.2,
Corey Brewer,MIN,2009-2010, 6-9,SG,23,82,2482,30.2682926829,409,949,.431,82,237,.346,166,256,.648,70,0.853658536585,209,2.5487804878,279,3.40243902439,193,2.35365853659,117,1.42682926829,29,0.353658536585,164,2.0,224,1066,13.0,
Corey Brewer,TOT,2010-2011, 6-9,SF,24,69,1510,21.884057971,193,488,.395,30,112,.268,136,192,.708,57,0.826086956522,118,1.71014492754,175,2.53623188406,89,1.28985507246,100,1.44927536232,16,0.231884057971,87,1.26086956522,159,552,8.0,
Corey Brewer,MIN,2010-2011, 6-9,SF,24,56,1362,24.3214285714,168,437,.384,26,99,.263,121,171,.708,45,0.803571428571,107,1.91071428571,152,2.71428571429,77,1.375,89,1.58928571429,14,0.25,77,1.375,134,483,8.625,
Corey Brewer,DAL,2010-2011, 6-9,SG,24,13,148,11.3846153846,25,51,.490,4,13,.308,15,21,.714,12,0.923076923077,11,0.846153846154,23,1.76923076923,12,0.923076923077,11,0.846153846154,2,0.153846153846,10,0.769230769231,25,69,5.30769230769,
Corey Brewer,DEN,2011-2012, 6-9,SF,25,59,1287,21.813559322,201,463,.434,33,127,.260,90,130,.692,43,0.728813559322,107,1.81355932203,150,2.54237288136,88,1.49152542373,72,1.22033898305,17,0.28813559322,56,0.949152542373,113,525,8.89830508475,
Corey Brewer,DEN,2012-2013, 6-9,SF,26,66,1572,23.8181818182,298,694,.429,73,247,.296,100,149,.671,44,0.666666666667,149,2.25757575758,193,2.92424242424,98,1.48484848485,87,1.31818181818,19,0.287878787879,75,1.13636363636,118,769,11.6515151515,
