Player,Team,Season,Height,Position,Age,G,MIN,MINPG,FGM,FGA,FGP,TPM,TPA,TPP,FTM,FTA,FTP,ORB,ORBPG,DRB,DRBPG,TRB,TRBPG,AST,ASTPG,STL,STLPG,BLK,BLKPG,TO,TOPG,PF,PTS,PTSPG,
Corey Benjamin,CHI,1998-1999, 6-6,PG,20,31,320,10.3225806452,44,117,.376,3,14,.214,27,40,.675,15,0.483870967742,25,0.806451612903,40,1.29032258065,10,0.322580645161,11,0.354838709677,8,0.258064516129,21,0.677419354839,46,118,3.8064516129,
Corey Benjamin,CHI,1999-2000, 6-6,SG,21,48,862,17.9583333333,145,350,.414,31,89,.348,49,82,.598,21,0.4375,67,1.39583333333,88,1.83333333333,54,1.125,31,0.645833333333,22,0.458333333333,74,1.54166666667,122,370,7.70833333333,
Corey Benjamin,CHI,2000-2001, 6-6,PG,22,65,857,13.1846153846,115,302,.381,21,81,.259,56,83,.675,38,0.584615384615,62,0.953846153846,100,1.53846153846,69,1.06153846154,28,0.430769230769,16,0.246153846154,63,0.969230769231,128,307,4.72307692308,
Corey Benjamin,ATL,2002-2003, 6-6,SG,24,9,152,16.8888888889,13,43,.302,2,13,.154,12,16,.750,10,1.11111111111,21,2.33333333333,31,3.44444444444,10,1.11111111111,1,0.111111111111,2,0.222222222222,6,0.666666666667,20,40,4.44444444444,
