Player,Team,Season,Height,Position,Age,G,MIN,MINPG,FGM,FGA,FGP,TPM,TPA,TPP,FTM,FTA,FTP,ORB,ORBPG,DRB,DRBPG,TRB,TRBPG,AST,ASTPG,STL,STLPG,BLK,BLKPG,TO,TOPG,PF,PTS,PTSPG,
Corky Devlin,FTW,1955-1956, 6-5,SG,24,69,1535,22.2463768116,200,541,.370,.000,.000,.000,146,192,.760,.000,0.0,.000,0.0,171,2.47826086957,138,2.0,.000,0.0,.000,0.0,.000,0.0,119,546,7.91304347826,
Corky Devlin,FTW,1956-1957, 6-5,SG,25,71,1242,17.4929577465,190,502,.378,.000,.000,.000,97,143,.678,.000,0.0,.000,0.0,146,2.05633802817,141,1.98591549296,.000,0.0,.000,0.0,.000,0.0,114,477,6.71830985915,
Corky Devlin,MNL,1957-1958, 6-5,SG,26,70,1248,17.8285714286,170,489,.348,.000,.000,.000,133,172,.773,.000,0.0,.000,0.0,132,1.88571428571,167,2.38571428571,.000,0.0,.000,0.0,.000,0.0,104,473,6.75714285714,
