Player,Team,Season,Height,Position,Age,G,MIN,MINPG,FGM,FGA,FGP,TPM,TPA,TPP,FTM,FTA,FTP,ORB,ORBPG,DRB,DRBPG,TRB,TRBPG,AST,ASTPG,STL,STLPG,BLK,BLKPG,TO,TOPG,PF,PTS,PTSPG,
Cory Higgins,CHA,2011-2012, 6-5,PG,22,38,423,11.1315789474,52,160,.325,4,20,.200,42,60,.700,7,0.184210526316,28,0.736842105263,35,0.921052631579,36,0.947368421053,5,0.131578947368,6,0.157894736842,39,1.02631578947,40,150,3.94736842105,
Cory Higgins,CHA,2012-2013, 6-5,SG,23,6,32,5.33333333333,6,19,.316,1,5,.200,1,2,.500,1,0.166666666667,2,0.333333333333,3,0.5,5,0.833333333333,3,0.5,0,0.0,0,0.0,5,14,2.33333333333,
