Player,Team,Season,Height,Position,Age,G,MIN,MINPG,FGM,FGA,FGP,TPM,TPA,TPP,FTM,FTA,FTP,ORB,ORBPG,DRB,DRBPG,TRB,TRBPG,AST,ASTPG,STL,STLPG,BLK,BLKPG,TO,TOPG,PF,PTS,PTSPG,
Cory Carr,CHI,1998-1999, 6-3,SG,23,42,624,14.8571428571,71,216,.329,5,30,.167,24,32,.750,8,0.190476190476,41,0.97619047619,49,1.16666666667,66,1.57142857143,21,0.5,7,0.166666666667,46,1.09523809524,66,171,4.07142857143,
