Player,Team,Season,Height,Position,Age,G,MIN,MINPG,FGM,FGA,FGP,TPM,TPA,TPP,FTM,FTA,FTP,ORB,ORBPG,DRB,DRBPG,TRB,TRBPG,AST,ASTPG,STL,STLPG,BLK,BLKPG,TO,TOPG,PF,PTS,PTSPG,
Cotton Nash,TOT,1964-1965, 6-5,SF,22,45,357,7.93333333333,47,145,.324,.000,.000,.000,43,52,.827,.000,0.0,.000,0.0,83,1.84444444444,19,0.422222222222,.000,0.0,.000,0.0,.000,0.0,57,137,3.04444444444,
Cotton Nash,LAL,1964-1965, 6-5,SF,22,25,167,6.68,14,57,.246,.000,.000,.000,25,32,.781,.000,0.0,.000,0.0,35,1.4,10,0.4,.000,0.0,.000,0.0,.000,0.0,30,53,2.12,
Cotton Nash,SFW,1964-1965, 6-5,SF,22,20,190,9.5,33,88,.375,.000,.000,.000,18,20,.900,.000,0.0,.000,0.0,48,2.4,9,0.45,.000,0.0,.000,0.0,.000,0.0,27,84,4.2,
Cotton Nash,KEN,1967-1968, 6-5,SF,25,39,786,20.1538461538,106,305,.348,0,1,.000,121,162,.747,.000,0.0,.000,0.0,190,4.87179487179,46,1.17948717949,.000,0.0,.000,0.0,49,1.25641025641,63,333,8.53846153846,
