Player,Team,Season,Height,Position,Age,G,MIN,MINPG,FGM,FGA,FGP,TPM,TPA,TPP,FTM,FTA,FTP,ORB,ORBPG,DRB,DRBPG,TRB,TRBPG,AST,ASTPG,STL,STLPG,BLK,BLKPG,TO,TOPG,PF,PTS,PTSPG,
Courtney Lee,ORL,2008-2009, 6-5,SG,23,77,1939,25.1818181818,243,540,.450,82,203,.404,78,94,.830,18,0.233766233766,160,2.07792207792,178,2.31168831169,91,1.18181818182,76,0.987012987013,14,0.181818181818,69,0.896103896104,157,646,8.38961038961,
Courtney Lee,NJN,2009-2010, 6-5,SG,24,71,2375,33.4507042254,338,775,.436,76,225,.338,133,153,.869,60,0.845070422535,192,2.70422535211,252,3.54929577465,121,1.70422535211,93,1.30985915493,20,0.281690140845,76,1.07042253521,130,885,12.4647887324,
Courtney Lee,HOU,2010-2011, 6-5,SG,25,81,1723,21.2716049383,253,576,.439,71,174,.408,95,120,.792,51,0.62962962963,158,1.95061728395,209,2.58024691358,100,1.23456790123,58,0.716049382716,18,0.222222222222,68,0.83950617284,102,672,8.2962962963,
Courtney Lee,HOU,2011-2012, 6-5,SG,26,58,1757,30.2931034483,251,580,.433,87,217,.401,71,86,.826,26,0.448275862069,133,2.29310344828,159,2.74137931034,88,1.51724137931,68,1.1724137931,22,0.379310344828,64,1.10344827586,106,660,11.3793103448,
Courtney Lee,BOS,2012-2013, 6-5,SG,27,64,1578,24.65625,200,432,.463,44,127,.346,53,62,.855,25,0.390625,133,2.078125,158,2.46875,115,1.796875,76,1.1875,14,0.21875,72,1.125,113,497,7.765625,
