Player,Team,Season,Height,Position,Age,G,MIN,MINPG,FGM,FGA,FGP,TPM,TPA,TPP,FTM,FTA,FTP,ORB,ORBPG,DRB,DRBPG,TRB,TRBPG,AST,ASTPG,STL,STLPG,BLK,BLKPG,TO,TOPG,PF,PTS,PTSPG,
Craig Raymond,PHI,1968-1969, 6-11,C,23,27,177,6.55555555556,22,64,.344,.000,.000,.000,11,17,.647,.000,0.0,.000,0.0,68,2.51851851852,8,0.296296296296,.000,0.0,.000,0.0,.000,0.0,46,55,2.03703703704,
Craig Raymond,TOT,1969-1970, 6-11,C,24,80,2356,29.45,386,812,.475,0,1,.000,190,304,.625,146,1.825,650,8.125,796,9.95,154,1.925,.000,0.0,.000,0.0,247,3.0875,274,962,12.025,
Craig Raymond,PTP,1969-1970, 6-11,C,24,34,789,23.2058823529,100,229,.437,0,0,.000,52,98,.531,41,1.20588235294,215,6.32352941176,256,7.52941176471,55,1.61764705882,.000,0.0,.000,0.0,110,3.23529411765,100,252,7.41176470588,
Craig Raymond,LAS,1969-1970, 6-11,C,24,46,1567,34.0652173913,286,583,.491,0,1,.000,138,206,.670,105,2.28260869565,435,9.45652173913,540,11.7391304348,99,2.15217391304,.000,0.0,.000,0.0,137,2.97826086957,174,710,15.4347826087,
Craig Raymond,MMP,1970-1971, 6-11,C,25,56,1102,19.6785714286,142,330,.430,0,1,.000,67,106,.632,63,1.125,226,4.03571428571,289,5.16071428571,91,1.625,.000,0.0,.000,0.0,102,1.82142857143,124,351,6.26785714286,
Craig Raymond,FLO,1971-1972, 6-11,C,26,64,889,13.890625,104,227,.458,0,3,.000,48,76,.632,63,0.984375,221,3.453125,284,4.4375,67,1.046875,.000,0.0,.000,0.0,91,1.421875,108,256,4.0,
Craig Raymond,TOT,1972-1973, 6-11,C,27,14,168,12.0,12,39,.308,0,0,.000,10,14,.714,23,1.64285714286,50,3.57142857143,73,5.21428571429,7,0.5,.000,0.0,.000,0.0,15,1.07142857143,24,34,2.42857142857,
Craig Raymond,SDA,1972-1973, 6-11,C,27,8,135,16.875,10,31,.323,0,0,.000,9,12,.750,20,2.5,43,5.375,63,7.875,6,0.75,.000,0.0,.000,0.0,12,1.5,16,29,3.625,
Craig Raymond,INA,1972-1973, 6-11,C,27,6,33,5.5,2,8,.250,0,0,.000,1,2,.500,3,0.5,7,1.16666666667,10,1.66666666667,1,0.166666666667,.000,0.0,.000,0.0,3,0.5,8,5,0.833333333333,
