Player,Team,Season,Height,Position,Age,G,MIN,MINPG,FGM,FGA,FGP,TPM,TPA,TPP,FTM,FTA,FTP,ORB,ORBPG,DRB,DRBPG,TRB,TRBPG,AST,ASTPG,STL,STLPG,BLK,BLKPG,TO,TOPG,PF,PTS,PTSPG,
Craig Brackins,PHI,2010-2011, 6-10,PF,23,3,33,11.0,4,16,.250,0,5,.000,0,0,.000,2,0.666666666667,2,0.666666666667,4,1.33333333333,1,0.333333333333,1,0.333333333333,0,0.0,0,0.0,3,8,2.66666666667,
Craig Brackins,PHI,2011-2012, 6-10,PF,24,14,88,6.28571428571,9,33,.273,3,9,.333,1,2,.500,5,0.357142857143,10,0.714285714286,15,1.07142857143,8,0.571428571429,0,0.0,1,0.0714285714286,4,0.285714285714,6,22,1.57142857143,
