Player,Team,Season,Height,Position,Age,G,MIN,MINPG,FGM,FGA,FGP,TPM,TPA,TPP,FTM,FTA,FTP,ORB,ORBPG,DRB,DRBPG,TRB,TRBPG,AST,ASTPG,STL,STLPG,BLK,BLKPG,TO,TOPG,PF,PTS,PTSPG,
Craig Smith,MIN,2006-2007, 6-7,PF,23,82,1537,18.743902439,246,463,.531,0,6,.000,116,186,.624,149,1.81707317073,267,3.25609756098,416,5.07317073171,49,0.59756097561,51,0.621951219512,18,0.219512195122,74,0.90243902439,223,608,7.41463414634,
Craig Smith,MIN,2007-2008, 6-7,PF,24,77,1547,20.0909090909,297,528,.563,0,9,.000,133,200,.665,123,1.5974025974,230,2.98701298701,353,4.58441558442,60,0.779220779221,36,0.467532467532,17,0.220779220779,89,1.15584415584,217,727,9.44155844156,
Craig Smith,MIN,2008-2009, 6-7,PF,25,74,1460,19.7297297297,289,514,.562,0,1,.000,168,248,.677,98,1.32432432432,186,2.51351351351,284,3.83783783784,79,1.06756756757,31,0.418918918919,19,0.256756756757,105,1.41891891892,184,746,10.0810810811,
Craig Smith,LAC,2009-2010, 6-7,PF,26,75,1232,16.4266666667,226,397,.569,1,5,.200,132,208,.635,97,1.29333333333,190,2.53333333333,287,3.82666666667,84,1.12,33,0.44,25,0.333333333333,88,1.17333333333,194,585,7.8,
Craig Smith,LAC,2010-2011, 6-7,PF,27,48,586,12.2083333333,104,188,.553,0,5,.000,50,68,.735,43,0.895833333333,74,1.54166666667,117,2.4375,31,0.645833333333,16,0.333333333333,7,0.145833333333,33,0.6875,84,258,5.375,
Craig Smith,POR,2011-2012, 6-7,PF,28,47,464,9.87234042553,59,117,.504,0,1,.000,38,53,.717,33,0.702127659574,77,1.63829787234,110,2.34042553191,19,0.404255319149,16,0.340425531915,5,0.106382978723,24,0.510638297872,55,156,3.31914893617,
