Player,Team,Season,Height,Position,Age,G,MIN,MINPG,FGM,FGA,FGP,TPM,TPA,TPP,FTM,FTA,FTP,ORB,ORBPG,DRB,DRBPG,TRB,TRBPG,AST,ASTPG,STL,STLPG,BLK,BLKPG,TO,TOPG,PF,PTS,PTSPG,
Craig Shelton,ATL,1980-1981, 6-7,SF,23,55,586,10.6545454545,100,219,.457,0,1,.000,35,58,.603,59,1.07272727273,79,1.43636363636,138,2.50909090909,27,0.490909090909,18,0.327272727273,5,0.0909090909091,61,1.10909090909,128,235,4.27272727273,
Craig Shelton,ATL,1981-1982, 6-7,SF,24,4,21,5.25,2,6,.333,0,0,.000,1,2,.500,1,0.25,2,0.5,3,0.75,0,0.0,1,0.25,0,0.0,0,0.0,3,5,1.25,
