Player,Team,Season,Height,Position,Age,G,MIN,MINPG,FGM,FGA,FGP,TPM,TPA,TPP,FTM,FTA,FTP,ORB,ORBPG,DRB,DRBPG,TRB,TRBPG,AST,ASTPG,STL,STLPG,BLK,BLKPG,TO,TOPG,PF,PTS,PTSPG,
Curly Armstrong,FTW,1948-1949, 5-11,,30,52,.000,0.0,131,428,.306,.000,.000,.000,118,169,.698,.000,0.0,.000,0.0,.000,0.0,105,2.01923076923,.000,0.0,.000,0.0,.000,0.0,152,380,7.30769230769,
Curly Armstrong,FTW,1949-1950, 5-11,,31,63,.000,0.0,144,516,.279,.000,.000,.000,170,241,.705,.000,0.0,.000,0.0,.000,0.0,170,2.69841269841,.000,0.0,.000,0.0,.000,0.0,217,458,7.26984126984,
Curly Armstrong,FTW,1950-1951, 5-11,,32,38,.000,0.0,72,232,.310,.000,.000,.000,58,90,.644,.000,0.0,.000,0.0,89,2.34210526316,77,2.02631578947,.000,0.0,.000,0.0,.000,0.0,97,202,5.31578947368,
