Player,Team,Season,Height,Position,Age,G,MIN,MINPG,FGM,FGA,FGP,TPM,TPA,TPP,FTM,FTA,FTP,ORB,ORBPG,DRB,DRBPG,TRB,TRBPG,AST,ASTPG,STL,STLPG,BLK,BLKPG,TO,TOPG,PF,PTS,PTSPG,
Curtis Borchardt,UTA,2003-2004, 7-0,C,23,16,258,16.125,22,56,.393,0,1,.000,14,18,.778,13,0.8125,41,2.5625,54,3.375,15,0.9375,4,0.25,14,0.875,18,1.125,40,58,3.625,
Curtis Borchardt,UTA,2004-2005, 7-0,C,24,67,859,12.8208955224,74,172,.430,0,0,.000,52,71,.732,86,1.28358208955,138,2.05970149254,224,3.34328358209,49,0.731343283582,10,0.149253731343,32,0.477611940299,52,0.776119402985,160,200,2.98507462687,
