Player,Team,Season,Height,Position,Age,G,MIN,MINPG,FGM,FGA,FGP,TPM,TPA,TPP,FTM,FTA,FTP,ORB,ORBPG,DRB,DRBPG,TRB,TRBPG,AST,ASTPG,STL,STLPG,BLK,BLKPG,TO,TOPG,PF,PTS,PTSPG,
D.J. White,OKC,2008-2009, 6-9,PF,22,7,130,18.5714285714,26,50,.520,0,0,.000,10,13,.769,10,1.42857142857,22,3.14285714286,32,4.57142857143,6,0.857142857143,3,0.428571428571,5,0.714285714286,3,0.428571428571,10,62,8.85714285714,
D.J. White,OKC,2009-2010, 6-9,PF,23,12,102,8.5,25,41,.610,0,0,.000,9,10,.900,10,0.833333333333,13,1.08333333333,23,1.91666666667,4,0.333333333333,5,0.416666666667,3,0.25,3,0.25,12,59,4.91666666667,
D.J. White,TOT,2010-2011, 6-9,C-,24,47,685,14.5744680851,111,219,.507,0,2,.000,46,64,.719,43,0.914893617021,115,2.44680851064,158,3.36170212766,19,0.404255319149,12,0.255319148936,20,0.425531914894,14,0.297872340426,77,268,5.70212765957,
D.J. White,OKC,2010-2011, 6-9,PF,24,23,219,9.52173913043,30,65,.462,0,0,.000,5,10,.500,12,0.521739130435,40,1.73913043478,52,2.26086956522,4,0.173913043478,6,0.260869565217,8,0.347826086957,7,0.304347826087,31,65,2.82608695652,
D.J. White,CHA,2010-2011, 6-9,C,24,24,466,19.4166666667,81,154,.526,0,2,.000,41,54,.759,31,1.29166666667,75,3.125,106,4.41666666667,15,0.625,6,0.25,12,0.5,7,0.291666666667,46,203,8.45833333333,
D.J. White,CHA,2011-2012, 6-9,PF,25,58,1098,18.9310344828,174,353,.493,1,1,1.000,43,61,.705,50,0.862068965517,159,2.74137931034,209,3.60344827586,47,0.810344827586,17,0.293103448276,23,0.396551724138,43,0.741379310345,94,392,6.75862068966,
D.J. White,BOS,2012-2013, 6-9,,26,3,22,7.33333333333,2,6,.333,0,0,.000,1,2,.500,1,0.333333333333,5,1.66666666667,6,2.0,1,0.333333333333,0,0.0,2,0.666666666667,1,0.333333333333,0,5,1.66666666667,
