Player,Team,Season,Height,Position,Age,G,MIN,MINPG,FGM,FGA,FGP,TPM,TPA,TPP,FTM,FTA,FTP,ORB,ORBPG,DRB,DRBPG,TRB,TRBPG,AST,ASTPG,STL,STLPG,BLK,BLKPG,TO,TOPG,PF,PTS,PTSPG,
D.J. Augustin,CHA,2008-2009, 6-0,PG,21,72,1908,26.5,267,621,.430,108,246,.439,208,233,.893,17,0.236111111111,116,1.61111111111,133,1.84722222222,250,3.47222222222,42,0.583333333333,2,0.0277777777778,119,1.65277777778,140,850,11.8055555556,
D.J. Augustin,CHA,2009-2010, 6-0,PG,22,80,1472,18.4,168,435,.386,70,178,.393,102,131,.779,11,0.1375,86,1.075,97,1.2125,193,2.4125,45,0.5625,5,0.0625,74,0.925,127,508,6.35,
D.J. Augustin,CHA,2010-2011, 6-0,PG,23,82,2757,33.6219512195,399,958,.416,111,333,.333,269,297,.906,38,0.463414634146,187,2.28048780488,225,2.74390243902,498,6.07317073171,54,0.658536585366,3,0.0365853658537,155,1.89024390244,152,1178,14.3658536585,
D.J. Augustin,CHA,2011-2012, 6-0,PG,24,48,1408,29.3333333333,183,487,.376,61,179,.341,105,120,.875,24,0.5,85,1.77083333333,109,2.27083333333,307,6.39583333333,36,0.75,1,0.0208333333333,110,2.29166666667,65,532,11.0833333333,
D.J. Augustin,IND,2012-2013, 6-0,PG,25,59,954,16.1694915254,83,236,.352,55,154,.357,66,80,.825,10,0.169491525424,59,1.0,69,1.16949152542,141,2.38983050847,27,0.457627118644,2,0.0338983050847,50,0.847457627119,51,287,4.86440677966,
