Player,Team,Season,Height,Position,Age,G,MIN,MINPG,FGM,FGA,FGP,TPM,TPA,TPP,FTM,FTA,FTP,ORB,ORBPG,DRB,DRBPG,TRB,TRBPG,AST,ASTPG,STL,STLPG,BLK,BLKPG,TO,TOPG,PF,PTS,PTSPG,
D.J. Strawberry,PHO,2007-2008, 6-5,SG,22,33,270,8.18181818182,29,92,.315,6,25,.240,9,19,.474,9,0.272727272727,19,0.575757575758,28,0.848484848485,30,0.909090909091,12,0.363636363636,6,0.181818181818,11,0.333333333333,36,73,2.21212121212,
