Player,Team,Season,Height,Position,Age,G,MIN,MINPG,FGM,FGA,FGP,TPM,TPA,TPP,FTM,FTA,FTP,ORB,ORBPG,DRB,DRBPG,TRB,TRBPG,AST,ASTPG,STL,STLPG,BLK,BLKPG,TO,TOPG,PF,PTS,PTSPG,
Daequan Cook,MIA,2007-2008, 6-5,SG,20,59,1441,24.4237288136,196,514,.381,79,238,.332,47,57,.825,20,0.338983050847,157,2.66101694915,177,3.0,75,1.27118644068,23,0.389830508475,9,0.152542372881,63,1.06779661017,157,518,8.77966101695,
Daequan Cook,MIA,2008-2009, 6-5,SF,21,75,1833,24.44,242,645,.375,153,395,.387,49,56,.875,19,0.253333333333,170,2.26666666667,189,2.52,71,0.946666666667,39,0.52,10,0.133333333333,42,0.56,125,686,9.14666666667,
Daequan Cook,MIA,2009-2010, 6-5,SG,22,45,691,15.3555555556,81,253,.320,40,126,.317,21,25,.840,9,0.2,73,1.62222222222,82,1.82222222222,43,0.955555555556,14,0.311111111111,10,0.222222222222,24,0.533333333333,50,223,4.95555555556,
Daequan Cook,OKC,2010-2011, 6-5,SG,23,43,598,13.9069767442,79,181,.436,65,154,.422,16,20,.800,8,0.186046511628,64,1.48837209302,72,1.67441860465,20,0.46511627907,14,0.325581395349,1,0.0232558139535,17,0.395348837209,51,239,5.55813953488,
Daequan Cook,OKC,2011-2012, 6-5,SG,24,57,989,17.350877193,109,296,.368,79,228,.346,14,22,.636,12,0.210526315789,110,1.9298245614,122,2.14035087719,15,0.263157894737,22,0.385964912281,11,0.19298245614,16,0.280701754386,69,311,5.45614035088,
Daequan Cook,TOT,2012-2013, 6-5,SG,25,36,297,8.25,36,115,.313,20,65,.308,6,7,.857,7,0.194444444444,31,0.861111111111,38,1.05555555556,12,0.333333333333,7,0.194444444444,4,0.111111111111,11,0.305555555556,17,98,2.72222222222,
Daequan Cook,HOU,2012-2013, 6-5,SG,25,16,165,10.3125,21,59,.356,11,30,.367,2,3,.667,5,0.3125,13,0.8125,18,1.125,10,0.625,6,0.375,2,0.125,6,0.375,13,55,3.4375,
Daequan Cook,CHI,2012-2013, 6-5,SG,25,20,132,6.6,15,56,.268,9,35,.257,4,4,1.000,2,0.1,18,0.9,20,1.0,2,0.1,1,0.05,2,0.1,5,0.25,4,43,2.15,
