Player,Team,Season,Height,Position,Age,G,MIN,MINPG,FGM,FGA,FGP,TPM,TPA,TPP,FTM,FTA,FTP,ORB,ORBPG,DRB,DRBPG,TRB,TRBPG,AST,ASTPG,STL,STLPG,BLK,BLKPG,TO,TOPG,PF,PTS,PTSPG,
DaJuan Summers,DET,2009-2010, 6-8,SF,22,44,405,9.20454545455,46,130,.354,15,42,.357,27,38,.711,14,0.318181818182,31,0.704545454545,45,1.02272727273,16,0.363636363636,8,0.181818181818,7,0.159090909091,16,0.363636363636,52,134,3.04545454545,
DaJuan Summers,DET,2010-2011, 6-8,SF,23,22,199,9.04545454545,28,69,.406,9,21,.429,9,20,.450,2,0.0909090909091,10,0.454545454545,12,0.545454545455,2,0.0909090909091,3,0.136363636364,1,0.0454545454545,13,0.590909090909,21,74,3.36363636364,
DaJuan Summers,NOH,2011-2012, 6-8,SF,24,15,209,13.9333333333,28,65,.431,5,16,.313,7,9,.778,8,0.533333333333,15,1.0,23,1.53333333333,10,0.666666666667,7,0.466666666667,0,0.0,8,0.533333333333,31,68,4.53333333333,
