Player,Team,Season,Height,Position,Age,G,MIN,MINPG,FGM,FGA,FGP,TPM,TPA,TPP,FTM,FTA,FTP,ORB,ORBPG,DRB,DRBPG,TRB,TRBPG,AST,ASTPG,STL,STLPG,BLK,BLKPG,TO,TOPG,PF,PTS,PTSPG,
Dalibor Bagaric,CHI,2000-2001, 7-1,C,20,35,259,7.4,17,65,.262,0,1,.000,13,28,.464,22,0.628571428571,34,0.971428571429,56,1.6,10,0.285714285714,9,0.257142857143,16,0.457142857143,21,0.6,44,47,1.34285714286,
Dalibor Bagaric,CHI,2001-2002, 7-1,C,21,50,638,12.76,72,178,.404,0,1,.000,41,70,.586,55,1.1,107,2.14,162,3.24,23,0.46,17,0.34,24,0.48,46,0.92,108,185,3.7,
Dalibor Bagaric,CHI,2002-2003, 7-1,C,22,10,76,7.6,8,26,.308,0,0,.000,3,4,.750,7,0.7,13,1.3,20,2.0,4,0.4,3,0.3,3,0.3,5,0.5,11,19,1.9,
