Player,Team,Season,Height,Position,Age,G,MIN,MINPG,FGM,FGA,FGP,TPM,TPA,TPP,FTM,FTA,FTP,ORB,ORBPG,DRB,DRBPG,TRB,TRBPG,AST,ASTPG,STL,STLPG,BLK,BLKPG,TO,TOPG,PF,PTS,PTSPG,
Dallas Comegys,NJN,1987-1988, 6-9,PF,23,75,1122,14.96,156,363,.430,0,1,.000,106,150,.707,54,0.72,164,2.18666666667,218,2.90666666667,65,0.866666666667,36,0.48,70,0.933333333333,116,1.54666666667,175,418,5.57333333333,
Dallas Comegys,SAS,1988-1989, 6-9,PF,24,67,1119,16.7014925373,166,341,.487,0,2,.000,106,161,.658,112,1.67164179104,122,1.82089552239,234,3.49253731343,30,0.44776119403,42,0.626865671642,63,0.940298507463,85,1.26865671642,160,438,6.53731343284,
