Player,Team,Season,Height,Position,Age,G,MIN,MINPG,FGM,FGA,FGP,TPM,TPA,TPP,FTM,FTA,FTP,ORB,ORBPG,DRB,DRBPG,TRB,TRBPG,AST,ASTPG,STL,STLPG,BLK,BLKPG,TO,TOPG,PF,PTS,PTSPG,
Damion James,NJN,2010-2011, 6-7,SF,23,25,403,16.12,46,103,.447,0,3,.000,18,28,.643,17,0.68,68,2.72,85,3.4,20,0.8,16,0.64,12,0.48,25,1.0,36,110,4.4,
Damion James,NJN,2011-2012, 6-7,SF,24,7,170,24.2857142857,13,35,.371,0,1,.000,8,12,.667,7,1.0,26,3.71428571429,33,4.71428571429,3,0.428571428571,7,1.0,7,1.0,12,1.71428571429,17,34,4.85714285714,
Damion James,BRK,2012-2013, 6-7,SF,25,2,0,0.0,0,0,.000,0,0,.000,0,0,.000,0,0.0,1,0.5,1,0.5,0,0.0,0,0.0,0,0.0,0,0.0,0,0,0.0,
