Player,Team,Season,Height,Position,Age,G,MIN,MINPG,FGM,FGA,FGP,TPM,TPA,TPP,FTM,FTA,FTP,ORB,ORBPG,DRB,DRBPG,TRB,TRBPG,AST,ASTPG,STL,STLPG,BLK,BLKPG,TO,TOPG,PF,PTS,PTSPG,
Damien Wilkins,SEA,2004-2005, 6-6,SF,25,29,520,17.9310344828,73,168,.435,16,59,.271,21,34,.618,29,1.0,37,1.27586206897,66,2.27586206897,26,0.896551724138,22,0.758620689655,10,0.344827586207,16,0.551724137931,55,183,6.31034482759,
Damien Wilkins,SEA,2005-2006, 6-6,SF,26,82,1525,18.5975609756,193,435,.444,14,56,.250,136,162,.840,79,0.963414634146,113,1.37804878049,192,2.34146341463,107,1.30487804878,72,0.878048780488,12,0.146341463415,85,1.03658536585,144,536,6.53658536585,
Damien Wilkins,SEA,2006-2007, 6-6,SF,27,82,2037,24.8414634146,262,602,.435,50,122,.410,150,170,.882,87,1.06097560976,142,1.73170731707,229,2.79268292683,156,1.90243902439,92,1.12195121951,16,0.19512195122,116,1.41463414634,157,724,8.82926829268,
Damien Wilkins,SEA,2007-2008, 6-6,SF,28,76,1843,24.25,271,673,.403,50,155,.323,106,144,.736,72,0.947368421053,173,2.27631578947,245,3.22368421053,150,1.97368421053,62,0.815789473684,19,0.25,89,1.17105263158,128,698,9.18421052632,
Damien Wilkins,OKC,2008-2009, 6-6,SG,29,41,636,15.512195122,77,213,.362,27,72,.375,37,46,.804,20,0.487804878049,50,1.21951219512,70,1.70731707317,37,0.90243902439,22,0.536585365854,7,0.170731707317,37,0.90243902439,55,218,5.31707317073,
Damien Wilkins,MIN,2009-2010, 6-6,SF,30,80,1585,19.8125,165,381,.433,18,61,.295,103,129,.798,72,0.9,177,2.2125,249,3.1125,135,1.6875,66,0.825,25,0.3125,76,0.95,144,451,5.6375,
Damien Wilkins,ATL,2010-2011, 6-6,SF,31,52,676,13.0,69,137,.504,2,10,.200,40,56,.714,23,0.442307692308,67,1.28846153846,90,1.73076923077,41,0.788461538462,27,0.519230769231,9,0.173076923077,21,0.403846153846,72,180,3.46153846154,
Damien Wilkins,DET,2011-2012, 6-6,SF,32,60,922,15.3666666667,76,193,.394,7,23,.304,34,54,.630,22,0.366666666667,78,1.3,100,1.66666666667,44,0.733333333333,29,0.483333333333,13,0.216666666667,30,0.5,85,193,3.21666666667,
Damien Wilkins,PHI,2012-2013, 6-6,SG,33,43,537,12.488372093,62,143,.434,8,23,.348,35,48,.729,15,0.348837209302,35,0.813953488372,50,1.16279069767,40,0.93023255814,18,0.418604651163,10,0.232558139535,24,0.558139534884,58,167,3.88372093023,
