Player,Team,Season,Height,Position,Age,G,MIN,MINPG,FGM,FGA,FGP,TPM,TPA,TPP,FTM,FTA,FTP,ORB,ORBPG,DRB,DRBPG,TRB,TRBPG,AST,ASTPG,STL,STLPG,BLK,BLKPG,TO,TOPG,PF,PTS,PTSPG,
Dan Hester,TOT,1970-1971, 6-8,C,22,42,555,13.2142857143,97,245,.396,5,12,.417,49,60,.817,83,1.97619047619,151,3.59523809524,234,5.57142857143,35,0.833333333333,.000,0.0,.000,0.0,44,1.04761904762,82,248,5.90476190476,
Dan Hester,DNR,1970-1971, 6-8,C,22,35,462,13.2,79,207,.382,5,11,.455,42,51,.824,75,2.14285714286,123,3.51428571429,198,5.65714285714,30,0.857142857143,.000,0.0,.000,0.0,32,0.914285714286,66,205,5.85714285714,
Dan Hester,KEN,1970-1971, 6-8,C,22,7,93,13.2857142857,18,38,.474,0,1,.000,7,9,.778,8,1.14285714286,28,4.0,36,5.14285714286,5,0.714285714286,.000,0.0,.000,0.0,12,1.71428571429,16,43,6.14285714286,
