Player,Team,Season,Height,Position,Age,G,MIN,MINPG,FGM,FGA,FGP,TPM,TPA,TPP,FTM,FTA,FTP,ORB,ORBPG,DRB,DRBPG,TRB,TRBPG,AST,ASTPG,STL,STLPG,BLK,BLKPG,TO,TOPG,PF,PTS,PTSPG,
Dan Langhi,HOU,2000-2001, 6-11,SF,23,33,241,7.30303030303,37,99,.374,0,1,.000,16,29,.552,13,0.393939393939,28,0.848484848485,41,1.24242424242,4,0.121212121212,7,0.212121212121,1,0.030303030303,8,0.242424242424,16,90,2.72727272727,
Dan Langhi,HOU,2001-2002, 6-11,SF,24,34,434,12.7647058824,49,125,.392,1,4,.250,8,11,.727,22,0.647058823529,45,1.32352941176,67,1.97058823529,14,0.411764705882,8,0.235294117647,5,0.147058823529,9,0.264705882353,25,107,3.14705882353,
Dan Langhi,PHO,2002-2003, 6-11,SF,25,60,541,9.01666666667,81,202,.401,9,31,.290,12,20,.600,19,0.316666666667,68,1.13333333333,87,1.45,21,0.35,15,0.25,6,0.1,16,0.266666666667,58,183,3.05,
Dan Langhi,TOT,2003-2004, 6-11,SF,26,6,37,6.16666666667,5,14,.357,1,2,.500,2,2,1.000,0,0.0,4,0.666666666667,4,0.666666666667,0,0.0,0,0.0,0,0.0,2,0.333333333333,7,13,2.16666666667,
Dan Langhi,GSW,2003-2004, 6-11,SF,26,4,17,4.25,2,6,.333,0,0,.000,2,2,1.000,0,0.0,3,0.75,3,0.75,0,0.0,0,0.0,0,0.0,2,0.5,5,6,1.5,
Dan Langhi,MIL,2003-2004, 6-11,SF,26,2,20,10.0,3,8,.375,1,2,.500,0,0,.000,0,0.0,1,0.5,1,0.5,0,0.0,0,0.0,0,0.0,0,0.0,2,7,3.5,
