Player,Team,Season,Height,Position,Age,G,MIN,MINPG,FGM,FGA,FGP,TPM,TPA,TPP,FTM,FTA,FTP,ORB,ORBPG,DRB,DRBPG,TRB,TRBPG,AST,ASTPG,STL,STLPG,BLK,BLKPG,TO,TOPG,PF,PTS,PTSPG,
Dan O'Sullivan,UTA,1990-1991, 6-10,C,22,21,85,4.04761904762,7,16,.438,0,0,.000,7,11,.636,5,0.238095238095,12,0.571428571429,17,0.809523809524,4,0.190476190476,1,0.047619047619,1,0.047619047619,4,0.190476190476,18,21,1.0,
Dan O'Sullivan,TOT,1992-1993, 6-10,C,24,6,17,2.83333333333,3,5,.600,0,0,.000,3,4,.750,2,0.333333333333,4,0.666666666667,6,1.0,1,0.166666666667,1,0.166666666667,0,0.0,0,0.0,4,9,1.5,
Dan O'Sullivan,NJN,1992-1993, 6-10,C,24,3,10,3.33333333333,2,3,.667,0,0,.000,0,0,.000,2,0.666666666667,2,0.666666666667,4,1.33333333333,0,0.0,0,0.0,0,0.0,0,0.0,1,4,1.33333333333,
Dan O'Sullivan,MIL,1992-1993, 6-10,C,24,3,7,2.33333333333,1,2,.500,0,0,.000,3,4,.750,0,0.0,2,0.666666666667,2,0.666666666667,1,0.333333333333,1,0.333333333333,0,0.0,0,0.0,3,5,1.66666666667,
Dan O'Sullivan,DET,1993-1994, 6-10,C,25,13,56,4.30769230769,4,12,.333,0,0,.000,9,12,.750,2,0.153846153846,8,0.615384615385,10,0.769230769231,3,0.230769230769,0,0.0,0,0.0,3,0.230769230769,10,17,1.30769230769,
Dan O'Sullivan,TOR,1995-1996, 6-10,C,27,5,139,27.8,13,35,.371,0,1,.000,7,8,.875,13,2.6,19,3.8,32,6.4,2,0.4,2,0.4,4,0.8,5,1.0,13,33,6.6,
