Player,Team,Season,Height,Position,Age,G,MIN,MINPG,FGM,FGA,FGP,TPM,TPA,TPP,FTM,FTA,FTP,ORB,ORBPG,DRB,DRBPG,TRB,TRBPG,AST,ASTPG,STL,STLPG,BLK,BLKPG,TO,TOPG,PF,PTS,PTSPG,
Daniel Gibson,CLE,2006-2007, 6-2,PG,20,60,988,16.4666666667,98,231,.424,52,124,.419,28,39,.718,28,0.466666666667,64,1.06666666667,92,1.53333333333,69,1.15,23,0.383333333333,8,0.133333333333,44,0.733333333333,94,276,4.6,
Daniel Gibson,CLE,2007-2008, 6-2,PG,21,58,1765,30.4310344828,201,465,.432,118,268,.440,85,105,.810,30,0.51724137931,104,1.79310344828,134,2.31034482759,145,2.5,47,0.810344827586,14,0.241379310345,76,1.31034482759,163,605,10.4310344828,
Daniel Gibson,CLE,2008-2009, 6-2,PG,22,75,1795,23.9333333333,206,527,.391,108,283,.382,66,86,.767,31,0.413333333333,124,1.65333333333,155,2.06666666667,132,1.76,44,0.586666666667,16,0.213333333333,61,0.813333333333,163,586,7.81333333333,
Daniel Gibson,CLE,2009-2010, 6-2,PG,23,56,1068,19.0714285714,125,268,.466,71,149,.477,34,49,.694,13,0.232142857143,60,1.07142857143,73,1.30357142857,70,1.25,25,0.446428571429,7,0.125,36,0.642857142857,79,355,6.33928571429,
Daniel Gibson,CLE,2010-2011, 6-2,SG,24,67,1865,27.8358208955,264,660,.400,118,293,.403,134,163,.822,24,0.358208955224,153,2.28358208955,177,2.64179104478,201,3.0,48,0.716417910448,21,0.313432835821,80,1.19402985075,154,780,11.6417910448,
Daniel Gibson,CLE,2011-2012, 6-2,SG,25,35,916,26.1714285714,87,248,.351,55,139,.396,34,43,.791,11,0.314285714286,90,2.57142857143,101,2.88571428571,76,2.17142857143,26,0.742857142857,16,0.457142857143,45,1.28571428571,69,263,7.51428571429,
Daniel Gibson,CLE,2012-2013, 6-2,PG,26,35,718,20.5142857143,72,200,.360,52,136,.382,20,28,.714,3,0.0857142857143,45,1.28571428571,48,1.37142857143,57,1.62857142857,27,0.771428571429,3,0.0857142857143,25,0.714285714286,77,216,6.17142857143,
