Player,Team,Season,Height,Position,Age,G,MIN,MINPG,FGM,FGA,FGP,TPM,TPA,TPP,FTM,FTA,FTP,ORB,ORBPG,DRB,DRBPG,TRB,TRBPG,AST,ASTPG,STL,STLPG,BLK,BLKPG,TO,TOPG,PF,PTS,PTSPG,
Danilo Gallinari,NYK,2008-2009, 6-10,SG,20,28,412,14.7142857143,56,125,.448,32,72,.444,26,27,.963,13,0.464285714286,42,1.5,55,1.96428571429,15,0.535714285714,14,0.5,4,0.142857142857,15,0.535714285714,48,170,6.07142857143,
Danilo Gallinari,NYK,2009-2010, 6-10,SF,21,81,2747,33.9135802469,392,927,.423,186,488,.381,251,307,.818,65,0.802469135802,333,4.11111111111,398,4.91358024691,135,1.66666666667,75,0.925925925926,58,0.716049382716,110,1.35802469136,191,1221,15.0740740741,
Danilo Gallinari,TOT,2010-2011, 6-10,PF,22,62,2104,33.935483871,265,640,.414,103,293,.352,337,391,.862,59,0.951612903226,246,3.96774193548,305,4.91935483871,104,1.67741935484,51,0.822580645161,27,0.435483870968,83,1.33870967742,144,970,15.6451612903,
Danilo Gallinari,NYK,2010-2011, 6-10,PF,22,48,1671,34.8125,211,509,.415,83,239,.347,259,290,.893,48,1.0,181,3.77083333333,229,4.77083333333,82,1.70833333333,38,0.791666666667,18,0.375,58,1.20833333333,117,764,15.9166666667,
Danilo Gallinari,DEN,2010-2011, 6-10,SF,22,14,433,30.9285714286,54,131,.412,20,54,.370,78,101,.772,11,0.785714285714,65,4.64285714286,76,5.42857142857,22,1.57142857143,13,0.928571428571,9,0.642857142857,25,1.78571428571,27,206,14.7142857143,
Danilo Gallinari,DEN,2011-2012, 6-10,SF,23,43,1351,31.4186046512,193,466,.414,60,183,.328,182,209,.871,28,0.651162790698,174,4.04651162791,202,4.6976744186,116,2.6976744186,42,0.976744186047,23,0.53488372093,68,1.58139534884,86,628,14.6046511628,
Danilo Gallinari,DEN,2012-2013, 6-10,SF,24,61,1984,32.5245901639,323,764,.423,121,323,.375,235,286,.822,57,0.934426229508,261,4.27868852459,318,5.2131147541,149,2.44262295082,54,0.885245901639,35,0.573770491803,90,1.47540983607,115,1002,16.4262295082,
