Player,Team,Season,Height,Position,Age,G,MIN,MINPG,FGM,FGA,FGP,TPM,TPA,TPP,FTM,FTA,FTP,ORB,ORBPG,DRB,DRBPG,TRB,TRBPG,AST,ASTPG,STL,STLPG,BLK,BLKPG,TO,TOPG,PF,PTS,PTSPG,
Daniel Sparks,MMF,1968-1969, 6-8,PF,23,64,1138,17.78125,153,396,.386,0,0,.000,113,165,.685,138,2.15625,149,2.328125,287,4.484375,43,0.671875,.000,0.0,.000,0.0,70,1.09375,171,419,6.546875,
Daniel Sparks,MMF,1969-1970, 6-8,PF,24,3,52,17.3333333333,7,18,.389,0,0,.000,5,6,.833,9,3.0,7,2.33333333333,16,5.33333333333,2,0.666666666667,.000,0.0,.000,0.0,4,1.33333333333,7,19,6.33333333333,
