Player,Team,Season,Height,Position,Age,G,MIN,MINPG,FGM,FGA,FGP,TPM,TPA,TPP,FTM,FTA,FTP,ORB,ORBPG,DRB,DRBPG,TRB,TRBPG,AST,ASTPG,STL,STLPG,BLK,BLKPG,TO,TOPG,PF,PTS,PTSPG,
Daniel Ewing,LAC,2005-2006, 6-3,SG,22,66,971,14.7121212121,97,255,.380,22,78,.282,36,46,.783,23,0.348484848485,62,0.939393939394,85,1.28787878788,84,1.27272727273,37,0.560606060606,6,0.0909090909091,57,0.863636363636,86,252,3.81818181818,
Daniel Ewing,LAC,2006-2007, 6-3,PG,23,61,712,11.6721311475,65,161,.404,14,44,.318,35,45,.778,9,0.147540983607,64,1.04918032787,73,1.19672131148,90,1.47540983607,32,0.524590163934,4,0.0655737704918,50,0.819672131148,62,179,2.93442622951,
