Player,Team,Season,Height,Position,Age,G,MIN,MINPG,FGM,FGA,FGP,TPM,TPA,TPP,FTM,FTA,FTP,ORB,ORBPG,DRB,DRBPG,TRB,TRBPG,AST,ASTPG,STL,STLPG,BLK,BLKPG,TO,TOPG,PF,PTS,PTSPG,
Danny Vranes,SEA,1981-1982, 6-7,SF,23,77,1075,13.961038961,143,262,.546,0,1,.000,89,148,.601,71,0.922077922078,127,1.64935064935,198,2.57142857143,56,0.727272727273,28,0.363636363636,21,0.272727272727,68,0.883116883117,150,375,4.87012987013,
Danny Vranes,SEA,1982-1983, 6-7,SF,24,82,2054,25.0487804878,226,429,.527,0,1,.000,115,209,.550,177,2.15853658537,248,3.0243902439,425,5.18292682927,120,1.46341463415,53,0.646341463415,49,0.59756097561,102,1.24390243902,254,567,6.91463414634,
Danny Vranes,SEA,1983-1984, 6-7,SF,25,80,2174,27.175,258,495,.521,0,1,.000,153,236,.648,150,1.875,245,3.0625,395,4.9375,132,1.65,51,0.6375,54,0.675,121,1.5125,263,669,8.3625,
Danny Vranes,SEA,1984-1985, 6-7,SF,26,76,2163,28.4605263158,186,402,.463,1,4,.250,67,127,.528,154,2.02631578947,282,3.71052631579,436,5.73684210526,152,2.0,76,1.0,57,0.75,119,1.56578947368,256,440,5.78947368421,
Danny Vranes,SEA,1985-1986, 6-7,SF,27,80,1569,19.6125,131,284,.461,0,4,.000,39,75,.520,115,1.4375,166,2.075,281,3.5125,68,0.85,63,0.7875,31,0.3875,58,0.725,218,301,3.7625,
Danny Vranes,PHI,1986-1987, 6-7,SF,28,58,817,14.0862068966,59,138,.428,1,5,.200,21,45,.467,51,0.879310344828,95,1.63793103448,146,2.51724137931,30,0.51724137931,35,0.603448275862,25,0.431034482759,26,0.448275862069,127,140,2.41379310345,
Danny Vranes,PHI,1987-1988, 6-7,SF,29,57,772,13.5438596491,53,121,.438,0,3,.000,15,35,.429,45,0.789473684211,72,1.26315789474,117,2.05263157895,36,0.631578947368,27,0.473684210526,33,0.578947368421,25,0.438596491228,100,121,2.12280701754,
