Player,Team,Season,Height,Position,Age,G,MIN,MINPG,FGM,FGA,FGP,TPM,TPA,TPP,FTM,FTA,FTP,ORB,ORBPG,DRB,DRBPG,TRB,TRBPG,AST,ASTPG,STL,STLPG,BLK,BLKPG,TO,TOPG,PF,PTS,PTSPG,
Danny Finn,PHW,1952-1953, 6-1,SG,24,31,1015,32.7419354839,135,409,.330,.000,.000,.000,99,182,.544,.000,0.0,.000,0.0,175,5.64516129032,146,4.70967741935,.000,0.0,.000,0.0,.000,0.0,124,369,11.9032258065,
Danny Finn,PHW,1953-1954, 6-1,PG,25,68,1562,22.9705882353,170,495,.343,.000,.000,.000,126,196,.643,.000,0.0,.000,0.0,216,3.17647058824,265,3.89705882353,.000,0.0,.000,0.0,.000,0.0,215,466,6.85294117647,
Danny Finn,PHW,1954-1955, 6-1,PG,26,43,820,19.0697674419,77,265,.291,.000,.000,.000,53,86,.616,.000,0.0,.000,0.0,157,3.6511627907,155,3.60465116279,.000,0.0,.000,0.0,.000,0.0,114,207,4.81395348837,
