Player,Team,Season,Height,Position,Age,G,MIN,MINPG,FGM,FGA,FGP,TPM,TPA,TPP,FTM,FTA,FTP,ORB,ORBPG,DRB,DRBPG,TRB,TRBPG,AST,ASTPG,STL,STLPG,BLK,BLKPG,TO,TOPG,PF,PTS,PTSPG,
Darel Carrier,KEN,1967-1968, 6-3,SG,27,77,3192,41.4545454545,643,1545,.416,84,235,.357,395,479,.825,.000,0.0,.000,0.0,352,4.57142857143,172,2.23376623377,.000,0.0,.000,0.0,228,2.96103896104,263,1765,22.9220779221,
Darel Carrier,KEN,1968-1969, 6-3,SG,28,73,2858,39.1506849315,559,1376,.406,125,330,.379,447,545,.820,75,1.02739726027,208,2.84931506849,283,3.87671232877,214,2.93150684932,.000,0.0,.000,0.0,213,2.91780821918,227,1690,23.1506849315,
Darel Carrier,KEN,1969-1970, 6-3,SG,29,77,2805,36.4285714286,608,1458,.417,105,280,.375,454,509,.892,44,0.571428571429,205,2.66233766234,249,3.23376623377,212,2.75324675325,.000,0.0,.000,0.0,213,2.76623376623,268,1775,23.0519480519,
Darel Carrier,KEN,1970-1971, 6-3,SG,30,84,2664,31.7142857143,495,1140,.434,63,161,.391,327,377,.867,50,0.595238095238,182,2.16666666667,232,2.7619047619,244,2.90476190476,.000,0.0,.000,0.0,199,2.36904761905,229,1380,16.4285714286,
Darel Carrier,KEN,1971-1972, 6-3,SG,31,23,629,27.347826087,117,288,.406,16,37,.432,76,88,.864,11,0.478260869565,46,2.0,57,2.47826086957,44,1.91304347826,.000,0.0,.000,0.0,38,1.65217391304,64,326,14.1739130435,
Darel Carrier,MMT,1972-1973, 6-3,SG,32,16,190,11.875,23,60,.383,5,12,.417,24,26,.923,2,0.125,12,0.75,14,0.875,10,0.625,.000,0.0,.000,0.0,15,0.9375,21,75,4.6875,
