Player,Team,Season,Height,Position,Age,G,MIN,MINPG,FGM,FGA,FGP,TPM,TPA,TPP,FTM,FTA,FTP,ORB,ORBPG,DRB,DRBPG,TRB,TRBPG,AST,ASTPG,STL,STLPG,BLK,BLKPG,TO,TOPG,PF,PTS,PTSPG,
Darius Miller,NOH,2012-2013, 6-8,SF,22,37,469,12.6756756757,25,66,.379,13,35,.371,8,8,1.000,7,0.189189189189,46,1.24324324324,53,1.43243243243,33,0.891891891892,15,0.405405405405,7,0.189189189189,14,0.378378378378,61,71,1.91891891892,
