Player,Team,Season,Height,Position,Age,G,MIN,MINPG,FGM,FGA,FGP,TPM,TPA,TPP,FTM,FTA,FTP,ORB,ORBPG,DRB,DRBPG,TRB,TRBPG,AST,ASTPG,STL,STLPG,BLK,BLKPG,TO,TOPG,PF,PTS,PTSPG,
Darius Miles,LAC,2000-2001, 6-9,SF,19,81,2133,26.3333333333,318,630,.505,1,19,.053,124,238,.521,127,1.56790123457,350,4.32098765432,477,5.88888888889,99,1.22222222222,51,0.62962962963,125,1.54320987654,147,1.81481481481,191,761,9.3950617284,
Darius Miles,LAC,2001-2002, 6-9,SF,20,82,2227,27.1585365854,309,642,.481,3,19,.158,158,255,.620,109,1.32926829268,344,4.19512195122,453,5.5243902439,184,2.24390243902,71,0.865853658537,103,1.25609756098,160,1.9512195122,184,779,9.5,
Darius Miles,CLE,2002-2003, 6-9,SF,21,67,2008,29.9701492537,263,642,.410,0,14,.000,92,155,.594,113,1.68656716418,250,3.73134328358,363,5.41791044776,176,2.62686567164,67,1.0,69,1.02985074627,178,2.65671641791,159,618,9.22388059701,
Darius Miles,TOT,2003-2004, 6-9,SF,22,79,2079,26.3164556962,365,753,.485,7,40,.175,124,193,.642,112,1.41772151899,247,3.12658227848,359,4.54430379747,162,2.05063291139,67,0.848101265823,61,0.772151898734,130,1.64556962025,168,861,10.8987341772,
Darius Miles,CLE,2003-2004, 6-9,SF,22,37,888,24.0,143,331,.432,5,30,.167,39,72,.542,48,1.2972972973,119,3.21621621622,167,4.51351351351,80,2.16216216216,25,0.675675675676,27,0.72972972973,56,1.51351351351,84,330,8.91891891892,
Darius Miles,POR,2003-2004, 6-9,SF,22,42,1191,28.3571428571,222,422,.526,2,10,.200,85,121,.702,64,1.52380952381,128,3.04761904762,192,4.57142857143,82,1.95238095238,42,1.0,34,0.809523809524,74,1.7619047619,84,531,12.6428571429,
Darius Miles,POR,2004-2005, 6-9,SF,23,63,1699,26.9682539683,336,697,.482,8,23,.348,129,215,.600,71,1.12698412698,228,3.61904761905,299,4.74603174603,129,2.04761904762,75,1.19047619048,78,1.2380952381,157,2.49206349206,189,809,12.8412698413,
Darius Miles,POR,2005-2006, 6-9,SF,24,40,1286,32.15,235,510,.461,2,10,.200,87,163,.534,24,0.6,158,3.95,182,4.55,73,1.825,42,1.05,39,0.975,99,2.475,100,559,13.975,
Darius Miles,MEM,2008-2009, 6-9,SF,27,34,298,8.76470588235,48,99,.485,1,6,.167,23,31,.742,19,0.558823529412,38,1.11764705882,57,1.67647058824,17,0.5,11,0.323529411765,20,0.588235294118,21,0.617647058824,32,120,3.52941176471,
