Player,Team,Season,Height,Position,Age,G,MIN,MINPG,FGM,FGA,FGP,TPM,TPA,TPP,FTM,FTA,FTP,ORB,ORBPG,DRB,DRBPG,TRB,TRBPG,AST,ASTPG,STL,STLPG,BLK,BLKPG,TO,TOPG,PF,PTS,PTSPG,
Darrell Elston,VIR,1974-1975, 6-4,SG,22,72,1869,25.9583333333,250,613,.408,3,18,.167,93,123,.756,48,0.666666666667,115,1.59722222222,163,2.26388888889,202,2.80555555556,82,1.13888888889,9,0.125,126,1.75,166,596,8.27777777778,
Darrell Elston,IND,1976-1977, 6-4,SG,24,5,40,8.0,2,14,.143,.000,.000,.000,1,2,.500,1,0.2,5,1.0,6,1.2,2,0.4,1,0.2,0,0.0,.000,0.0,6,5,1.0,
