Player,Team,Season,Height,Position,Age,G,MIN,MINPG,FGM,FGA,FGP,TPM,TPA,TPP,FTM,FTA,FTP,ORB,ORBPG,DRB,DRBPG,TRB,TRBPG,AST,ASTPG,STL,STLPG,BLK,BLKPG,TO,TOPG,PF,PTS,PTSPG,
Darrell Allums,DAL,1980-1981, 6-9,PF,22,22,276,12.5454545455,23,67,.343,0,1,.000,13,22,.591,19,0.863636363636,46,2.09090909091,65,2.95454545455,25,1.13636363636,5,0.227272727273,8,0.363636363636,23,1.04545454545,51,59,2.68181818182,
