Player,Team,Season,Height,Position,Age,G,MIN,MINPG,FGM,FGA,FGP,TPM,TPA,TPP,FTM,FTA,FTP,ORB,ORBPG,DRB,DRBPG,TRB,TRBPG,AST,ASTPG,STL,STLPG,BLK,BLKPG,TO,TOPG,PF,PTS,PTSPG,
Darryl Watkins,SAC,2007-2008, 6-11,C,23,9,71,7.88888888889,5,15,.333,0,0,.000,2,5,.400,5,0.555555555556,7,0.777777777778,12,1.33333333333,0,0.0,2,0.222222222222,2,0.222222222222,7,0.777777777778,8,12,1.33333333333,
Darryl Watkins,NOH,2011-2012, 6-11,C,27,5,98,19.6,7,14,.500,0,0,.000,9,18,.500,8,1.6,19,3.8,27,5.4,3,0.6,5,1.0,4,0.8,8,1.6,14,23,4.6,
