Player,Team,Season,Height,Position,Age,G,MIN,MINPG,FGM,FGA,FGP,TPM,TPA,TPP,FTM,FTA,FTP,ORB,ORBPG,DRB,DRBPG,TRB,TRBPG,AST,ASTPG,STL,STLPG,BLK,BLKPG,TO,TOPG,PF,PTS,PTSPG,
Darren Tillis,TOT,1982-1983, 6-11,C,22,52,526,10.1153846154,76,181,.420,0,1,.000,16,28,.571,41,0.788461538462,89,1.71153846154,130,2.5,18,0.346153846154,8,0.153846153846,30,0.576923076923,22,0.423076923077,76,168,3.23076923077,
Darren Tillis,BOS,1982-1983, 6-11,C,22,15,44,2.93333333333,7,23,.304,0,1,.000,2,6,.333,4,0.266666666667,5,0.333333333333,9,0.6,2,0.133333333333,0,0.0,2,0.133333333333,4,0.266666666667,8,16,1.06666666667,
Darren Tillis,CLE,1982-1983, 6-11,C,22,37,482,13.027027027,69,158,.437,0,0,.000,14,22,.636,37,1.0,84,2.27027027027,121,3.27027027027,16,0.432432432432,8,0.216216216216,28,0.756756756757,18,0.486486486486,68,152,4.10810810811,
Darren Tillis,GSW,1983-1984, 6-11,C,23,72,730,10.1388888889,108,254,.425,0,2,.000,41,63,.651,75,1.04166666667,109,1.51388888889,184,2.55555555556,24,0.333333333333,12,0.166666666667,60,0.833333333333,51,0.708333333333,176,257,3.56944444444,
