Player,Team,Season,Height,Position,Age,G,MIN,MINPG,FGM,FGA,FGP,TPM,TPA,TPP,FTM,FTA,FTP,ORB,ORBPG,DRB,DRBPG,TRB,TRBPG,AST,ASTPG,STL,STLPG,BLK,BLKPG,TO,TOPG,PF,PTS,PTSPG,
Darren Collison,NOH,2009-2010, 6-0,PG,22,76,2109,27.75,376,789,.477,46,115,.400,148,174,.851,41,0.539473684211,151,1.98684210526,192,2.52631578947,432,5.68421052632,78,1.02631578947,4,0.0526315789474,202,2.65789473684,92,946,12.4473684211,
Darren Collison,IND,2010-2011, 6-0,PG,23,79,2360,29.8734177215,398,870,.457,41,124,.331,202,232,.871,40,0.506329113924,185,2.3417721519,225,2.84810126582,403,5.10126582278,87,1.10126582278,14,0.177215189873,194,2.45569620253,109,1039,13.1518987342,
Darren Collison,IND,2011-2012, 6-0,PG,24,60,1878,31.3,230,523,.440,34,94,.362,127,153,.830,30,0.5,157,2.61666666667,187,3.11666666667,287,4.78333333333,49,0.816666666667,14,0.233333333333,114,1.9,101,621,10.35,
Darren Collison,DAL,2012-2013, 6-0,PG,25,62,1885,30.4032258065,266,576,.462,40,111,.360,182,202,.901,21,0.338709677419,157,2.53225806452,178,2.87096774194,331,5.33870967742,83,1.33870967742,3,0.0483870967742,140,2.25806451613,108,754,12.1612903226,
