Player,Team,Season,Height,Position,Age,G,MIN,MINPG,FGM,FGA,FGP,TPM,TPA,TPP,FTM,FTA,FTP,ORB,ORBPG,DRB,DRBPG,TRB,TRBPG,AST,ASTPG,STL,STLPG,BLK,BLKPG,TO,TOPG,PF,PTS,PTSPG,
Dave Popson,TOT,1988-1989, 6-10,PF,24,17,106,6.23529411765,16,40,.400,0,0,.000,2,4,.500,12,0.705882352941,15,0.882352941176,27,1.58823529412,8,0.470588235294,1,0.0588235294118,3,0.176470588235,10,0.588235294118,17,34,2.0,
Dave Popson,LAC,1988-1989, 6-10,PF,24,10,68,6.8,11,25,.440,0,0,.000,1,2,.500,5,0.5,11,1.1,16,1.6,6,0.6,1,0.1,2,0.2,6,0.6,9,23,2.3,
Dave Popson,MIA,1988-1989, 6-10,PF,24,7,38,5.42857142857,5,15,.333,0,0,.000,1,2,.500,7,1.0,4,0.571428571429,11,1.57142857143,2,0.285714285714,0,0.0,1,0.142857142857,4,0.571428571429,8,11,1.57142857143,
Dave Popson,BOS,1990-1991, 6-10,PF,26,19,64,3.36842105263,13,32,.406,0,0,.000,9,10,.900,7,0.368421052632,7,0.368421052632,14,0.736842105263,2,0.105263157895,1,0.0526315789474,2,0.105263157895,6,0.315789473684,12,35,1.84210526316,
Dave Popson,MIL,1991-1992, 6-10,PF,27,5,26,5.2,3,7,.429,0,1,.000,1,2,.500,2,0.4,3,0.6,5,1.0,3,0.6,2,0.4,1,0.2,4,0.8,5,7,1.4,
