Player,Team,Season,Height,Position,Age,G,MIN,MINPG,FGM,FGA,FGP,TPM,TPA,TPP,FTM,FTA,FTP,ORB,ORBPG,DRB,DRBPG,TRB,TRBPG,AST,ASTPG,STL,STLPG,BLK,BLKPG,TO,TOPG,PF,PTS,PTSPG,
Dave Schellhase,CHI,1966-1967, 6-3,PG,22,31,212,6.83870967742,40,111,.360,.000,.000,.000,14,22,.636,.000,0.0,.000,0.0,29,0.935483870968,23,0.741935483871,.000,0.0,.000,0.0,.000,0.0,27,94,3.03225806452,
Dave Schellhase,CHI,1967-1968, 6-3,PG,23,42,301,7.16666666667,47,138,.341,.000,.000,.000,20,38,.526,.000,0.0,.000,0.0,47,1.11904761905,37,0.880952380952,.000,0.0,.000,0.0,.000,0.0,43,114,2.71428571429,
