Player,Team,Season,Height,Position,Age,G,MIN,MINPG,FGM,FGA,FGP,TPM,TPA,TPP,FTM,FTA,FTP,ORB,ORBPG,DRB,DRBPG,TRB,TRBPG,AST,ASTPG,STL,STLPG,BLK,BLKPG,TO,TOPG,PF,PTS,PTSPG,
Dave Minor,BLB,1951-1952, 6-2,SG,29,57,1558,27.3333333333,185,522,.354,.000,.000,.000,101,132,.765,.000,0.0,.000,0.0,275,4.82456140351,160,2.80701754386,.000,0.0,.000,0.0,.000,0.0,161,471,8.26315789474,
Dave Minor,TOT,1952-1953, 6-2,PG,30,59,1610,27.2881355932,154,420,.367,.000,.000,.000,98,132,.742,.000,0.0,.000,0.0,252,4.27118644068,128,2.16949152542,.000,0.0,.000,0.0,.000,0.0,211,406,6.8813559322,
Dave Minor,BLB,1952-1953, 6-2,,30,19,301,15.8421052632,34,95,.358,.000,.000,.000,20,26,.769,.000,0.0,.000,0.0,41,2.15789473684,23,1.21052631579,.000,0.0,.000,0.0,.000,0.0,35,88,4.63157894737,
Dave Minor,MLH,1952-1953, 6-2,PG,30,40,1309,32.725,120,325,.369,.000,.000,.000,78,106,.736,.000,0.0,.000,0.0,211,5.275,105,2.625,.000,0.0,.000,0.0,.000,0.0,176,318,7.95,
