Player,Team,Season,Height,Position,Age,G,MIN,MINPG,FGM,FGA,FGP,TPM,TPA,TPP,FTM,FTA,FTP,ORB,ORBPG,DRB,DRBPG,TRB,TRBPG,AST,ASTPG,STL,STLPG,BLK,BLKPG,TO,TOPG,PF,PTS,PTSPG,
Dave Budd,NYK,1960-1961, 6-6,SF,22,61,1075,17.6229508197,156,361,.432,.000,.000,.000,87,134,.649,.000,0.0,.000,0.0,297,4.86885245902,45,0.737704918033,.000,0.0,.000,0.0,.000,0.0,171,399,6.54098360656,
Dave Budd,NYK,1961-1962, 6-6,SF,23,79,1370,17.3417721519,188,431,.436,.000,.000,.000,138,231,.597,.000,0.0,.000,0.0,345,4.36708860759,86,1.08860759494,.000,0.0,.000,0.0,.000,0.0,162,514,6.50632911392,
Dave Budd,NYK,1962-1963, 6-6,SF,24,78,1725,22.1153846154,294,596,.493,.000,.000,.000,151,202,.748,.000,0.0,.000,0.0,395,5.0641025641,87,1.11538461538,.000,0.0,.000,0.0,.000,0.0,204,739,9.47435897436,
Dave Budd,NYK,1963-1964, 6-6,SF,25,73,1031,14.1232876712,128,297,.431,.000,.000,.000,84,115,.730,.000,0.0,.000,0.0,276,3.78082191781,57,0.780821917808,.000,0.0,.000,0.0,.000,0.0,130,340,4.65753424658,
Dave Budd,NYK,1964-1965, 6-6,SF,26,62,1188,19.1612903226,196,407,.482,.000,.000,.000,121,170,.712,.000,0.0,.000,0.0,310,5.0,62,1.0,.000,0.0,.000,0.0,.000,0.0,147,513,8.27419354839,
