Player,Team,Season,Height,Position,Age,G,MIN,MINPG,FGM,FGA,FGP,TPM,TPA,TPP,FTM,FTA,FTP,ORB,ORBPG,DRB,DRBPG,TRB,TRBPG,AST,ASTPG,STL,STLPG,BLK,BLKPG,TO,TOPG,PF,PTS,PTSPG,
Dave Newmark,CHI,1968-1969, 7-0,C,22,81,1159,14.3086419753,185,475,.389,.000,.000,.000,86,139,.619,.000,0.0,.000,0.0,347,4.28395061728,58,0.716049382716,.000,0.0,.000,0.0,.000,0.0,205,456,5.62962962963,
Dave Newmark,ATL,1969-1970, 7-0,C,23,64,612,9.5625,127,296,.429,.000,.000,.000,59,77,.766,.000,0.0,.000,0.0,174,2.71875,42,0.65625,.000,0.0,.000,0.0,.000,0.0,128,313,4.890625,
Dave Newmark,CAR,1970-1971, 7-0,C,24,31,457,14.7419354839,100,209,.478,0,0,.000,34,60,.567,46,1.48387096774,111,3.58064516129,157,5.06451612903,28,0.903225806452,.000,0.0,.000,0.0,41,1.32258064516,84,234,7.54838709677,
