Player,Team,Season,Height,Position,Age,G,MIN,MINPG,FGM,FGA,FGP,TPM,TPA,TPP,FTM,FTA,FTP,ORB,ORBPG,DRB,DRBPG,TRB,TRBPG,AST,ASTPG,STL,STLPG,BLK,BLKPG,TO,TOPG,PF,PTS,PTSPG,
Dave Meyers,MIL,1975-1976, 6-8,PF,22,72,1589,22.0694444444,198,472,.419,.000,.000,.000,135,210,.643,121,1.68055555556,324,4.5,445,6.18055555556,100,1.38888888889,72,1.0,25,0.347222222222,.000,0.0,145,531,7.375,
Dave Meyers,MIL,1976-1977, 6-8,PF,23,50,1262,25.24,179,383,.467,.000,.000,.000,127,192,.661,122,2.44,219,4.38,341,6.82,86,1.72,42,0.84,32,0.64,.000,0.0,152,485,9.7,
Dave Meyers,MIL,1977-1978, 6-8,PF,24,80,2416,30.2,432,938,.461,.000,.000,.000,314,435,.722,144,1.8,393,4.9125,537,6.7125,241,3.0125,86,1.075,46,0.575,213,2.6625,240,1178,14.725,
Dave Meyers,MIL,1979-1980, 6-8,PF,26,79,2204,27.8987341772,399,830,.481,1,5,.200,156,246,.634,140,1.77215189873,308,3.89873417722,448,5.67088607595,225,2.84810126582,72,0.911392405063,40,0.506329113924,182,2.30379746835,218,955,12.0886075949,
