Player,Team,Season,Height,Position,Age,G,MIN,MINPG,FGM,FGA,FGP,TPM,TPA,TPP,FTM,FTA,FTP,ORB,ORBPG,DRB,DRBPG,TRB,TRBPG,AST,ASTPG,STL,STLPG,BLK,BLKPG,TO,TOPG,PF,PTS,PTSPG,
Dave Feitl,HOU,1986-1987, 6-11,C,24,62,498,8.03225806452,88,202,.436,0,1,.000,53,71,.746,39,0.629032258065,78,1.25806451613,117,1.88709677419,22,0.354838709677,9,0.145161290323,4,0.0645161290323,38,0.612903225806,83,229,3.6935483871,
Dave Feitl,GSW,1987-1988, 6-11,C,25,70,1128,16.1142857143,182,404,.450,0,4,.000,94,134,.701,83,1.18571428571,252,3.6,335,4.78571428571,53,0.757142857143,15,0.214285714286,9,0.128571428571,87,1.24285714286,146,458,6.54285714286,
Dave Feitl,WSB,1988-1989, 6-11,C,26,57,828,14.5263157895,116,266,.436,0,1,.000,54,65,.831,69,1.21052631579,133,2.33333333333,202,3.54385964912,36,0.631578947368,17,0.298245614035,18,0.315789473684,65,1.14035087719,136,286,5.01754385965,
Dave Feitl,HOU,1990-1991, 6-11,C,28,52,372,7.15384615385,52,140,.371,0,3,.000,33,44,.750,29,0.557692307692,71,1.36538461538,100,1.92307692308,8,0.153846153846,3,0.0576923076923,12,0.230769230769,25,0.480769230769,52,137,2.63461538462,
Dave Feitl,NJN,1991-1992, 6-11,C,29,34,175,5.14705882353,33,77,.429,0,0,.000,16,19,.842,21,0.617647058824,40,1.17647058824,61,1.79411764706,6,0.176470588235,2,0.0588235294118,3,0.0882352941176,19,0.558823529412,22,82,2.41176470588,
