Player,Team,Season,Height,Position,Age,G,MIN,MINPG,FGM,FGA,FGP,TPM,TPA,TPP,FTM,FTA,FTP,ORB,ORBPG,DRB,DRBPG,TRB,TRBPG,AST,ASTPG,STL,STLPG,BLK,BLKPG,TO,TOPG,PF,PTS,PTSPG,
Dave Twardzik,VIR,1972-1973, 6-1,PG,22,80,1357,16.9625,141,306,.461,2,9,.222,178,212,.840,45,0.5625,113,1.4125,158,1.975,184,2.3,.000,0.0,.000,0.0,122,1.525,202,462,5.775,
Dave Twardzik,VIR,1973-1974, 6-1,PG,23,57,1413,24.7894736842,163,343,.475,3,15,.200,168,214,.785,52,0.912280701754,129,2.26315789474,181,3.17543859649,170,2.98245614035,60,1.05263157895,8,0.140350877193,118,2.0701754386,173,497,8.71929824561,
Dave Twardzik,VIR,1974-1975, 6-1,PG,24,76,2679,35.25,359,657,.546,1,6,.167,317,384,.826,94,1.23684210526,153,2.01315789474,247,3.25,404,5.31578947368,132,1.73684210526,11,0.144736842105,266,3.5,238,1036,13.6315789474,
Dave Twardzik,VIR,1975-1976, 6-1,PG,25,43,871,20.2558139535,100,216,.463,3,16,.188,113,139,.813,28,0.651162790698,61,1.41860465116,89,2.06976744186,125,2.90697674419,62,1.44186046512,3,0.0697674418605,93,2.16279069767,107,316,7.3488372093,
Dave Twardzik,POR,1976-1977, 6-1,PG,26,74,1937,26.1756756757,263,430,.612,.000,.000,.000,239,284,.842,75,1.01351351351,127,1.71621621622,202,2.72972972973,247,3.33783783784,128,1.72972972973,15,0.202702702703,.000,0.0,228,765,10.3378378378,
Dave Twardzik,POR,1977-1978, 6-1,PG,27,75,1820,24.2666666667,242,409,.592,.000,.000,.000,183,234,.782,36,0.48,98,1.30666666667,134,1.78666666667,244,3.25333333333,107,1.42666666667,4,0.0533333333333,158,2.10666666667,186,667,8.89333333333,
Dave Twardzik,POR,1978-1979, 6-1,PG,28,64,1570,24.53125,203,381,.533,.000,.000,.000,261,299,.873,39,0.609375,80,1.25,119,1.859375,176,2.75,84,1.3125,4,0.0625,127,1.984375,185,667,10.421875,
Dave Twardzik,POR,1979-1980, 6-1,PG,29,67,1594,23.7910447761,183,394,.464,4,7,.571,197,252,.782,52,0.776119402985,104,1.55223880597,156,2.32835820896,273,4.07462686567,77,1.14925373134,1,0.0149253731343,131,1.9552238806,149,567,8.46268656716,
