Player,Team,Season,Height,Position,Age,G,MIN,MINPG,FGM,FGA,FGP,TPM,TPA,TPP,FTM,FTA,FTP,ORB,ORBPG,DRB,DRBPG,TRB,TRBPG,AST,ASTPG,STL,STLPG,BLK,BLKPG,TO,TOPG,PF,PTS,PTSPG,
Dave Sorenson,CLE,1970-1971, 6-8,PF,22,79,1940,24.5569620253,353,794,.445,.000,.000,.000,184,229,.803,.000,0.0,.000,0.0,486,6.15189873418,163,2.06329113924,.000,0.0,.000,0.0,.000,0.0,181,890,11.2658227848,
Dave Sorenson,CLE,1971-1972, 6-8,PF,23,76,1162,15.2894736842,213,475,.448,.000,.000,.000,106,136,.779,.000,0.0,.000,0.0,301,3.96052631579,81,1.06578947368,.000,0.0,.000,0.0,.000,0.0,120,532,7.0,
Dave Sorenson,TOT,1972-1973, 6-8,PF,24,58,755,13.0172413793,124,293,.423,.000,.000,.000,64,90,.711,.000,0.0,.000,0.0,210,3.62068965517,36,0.620689655172,.000,0.0,.000,0.0,.000,0.0,107,312,5.37931034483,
Dave Sorenson,CLE,1972-1973, 6-8,PF,24,10,129,12.9,11,45,.244,.000,.000,.000,5,11,.455,.000,0.0,.000,0.0,37,3.7,5,0.5,.000,0.0,.000,0.0,.000,0.0,16,27,2.7,
Dave Sorenson,PHI,1972-1973, 6-8,PF,24,48,626,13.0416666667,113,248,.456,.000,.000,.000,59,79,.747,.000,0.0,.000,0.0,173,3.60416666667,31,0.645833333333,.000,0.0,.000,0.0,.000,0.0,91,285,5.9375,
