Player,Team,Season,Height,Position,Age,G,MIN,MINPG,FGM,FGA,FGP,TPM,TPA,TPP,FTM,FTA,FTP,ORB,ORBPG,DRB,DRBPG,TRB,TRBPG,AST,ASTPG,STL,STLPG,BLK,BLKPG,TO,TOPG,PF,PTS,PTSPG,
David Benoit,UTA,1991-1992, 6-8,SF,23,77,1161,15.0779220779,175,375,.467,3,14,.214,81,100,.810,105,1.36363636364,191,2.48051948052,296,3.84415584416,34,0.441558441558,19,0.246753246753,44,0.571428571429,71,0.922077922078,124,434,5.63636363636,
David Benoit,UTA,1992-1993, 6-8,SF,24,82,1712,20.8780487805,258,592,.436,34,98,.347,114,152,.750,116,1.41463414634,276,3.36585365854,392,4.78048780488,43,0.524390243902,45,0.548780487805,43,0.524390243902,90,1.09756097561,201,664,8.09756097561,
David Benoit,UTA,1993-1994, 6-8,SF,25,55,1070,19.4545454545,139,361,.385,12,59,.203,68,88,.773,89,1.61818181818,171,3.10909090909,260,4.72727272727,23,0.418181818182,23,0.418181818182,37,0.672727272727,37,0.672727272727,115,358,6.50909090909,
David Benoit,UTA,1994-1995, 6-8,SF,26,71,1841,25.9295774648,285,587,.486,38,115,.330,132,157,.841,96,1.35211267606,272,3.83098591549,368,5.18309859155,58,0.816901408451,45,0.633802816901,47,0.661971830986,75,1.05633802817,183,740,10.4225352113,
David Benoit,UTA,1995-1996, 6-8,SF,27,81,1961,24.2098765432,255,581,.439,64,192,.333,87,112,.777,90,1.11111111111,293,3.61728395062,383,4.72839506173,82,1.01234567901,43,0.530864197531,49,0.604938271605,71,0.876543209877,166,661,8.16049382716,
David Benoit,TOT,1997-1998, 6-8,SF,29,77,1123,14.5844155844,152,408,.373,55,170,.324,61,74,.824,60,0.779220779221,143,1.85714285714,203,2.63636363636,25,0.324675324675,35,0.454545454545,20,0.25974025974,52,0.675324675325,157,420,5.45454545455,
David Benoit,NJN,1997-1998, 6-8,SF,29,53,799,15.0754716981,102,269,.379,41,119,.345,37,44,.841,42,0.792452830189,99,1.8679245283,141,2.66037735849,17,0.320754716981,26,0.490566037736,16,0.301886792453,39,0.735849056604,120,282,5.32075471698,
David Benoit,ORL,1997-1998, 6-8,SF,29,24,324,13.5,50,139,.360,14,51,.275,24,30,.800,18,0.75,44,1.83333333333,62,2.58333333333,8,0.333333333333,9,0.375,4,0.166666666667,13,0.541666666667,37,138,5.75,
David Benoit,UTA,2000-2001, 6-8,SF,32,49,446,9.10204081633,71,147,.483,5,13,.385,31,39,.795,20,0.408163265306,61,1.24489795918,81,1.65306122449,22,0.448979591837,6,0.122448979592,6,0.122448979592,28,0.571428571429,75,178,3.63265306122,
