Player,Team,Season,Height,Position,Age,G,MIN,MINPG,FGM,FGA,FGP,TPM,TPA,TPP,FTM,FTA,FTP,ORB,ORBPG,DRB,DRBPG,TRB,TRBPG,AST,ASTPG,STL,STLPG,BLK,BLKPG,TO,TOPG,PF,PTS,PTSPG,
David Lee,NYK,2005-2006, 6-9,SF,22,67,1129,16.8507462687,137,230,.596,0,0,.000,71,123,.577,109,1.62686567164,194,2.89552238806,303,4.5223880597,43,0.641791044776,30,0.44776119403,20,0.298507462687,51,0.761194029851,124,345,5.14925373134,
David Lee,NYK,2006-2007, 6-9,PF,23,58,1731,29.8448275862,240,400,.600,0,0,.000,141,173,.815,196,3.37931034483,406,7.0,602,10.3793103448,104,1.79310344828,48,0.827586206897,23,0.396551724138,92,1.58620689655,155,621,10.7068965517,
David Lee,NYK,2007-2008, 6-9,PF,24,81,2356,29.0864197531,341,618,.552,0,2,.000,194,237,.819,242,2.98765432099,482,5.95061728395,724,8.93827160494,95,1.17283950617,55,0.679012345679,29,0.358024691358,97,1.1975308642,210,876,10.8148148148,
David Lee,NYK,2008-2009, 6-9,C,25,81,2824,34.8641975309,522,951,.549,0,3,.000,249,330,.755,256,3.16049382716,695,8.58024691358,951,11.7407407407,174,2.14814814815,80,0.987654320988,22,0.271604938272,150,1.85185185185,260,1293,15.962962963,
David Lee,NYK,2009-2010, 6-9,C,26,81,3019,37.2716049383,686,1258,.545,0,8,.000,268,330,.812,228,2.81481481481,721,8.9012345679,949,11.7160493827,295,3.64197530864,85,1.04938271605,40,0.493827160494,189,2.33333333333,257,1640,20.2469135802,
David Lee,GSW,2010-2011, 6-9,PF,27,73,2634,36.0821917808,496,978,.507,1,3,.333,210,267,.787,217,2.97260273973,497,6.80821917808,714,9.78082191781,233,3.19178082192,74,1.01369863014,31,0.424657534247,170,2.32876712329,211,1203,16.4794520548,
David Lee,GSW,2011-2012, 6-9,PF,28,57,2121,37.2105263158,464,922,.503,0,5,.000,219,280,.782,171,3.0,374,6.56140350877,545,9.56140350877,162,2.84210526316,54,0.947368421053,22,0.385964912281,149,2.61403508772,179,1147,20.1228070175,
David Lee,GSW,2012-2013, 6-9,PF,29,63,2338,37.1111111111,491,951,.516,0,3,.000,210,263,.798,182,2.88888888889,523,8.30158730159,705,11.1904761905,239,3.79365079365,52,0.825396825397,15,0.238095238095,168,2.66666666667,201,1192,18.9206349206,
