Player,Team,Season,Height,Position,Age,G,MIN,MINPG,FGM,FGA,FGP,TPM,TPA,TPP,FTM,FTA,FTP,ORB,ORBPG,DRB,DRBPG,TRB,TRBPG,AST,ASTPG,STL,STLPG,BLK,BLKPG,TO,TOPG,PF,PTS,PTSPG,
David Burns,TOT,1981-1982, 6-2,PG,23,9,87,9.66666666667,7,16,.438,0,0,.000,9,15,.600,1,0.111111111111,4,0.444444444444,5,0.555555555556,15,1.66666666667,3,0.333333333333,0,0.0,13,1.44444444444,17,23,2.55555555556,
David Burns,NJN,1981-1982, 6-2,PG,23,3,34,11.3333333333,2,5,.400,0,0,.000,3,6,.500,0,0.0,2,0.666666666667,2,0.666666666667,4,1.33333333333,1,0.333333333333,0,0.0,5,1.66666666667,4,7,2.33333333333,
David Burns,DEN,1981-1982, 6-2,PG,23,6,53,8.83333333333,5,11,.455,0,0,.000,6,9,.667,1,0.166666666667,2,0.333333333333,3,0.5,11,1.83333333333,2,0.333333333333,0,0.0,8,1.33333333333,13,16,2.66666666667,
