Player,Team,Season,Height,Position,Age,G,MIN,MINPG,FGM,FGA,FGP,TPM,TPA,TPP,FTM,FTA,FTP,ORB,ORBPG,DRB,DRBPG,TRB,TRBPG,AST,ASTPG,STL,STLPG,BLK,BLKPG,TO,TOPG,PF,PTS,PTSPG,
David Thompson,DNA,1975-1976, 6-4,SF,21,83,3101,37.3614457831,807,1567,.515,3,19,.158,541,681,.794,228,2.74698795181,297,3.57831325301,525,6.32530120482,308,3.71084337349,136,1.63855421687,102,1.22891566265,250,3.01204819277,282,2158,26.0,
David Thompson,DEN,1976-1977, 6-4,SG,22,82,3001,36.5975609756,824,1626,.507,.000,.000,.000,477,623,.766,138,1.68292682927,196,2.39024390244,334,4.07317073171,337,4.10975609756,114,1.39024390244,53,0.646341463415,.000,0.0,236,2125,25.9146341463,
David Thompson,DEN,1977-1978, 6-4,SG,23,80,3025,37.8125,826,1584,.521,.000,.000,.000,520,668,.778,156,1.95,234,2.925,390,4.875,362,4.525,92,1.15,99,1.2375,245,3.0625,213,2172,27.15,
David Thompson,DEN,1978-1979, 6-4,SG,24,76,2670,35.1315789474,693,1353,.512,.000,.000,.000,439,583,.753,109,1.43421052632,165,2.17105263158,274,3.60526315789,225,2.96052631579,70,0.921052631579,82,1.07894736842,186,2.44736842105,180,1825,24.0131578947,
David Thompson,DEN,1979-1980, 6-4,SG,25,39,1239,31.7692307692,289,617,.468,7,19,.368,254,335,.758,56,1.4358974359,118,3.02564102564,174,4.46153846154,124,3.17948717949,39,1.0,38,0.974358974359,116,2.97435897436,106,839,21.5128205128,
David Thompson,DEN,1980-1981, 6-4,SG,26,77,2620,34.025974026,734,1451,.506,10,39,.256,489,615,.795,107,1.38961038961,180,2.33766233766,287,3.72727272727,231,3.0,53,0.688311688312,60,0.779220779221,250,3.24675324675,231,1967,25.5454545455,
David Thompson,DEN,1981-1982, 6-4,SG,27,61,1246,20.4262295082,313,644,.486,4,14,.286,276,339,.814,57,0.934426229508,91,1.49180327869,148,2.4262295082,117,1.91803278689,34,0.55737704918,29,0.475409836066,142,2.32786885246,149,906,14.8524590164,
David Thompson,SEA,1982-1983, 6-4,SG,28,75,2155,28.7333333333,445,925,.481,2,10,.200,298,380,.784,96,1.28,174,2.32,270,3.6,222,2.96,47,0.626666666667,33,0.44,163,2.17333333333,142,1190,15.8666666667,
David Thompson,SEA,1983-1984, 6-4,SG,29,19,349,18.3684210526,89,165,.539,0,1,.000,62,73,.849,18,0.947368421053,26,1.36842105263,44,2.31578947368,13,0.684210526316,10,0.526315789474,13,0.684210526316,27,1.42105263158,30,240,12.6315789474,
