Player,Team,Season,Height,Position,Age,G,MIN,MINPG,FGM,FGA,FGP,TPM,TPA,TPP,FTM,FTA,FTP,ORB,ORBPG,DRB,DRBPG,TRB,TRBPG,AST,ASTPG,STL,STLPG,BLK,BLKPG,TO,TOPG,PF,PTS,PTSPG,
David Vaughn,ORL,1995-1996, 6-9,PF,22,33,266,8.06060606061,27,80,.338,0,1,.000,10,18,.556,33,1.0,47,1.42424242424,80,2.42424242424,8,0.242424242424,6,0.181818181818,15,0.454545454545,18,0.545454545455,68,64,1.93939393939,
David Vaughn,ORL,1996-1997, 6-9,PF,23,35,298,8.51428571429,31,72,.431,0,0,.000,19,30,.633,35,1.0,60,1.71428571429,95,2.71428571429,7,0.2,8,0.228571428571,15,0.428571428571,29,0.828571428571,43,81,2.31428571429,
David Vaughn,TOT,1997-1998, 6-9,PF,24,40,489,12.225,66,148,.446,0,1,.000,30,47,.638,53,1.325,99,2.475,152,3.8,20,0.5,15,0.375,10,0.25,40,1.0,83,162,4.05,
David Vaughn,GSW,1997-1998, 6-9,PF,24,22,322,14.6363636364,46,114,.404,0,1,.000,22,34,.647,34,1.54545454545,68,3.09090909091,102,4.63636363636,18,0.818181818182,10,0.454545454545,6,0.272727272727,31,1.40909090909,48,114,5.18181818182,
David Vaughn,CHI,1997-1998, 6-9,PF,24,3,6,2.0,1,1,1.000,0,0,.000,2,4,.500,0,0.0,1,0.333333333333,1,0.333333333333,0,0.0,0,0.0,0,0.0,0,0.0,1,4,1.33333333333,
David Vaughn,NJN,1997-1998, 6-9,PF,24,15,161,10.7333333333,19,33,.576,0,0,.000,6,9,.667,19,1.26666666667,30,2.0,49,3.26666666667,2,0.133333333333,5,0.333333333333,4,0.266666666667,9,0.6,34,44,2.93333333333,
David Vaughn,NJN,1998-1999, 6-9,PF,25,10,103,10.3,13,24,.542,0,0,.000,8,10,.800,13,1.3,21,2.1,34,3.4,1,0.1,2,0.2,8,0.8,11,1.1,22,34,3.4,
