Player,Team,Season,Height,Position,Age,G,MIN,MINPG,FGM,FGA,FGP,TPM,TPA,TPP,FTM,FTA,FTP,ORB,ORBPG,DRB,DRBPG,TRB,TRBPG,AST,ASTPG,STL,STLPG,BLK,BLKPG,TO,TOPG,PF,PTS,PTSPG,
David Noel,MIL,2006-2007, 6-6,PF,22,68,792,11.6470588235,65,177,.367,17,53,.321,37,43,.860,42,0.617647058824,81,1.19117647059,123,1.80882352941,65,0.955882352941,25,0.367647058824,9,0.132352941176,40,0.588235294118,77,184,2.70588235294,
