Player,Team,Season,Height,Position,Age,G,MIN,MINPG,FGM,FGA,FGP,TPM,TPA,TPP,FTM,FTA,FTP,ORB,ORBPG,DRB,DRBPG,TRB,TRBPG,AST,ASTPG,STL,STLPG,BLK,BLKPG,TO,TOPG,PF,PTS,PTSPG,
David Andersen,HOU,2009-2010, 6-11,C,29,63,891,14.1428571429,147,340,.432,27,78,.346,46,67,.687,54,0.857142857143,154,2.44444444444,208,3.30158730159,44,0.698412698413,15,0.238095238095,12,0.190476190476,37,0.587301587302,119,367,5.8253968254,
David Andersen,TOT,2010-2011, 6-11,PF,30,40,373,9.325,56,121,.463,8,23,.348,14,22,.636,20,0.5,64,1.6,84,2.1,13,0.325,5,0.125,9,0.225,22,0.55,40,134,3.35,
David Andersen,TOR,2010-2011, 6-11,PF,30,11,150,13.6363636364,23,47,.489,3,10,.300,7,7,1.000,8,0.727272727273,26,2.36363636364,34,3.09090909091,7,0.636363636364,3,0.272727272727,3,0.272727272727,8,0.727272727273,11,56,5.09090909091,
David Andersen,NOH,2010-2011, 6-11,PF,30,29,223,7.68965517241,33,74,.446,5,13,.385,7,15,.467,12,0.413793103448,38,1.31034482759,50,1.72413793103,6,0.206896551724,2,0.0689655172414,6,0.206896551724,14,0.48275862069,29,78,2.68965517241,
