Player,Team,Season,Height,Position,Age,G,MIN,MINPG,FGM,FGA,FGP,TPM,TPA,TPP,FTM,FTA,FTP,ORB,ORBPG,DRB,DRBPG,TRB,TRBPG,AST,ASTPG,STL,STLPG,BLK,BLKPG,TO,TOPG,PF,PTS,PTSPG,
David Thirdkill,PHO,1982-1983, 6-7,SF,22,49,521,10.6326530612,74,170,.435,1,7,.143,45,78,.577,28,0.571428571429,44,0.897959183673,72,1.4693877551,36,0.734693877551,19,0.387755102041,4,0.0816326530612,48,0.979591836735,93,194,3.95918367347,
David Thirdkill,DET,1983-1984, 6-7,SF,23,46,291,6.32608695652,31,72,.431,0,1,.000,15,31,.484,9,0.195652173913,22,0.478260869565,31,0.673913043478,27,0.586956521739,10,0.217391304348,3,0.0652173913043,19,0.413043478261,44,77,1.67391304348,
David Thirdkill,TOT,1984-1985, 6-7,SF,24,18,183,10.1666666667,20,38,.526,0,1,.000,11,19,.579,10,0.555555555556,7,0.388888888889,17,0.944444444444,4,0.222222222222,5,0.277777777778,3,0.166666666667,14,0.777777777778,22,51,2.83333333333,
David Thirdkill,DET,1984-1985, 6-7,SF,24,10,115,11.5,12,23,.522,0,1,.000,5,11,.455,4,0.4,4,0.4,8,0.8,1,0.1,3,0.3,2,0.2,12,1.2,16,29,2.9,
David Thirdkill,MIL,1984-1985, 6-7,SF,24,6,16,2.66666666667,3,4,.750,0,0,.000,1,2,.500,1,0.166666666667,1,0.166666666667,2,0.333333333333,0,0.0,0,0.0,0,0.0,0,0.0,1,7,1.16666666667,
David Thirdkill,SAS,1984-1985, 6-7,SF,24,2,52,26.0,5,11,.455,0,0,.000,5,6,.833,5,2.5,2,1.0,7,3.5,3,1.5,2,1.0,1,0.5,2,1.0,5,15,7.5,
David Thirdkill,BOS,1985-1986, 6-7,PF,25,49,385,7.85714285714,54,110,.491,0,1,.000,55,88,.625,27,0.551020408163,43,0.877551020408,70,1.42857142857,15,0.30612244898,11,0.224489795918,3,0.0612244897959,19,0.387755102041,55,163,3.32653061224,
David Thirdkill,BOS,1986-1987, 6-7,SF,26,17,89,5.23529411765,10,24,.417,0,1,.000,5,16,.313,5,0.294117647059,14,0.823529411765,19,1.11764705882,2,0.117647058824,2,0.117647058824,0,0.0,5,0.294117647059,12,25,1.47058823529,
