Player,Team,Season,Height,Position,Age,G,MIN,MINPG,FGM,FGA,FGP,TPM,TPA,TPP,FTM,FTA,FTP,ORB,ORBPG,DRB,DRBPG,TRB,TRBPG,AST,ASTPG,STL,STLPG,BLK,BLKPG,TO,TOPG,PF,PTS,PTSPG,
David Pope,KCK,1984-1985, 6-7,SF,22,22,129,5.86363636364,17,53,.321,0,1,.000,7,13,.538,9,0.409090909091,9,0.409090909091,18,0.818181818182,5,0.227272727273,3,0.136363636364,3,0.136363636364,7,0.318181818182,30,41,1.86363636364,
David Pope,SEA,1985-1986, 6-7,SF,23,11,74,6.72727272727,9,20,.450,1,1,1.000,2,4,.500,6,0.545454545455,5,0.454545454545,11,1.0,4,0.363636363636,2,0.181818181818,1,0.0909090909091,2,0.181818181818,11,21,1.90909090909,
