Player,Team,Season,Height,Position,Age,G,MIN,MINPG,FGM,FGA,FGP,TPM,TPA,TPP,FTM,FTA,FTP,ORB,ORBPG,DRB,DRBPG,TRB,TRBPG,AST,ASTPG,STL,STLPG,BLK,BLKPG,TO,TOPG,PF,PTS,PTSPG,
David Harrison,IND,2004-2005, 7-0,C,22,43,760,17.6744186047,106,184,.576,0,0,.000,52,91,.571,48,1.11627906977,87,2.02325581395,135,3.13953488372,13,0.302325581395,16,0.372093023256,55,1.27906976744,53,1.23255813953,134,264,6.13953488372,
David Harrison,IND,2005-2006, 7-0,C,23,67,1034,15.4328358209,148,294,.503,0,0,.000,89,174,.511,84,1.25373134328,170,2.53731343284,254,3.79104477612,14,0.208955223881,23,0.34328358209,59,0.880597014925,79,1.17910447761,193,385,5.74626865672,
David Harrison,IND,2006-2007, 7-0,C,24,24,190,7.91666666667,30,58,.517,0,0,.000,11,22,.500,9,0.375,33,1.375,42,1.75,6,0.25,5,0.208333333333,12,0.5,26,1.08333333333,47,71,2.95833333333,
David Harrison,IND,2007-2008, 7-0,C,25,55,702,12.7636363636,90,170,.529,0,0,.000,49,96,.510,43,0.781818181818,75,1.36363636364,118,2.14545454545,14,0.254545454545,20,0.363636363636,59,1.07272727273,58,1.05454545455,164,229,4.16363636364,
