Player,Team,Season,Height,Position,Age,G,MIN,MINPG,FGM,FGA,FGP,TPM,TPA,TPP,FTM,FTA,FTP,ORB,ORBPG,DRB,DRBPG,TRB,TRBPG,AST,ASTPG,STL,STLPG,BLK,BLKPG,TO,TOPG,PF,PTS,PTSPG,
David Rivers,LAL,1988-1989, 6-0,PG,24,47,440,9.36170212766,49,122,.402,1,6,.167,35,42,.833,13,0.276595744681,30,0.63829787234,43,0.914893617021,106,2.25531914894,23,0.489361702128,9,0.191489361702,61,1.29787234043,50,134,2.85106382979,
David Rivers,LAC,1989-1990, 6-0,PG,25,52,724,13.9230769231,80,197,.406,0,5,.000,59,78,.756,30,0.576923076923,55,1.05769230769,85,1.63461538462,155,2.98076923077,31,0.596153846154,0,0.0,88,1.69230769231,53,219,4.21153846154,
David Rivers,LAC,1991-1992, 6-0,PG,27,15,122,8.13333333333,10,30,.333,0,1,.000,10,11,.909,10,0.666666666667,9,0.6,19,1.26666666667,21,1.4,7,0.466666666667,1,0.0666666666667,17,1.13333333333,14,30,2.0,
