Player,Team,Season,Height,Position,Age,G,MIN,MINPG,FGM,FGA,FGP,TPM,TPA,TPP,FTM,FTA,FTP,ORB,ORBPG,DRB,DRBPG,TRB,TRBPG,AST,ASTPG,STL,STLPG,BLK,BLKPG,TO,TOPG,PF,PTS,PTSPG,
DeAndre Liggins,ORL,2011-2012, 6-6,SF,23,17,115,6.76470588235,12,25,.480,0,4,.000,9,19,.474,6,0.352941176471,9,0.529411764706,15,0.882352941176,5,0.294117647059,6,0.352941176471,0,0.0,10,0.588235294118,6,33,1.94117647059,
DeAndre Liggins,OKC,2012-2013, 6-6,SG,24,34,264,7.76470588235,19,43,.442,7,17,.412,8,16,.500,12,0.352941176471,37,1.08823529412,49,1.44117647059,15,0.441176470588,17,0.5,3,0.0882352941176,13,0.382352941176,30,53,1.55882352941,
