Player,Team,Season,Height,Position,Age,G,MIN,MINPG,FGM,FGA,FGP,TPM,TPA,TPP,FTM,FTA,FTP,ORB,ORBPG,DRB,DRBPG,TRB,TRBPG,AST,ASTPG,STL,STLPG,BLK,BLKPG,TO,TOPG,PF,PTS,PTSPG,
Dean Meminger,NYK,1971-1972, 6-0,SG,23,78,1173,15.0384615385,139,293,.474,.000,.000,.000,79,140,.564,.000,0.0,.000,0.0,185,2.37179487179,103,1.32051282051,.000,0.0,.000,0.0,.000,0.0,137,357,4.57692307692,
Dean Meminger,NYK,1972-1973, 6-0,SG,24,80,1453,18.1625,188,365,.515,.000,.000,.000,81,129,.628,.000,0.0,.000,0.0,229,2.8625,133,1.6625,.000,0.0,.000,0.0,.000,0.0,109,457,5.7125,
Dean Meminger,NYK,1973-1974, 6-0,SG,25,78,2079,26.6538461538,274,539,.508,.000,.000,.000,103,160,.644,125,1.60256410256,156,2.0,281,3.60256410256,162,2.07692307692,62,0.794871794872,8,0.102564102564,.000,0.0,161,651,8.34615384615,
Dean Meminger,ATL,1974-1975, 6-0,PG,26,80,2177,27.2125,233,500,.466,.000,.000,.000,168,263,.639,84,1.05,130,1.625,214,2.675,397,4.9625,118,1.475,11,0.1375,.000,0.0,160,634,7.925,
Dean Meminger,ATL,1975-1976, 6-0,SG,27,68,1418,20.8529411765,155,379,.409,.000,.000,.000,100,152,.658,65,0.955882352941,86,1.26470588235,151,2.22058823529,222,3.26470588235,54,0.794117647059,8,0.117647058824,.000,0.0,116,410,6.02941176471,
Dean Meminger,NYK,1976-1977, 6-0,SG,28,32,254,7.9375,15,36,.417,.000,.000,.000,13,23,.565,12,0.375,14,0.4375,26,0.8125,29,0.90625,8,0.25,1,0.03125,.000,0.0,17,43,1.34375,
