Player,Team,Season,Height,Position,Age,G,MIN,MINPG,FGM,FGA,FGP,TPM,TPA,TPP,FTM,FTA,FTP,ORB,ORBPG,DRB,DRBPG,TRB,TRBPG,AST,ASTPG,STL,STLPG,BLK,BLKPG,TO,TOPG,PF,PTS,PTSPG,
Dean Oliver,GSW,2001-2002, 5-11,PG,23,20,139,6.95,17,46,.370,2,13,.154,6,9,.667,0,0.0,8,0.4,8,0.4,21,1.05,3,0.15,0,0.0,11,0.55,16,42,2.1,
Dean Oliver,GSW,2002-2003, 5-11,PG,24,15,93,6.2,7,29,.241,1,6,.167,7,8,.875,8,0.533333333333,8,0.533333333333,16,1.06666666667,23,1.53333333333,7,0.466666666667,0,0.0,10,0.666666666667,9,22,1.46666666667,
