Player,Team,Season,Height,Position,Age,G,MIN,MINPG,FGM,FGA,FGP,TPM,TPA,TPP,FTM,FTA,FTP,ORB,ORBPG,DRB,DRBPG,TRB,TRBPG,AST,ASTPG,STL,STLPG,BLK,BLKPG,TO,TOPG,PF,PTS,PTSPG,
DeAndre Jordan,LAC,2008-2009, 6-11,C,20,53,771,14.5471698113,93,147,.633,0,0,.000,42,109,.385,72,1.35849056604,165,3.11320754717,237,4.47169811321,11,0.207547169811,11,0.207547169811,59,1.11320754717,41,0.77358490566,96,228,4.30188679245,
DeAndre Jordan,LAC,2009-2010, 6-11,C,21,70,1137,16.2428571429,144,238,.605,0,2,.000,48,128,.375,122,1.74285714286,230,3.28571428571,352,5.02857142857,21,0.3,16,0.228571428571,62,0.885714285714,75,1.07142857143,152,336,4.8,
DeAndre Jordan,LAC,2010-2011, 6-11,C,22,80,2047,25.5875,234,341,.686,0,1,.000,98,217,.452,207,2.5875,368,4.6,575,7.1875,42,0.525,41,0.5125,142,1.775,101,1.2625,255,566,7.075,
DeAndre Jordan,LAC,2011-2012, 6-11,C,23,66,1798,27.2424242424,206,326,.632,0,1,.000,74,141,.525,202,3.06060606061,344,5.21212121212,546,8.27272727273,17,0.257575757576,30,0.454545454545,135,2.04545454545,74,1.12121212121,189,486,7.36363636364,
DeAndre Jordan,LAC,2012-2013, 6-11,C,24,66,1587,24.0454545455,246,396,.621,0,0,.000,89,214,.416,165,2.5,292,4.42424242424,457,6.92424242424,23,0.348484848485,42,0.636363636364,89,1.34848484848,86,1.30303030303,159,581,8.80303030303,
