Player,Team,Season,Height,Position,Age,G,MIN,MINPG,FGM,FGA,FGP,TPM,TPA,TPP,FTM,FTA,FTP,ORB,ORBPG,DRB,DRBPG,TRB,TRBPG,AST,ASTPG,STL,STLPG,BLK,BLKPG,TO,TOPG,PF,PTS,PTSPG,
DeJuan Blair,SAS,2009-2010, 6-7,PF,20,82,1494,18.2195121951,275,495,.556,0,2,.000,88,161,.547,200,2.43902439024,326,3.9756097561,526,6.41463414634,65,0.792682926829,50,0.609756097561,39,0.475609756098,112,1.36585365854,224,638,7.78048780488,
DeJuan Blair,SAS,2010-2011, 6-7,PF,21,81,1734,21.4074074074,292,583,.501,0,2,.000,90,137,.657,215,2.65432098765,350,4.32098765432,565,6.97530864198,77,0.950617283951,95,1.17283950617,42,0.518518518519,113,1.3950617284,213,674,8.32098765432,
DeJuan Blair,SAS,2011-2012, 6-7,PF,22,64,1363,21.296875,269,504,.534,0,1,.000,73,119,.613,154,2.40625,197,3.078125,351,5.484375,78,1.21875,59,0.921875,12,0.1875,92,1.4375,168,611,9.546875,
DeJuan Blair,SAS,2012-2013, 6-7,PF,23,50,672,13.44,112,219,.511,0,1,.000,39,60,.650,57,1.14,132,2.64,189,3.78,35,0.7,29,0.58,6,0.12,39,0.78,86,263,5.26,
