Player,Team,Season,Height,Position,Age,G,MIN,MINPG,FGM,FGA,FGP,TPM,TPA,TPP,FTM,FTA,FTP,ORB,ORBPG,DRB,DRBPG,TRB,TRBPG,AST,ASTPG,STL,STLPG,BLK,BLKPG,TO,TOPG,PF,PTS,PTSPG,
Del Beshore,MIL,1978-1979, 5-11,PG,22,1,1,1.0,0,0,.000,.000,.000,.000,0,0,.000,0,0.0,0,0.0,0,0.0,0,0.0,0,0.0,0,0.0,0,0.0,0,0,0.0,
Del Beshore,CHI,1979-1980, 5-11,PG,23,68,869,12.7794117647,88,250,.352,10,26,.385,58,87,.667,16,0.235294117647,47,0.691176470588,63,0.926470588235,139,2.04411764706,58,0.852941176471,5,0.0735294117647,104,1.52941176471,105,244,3.58823529412,
