Player,Team,Season,Height,Position,Age,G,MIN,MINPG,FGM,FGA,FGP,TPM,TPA,TPP,FTM,FTA,FTP,ORB,ORBPG,DRB,DRBPG,TRB,TRBPG,AST,ASTPG,STL,STLPG,BLK,BLKPG,TO,TOPG,PF,PTS,PTSPG,
Delaney Rudd,UTA,1989-1990, 6-2,PG,27,77,850,11.038961039,111,259,.429,16,56,.286,35,53,.660,12,0.155844155844,43,0.558441558442,55,0.714285714286,177,2.2987012987,22,0.285714285714,1,0.012987012987,88,1.14285714286,81,273,3.54545454545,
Delaney Rudd,UTA,1990-1991, 6-2,PG,28,82,874,10.6585365854,124,285,.435,17,61,.279,59,71,.831,14,0.170731707317,52,0.634146341463,66,0.80487804878,216,2.63414634146,36,0.439024390244,2,0.0243902439024,102,1.24390243902,92,324,3.9512195122,
Delaney Rudd,UTA,1991-1992, 6-2,SG,29,65,538,8.27692307692,75,188,.399,11,47,.234,32,42,.762,15,0.230769230769,39,0.6,54,0.830769230769,109,1.67692307692,15,0.230769230769,1,0.0153846153846,49,0.753846153846,64,193,2.96923076923,
Delaney Rudd,POR,1992-1993, 6-2,PG,30,15,95,6.33333333333,7,36,.194,1,11,.091,11,14,.786,4,0.266666666667,5,0.333333333333,9,0.6,17,1.13333333333,1,0.0666666666667,0,0.0,11,0.733333333333,7,26,1.73333333333,
