Player,Team,Season,Height,Position,Age,G,MIN,MINPG,FGM,FGA,FGP,TPM,TPA,TPP,FTM,FTA,FTP,ORB,ORBPG,DRB,DRBPG,TRB,TRBPG,AST,ASTPG,STL,STLPG,BLK,BLKPG,TO,TOPG,PF,PTS,PTSPG,
DeMarcus Cousins,SAC,2010-2011, 6-11,C,20,81,2309,28.5061728395,432,1004,.430,3,18,.167,276,402,.687,217,2.67901234568,482,5.95061728395,699,8.62962962963,204,2.51851851852,85,1.04938271605,68,0.83950617284,268,3.30864197531,332,1143,14.1111111111,
DeMarcus Cousins,SAC,2011-2012, 6-11,C,21,64,1950,30.46875,448,999,.448,2,14,.143,262,373,.702,265,4.140625,438,6.84375,703,10.984375,102,1.59375,93,1.453125,75,1.171875,170,2.65625,257,1160,18.125,
DeMarcus Cousins,SAC,2012-2013, 6-11,C,22,60,1870,31.1666666667,383,842,.455,3,16,.188,251,336,.747,186,3.1,411,6.85,597,9.95,174,2.9,93,1.55,40,0.666666666667,180,3.0,210,1020,17.0,
