Player,Team,Season,Height,Position,Age,G,MIN,MINPG,FGM,FGA,FGP,TPM,TPA,TPP,FTM,FTA,FTP,ORB,ORBPG,DRB,DRBPG,TRB,TRBPG,AST,ASTPG,STL,STLPG,BLK,BLKPG,TO,TOPG,PF,PTS,PTSPG,
DeMar DeRozan,TOR,2009-2010, 6-7,SG,20,77,1664,21.6103896104,255,512,.498,4,16,.250,148,194,.763,66,0.857142857143,157,2.03896103896,223,2.8961038961,53,0.688311688312,43,0.558441558442,18,0.233766233766,62,0.805194805195,176,662,8.5974025974,
DeMar DeRozan,TOR,2010-2011, 6-7,SG,21,82,2851,34.7682926829,539,1154,.467,5,52,.096,327,402,.813,75,0.914634146341,240,2.92682926829,315,3.84146341463,148,1.80487804878,85,1.03658536585,31,0.378048780488,144,1.75609756098,217,1410,17.1951219512,
DeMar DeRozan,TOR,2011-2012, 6-7,SG,22,63,2206,35.0158730159,381,903,.422,24,92,.261,268,331,.810,40,0.634920634921,171,2.71428571429,211,3.34920634921,128,2.03174603175,48,0.761904761905,17,0.269841269841,123,1.95238095238,162,1054,16.7301587302,
DeMar DeRozan,TOR,2012-2013, 6-7,SG,23,65,2416,37.1692307692,419,966,.434,23,92,.250,293,350,.837,38,0.584615384615,226,3.47692307692,264,4.06153846154,174,2.67692307692,64,0.984615384615,21,0.323076923077,122,1.87692307692,141,1154,17.7538461538,
