Player,Team,Season,Height,Position,Age,G,MIN,MINPG,FGM,FGA,FGP,TPM,TPA,TPP,FTM,FTA,FTP,ORB,ORBPG,DRB,DRBPG,TRB,TRBPG,AST,ASTPG,STL,STLPG,BLK,BLKPG,TO,TOPG,PF,PTS,PTSPG,
Demetris Nichols,TOT,2007-2008, 6-8,SF,23,14,44,3.14285714286,6,23,.261,3,13,.231,0,0,.000,0,0.0,5,0.357142857143,5,0.357142857143,1,0.0714285714286,0,0.0,3,0.214285714286,4,0.285714285714,4,15,1.07142857143,
Demetris Nichols,CLE,2007-2008, 6-8,SF,23,3,14,4.66666666667,1,8,.125,0,3,.000,0,0,.000,0,0.0,1,0.333333333333,1,0.333333333333,0,0.0,0,0.0,0,0.0,2,0.666666666667,0,2,0.666666666667,
Demetris Nichols,CHI,2007-2008, 6-8,SF,23,11,30,2.72727272727,5,15,.333,3,10,.300,0,0,.000,0,0.0,4,0.363636363636,4,0.363636363636,1,0.0909090909091,0,0.0,3,0.272727272727,2,0.181818181818,4,13,1.18181818182,
Demetris Nichols,TOT,2008-2009, 6-8,SF,24,4,14,3.5,3,9,.333,0,2,.000,1,2,.500,0,0.0,2,0.5,2,0.5,1,0.25,0,0.0,1,0.25,0,0.0,1,7,1.75,
Demetris Nichols,CHI,2008-2009, 6-8,SF,24,2,5,2.5,1,4,.250,0,1,.000,0,0,.000,0,0.0,0,0.0,0,0.0,1,0.5,0,0.0,0,0.0,0,0.0,1,2,1.0,
Demetris Nichols,NYK,2008-2009, 6-8,SF,24,2,9,4.5,2,5,.400,0,1,.000,1,2,.500,0,0.0,2,1.0,2,1.0,0,0.0,0,0.0,1,0.5,0,0.0,0,5,2.5,
