Player,Team,Season,Height,Position,Age,G,MIN,MINPG,FGM,FGA,FGP,TPM,TPA,TPP,FTM,FTA,FTP,ORB,ORBPG,DRB,DRBPG,TRB,TRBPG,AST,ASTPG,STL,STLPG,BLK,BLKPG,TO,TOPG,PF,PTS,PTSPG,
Dennis Bell,NYK,1973-1974, 6-5,SF,22,1,4,4.0,0,1,.000,.000,.000,.000,0,0,.000,0,0.0,0,0.0,0,0.0,0,0.0,0,0.0,0,0.0,.000,0.0,0,0,0.0,
Dennis Bell,NYK,1974-1975, 6-5,SF,23,52,465,8.94230769231,68,181,.376,.000,.000,.000,20,36,.556,48,0.923076923077,57,1.09615384615,105,2.01923076923,25,0.480769230769,22,0.423076923077,9,0.173076923077,.000,0.0,54,156,3.0,
Dennis Bell,NYK,1975-1976, 6-5,SF,24,10,76,7.6,8,21,.381,.000,.000,.000,3,7,.429,4,0.4,10,1.0,14,1.4,3,0.3,6,0.6,1,0.1,.000,0.0,11,19,1.9,
