Player,Team,Season,Height,Position,Age,G,MIN,MINPG,FGM,FGA,FGP,TPM,TPA,TPP,FTM,FTA,FTP,ORB,ORBPG,DRB,DRBPG,TRB,TRBPG,AST,ASTPG,STL,STLPG,BLK,BLKPG,TO,TOPG,PF,PTS,PTSPG,
Dennis Hamilton,LAL,1967-1968, 6-8,PF,23,44,378,8.59090909091,54,108,.500,.000,.000,.000,13,13,1.000,.000,0.0,.000,0.0,72,1.63636363636,30,0.681818181818,.000,0.0,.000,0.0,.000,0.0,46,121,2.75,
Dennis Hamilton,ATL,1968-1969, 6-8,PF,24,25,141,5.64,37,67,.552,.000,.000,.000,2,5,.400,.000,0.0,.000,0.0,29,1.16,8,0.32,.000,0.0,.000,0.0,.000,0.0,19,76,3.04,
Dennis Hamilton,PTP,1969-1970, 6-8,PF,25,72,1331,18.4861111111,190,375,.507,0,1,.000,76,100,.760,104,1.44444444444,236,3.27777777778,340,4.72222222222,73,1.01388888889,.000,0.0,.000,0.0,96,1.33333333333,144,456,6.33333333333,
Dennis Hamilton,KEN,1970-1971, 6-8,PF,26,3,11,3.66666666667,1,2,.500,0,0,.000,1,1,1.000,0,0.0,1,0.333333333333,1,0.333333333333,1,0.333333333333,.000,0.0,.000,0.0,3,1.0,1,3,1.0,
