Player,Team,Season,Height,Position,Age,G,MIN,MINPG,FGM,FGA,FGP,TPM,TPA,TPP,FTM,FTA,FTP,ORB,ORBPG,DRB,DRBPG,TRB,TRBPG,AST,ASTPG,STL,STLPG,BLK,BLKPG,TO,TOPG,PF,PTS,PTSPG,
Dennis DuVal,WSB,1974-1975, 6-3,PG,22,37,137,3.7027027027,24,65,.369,.000,.000,.000,12,18,.667,8,0.216216216216,15,0.405405405405,23,0.621621621622,14,0.378378378378,16,0.432432432432,2,0.0540540540541,.000,0.0,34,60,1.62162162162,
Dennis DuVal,ATL,1975-1976, 6-3,PG,23,13,130,10.0,15,43,.349,.000,.000,.000,6,9,.667,1,0.0769230769231,7,0.538461538462,8,0.615384615385,20,1.53846153846,6,0.461538461538,2,0.153846153846,.000,0.0,15,36,2.76923076923,
