Player,Team,Season,Height,Position,Age,G,MIN,MINPG,FGM,FGA,FGP,TPM,TPA,TPP,FTM,FTA,FTP,ORB,ORBPG,DRB,DRBPG,TRB,TRBPG,AST,ASTPG,STL,STLPG,BLK,BLKPG,TO,TOPG,PF,PTS,PTSPG,
DeQuan Jones,ORL,2012-2013, 6-8,SF,22,47,571,12.1489361702,63,150,.420,6,27,.222,18,30,.600,13,0.276595744681,73,1.55319148936,86,1.82978723404,13,0.276595744681,9,0.191489361702,14,0.297872340426,22,0.468085106383,38,150,3.1914893617,
