Player,Team,Season,Height,Position,Age,G,MIN,MINPG,FGM,FGA,FGP,TPM,TPA,TPP,FTM,FTA,FTP,ORB,ORBPG,DRB,DRBPG,TRB,TRBPG,AST,ASTPG,STL,STLPG,BLK,BLKPG,TO,TOPG,PF,PTS,PTSPG,
Derrick Williams,MIN,2011-2012, 6-8,PF,20,66,1418,21.4848484848,205,498,.412,37,138,.268,136,195,.697,77,1.16666666667,234,3.54545454545,311,4.71212121212,38,0.575757575758,30,0.454545454545,31,0.469696969697,77,1.16666666667,95,583,8.83333333333,
Derrick Williams,MIN,2012-2013, 6-8,PF,21,58,1377,23.7413793103,237,566,.419,43,139,.309,140,203,.690,68,1.1724137931,257,4.43103448276,325,5.60344827586,28,0.48275862069,31,0.534482758621,29,0.5,69,1.18965517241,92,657,11.3275862069,
