Player,Team,Season,Height,Position,Age,G,MIN,MINPG,FGM,FGA,FGP,TPM,TPA,TPP,FTM,FTA,FTP,ORB,ORBPG,DRB,DRBPG,TRB,TRBPG,AST,ASTPG,STL,STLPG,BLK,BLKPG,TO,TOPG,PF,PTS,PTSPG,
Derrick Gervin,NJN,1989-1990, 6-8,PF,26,21,339,16.1428571429,93,197,.472,0,3,.000,65,89,.730,29,1.38095238095,36,1.71428571429,65,3.09523809524,8,0.380952380952,20,0.952380952381,7,0.333333333333,12,0.571428571429,47,251,11.9523809524,
Derrick Gervin,NJN,1990-1991, 6-8,PF,27,56,743,13.2678571429,164,394,.416,7,28,.250,90,114,.789,40,0.714285714286,70,1.25,110,1.96428571429,30,0.535714285714,19,0.339285714286,19,0.339285714286,45,0.803571428571,88,425,7.58928571429,
