Player,Team,Season,Height,Position,Age,G,MIN,MINPG,FGM,FGA,FGP,TPM,TPA,TPP,FTM,FTA,FTP,ORB,ORBPG,DRB,DRBPG,TRB,TRBPG,AST,ASTPG,STL,STLPG,BLK,BLKPG,TO,TOPG,PF,PTS,PTSPG,
Derrick Chievous,HOU,1988-1989, 6-7,SF,21,81,1539,19.0,277,634,.437,5,24,.208,191,244,.783,114,1.40740740741,142,1.75308641975,256,3.16049382716,77,0.950617283951,48,0.592592592593,11,0.135802469136,136,1.67901234568,161,750,9.25925925926,
Derrick Chievous,TOT,1989-1990, 6-7,SF,22,55,591,10.7454545455,105,220,.477,3,9,.333,80,111,.721,35,0.636363636364,55,1.0,90,1.63636363636,31,0.563636363636,26,0.472727272727,5,0.0909090909091,45,0.818181818182,70,293,5.32727272727,
Derrick Chievous,HOU,1989-1990, 6-7,SF,22,41,492,12.0,90,178,.506,3,8,.375,61,87,.701,28,0.682926829268,47,1.14634146341,75,1.82926829268,27,0.658536585366,23,0.560975609756,4,0.0975609756098,40,0.975609756098,59,244,5.9512195122,
Derrick Chievous,CLE,1989-1990, 6-7,SF,22,14,99,7.07142857143,15,42,.357,0,1,.000,19,24,.792,7,0.5,8,0.571428571429,15,1.07142857143,4,0.285714285714,3,0.214285714286,1,0.0714285714286,5,0.357142857143,11,49,3.5,
Derrick Chievous,CLE,1990-1991, 6-7,SF,23,18,110,6.11111111111,17,46,.370,0,0,.000,9,16,.563,11,0.611111111111,7,0.388888888889,18,1.0,2,0.111111111111,3,0.166666666667,1,0.0555555555556,6,0.333333333333,16,43,2.38888888889,
