Player,Team,Season,Height,Position,Age,G,MIN,MINPG,FGM,FGA,FGP,TPM,TPA,TPP,FTM,FTA,FTP,ORB,ORBPG,DRB,DRBPG,TRB,TRBPG,AST,ASTPG,STL,STLPG,BLK,BLKPG,TO,TOPG,PF,PTS,PTSPG,
Derrick Brown,CHA,2009-2010, 6-7,SF,22,57,535,9.38596491228,68,147,.463,2,7,.286,48,72,.667,31,0.543859649123,47,0.824561403509,78,1.36842105263,19,0.333333333333,21,0.368421052632,10,0.175438596491,19,0.333333333333,53,186,3.26315789474,
Derrick Brown,TOT,2010-2011, 6-7,SF,23,49,576,11.7551020408,74,131,.565,5,10,.500,32,60,.533,41,0.836734693878,58,1.18367346939,99,2.02040816327,33,0.673469387755,20,0.408163265306,10,0.204081632653,35,0.714285714286,59,185,3.77551020408,
Derrick Brown,CHA,2010-2011, 6-7,SF,23,41,488,11.9024390244,62,113,.549,2,6,.333,25,47,.532,32,0.780487804878,52,1.26829268293,84,2.0487804878,29,0.707317073171,16,0.390243902439,8,0.19512195122,28,0.682926829268,48,151,3.68292682927,
Derrick Brown,NYK,2010-2011, 6-7,SF,23,8,88,11.0,12,18,.667,3,4,.750,7,13,.538,9,1.125,6,0.75,15,1.875,4,0.5,4,0.5,2,0.25,7,0.875,11,34,4.25,
Derrick Brown,CHA,2011-2012, 6-7,SF,24,65,1443,22.2,212,409,.518,6,24,.250,94,141,.667,95,1.46153846154,141,2.16923076923,236,3.63076923077,67,1.03076923077,48,0.738461538462,12,0.184615384615,55,0.846153846154,96,524,8.06153846154,
