Player,Team,Season,Height,Position,Age,G,MIN,MINPG,FGM,FGA,FGP,TPM,TPA,TPP,FTM,FTA,FTP,ORB,ORBPG,DRB,DRBPG,TRB,TRBPG,AST,ASTPG,STL,STLPG,BLK,BLKPG,TO,TOPG,PF,PTS,PTSPG,
Derrek Dickey,GSW,1973-1974, 6-7,PF,22,66,930,14.0909090909,115,233,.494,.000,.000,.000,51,66,.773,123,1.86363636364,216,3.27272727273,339,5.13636363636,54,0.818181818182,17,0.257575757576,15,0.227272727273,.000,0.0,112,281,4.25757575758,
Derrek Dickey,GSW,1974-1975, 6-7,PF,23,80,1859,23.2375,274,569,.482,.000,.000,.000,66,99,.667,190,2.375,360,4.5,550,6.875,125,1.5625,52,0.65,19,0.2375,.000,0.0,199,614,7.675,
Derrek Dickey,GSW,1975-1976, 6-7,PF,24,79,1207,15.2784810127,220,473,.465,.000,.000,.000,62,79,.785,114,1.44303797468,235,2.9746835443,349,4.41772151899,83,1.05063291139,26,0.329113924051,11,0.139240506329,.000,0.0,141,502,6.35443037975,
Derrek Dickey,GSW,1976-1977, 6-7,PF,25,49,856,17.4693877551,158,345,.458,.000,.000,.000,45,61,.738,100,2.04081632653,140,2.85714285714,240,4.89795918367,63,1.28571428571,20,0.408163265306,11,0.224489795918,.000,0.0,101,361,7.36734693878,
Derrek Dickey,TOT,1977-1978, 6-7,PF,26,47,493,10.4893617021,87,198,.439,.000,.000,.000,30,36,.833,36,0.765957446809,61,1.29787234043,97,2.06382978723,21,0.446808510638,14,0.297872340426,4,0.0851063829787,40,0.851063829787,56,204,4.34042553191,
Derrek Dickey,GSW,1977-1978, 6-7,PF,26,22,273,12.4090909091,60,130,.462,.000,.000,.000,16,17,.941,21,0.954545454545,28,1.27272727273,49,2.22727272727,11,0.5,10,0.454545454545,2,0.0909090909091,17,0.772727272727,29,136,6.18181818182,
Derrek Dickey,CHI,1977-1978, 6-7,PF,26,25,220,8.8,27,68,.397,.000,.000,.000,14,19,.737,15,0.6,33,1.32,48,1.92,10,0.4,4,0.16,2,0.08,23,0.92,27,68,2.72,
