Player,Team,Season,Height,Position,Age,G,MIN,MINPG,FGM,FGA,FGP,TPM,TPA,TPP,FTM,FTA,FTP,ORB,ORBPG,DRB,DRBPG,TRB,TRBPG,AST,ASTPG,STL,STLPG,BLK,BLKPG,TO,TOPG,PF,PTS,PTSPG,
Derrick Favors,TOT,2010-2011, 6-10,PF,19,78,1535,19.6794871795,215,416,.517,0,0,.000,103,173,.595,171,2.19230769231,241,3.08974358974,412,5.28205128205,39,0.5,29,0.371794871795,68,0.871794871795,77,0.987179487179,246,533,6.83333333333,
Derrick Favors,NJN,2010-2011, 6-10,PF,19,56,1091,19.4821428571,141,276,.511,0,0,.000,71,116,.612,126,2.25,171,3.05357142857,297,5.30357142857,21,0.375,18,0.321428571429,41,0.732142857143,56,1.0,183,353,6.30357142857,
Derrick Favors,UTA,2010-2011, 6-10,PF,19,22,444,20.1818181818,74,140,.529,0,0,.000,32,57,.561,45,2.04545454545,70,3.18181818182,115,5.22727272727,18,0.818181818182,11,0.5,27,1.22727272727,21,0.954545454545,63,180,8.18181818182,
Derrick Favors,UTA,2011-2012, 6-10,PF,20,65,1376,21.1692307692,222,445,.499,0,0,.000,126,194,.649,158,2.43076923077,267,4.10769230769,425,6.53846153846,43,0.661538461538,38,0.584615384615,65,1.0,103,1.58461538462,145,570,8.76923076923,
Derrick Favors,UTA,2012-2013, 6-10,PF,21,60,1356,22.6,211,443,.476,0,5,.000,144,204,.706,146,2.43333333333,254,4.23333333333,400,6.66666666667,57,0.95,49,0.816666666667,97,1.61666666667,93,1.55,194,566,9.43333333333,
