Player,Team,Season,Height,Position,Age,G,MIN,MINPG,FGM,FGA,FGP,TPM,TPA,TPP,FTM,FTA,FTP,ORB,ORBPG,DRB,DRBPG,TRB,TRBPG,AST,ASTPG,STL,STLPG,BLK,BLKPG,TO,TOPG,PF,PTS,PTSPG,
Derrick Dial,SAS,1999-2000, 6-4,SG,24,8,95,11.875,17,46,.370,3,12,.250,3,5,.600,14,1.75,12,1.5,26,3.25,5,0.625,1,0.125,1,0.125,6,0.75,10,40,5.0,
Derrick Dial,SAS,2000-2001, 6-4,SG,25,33,207,6.27272727273,36,83,.434,2,10,.200,12,21,.571,12,0.363636363636,26,0.787878787879,38,1.15151515152,21,0.636363636364,4,0.121212121212,6,0.181818181818,12,0.363636363636,22,86,2.60606060606,
Derrick Dial,TOT,2001-2002, 6-4,SG,26,32,299,9.34375,41,120,.342,1,11,.091,18,24,.750,14,0.4375,42,1.3125,56,1.75,35,1.09375,10,0.3125,4,0.125,16,0.5,13,101,3.15625,
Derrick Dial,NJN,2001-2002, 6-4,SG,26,25,249,9.96,30,94,.319,0,7,.000,13,18,.722,12,0.48,33,1.32,45,1.8,31,1.24,8,0.32,4,0.16,13,0.52,12,73,2.92,
Derrick Dial,TOR,2001-2002, 6-4,SG,26,7,50,7.14285714286,11,26,.423,1,4,.250,5,6,.833,2,0.285714285714,9,1.28571428571,11,1.57142857143,4,0.571428571429,2,0.285714285714,0,0.0,3,0.428571428571,1,28,4.0,
Derrick Dial,ORL,2003-2004, 6-4,SG,28,9,86,9.55555555556,9,28,.321,2,9,.222,6,8,.750,5,0.555555555556,8,0.888888888889,13,1.44444444444,2,0.222222222222,6,0.666666666667,0,0.0,1,0.111111111111,6,26,2.88888888889,
