Player,Team,Season,Height,Position,Age,G,MIN,MINPG,FGM,FGA,FGP,TPM,TPA,TPP,FTM,FTA,FTP,ORB,ORBPG,DRB,DRBPG,TRB,TRBPG,AST,ASTPG,STL,STLPG,BLK,BLKPG,TO,TOPG,PF,PTS,PTSPG,
Devin Gray,TOT,1996-1997, 6-7,PF,24,6,49,8.16666666667,8,26,.308,0,0,.000,2,5,.400,6,1.0,8,1.33333333333,14,2.33333333333,2,0.333333333333,4,0.666666666667,0,0.0,5,0.833333333333,11,18,3.0,
Devin Gray,SAC,1996-1997, 6-7,PF,24,3,25,8.33333333333,3,11,.273,0,0,.000,2,4,.500,3,1.0,6,2.0,9,3.0,2,0.666666666667,3,1.0,0,0.0,0,0.0,3,8,2.66666666667,
Devin Gray,SAS,1996-1997, 6-7,PF,24,3,24,8.0,5,15,.333,0,0,.000,0,1,.000,3,1.0,2,0.666666666667,5,1.66666666667,0,0.0,1,0.333333333333,0,0.0,5,1.66666666667,8,10,3.33333333333,
Devin Gray,HOU,1999-2000, 6-7,SF,27,21,124,5.90476190476,15,37,.405,0,0,.000,19,29,.655,11,0.52380952381,14,0.666666666667,25,1.19047619048,5,0.238095238095,5,0.238095238095,3,0.142857142857,4,0.190476190476,22,49,2.33333333333,
