Player,Team,Season,Height,Position,Age,G,MIN,MINPG,FGM,FGA,FGP,TPM,TPA,TPP,FTM,FTA,FTP,ORB,ORBPG,DRB,DRBPG,TRB,TRBPG,AST,ASTPG,STL,STLPG,BLK,BLKPG,TO,TOPG,PF,PTS,PTSPG,
Devin Ebanks,LAL,2010-2011, 6-9,SG,21,20,118,5.9,21,51,.412,2,5,.400,18,23,.783,15,0.75,12,0.6,27,1.35,2,0.1,4,0.2,5,0.25,6,0.3,7,62,3.1,
Devin Ebanks,LAL,2011-2012, 6-9,SG,22,24,396,16.5,37,89,.416,0,9,.000,23,35,.657,26,1.08333333333,28,1.16666666667,54,2.25,12,0.5,11,0.458333333333,6,0.25,18,0.75,26,97,4.04166666667,
Devin Ebanks,LAL,2012-2013, 6-9,SF,23,18,194,10.7777777778,24,72,.333,6,21,.286,11,14,.786,10,0.555555555556,31,1.72222222222,41,2.27777777778,10,0.555555555556,3,0.166666666667,1,0.0555555555556,11,0.611111111111,23,65,3.61111111111,
