Player,Team,Season,Height,Position,Age,G,MIN,MINPG,FGM,FGA,FGP,TPM,TPA,TPP,FTM,FTA,FTP,ORB,ORBPG,DRB,DRBPG,TRB,TRBPG,AST,ASTPG,STL,STLPG,BLK,BLKPG,TO,TOPG,PF,PTS,PTSPG,
DeWayne Scales,NYK,1980-1981, 6-8,PF,22,44,484,11.0,94,225,.418,1,6,.167,26,39,.667,47,1.06818181818,85,1.93181818182,132,3.0,10,0.227272727273,12,0.272727272727,4,0.0909090909091,30,0.681818181818,54,215,4.88636363636,
DeWayne Scales,NYK,1981-1982, 6-8,PF,23,3,24,8.0,1,5,.200,0,0,.000,1,2,.500,2,0.666666666667,3,1.0,5,1.66666666667,0,0.0,1,0.333333333333,1,0.333333333333,2,0.666666666667,3,3,1.0,
DeWayne Scales,WSB,1983-1984, 6-8,PF,25,2,13,6.5,3,5,.600,0,0,.000,0,2,.000,0,0.0,3,1.5,3,1.5,0,0.0,1,0.5,0,0.0,2,1.0,1,6,3.0,
