Player,Team,Season,Height,Position,Age,G,MIN,MINPG,FGM,FGA,FGP,TPM,TPA,TPP,FTM,FTA,FTP,ORB,ORBPG,DRB,DRBPG,TRB,TRBPG,AST,ASTPG,STL,STLPG,BLK,BLKPG,TO,TOPG,PF,PTS,PTSPG,
Dexter Westbrook,TOT,1967-1968, 6-8,,,12,127,10.5833333333,19,39,.487,0,0,.000,10,14,.714,.000,0.0,.000,0.0,23,1.91666666667,5,0.416666666667,.000,0.0,.000,0.0,13,1.08333333333,30,48,4.0,
Dexter Westbrook,NJA,1967-1968, 6-8,,,7,59,8.42857142857,12,19,.632,0,0,.000,7,9,.778,.000,0.0,.000,0.0,9,1.28571428571,2,0.285714285714,.000,0.0,.000,0.0,7,1.0,16,31,4.42857142857,
Dexter Westbrook,PTP,1967-1968, 6-8,,,5,68,13.6,7,20,.350,0,0,.000,3,5,.600,.000,0.0,.000,0.0,14,2.8,3,0.6,.000,0.0,.000,0.0,6,1.2,14,17,3.4,
