Player,Team,Season,Height,Position,Age,G,MIN,MINPG,FGM,FGA,FGP,TPM,TPA,TPP,FTM,FTA,FTP,ORB,ORBPG,DRB,DRBPG,TRB,TRBPG,AST,ASTPG,STL,STLPG,BLK,BLKPG,TO,TOPG,PF,PTS,PTSPG,
Dick Mehen,WAT,1949-1950, 6-5,PF,27,62,.000,0.0,347,826,.420,.000,.000,.000,198,281,.705,.000,0.0,.000,0.0,.000,0.0,191,3.08064516129,.000,0.0,.000,0.0,.000,0.0,203,892,14.3870967742,
Dick Mehen,TOT,1950-1951, 6-5,PF,28,66,.000,0.0,192,532,.361,.000,.000,.000,90,123,.732,.000,0.0,.000,0.0,223,3.37878787879,118,1.78787878788,.000,0.0,.000,0.0,.000,0.0,149,474,7.18181818182,
Dick Mehen,BLB,1950-1951, 6-5,PF,28,16,.000,0.0,57,170,.335,.000,.000,.000,37,51,.725,.000,0.0,.000,0.0,76,4.75,55,3.4375,.000,0.0,.000,0.0,.000,0.0,42,151,9.4375,
Dick Mehen,BOS,1950-1951, 6-5,PF,28,7,.000,0.0,17,52,.327,.000,.000,.000,10,15,.667,.000,0.0,.000,0.0,26,3.71428571429,11,1.57142857143,.000,0.0,.000,0.0,.000,0.0,14,44,6.28571428571,
Dick Mehen,FTW,1950-1951, 6-5,PF,28,43,.000,0.0,118,310,.381,.000,.000,.000,43,57,.754,.000,0.0,.000,0.0,121,2.81395348837,52,1.20930232558,.000,0.0,.000,0.0,.000,0.0,93,279,6.48837209302,
Dick Mehen,MLH,1951-1952, 6-5,PF,29,65,2294,35.2923076923,293,824,.356,.000,.000,.000,117,167,.701,.000,0.0,.000,0.0,282,4.33846153846,171,2.63076923077,.000,0.0,.000,0.0,.000,0.0,209,703,10.8153846154,
