Player,Team,Season,Height,Position,Age,G,MIN,MINPG,FGM,FGA,FGP,TPM,TPA,TPP,FTM,FTA,FTP,ORB,ORBPG,DRB,DRBPG,TRB,TRBPG,AST,ASTPG,STL,STLPG,BLK,BLKPG,TO,TOPG,PF,PTS,PTSPG,
Dick Garrett,LAL,1969-1970, 6-3,SG,23,73,2318,31.7534246575,354,816,.434,.000,.000,.000,138,162,.852,.000,0.0,.000,0.0,235,3.21917808219,180,2.46575342466,.000,0.0,.000,0.0,.000,0.0,236,846,11.5890410959,
Dick Garrett,BUF,1970-1971, 6-3,PG,24,75,2375,31.6666666667,373,902,.414,.000,.000,.000,218,251,.869,.000,0.0,.000,0.0,295,3.93333333333,264,3.52,.000,0.0,.000,0.0,.000,0.0,290,964,12.8533333333,
Dick Garrett,BUF,1971-1972, 6-3,SG,25,73,1905,26.095890411,325,735,.442,.000,.000,.000,136,157,.866,.000,0.0,.000,0.0,225,3.08219178082,165,2.2602739726,.000,0.0,.000,0.0,.000,0.0,225,786,10.7671232877,
Dick Garrett,BUF,1972-1973, 6-3,SG,26,78,1805,23.141025641,341,813,.419,.000,.000,.000,96,110,.873,.000,0.0,.000,0.0,209,2.67948717949,217,2.78205128205,.000,0.0,.000,0.0,.000,0.0,217,778,9.97435897436,
Dick Garrett,TOT,1973-1974, 6-3,SG,27,40,326,8.15,43,126,.341,.000,.000,.000,15,19,.789,15,0.375,25,0.625,40,1.0,23,0.575,10,0.25,1,0.025,.000,0.0,56,101,2.525,
Dick Garrett,NYK,1973-1974, 6-3,SG,27,25,239,9.56,32,91,.352,.000,.000,.000,10,13,.769,10,0.4,16,0.64,26,1.04,14,0.56,7,0.28,1,0.04,.000,0.0,41,74,2.96,
Dick Garrett,MIL,1973-1974, 6-3,SG,27,15,87,5.8,11,35,.314,.000,.000,.000,5,6,.833,5,0.333333333333,9,0.6,14,0.933333333333,9,0.6,3,0.2,0,0.0,.000,0.0,15,27,1.8,
