Player,Team,Season,Height,Position,Age,G,MIN,MINPG,FGM,FGA,FGP,TPM,TPA,TPP,FTM,FTA,FTP,ORB,ORBPG,DRB,DRBPG,TRB,TRBPG,AST,ASTPG,STL,STLPG,BLK,BLKPG,TO,TOPG,PF,PTS,PTSPG,
Dick Schnittker,WSC,1950-1951, 6-5,SF,22,29,.000,0.0,86,209,.411,.000,.000,.000,123,142,.866,.000,0.0,.000,0.0,153,5.27586206897,41,1.41379310345,.000,0.0,.000,0.0,.000,0.0,82,295,10.1724137931,
Dick Schnittker,MNL,1953-1954, 6-5,SF,25,71,1040,14.6478873239,122,307,.397,.000,.000,.000,86,132,.652,.000,0.0,.000,0.0,178,2.50704225352,59,0.830985915493,.000,0.0,.000,0.0,.000,0.0,178,330,4.64788732394,
Dick Schnittker,MNL,1954-1955, 6-5,SF,26,72,1798,24.9722222222,226,583,.388,.000,.000,.000,298,362,.823,.000,0.0,.000,0.0,349,4.84722222222,114,1.58333333333,.000,0.0,.000,0.0,.000,0.0,231,750,10.4166666667,
Dick Schnittker,MNL,1955-1956, 6-5,SF,27,72,1930,26.8055555556,254,647,.393,.000,.000,.000,304,355,.856,.000,0.0,.000,0.0,296,4.11111111111,142,1.97222222222,.000,0.0,.000,0.0,.000,0.0,253,812,11.2777777778,
Dick Schnittker,MNL,1956-1957, 6-5,SF,28,70,997,14.2428571429,113,351,.322,.000,.000,.000,160,193,.829,.000,0.0,.000,0.0,185,2.64285714286,52,0.742857142857,.000,0.0,.000,0.0,.000,0.0,144,386,5.51428571429,
Dick Schnittker,MNL,1957-1958, 6-5,SF,29,50,979,19.58,128,357,.359,.000,.000,.000,201,237,.848,.000,0.0,.000,0.0,211,4.22,71,1.42,.000,0.0,.000,0.0,.000,0.0,126,457,9.14,
