Player,Team,Season,Height,Position,Age,G,MIN,MINPG,FGM,FGA,FGP,TPM,TPA,TPP,FTM,FTA,FTP,ORB,ORBPG,DRB,DRBPG,TRB,TRBPG,AST,ASTPG,STL,STLPG,BLK,BLKPG,TO,TOPG,PF,PTS,PTSPG,
Dick Garmaker,MNL,1955-1956, 6-3,SG,23,68,870,12.7941176471,138,373,.370,.000,.000,.000,112,139,.806,.000,0.0,.000,0.0,132,1.94117647059,104,1.52941176471,.000,0.0,.000,0.0,.000,0.0,127,388,5.70588235294,
Dick Garmaker,MNL,1956-1957, 6-3,SG,24,72,2406,33.4166666667,406,1015,.400,.000,.000,.000,365,435,.839,.000,0.0,.000,0.0,336,4.66666666667,190,2.63888888889,.000,0.0,.000,0.0,.000,0.0,199,1177,16.3472222222,
Dick Garmaker,MNL,1957-1958, 6-3,SG,25,68,2216,32.5882352941,390,988,.395,.000,.000,.000,314,411,.764,.000,0.0,.000,0.0,365,5.36764705882,183,2.69117647059,.000,0.0,.000,0.0,.000,0.0,190,1094,16.0882352941,
Dick Garmaker,MNL,1958-1959, 6-3,SG,26,72,2493,34.625,350,885,.395,.000,.000,.000,284,368,.772,.000,0.0,.000,0.0,325,4.51388888889,211,2.93055555556,.000,0.0,.000,0.0,.000,0.0,226,984,13.6666666667,
Dick Garmaker,TOT,1959-1960, 6-3,SG,27,70,1932,27.6,323,815,.396,.000,.000,.000,203,263,.772,.000,0.0,.000,0.0,313,4.47142857143,206,2.94285714286,.000,0.0,.000,0.0,.000,0.0,186,849,12.1285714286,
Dick Garmaker,MNL,1959-1960, 6-3,,27,44,1187,26.9772727273,198,525,.377,.000,.000,.000,117,163,.718,.000,0.0,.000,0.0,189,4.29545454545,133,3.02272727273,.000,0.0,.000,0.0,.000,0.0,126,513,11.6590909091,
Dick Garmaker,NYK,1959-1960, 6-3,SG,27,26,745,28.6538461538,125,290,.431,.000,.000,.000,86,100,.860,.000,0.0,.000,0.0,124,4.76923076923,73,2.80769230769,.000,0.0,.000,0.0,.000,0.0,60,336,12.9230769231,
Dick Garmaker,NYK,1960-1961, 6-3,PG,28,71,2238,31.5211267606,415,943,.440,.000,.000,.000,275,358,.768,.000,0.0,.000,0.0,277,3.9014084507,220,3.0985915493,.000,0.0,.000,0.0,.000,0.0,240,1105,15.5633802817,
