Player,Team,Season,Height,Position,Age,G,MIN,MINPG,FGM,FGA,FGP,TPM,TPA,TPP,FTM,FTA,FTP,ORB,ORBPG,DRB,DRBPG,TRB,TRBPG,AST,ASTPG,STL,STLPG,BLK,BLKPG,TO,TOPG,PF,PTS,PTSPG,
Dick O'Keefe,WSC,1947-1948, 6-2,,24,37,.000,0.0,63,257,.245,.000,.000,.000,30,59,.508,.000,0.0,.000,0.0,.000,0.0,18,0.486486486486,.000,0.0,.000,0.0,.000,0.0,85,156,4.21621621622,
Dick O'Keefe,WSC,1948-1949, 6-2,,25,50,.000,0.0,70,274,.255,.000,.000,.000,51,99,.515,.000,0.0,.000,0.0,.000,0.0,43,0.86,.000,0.0,.000,0.0,.000,0.0,119,191,3.82,
Dick O'Keefe,WSC,1949-1950, 6-2,,26,68,.000,0.0,162,529,.306,.000,.000,.000,150,203,.739,.000,0.0,.000,0.0,.000,0.0,74,1.08823529412,.000,0.0,.000,0.0,.000,0.0,217,474,6.97058823529,
Dick O'Keefe,WSC,1950-1951, 6-2,,27,17,.000,0.0,21,102,.206,.000,.000,.000,25,39,.641,.000,0.0,.000,0.0,37,2.17647058824,25,1.47058823529,.000,0.0,.000,0.0,.000,0.0,48,67,3.94117647059,
