Player,Team,Season,Height,Position,Age,G,MIN,MINPG,FGM,FGA,FGP,TPM,TPA,TPP,FTM,FTA,FTP,ORB,ORBPG,DRB,DRBPG,TRB,TRBPG,AST,ASTPG,STL,STLPG,BLK,BLKPG,TO,TOPG,PF,PTS,PTSPG,
Dick Cunningham,MIL,1968-1969, 6-10,C,22,77,1236,16.0519480519,141,332,.425,.000,.000,.000,69,106,.651,.000,0.0,.000,0.0,438,5.68831168831,58,0.753246753247,.000,0.0,.000,0.0,.000,0.0,166,351,4.55844155844,
Dick Cunningham,MIL,1969-1970, 6-10,C,23,60,416,6.93333333333,52,141,.369,.000,.000,.000,22,33,.667,.000,0.0,.000,0.0,160,2.66666666667,28,0.466666666667,.000,0.0,.000,0.0,.000,0.0,70,126,2.1,
Dick Cunningham,MIL,1970-1971, 6-10,C,24,76,675,8.88157894737,81,195,.415,.000,.000,.000,39,59,.661,.000,0.0,.000,0.0,257,3.38157894737,43,0.565789473684,.000,0.0,.000,0.0,.000,0.0,90,201,2.64473684211,
Dick Cunningham,HOU,1971-1972, 6-10,C,25,63,720,11.4285714286,67,174,.385,.000,.000,.000,37,53,.698,.000,0.0,.000,0.0,243,3.85714285714,57,0.904761904762,.000,0.0,.000,0.0,.000,0.0,76,171,2.71428571429,
Dick Cunningham,MIL,1972-1973, 6-10,C,26,72,692,9.61111111111,64,156,.410,.000,.000,.000,29,50,.580,.000,0.0,.000,0.0,208,2.88888888889,34,0.472222222222,.000,0.0,.000,0.0,.000,0.0,94,157,2.18055555556,
Dick Cunningham,MIL,1973-1974, 6-10,C,27,8,45,5.625,3,6,.500,.000,.000,.000,0,7,.000,1,0.125,15,1.875,16,2.0,0,0.0,2,0.25,2,0.25,.000,0.0,5,6,0.75,
Dick Cunningham,MIL,1974-1975, 6-10,C,28,2,8,4.0,0,0,.000,.000,.000,.000,0,0,.000,0,0.0,2,1.0,2,1.0,1,0.5,0,0.0,0,0.0,.000,0.0,1,0,0.0,
