Player,Team,Season,Height,Position,Age,G,MIN,MINPG,FGM,FGA,FGP,TPM,TPA,TPP,FTM,FTA,FTP,ORB,ORBPG,DRB,DRBPG,TRB,TRBPG,AST,ASTPG,STL,STLPG,BLK,BLKPG,TO,TOPG,PF,PTS,PTSPG,
Dick Schulz,TOT,1946-1947, 6-2,,30,57,.000,0.0,130,548,.237,.000,.000,.000,94,138,.681,.000,0.0,.000,0.0,.000,0.0,56,0.982456140351,.000,0.0,.000,0.0,.000,0.0,123,354,6.21052631579,
Dick Schulz,CLR,1946-1947, 6-2,,30,16,.000,0.0,43,176,.244,.000,.000,.000,20,31,.645,.000,0.0,.000,0.0,.000,0.0,17,1.0625,.000,0.0,.000,0.0,.000,0.0,29,106,6.625,
Dick Schulz,TRH,1946-1947, 6-2,,30,41,.000,0.0,87,372,.234,.000,.000,.000,74,107,.692,.000,0.0,.000,0.0,.000,0.0,39,0.951219512195,.000,0.0,.000,0.0,.000,0.0,94,248,6.0487804878,
Dick Schulz,BLB,1947-1948, 6-2,,31,48,.000,0.0,133,469,.284,.000,.000,.000,117,160,.731,.000,0.0,.000,0.0,.000,0.0,28,0.583333333333,.000,0.0,.000,0.0,.000,0.0,116,383,7.97916666667,
Dick Schulz,WSC,1948-1949, 6-2,,32,50,.000,0.0,65,278,.234,.000,.000,.000,65,91,.714,.000,0.0,.000,0.0,.000,0.0,53,1.06,.000,0.0,.000,0.0,.000,0.0,107,195,3.9,
Dick Schulz,TOT,1949-1950, 6-2,,33,50,.000,0.0,63,212,.297,.000,.000,.000,83,110,.755,.000,0.0,.000,0.0,.000,0.0,66,1.32,.000,0.0,.000,0.0,.000,0.0,106,209,4.18,
Dick Schulz,WSC,1949-1950, 6-2,,33,13,.000,0.0,12,45,.267,.000,.000,.000,19,28,.679,.000,0.0,.000,0.0,.000,0.0,10,0.769230769231,.000,0.0,.000,0.0,.000,0.0,27,43,3.30769230769,
Dick Schulz,TRI,1949-1950, 6-2,,33,8,.000,0.0,13,45,.289,.000,.000,.000,15,21,.714,.000,0.0,.000,0.0,.000,0.0,8,1.0,.000,0.0,.000,0.0,.000,0.0,12,41,5.125,
Dick Schulz,SHE,1949-1950, 6-2,,33,29,.000,0.0,38,122,.311,.000,.000,.000,49,61,.803,.000,0.0,.000,0.0,.000,0.0,48,1.65517241379,.000,0.0,.000,0.0,.000,0.0,67,125,4.31034482759,
