Player,Team,Season,Height,Position,Age,G,MIN,MINPG,FGM,FGA,FGP,TPM,TPA,TPP,FTM,FTA,FTP,ORB,ORBPG,DRB,DRBPG,TRB,TRBPG,AST,ASTPG,STL,STLPG,BLK,BLKPG,TO,TOPG,PF,PTS,PTSPG,
Dick Bunt,TOT,1952-1953, 6-0,PG,22,26,271,10.4230769231,29,105,.276,.000,.000,.000,34,48,.708,.000,0.0,.000,0.0,28,1.07692307692,17,0.653846153846,.000,0.0,.000,0.0,.000,0.0,40,92,3.53846153846,
Dick Bunt,NYK,1952-1953, 6-0,PG,22,14,146,10.4285714286,12,53,.226,.000,.000,.000,17,25,.680,.000,0.0,.000,0.0,13,0.928571428571,10,0.714285714286,.000,0.0,.000,0.0,.000,0.0,18,41,2.92857142857,
Dick Bunt,BLB,1952-1953, 6-0,PG,22,12,125,10.4166666667,17,52,.327,.000,.000,.000,17,23,.739,.000,0.0,.000,0.0,15,1.25,7,0.583333333333,.000,0.0,.000,0.0,.000,0.0,22,51,4.25,
