Player,Team,Season,Height,Position,Age,G,MIN,MINPG,FGM,FGA,FGP,TPM,TPA,TPP,FTM,FTA,FTP,ORB,ORBPG,DRB,DRBPG,TRB,TRBPG,AST,ASTPG,STL,STLPG,BLK,BLKPG,TO,TOPG,PF,PTS,PTSPG,
Dick Surhoff,NYK,1952-1953, 6-4,SF,23,26,187,7.19230769231,13,61,.213,.000,.000,.000,19,30,.633,.000,0.0,.000,0.0,25,0.961538461538,9,0.346153846154,.000,0.0,.000,0.0,.000,0.0,36,45,1.73076923077,
Dick Surhoff,MLH,1953-1954, 6-4,PF,24,32,358,11.1875,43,129,.333,.000,.000,.000,47,62,.758,.000,0.0,.000,0.0,69,2.15625,23,0.71875,.000,0.0,.000,0.0,.000,0.0,53,133,4.15625,
