Player,Team,Season,Height,Position,Age,G,MIN,MINPG,FGM,FGA,FGP,TPM,TPA,TPP,FTM,FTA,FTP,ORB,ORBPG,DRB,DRBPG,TRB,TRBPG,AST,ASTPG,STL,STLPG,BLK,BLKPG,TO,TOPG,PF,PTS,PTSPG,
Dick Farley,SYR,1954-1955, 6-4,SG,22,69,1113,16.1304347826,136,353,.385,.000,.000,.000,136,201,.677,.000,0.0,.000,0.0,167,2.42028985507,111,1.60869565217,.000,0.0,.000,0.0,.000,0.0,145,408,5.91304347826,
Dick Farley,SYR,1955-1956, 6-4,SG,23,72,1429,19.8472222222,168,451,.373,.000,.000,.000,143,207,.691,.000,0.0,.000,0.0,165,2.29166666667,151,2.09722222222,.000,0.0,.000,0.0,.000,0.0,154,479,6.65277777778,
Dick Farley,DET,1958-1959, 6-4,SG,26,70,1280,18.2857142857,177,448,.395,.000,.000,.000,137,186,.737,.000,0.0,.000,0.0,195,2.78571428571,124,1.77142857143,.000,0.0,.000,0.0,.000,0.0,130,491,7.01428571429,
