Player,Team,Season,Height,Position,Age,G,MIN,MINPG,FGM,FGA,FGP,TPM,TPA,TPP,FTM,FTA,FTP,ORB,ORBPG,DRB,DRBPG,TRB,TRBPG,AST,ASTPG,STL,STLPG,BLK,BLKPG,TO,TOPG,PF,PTS,PTSPG,
Dick Murphy,TOT,1946-1947, 6-1,,25,31,.000,0.0,15,75,.200,.000,.000,.000,4,9,.444,.000,0.0,.000,0.0,.000,0.0,8,0.258064516129,.000,0.0,.000,0.0,.000,0.0,15,34,1.09677419355,
Dick Murphy,NYK,1946-1947, 6-1,,25,24,.000,0.0,14,58,.241,.000,.000,.000,4,5,.800,.000,0.0,.000,0.0,.000,0.0,5,0.208333333333,.000,0.0,.000,0.0,.000,0.0,9,32,1.33333333333,
Dick Murphy,BOS,1946-1947, 6-1,,25,7,.000,0.0,1,17,.059,.000,.000,.000,0,4,.000,.000,0.0,.000,0.0,.000,0.0,3,0.428571428571,.000,0.0,.000,0.0,.000,0.0,6,2,0.285714285714,
