Player,Team,Season,Height,Position,Age,G,MIN,MINPG,FGM,FGA,FGP,TPM,TPA,TPP,FTM,FTA,FTP,ORB,ORBPG,DRB,DRBPG,TRB,TRBPG,AST,ASTPG,STL,STLPG,BLK,BLKPG,TO,TOPG,PF,PTS,PTSPG,
Dike Eddleman,TRI,1949-1950, 6-3,SF,27,64,.000,0.0,332,906,.366,.000,.000,.000,162,260,.623,.000,0.0,.000,0.0,.000,0.0,142,2.21875,.000,0.0,.000,0.0,.000,0.0,254,826,12.90625,
Dike Eddleman,TRI,1950-1951, 6-3,SF,28,68,.000,0.0,398,1120,.355,.000,.000,.000,244,349,.699,.000,0.0,.000,0.0,410,6.02941176471,170,2.5,.000,0.0,.000,0.0,.000,0.0,231,1040,15.2941176471,
Dike Eddleman,TOT,1951-1952, 6-3,SF,29,66,1904,28.8484848485,270,813,.332,.000,.000,.000,203,332,.611,.000,0.0,.000,0.0,269,4.07575757576,135,2.04545454545,.000,0.0,.000,0.0,.000,0.0,252,743,11.2575757576,
Dike Eddleman,MLH,1951-1952, 6-3,SF,29,50,1616,32.32,227,700,.324,.000,.000,.000,185,293,.631,.000,0.0,.000,0.0,232,4.64,112,2.24,.000,0.0,.000,0.0,.000,0.0,193,639,12.78,
Dike Eddleman,FTW,1951-1952, 6-3,SF,29,16,288,18.0,43,113,.381,.000,.000,.000,18,39,.462,.000,0.0,.000,0.0,37,2.3125,23,1.4375,.000,0.0,.000,0.0,.000,0.0,59,104,6.5,
Dike Eddleman,FTW,1952-1953, 6-3,SF,30,69,1571,22.768115942,241,687,.351,.000,.000,.000,133,237,.561,.000,0.0,.000,0.0,236,3.42028985507,104,1.50724637681,.000,0.0,.000,0.0,.000,0.0,220,615,8.91304347826,
