Player,Team,Season,Height,Position,Age,G,MIN,MINPG,FGM,FGA,FGP,TPM,TPA,TPP,FTM,FTA,FTP,ORB,ORBPG,DRB,DRBPG,TRB,TRBPG,AST,ASTPG,STL,STLPG,BLK,BLKPG,TO,TOPG,PF,PTS,PTSPG,
Dillard Crocker,FTW,1948-1949, 6-4,PF,24,2,.000,0.0,1,4,.250,.000,.000,.000,4,6,.667,.000,0.0,.000,0.0,.000,0.0,0,0.0,.000,0.0,.000,0.0,.000,0.0,3,6,3.0,
Dillard Crocker,DNN,1949-1950, 6-4,PF,25,53,.000,0.0,245,840,.292,.000,.000,.000,233,317,.735,.000,0.0,.000,0.0,.000,0.0,85,1.60377358491,.000,0.0,.000,0.0,.000,0.0,223,723,13.641509434,
Dillard Crocker,TOT,1951-1952, 6-4,PF,27,38,783,20.6052631579,98,279,.351,.000,.000,.000,97,145,.669,.000,0.0,.000,0.0,111,2.92105263158,57,1.5,.000,0.0,.000,0.0,.000,0.0,132,293,7.71052631579,
Dillard Crocker,INO,1951-1952, 6-4,PF,27,6,23,3.83333333333,2,5,.400,.000,.000,.000,5,6,.833,.000,0.0,.000,0.0,3,0.5,0,0.0,.000,0.0,.000,0.0,.000,0.0,6,9,1.5,
Dillard Crocker,MLH,1951-1952, 6-4,PF,27,32,760,23.75,96,274,.350,.000,.000,.000,92,139,.662,.000,0.0,.000,0.0,108,3.375,57,1.78125,.000,0.0,.000,0.0,.000,0.0,126,284,8.875,
Dillard Crocker,MLH,1952-1953, 6-4,PF,28,61,776,12.7213114754,100,284,.352,.000,.000,.000,130,189,.688,.000,0.0,.000,0.0,104,1.70491803279,63,1.03278688525,.000,0.0,.000,0.0,.000,0.0,199,330,5.40983606557,
