Player,Team,Season,Height,Position,Age,G,MIN,MINPG,FGM,FGA,FGP,TPM,TPA,TPP,FTM,FTA,FTP,ORB,ORBPG,DRB,DRBPG,TRB,TRBPG,AST,ASTPG,STL,STLPG,BLK,BLKPG,TO,TOPG,PF,PTS,PTSPG,
Dino Radja,BOS,1993-1994, 6-11,PF,26,80,2303,28.7875,491,942,.521,0,1,.000,226,301,.751,191,2.3875,386,4.825,577,7.2125,114,1.425,70,0.875,67,0.8375,149,1.8625,276,1208,15.1,
Dino Radja,BOS,1994-1995, 6-11,PF,27,66,2147,32.5303030303,450,919,.490,0,1,.000,233,307,.759,149,2.25757575758,424,6.42424242424,573,8.68181818182,111,1.68181818182,60,0.909090909091,86,1.30303030303,159,2.40909090909,232,1133,17.1666666667,
Dino Radja,BOS,1995-1996, 6-11,PF,28,53,1984,37.4339622642,426,852,.500,0,0,.000,191,275,.695,113,2.1320754717,409,7.71698113208,522,9.84905660377,83,1.56603773585,48,0.905660377358,81,1.52830188679,117,2.20754716981,161,1043,19.679245283,
Dino Radja,BOS,1996-1997, 6-11,C,29,25,874,34.96,149,339,.440,0,1,.000,51,71,.718,44,1.76,167,6.68,211,8.44,48,1.92,23,0.92,48,1.92,70,2.8,76,349,13.96,
