Player,Team,Season,Height,Position,Age,G,MIN,MINPG,FGM,FGA,FGP,TPM,TPA,TPP,FTM,FTA,FTP,ORB,ORBPG,DRB,DRBPG,TRB,TRBPG,AST,ASTPG,STL,STLPG,BLK,BLKPG,TO,TOPG,PF,PTS,PTSPG,
Dion Glover,ATL,1999-2000, 6-5,SG,21,30,446,14.8666666667,66,171,.386,12,45,.267,51,70,.729,15,0.5,23,0.766666666667,38,1.26666666667,27,0.9,15,0.5,4,0.133333333333,28,0.933333333333,28,195,6.5,
Dion Glover,ATL,2000-2001, 6-5,SG,22,57,929,16.298245614,141,336,.420,9,46,.196,47,69,.681,39,0.684210526316,92,1.61403508772,131,2.29824561404,69,1.21052631579,49,0.859649122807,10,0.175438596491,54,0.947368421053,92,338,5.9298245614,
Dion Glover,ATL,2001-2002, 6-5,SG,23,55,1156,21.0181818182,192,456,.421,30,91,.330,78,103,.757,36,0.654545454545,133,2.41818181818,169,3.07272727273,84,1.52727272727,45,0.818181818182,14,0.254545454545,76,1.38181818182,89,492,8.94545454545,
Dion Glover,ATL,2002-2003, 6-5,SG,24,76,1890,24.8684210526,277,648,.427,56,158,.354,127,162,.784,62,0.815789473684,220,2.89473684211,282,3.71052631579,141,1.85526315789,71,0.934210526316,15,0.197368421053,108,1.42105263158,146,737,9.69736842105,
Dion Glover,TOT,2003-2004, 6-5,SG,25,69,1643,23.8115942029,230,589,.390,40,119,.336,120,156,.769,58,0.840579710145,208,3.01449275362,266,3.85507246377,130,1.88405797101,50,0.724637681159,19,0.275362318841,102,1.47826086957,123,620,8.98550724638,
Dion Glover,ATL,2003-2004, 6-5,SG,25,55,1465,26.6363636364,205,524,.391,36,105,.343,110,142,.775,54,0.981818181818,183,3.32727272727,237,4.30909090909,115,2.09090909091,40,0.727272727273,17,0.309090909091,83,1.50909090909,106,556,10.1090909091,
Dion Glover,TOR,2003-2004, 6-5,SG,25,14,178,12.7142857143,25,65,.385,4,14,.286,10,14,.714,4,0.285714285714,25,1.78571428571,29,2.07142857143,15,1.07142857143,10,0.714285714286,2,0.142857142857,19,1.35714285714,17,64,4.57142857143,
Dion Glover,SAS,2004-2005, 6-5,SG,26,7,68,9.71428571429,8,22,.364,1,8,.125,8,10,.800,3,0.428571428571,8,1.14285714286,11,1.57142857143,4,0.571428571429,3,0.428571428571,3,0.428571428571,2,0.285714285714,9,25,3.57142857143,
