Player,Team,Season,Height,Position,Age,G,MIN,MINPG,FGM,FGA,FGP,TPM,TPA,TPP,FTM,FTA,FTP,ORB,ORBPG,DRB,DRBPG,TRB,TRBPG,AST,ASTPG,STL,STLPG,BLK,BLKPG,TO,TOPG,PF,PTS,PTSPG,
Dion Waiters,CLE,2012-2013, 6-4,SG,21,54,1590,29.4444444444,296,723,.409,58,185,.314,150,198,.758,20,0.37037037037,114,2.11111111111,134,2.48148148148,170,3.14814814815,53,0.981481481481,13,0.240740740741,104,1.92592592593,104,800,14.8148148148,
