Player,Team,Season,Height,Position,Age,G,MIN,MINPG,FGM,FGA,FGP,TPM,TPA,TPP,FTM,FTA,FTP,ORB,ORBPG,DRB,DRBPG,TRB,TRBPG,AST,ASTPG,STL,STLPG,BLK,BLKPG,TO,TOPG,PF,PTS,PTSPG,
Dirk Minniefield,CLE,1985-1986, 6-3,PG,25,76,1131,14.8815789474,167,347,.481,10,37,.270,73,93,.785,43,0.565789473684,88,1.15789473684,131,1.72368421053,269,3.53947368421,65,0.855263157895,1,0.0131578947368,108,1.42105263158,165,417,5.48684210526,
Dirk Minniefield,TOT,1986-1987, 6-3,PG,26,74,1600,21.6216216216,218,482,.452,11,39,.282,62,90,.689,29,0.391891891892,111,1.5,140,1.89189189189,348,4.7027027027,72,0.972972972973,7,0.0945945945946,157,2.12162162162,174,509,6.87837837838,
Dirk Minniefield,CLE,1986-1987, 6-3,PG,26,11,122,11.0909090909,13,42,.310,0,5,.000,1,4,.250,1,0.0909090909091,9,0.818181818182,10,0.909090909091,13,1.18181818182,6,0.545454545455,1,0.0909090909091,12,1.09090909091,8,27,2.45454545455,
Dirk Minniefield,HOU,1986-1987, 6-3,PG,26,63,1478,23.4603174603,205,440,.466,11,34,.324,61,86,.709,28,0.444444444444,102,1.61904761905,130,2.06349206349,335,5.31746031746,66,1.04761904762,6,0.0952380952381,145,2.30158730159,166,482,7.65079365079,
Dirk Minniefield,TOT,1987-1988, 6-3,PG,27,72,1070,14.8611111111,108,221,.489,4,16,.250,41,55,.745,30,0.416666666667,66,0.916666666667,96,1.33333333333,228,3.16666666667,59,0.819444444444,3,0.0416666666667,93,1.29166666667,133,261,3.625,
Dirk Minniefield,GSW,1987-1988, 6-3,PG,27,11,202,18.3636363636,25,48,.521,1,5,.200,14,23,.609,8,0.727272727273,13,1.18181818182,21,1.90909090909,38,3.45454545455,15,1.36363636364,0,0.0,16,1.45454545455,26,65,5.90909090909,
Dirk Minniefield,BOS,1987-1988, 6-3,PG,27,61,868,14.2295081967,83,173,.480,3,11,.273,27,32,.844,22,0.360655737705,53,0.868852459016,75,1.22950819672,190,3.11475409836,44,0.72131147541,3,0.0491803278689,77,1.26229508197,107,196,3.2131147541,
