Player,Team,Season,Height,Position,Age,G,MIN,MINPG,FGM,FGA,FGP,TPM,TPA,TPP,FTM,FTA,FTP,ORB,ORBPG,DRB,DRBPG,TRB,TRBPG,AST,ASTPG,STL,STLPG,BLK,BLKPG,TO,TOPG,PF,PTS,PTSPG,
Dominique Jones,DAL,2010-2011, 6-4,PG,22,18,135,7.5,14,45,.311,0,4,.000,14,17,.824,6,0.333333333333,19,1.05555555556,25,1.38888888889,19,1.05555555556,5,0.277777777778,3,0.166666666667,10,0.555555555556,7,42,2.33333333333,
Dominique Jones,DAL,2011-2012, 6-4,PG,23,33,268,8.12121212121,29,73,.397,1,8,.125,29,37,.784,9,0.272727272727,35,1.06060606061,44,1.33333333333,42,1.27272727273,10,0.30303030303,5,0.151515151515,28,0.848484848485,28,88,2.66666666667,
Dominique Jones,DAL,2012-2013, 6-4,PG,24,29,338,11.6551724138,40,109,.367,1,9,.111,35,53,.660,18,0.620689655172,27,0.931034482759,45,1.55172413793,83,2.86206896552,14,0.48275862069,2,0.0689655172414,38,1.31034482759,29,116,4.0,
