Player,Team,Season,Height,Position,Age,G,MIN,MINPG,FGM,FGA,FGP,TPM,TPA,TPP,FTM,FTA,FTP,ORB,ORBPG,DRB,DRBPG,TRB,TRBPG,AST,ASTPG,STL,STLPG,BLK,BLKPG,TO,TOPG,PF,PTS,PTSPG,
Dominic Pressley,TOT,1988-1989, 6-2,PG,24,13,124,9.53846153846,9,31,.290,0,2,.000,5,9,.556,3,0.230769230769,12,0.923076923077,15,1.15384615385,26,2.0,4,0.307692307692,0,0.0,11,0.846153846154,11,23,1.76923076923,
Dominic Pressley,WSB,1988-1989, 6-2,PG,24,10,107,10.7,8,25,.320,0,0,.000,5,9,.556,3,0.3,11,1.1,14,1.4,22,2.2,4,0.4,0,0.0,11,1.1,9,21,2.1,
Dominic Pressley,CHI,1988-1989, 6-2,PG,24,3,17,5.66666666667,1,6,.167,0,2,.000,0,0,.000,0,0.0,1,0.333333333333,1,0.333333333333,4,1.33333333333,0,0.0,0,0.0,0,0.0,2,2,0.666666666667,
