Player,Team,Season,Height,Position,Age,G,MIN,MINPG,FGM,FGA,FGP,TPM,TPA,TPP,FTM,FTA,FTP,ORB,ORBPG,DRB,DRBPG,TRB,TRBPG,AST,ASTPG,STL,STLPG,BLK,BLKPG,TO,TOPG,PF,PTS,PTSPG,
Don Collins,TOT,1980-1981, 6-6,SF,22,81,1845,22.7777777778,360,811,.444,0,6,.000,211,272,.776,129,1.59259259259,139,1.71604938272,268,3.30864197531,190,2.34567901235,104,1.28395061728,25,0.308641975309,174,2.14814814815,259,931,11.4938271605,
Don Collins,ATL,1980-1981, 6-6,SF,22,47,1184,25.1914893617,230,530,.434,0,3,.000,137,162,.846,96,2.04255319149,91,1.93617021277,187,3.97872340426,115,2.44680851064,69,1.46808510638,11,0.234042553191,107,2.27659574468,166,597,12.7021276596,
Don Collins,WSB,1980-1981, 6-6,SF,22,34,661,19.4411764706,130,281,.463,0,3,.000,74,110,.673,33,0.970588235294,48,1.41176470588,81,2.38235294118,75,2.20588235294,35,1.02941176471,14,0.411764705882,67,1.97058823529,93,334,9.82352941176,
Don Collins,WSB,1981-1982, 6-6,SG,23,79,1609,20.3670886076,334,653,.511,1,12,.083,121,169,.716,101,1.27848101266,95,1.20253164557,196,2.48101265823,148,1.87341772152,89,1.12658227848,24,0.303797468354,135,1.70886075949,195,790,10.0,
Don Collins,WSB,1982-1983, 6-6,SF,24,65,1575,24.2307692308,332,635,.523,0,6,.000,101,136,.743,116,1.78461538462,94,1.44615384615,210,3.23076923077,132,2.03076923077,87,1.33846153846,30,0.461538461538,146,2.24615384615,166,765,11.7692307692,
Don Collins,GSW,1983-1984, 6-6,SG,25,61,957,15.6885245902,187,387,.483,1,5,.200,65,89,.730,62,1.01639344262,67,1.09836065574,129,2.11475409836,67,1.09836065574,43,0.704918032787,14,0.229508196721,80,1.31147540984,119,440,7.2131147541,
Don Collins,WSB,1984-1985, 6-6,SG,26,11,91,8.27272727273,12,34,.353,0,0,.000,8,9,.889,10,0.909090909091,9,0.818181818182,19,1.72727272727,7,0.636363636364,7,0.636363636364,4,0.363636363636,8,0.727272727273,5,32,2.90909090909,
Don Collins,MIL,1986-1987, 6-6,SF,28,6,57,9.5,10,28,.357,0,0,.000,5,7,.714,11,1.83333333333,4,0.666666666667,15,2.5,2,0.333333333333,2,0.333333333333,1,0.166666666667,5,0.833333333333,11,25,4.16666666667,
