Player,Team,Season,Height,Position,Age,G,MIN,MINPG,FGM,FGA,FGP,TPM,TPA,TPP,FTM,FTA,FTP,ORB,ORBPG,DRB,DRBPG,TRB,TRBPG,AST,ASTPG,STL,STLPG,BLK,BLKPG,TO,TOPG,PF,PTS,PTSPG,
Don Ford,LAL,1975-1976, 6-9,SF,23,76,1838,24.1842105263,311,710,.438,.000,.000,.000,104,139,.748,118,1.55263157895,215,2.82894736842,333,4.38157894737,111,1.46052631579,50,0.657894736842,14,0.184210526316,.000,0.0,186,726,9.55263157895,
Don Ford,LAL,1976-1977, 6-9,PF,24,82,1782,21.7317073171,262,570,.460,.000,.000,.000,73,102,.716,105,1.28048780488,248,3.0243902439,353,4.30487804878,133,1.62195121951,60,0.731707317073,21,0.256097560976,.000,0.0,170,597,7.28048780488,
Don Ford,LAL,1977-1978, 6-9,PF,25,79,1945,24.6202531646,272,576,.472,.000,.000,.000,68,90,.756,106,1.3417721519,247,3.12658227848,353,4.46835443038,142,1.79746835443,68,0.860759493671,46,0.582278481013,88,1.11392405063,210,612,7.74683544304,
Don Ford,LAL,1978-1979, 6-9,PF,26,79,1540,19.4936708861,228,450,.507,.000,.000,.000,72,89,.809,83,1.05063291139,185,2.3417721519,268,3.39240506329,101,1.27848101266,51,0.645569620253,25,0.316455696203,93,1.17721518987,177,528,6.6835443038,
Don Ford,TOT,1979-1980, 6-9,SF,27,73,999,13.6849315068,131,274,.478,1,3,.333,45,53,.849,44,0.602739726027,141,1.93150684932,185,2.53424657534,65,0.890410958904,22,0.301369863014,21,0.287671232877,51,0.698630136986,131,308,4.21917808219,
Don Ford,LAL,1979-1980, 6-9,SF,27,52,580,11.1538461538,66,130,.508,0,1,.000,23,28,.821,23,0.442307692308,75,1.44230769231,98,1.88461538462,36,0.692307692308,11,0.211538461538,15,0.288461538462,30,0.576923076923,86,155,2.98076923077,
Don Ford,CLE,1979-1980, 6-9,SF,27,21,419,19.9523809524,65,144,.451,1,2,.500,22,25,.880,21,1.0,66,3.14285714286,87,4.14285714286,29,1.38095238095,11,0.52380952381,6,0.285714285714,21,1.0,45,153,7.28571428571,
Don Ford,CLE,1980-1981, 6-9,SF,28,64,996,15.5625,100,224,.446,0,3,.000,22,24,.917,74,1.15625,90,1.40625,164,2.5625,84,1.3125,15,0.234375,12,0.1875,49,0.765625,100,222,3.46875,
Don Ford,CLE,1981-1982, 6-9,SF,29,21,201,9.57142857143,9,24,.375,0,1,.000,5,6,.833,14,0.666666666667,21,1.0,35,1.66666666667,11,0.52380952381,8,0.380952380952,0,0.0,15,0.714285714286,30,23,1.09523809524,
