Player,Team,Season,Height,Position,Age,G,MIN,MINPG,FGM,FGA,FGP,TPM,TPA,TPP,FTM,FTA,FTP,ORB,ORBPG,DRB,DRBPG,TRB,TRBPG,AST,ASTPG,STL,STLPG,BLK,BLKPG,TO,TOPG,PF,PTS,PTSPG,
Don Smith,PHI,1974-1975, 6-0,SG,23,54,538,9.96296296296,131,321,.408,.000,.000,.000,21,21,1.000,14,0.259259259259,16,0.296296296296,30,0.555555555556,47,0.87037037037,20,0.37037037037,3,0.0555555555556,.000,0.0,45,283,5.24074074074,
