Player,Team,Season,Height,Position,Age,G,MIN,MINPG,FGM,FGA,FGP,TPM,TPA,TPP,FTM,FTA,FTP,ORB,ORBPG,DRB,DRBPG,TRB,TRBPG,AST,ASTPG,STL,STLPG,BLK,BLKPG,TO,TOPG,PF,PTS,PTSPG,
Don May,NYK,1968-1969, 6-4,SF,23,48,560,11.6666666667,81,223,.363,.000,.000,.000,42,58,.724,.000,0.0,.000,0.0,114,2.375,35,0.729166666667,.000,0.0,.000,0.0,.000,0.0,64,204,4.25,
Don May,NYK,1969-1970, 6-4,SF,24,37,238,6.43243243243,39,101,.386,.000,.000,.000,18,19,.947,.000,0.0,.000,0.0,52,1.40540540541,17,0.459459459459,.000,0.0,.000,0.0,.000,0.0,42,96,2.59459459459,
Don May,BUF,1970-1971, 6-4,SF,25,76,2666,35.0789473684,629,1336,.471,.000,.000,.000,277,350,.791,.000,0.0,.000,0.0,567,7.46052631579,150,1.97368421053,.000,0.0,.000,0.0,.000,0.0,219,1535,20.1973684211,
Don May,ATL,1971-1972, 6-4,SF,26,75,1285,17.1333333333,234,476,.492,.000,.000,.000,126,164,.768,.000,0.0,.000,0.0,217,2.89333333333,55,0.733333333333,.000,0.0,.000,0.0,.000,0.0,133,594,7.92,
Don May,TOT,1972-1973, 6-4,SF,27,58,919,15.8448275862,189,424,.446,.000,.000,.000,75,93,.806,.000,0.0,.000,0.0,210,3.62068965517,64,1.10344827586,.000,0.0,.000,0.0,.000,0.0,135,453,7.81034482759,
Don May,ATL,1972-1973, 6-4,SF,27,32,317,9.90625,61,134,.455,.000,.000,.000,22,31,.710,.000,0.0,.000,0.0,67,2.09375,21,0.65625,.000,0.0,.000,0.0,.000,0.0,55,144,4.5,
Don May,PHI,1972-1973, 6-4,SF,27,26,602,23.1538461538,128,290,.441,.000,.000,.000,53,62,.855,.000,0.0,.000,0.0,143,5.5,43,1.65384615385,.000,0.0,.000,0.0,.000,0.0,80,309,11.8846153846,
Don May,PHI,1973-1974, 6-4,SF,28,56,812,14.5,152,367,.414,.000,.000,.000,89,102,.873,25,0.446428571429,111,1.98214285714,136,2.42857142857,63,1.125,25,0.446428571429,8,0.142857142857,.000,0.0,137,393,7.01785714286,
Don May,KCO,1974-1975, 6-4,SF,29,29,139,4.79310344828,27,54,.500,.000,.000,.000,10,12,.833,4,0.137931034483,9,0.310344827586,13,0.448275862069,5,0.172413793103,4,0.137931034483,2,0.0689655172414,.000,0.0,21,64,2.20689655172,
