Player,Team,Season,Height,Position,Age,G,MIN,MINPG,FGM,FGA,FGP,TPM,TPA,TPP,FTM,FTA,FTP,ORB,ORBPG,DRB,DRBPG,TRB,TRBPG,AST,ASTPG,STL,STLPG,BLK,BLKPG,TO,TOPG,PF,PTS,PTSPG,
Don MacLean,WSB,1992-1993, 6-10,PF,23,62,674,10.8709677419,157,361,.435,3,6,.500,90,111,.811,33,0.532258064516,89,1.43548387097,122,1.96774193548,39,0.629032258065,11,0.177419354839,4,0.0645161290323,42,0.677419354839,82,407,6.56451612903,
Don MacLean,WSB,1993-1994, 6-10,SF,24,75,2487,33.16,517,1030,.502,3,21,.143,328,398,.824,140,1.86666666667,327,4.36,467,6.22666666667,160,2.13333333333,47,0.626666666667,22,0.293333333333,152,2.02666666667,169,1365,18.2,
Don MacLean,WSB,1994-1995, 6-10,PF,25,39,1052,26.9743589744,158,361,.438,10,40,.250,104,136,.765,46,1.17948717949,119,3.05128205128,165,4.23076923077,51,1.30769230769,15,0.384615384615,3,0.0769230769231,44,1.12820512821,97,430,11.0256410256,
Don MacLean,DEN,1995-1996, 6-10,SF,26,56,1107,19.7678571429,233,547,.426,14,49,.286,145,198,.732,62,1.10714285714,143,2.55357142857,205,3.66071428571,89,1.58928571429,21,0.375,5,0.0892857142857,68,1.21428571429,105,625,11.1607142857,
Don MacLean,PHI,1996-1997, 6-10,SF,27,37,733,19.8108108108,163,365,.447,12,38,.316,64,97,.660,41,1.10810810811,99,2.67567567568,140,3.78378378378,37,1.0,12,0.324324324324,10,0.27027027027,47,1.27027027027,71,402,10.8648648649,
Don MacLean,NJN,1997-1998, 6-10,SF,28,9,42,4.66666666667,1,10,.100,1,2,.500,0,0,.000,3,0.333333333333,2,0.222222222222,5,0.555555555556,0,0.0,0,0.0,0,0.0,2,0.222222222222,7,3,0.333333333333,
Don MacLean,SEA,1998-1999, 6-10,PF,29,17,365,21.4705882353,63,159,.396,9,33,.273,50,80,.625,18,1.05882352941,47,2.76470588235,65,3.82352941176,16,0.941176470588,5,0.294117647059,5,0.294117647059,25,1.47058823529,34,185,10.8823529412,
Don MacLean,PHO,1999-2000, 6-10,PF,30,16,143,8.9375,18,49,.367,2,6,.333,4,6,.667,6,0.375,17,1.0625,23,1.4375,8,0.5,2,0.125,1,0.0625,8,0.5,24,42,2.625,
Don MacLean,MIA,2000-2001, 6-10,SF,31,8,76,9.5,10,20,.500,2,2,1.000,9,12,.750,7,0.875,11,1.375,18,2.25,4,0.5,5,0.625,1,0.125,10,1.25,9,31,3.875,
