Player,Team,Season,Height,Position,Age,G,MIN,MINPG,FGM,FGA,FGP,TPM,TPA,TPP,FTM,FTA,FTP,ORB,ORBPG,DRB,DRBPG,TRB,TRBPG,AST,ASTPG,STL,STLPG,BLK,BLKPG,TO,TOPG,PF,PTS,PTSPG,
Don Martin,STB,1946-1947, 6-7,,26,54,.000,0.0,89,304,.293,.000,.000,.000,13,31,.419,.000,0.0,.000,0.0,.000,0.0,9,0.166666666667,.000,0.0,.000,0.0,.000,0.0,75,191,3.53703703704,
Don Martin,STB,1947-1948, 6-7,,27,39,.000,0.0,35,150,.233,.000,.000,.000,15,33,.455,.000,0.0,.000,0.0,.000,0.0,2,0.0512820512821,.000,0.0,.000,0.0,.000,0.0,61,85,2.17948717949,
Don Martin,TOT,1948-1949, 6-7,,28,44,.000,0.0,52,170,.306,.000,.000,.000,30,47,.638,.000,0.0,.000,0.0,.000,0.0,25,0.568181818182,.000,0.0,.000,0.0,.000,0.0,115,134,3.04545454545,
Don Martin,STB,1948-1949, 6-7,,28,37,.000,0.0,50,161,.311,.000,.000,.000,29,45,.644,.000,0.0,.000,0.0,.000,0.0,21,0.567567567568,.000,0.0,.000,0.0,.000,0.0,101,129,3.48648648649,
Don Martin,BLB,1948-1949, 6-7,,28,7,.000,0.0,2,9,.222,.000,.000,.000,1,2,.500,.000,0.0,.000,0.0,.000,0.0,4,0.571428571429,.000,0.0,.000,0.0,.000,0.0,14,5,0.714285714286,
