Player,Team,Season,Height,Position,Age,G,MIN,MINPG,FGM,FGA,FGP,TPM,TPA,TPP,FTM,FTA,FTP,ORB,ORBPG,DRB,DRBPG,TRB,TRBPG,AST,ASTPG,STL,STLPG,BLK,BLKPG,TO,TOPG,PF,PTS,PTSPG,
Don Lofgran,TOT,1950-1951, 6-5,,22,61,.000,0.0,79,270,.293,.000,.000,.000,79,127,.622,.000,0.0,.000,0.0,157,2.5737704918,36,0.590163934426,.000,0.0,.000,0.0,.000,0.0,132,237,3.88524590164,
Don Lofgran,INO,1951-1952, 6-5,SF,23,63,1254,19.9047619048,149,417,.357,.000,.000,.000,156,219,.712,.000,0.0,.000,0.0,257,4.07936507937,48,0.761904761905,.000,0.0,.000,0.0,.000,0.0,147,454,7.20634920635,
Don Lofgran,PHW,1952-1953, 6-5,SF,24,64,1788,27.9375,173,525,.330,.000,.000,.000,126,173,.728,.000,0.0,.000,0.0,339,5.296875,106,1.65625,.000,0.0,.000,0.0,.000,0.0,178,472,7.375,
Don Lofgran,MLH,1953-1954, 6-5,SF,25,21,380,18.0952380952,35,112,.313,.000,.000,.000,32,49,.653,.000,0.0,.000,0.0,64,3.04761904762,26,1.2380952381,.000,0.0,.000,0.0,.000,0.0,34,102,4.85714285714,
