Player,Team,Season,Height,Position,Age,G,MIN,MINPG,FGM,FGA,FGP,TPM,TPA,TPP,FTM,FTA,FTP,ORB,ORBPG,DRB,DRBPG,TRB,TRBPG,AST,ASTPG,STL,STLPG,BLK,BLKPG,TO,TOPG,PF,PTS,PTSPG,
Don Carlson,CHS,1946-1947, 6-0,,27,59,.000,0.0,272,845,.322,.000,.000,.000,86,159,.541,.000,0.0,.000,0.0,.000,0.0,59,1.0,.000,0.0,.000,0.0,.000,0.0,182,630,10.6779661017,
Don Carlson,MNL,1948-1949, 6-0,,29,55,.000,0.0,211,632,.334,.000,.000,.000,86,130,.662,.000,0.0,.000,0.0,.000,0.0,170,3.09090909091,.000,0.0,.000,0.0,.000,0.0,180,508,9.23636363636,
Don Carlson,MNL,1949-1950, 6-0,,30,57,.000,0.0,99,290,.341,.000,.000,.000,69,95,.726,.000,0.0,.000,0.0,.000,0.0,76,1.33333333333,.000,0.0,.000,0.0,.000,0.0,126,267,4.68421052632,
Don Carlson,BLB,1950-1951, 6-0,,31,9,.000,0.0,17,46,.370,.000,.000,.000,8,16,.500,.000,0.0,.000,0.0,15,1.66666666667,19,2.11111111111,.000,0.0,.000,0.0,.000,0.0,23,42,4.66666666667,
