Player,Team,Season,Height,Position,Age,G,MIN,MINPG,FGM,FGA,FGP,TPM,TPA,TPP,FTM,FTA,FTP,ORB,ORBPG,DRB,DRBPG,TRB,TRBPG,AST,ASTPG,STL,STLPG,BLK,BLKPG,TO,TOPG,PF,PTS,PTSPG,
Donatas Motiejunas,HOU,2012-2013, 7-0,PF,22,28,269,9.60714285714,58,111,.523,15,44,.341,18,29,.621,20,0.714285714286,27,0.964285714286,47,1.67857142857,19,0.678571428571,3,0.107142857143,4,0.142857142857,21,0.75,38,149,5.32142857143,
