Player,Team,Season,Height,Position,Age,G,MIN,MINPG,FGM,FGA,FGP,TPM,TPA,TPP,FTM,FTA,FTP,ORB,ORBPG,DRB,DRBPG,TRB,TRBPG,AST,ASTPG,STL,STLPG,BLK,BLKPG,TO,TOPG,PF,PTS,PTSPG,
Donald Whiteside,TOR,1996-1997, 5-10,PG,27,27,259,9.59259259259,18,55,.327,12,36,.333,11,15,.733,2,0.0740740740741,10,0.37037037037,12,0.444444444444,36,1.33333333333,11,0.407407407407,0,0.0,17,0.62962962963,23,59,2.18518518519,
Donald Whiteside,ATL,1997-1998, 5-10,PG,28,3,16,5.33333333333,1,2,.500,0,1,.000,0,2,.000,0,0.0,1,0.333333333333,1,0.333333333333,1,0.333333333333,0,0.0,0,0.0,1,0.333333333333,0,2,0.666666666667,
