Player,Team,Season,Height,Position,Age,G,MIN,MINPG,FGM,FGA,FGP,TPM,TPA,TPP,FTM,FTA,FTP,ORB,ORBPG,DRB,DRBPG,TRB,TRBPG,AST,ASTPG,STL,STLPG,BLK,BLKPG,TO,TOPG,PF,PTS,PTSPG,
Donald Sidle,MMF,1968-1969, 6-8,PF,22,77,1984,25.7662337662,305,656,.465,0,4,.000,321,450,.713,223,2.8961038961,328,4.25974025974,551,7.15584415584,73,0.948051948052,.000,0.0,.000,0.0,142,1.84415584416,212,931,12.0909090909,
Donald Sidle,MMF,1969-1970, 6-8,PF,23,84,3493,41.5833333333,639,1320,.484,1,6,.167,469,634,.740,432,5.14285714286,650,7.7380952381,1082,12.880952381,129,1.53571428571,.000,0.0,.000,0.0,250,2.97619047619,272,1748,20.8095238095,
Donald Sidle,TOT,1970-1971, 6-8,PF,24,84,2151,25.6071428571,425,851,.499,2,9,.222,241,331,.728,286,3.40476190476,349,4.15476190476,635,7.55952380952,97,1.15476190476,.000,0.0,.000,0.0,156,1.85714285714,233,1093,13.0119047619,
Donald Sidle,DNR,1970-1971, 6-8,PF,24,54,1623,30.0555555556,339,694,.488,0,5,.000,192,257,.747,213,3.94444444444,275,5.09259259259,488,9.03703703704,66,1.22222222222,.000,0.0,.000,0.0,123,2.27777777778,167,870,16.1111111111,
Donald Sidle,INA,1970-1971, 6-8,PF,24,30,528,17.6,86,157,.548,2,4,.500,49,74,.662,73,2.43333333333,74,2.46666666667,147,4.9,31,1.03333333333,.000,0.0,.000,0.0,33,1.1,66,223,7.43333333333,
Donald Sidle,TOT,1971-1972, 6-8,PF,25,69,960,13.9130434783,175,384,.456,1,10,.100,124,195,.636,115,1.66666666667,119,1.72463768116,234,3.39130434783,26,0.376811594203,.000,0.0,.000,0.0,56,0.811594202899,96,475,6.88405797101,
Donald Sidle,INA,1971-1972, 6-8,C,25,27,394,14.5925925926,72,143,.503,0,1,.000,31,49,.633,44,1.62962962963,51,1.88888888889,95,3.51851851852,10,0.37037037037,.000,0.0,.000,0.0,20,0.740740740741,39,175,6.48148148148,
Donald Sidle,MMP,1971-1972, 6-8,PF,25,42,566,13.4761904762,103,241,.427,1,9,.111,93,146,.637,71,1.69047619048,68,1.61904761905,139,3.30952380952,16,0.380952380952,.000,0.0,.000,0.0,36,0.857142857143,57,300,7.14285714286,
