Player,Team,Season,Height,Position,Age,G,MIN,MINPG,FGM,FGA,FGP,TPM,TPA,TPP,FTM,FTA,FTP,ORB,ORBPG,DRB,DRBPG,TRB,TRBPG,AST,ASTPG,STL,STLPG,BLK,BLKPG,TO,TOPG,PF,PTS,PTSPG,
Donnell Harvey,DAL,2000-2001, 6-8,PF,20,18,65,3.61111111111,8,14,.571,0,0,.000,6,16,.375,6,0.333333333333,14,0.777777777778,20,1.11111111111,2,0.111111111111,3,0.166666666667,1,0.0555555555556,7,0.388888888889,15,22,1.22222222222,
Donnell Harvey,TOT,2001-2002, 6-8,PF,21,47,841,17.8936170213,108,217,.498,0,0,.000,54,90,.600,80,1.70212765957,147,3.12765957447,227,4.82978723404,37,0.787234042553,21,0.446808510638,24,0.510638297872,33,0.702127659574,115,270,5.74468085106,
Donnell Harvey,DAL,2001-2002, 6-8,PF,21,18,162,9.0,14,26,.538,0,0,.000,10,22,.455,12,0.666666666667,34,1.88888888889,46,2.55555555556,5,0.277777777778,4,0.222222222222,5,0.277777777778,8,0.444444444444,27,38,2.11111111111,
Donnell Harvey,DEN,2001-2002, 6-8,PF,21,29,679,23.4137931034,94,191,.492,0,0,.000,44,68,.647,68,2.34482758621,113,3.89655172414,181,6.24137931034,32,1.10344827586,17,0.586206896552,19,0.655172413793,25,0.862068965517,88,232,8.0,
Donnell Harvey,DEN,2002-2003, 6-8,SF,22,77,1613,20.9480519481,246,551,.446,1,7,.143,118,176,.670,125,1.62337662338,284,3.68831168831,409,5.31168831169,100,1.2987012987,48,0.623376623377,27,0.350649350649,123,1.5974025974,203,611,7.93506493506,
Donnell Harvey,TOT,2003-2004, 6-8,PF,23,60,783,13.05,89,201,.443,0,3,.000,61,83,.735,48,0.8,116,1.93333333333,164,2.73333333333,21,0.35,24,0.4,27,0.45,45,0.75,129,239,3.98333333333,
Donnell Harvey,ORL,2003-2004, 6-8,PF,23,24,345,14.375,36,89,.404,0,3,.000,26,39,.667,29,1.20833333333,43,1.79166666667,72,3.0,8,0.333333333333,10,0.416666666667,11,0.458333333333,22,0.916666666667,44,98,4.08333333333,
Donnell Harvey,PHO,2003-2004, 6-8,PF,23,36,438,12.1666666667,53,112,.473,0,0,.000,35,44,.795,19,0.527777777778,73,2.02777777778,92,2.55555555556,13,0.361111111111,14,0.388888888889,16,0.444444444444,23,0.638888888889,85,141,3.91666666667,
Donnell Harvey,NJN,2004-2005, 6-8,PF,24,3,16,5.33333333333,2,2,1.000,0,0,.000,4,4,1.000,2,0.666666666667,5,1.66666666667,7,2.33333333333,1,0.333333333333,1,0.333333333333,1,0.333333333333,1,0.333333333333,2,8,2.66666666667,
