Player,Team,Season,Height,Position,Age,G,MIN,MINPG,FGM,FGA,FGP,TPM,TPA,TPP,FTM,FTA,FTP,ORB,ORBPG,DRB,DRBPG,TRB,TRBPG,AST,ASTPG,STL,STLPG,BLK,BLKPG,TO,TOPG,PF,PTS,PTSPG,
Donny Marshall,CLE,1995-1996, 6-7,SF,23,34,208,6.11764705882,24,68,.353,7,30,.233,22,35,.629,9,0.264705882353,17,0.5,26,0.764705882353,7,0.205882352941,8,0.235294117647,2,0.0588235294118,7,0.205882352941,26,77,2.26470588235,
Donny Marshall,CLE,1996-1997, 6-7,SF,24,56,548,9.78571428571,52,160,.325,33,87,.379,38,54,.704,22,0.392857142857,48,0.857142857143,70,1.25,24,0.428571428571,24,0.428571428571,3,0.0535714285714,32,0.571428571429,60,175,3.125,
Donny Marshall,CLE,1999-2000, 6-7,SF,27,6,39,6.5,3,11,.273,0,3,.000,5,6,.833,0,0.0,1,0.166666666667,1,0.166666666667,0,0.0,2,0.333333333333,0,0.0,3,0.5,7,11,1.83333333333,
Donny Marshall,NJN,2001-2002, 6-7,SF,29,20,118,5.9,8,29,.276,2,4,.500,12,18,.667,8,0.4,13,0.65,21,1.05,5,0.25,3,0.15,0,0.0,2,0.1,14,30,1.5,
Donny Marshall,NJN,2002-2003, 6-7,SF,30,3,6,2.0,0,3,.000,0,1,.000,0,0,.000,0,0.0,3,1.0,3,1.0,0,0.0,0,0.0,0,0.0,1,0.333333333333,0,0,0.0,
