Player,Team,Season,Height,Position,Age,G,MIN,MINPG,FGM,FGA,FGP,TPM,TPA,TPP,FTM,FTA,FTP,ORB,ORBPG,DRB,DRBPG,TRB,TRBPG,AST,ASTPG,STL,STLPG,BLK,BLKPG,TO,TOPG,PF,PTS,PTSPG,
Donnie Boyce,ATL,1995-1996, 6-5,SG,22,8,41,5.125,9,23,.391,4,8,.500,2,4,.500,5,0.625,5,0.625,10,1.25,3,0.375,3,0.375,1,0.125,6,0.75,2,24,3.0,
Donnie Boyce,ATL,1996-1997, 6-5,SG,23,22,154,7.0,21,63,.333,2,16,.125,11,22,.500,7,0.318181818182,8,0.363636363636,15,0.681818181818,13,0.590909090909,10,0.454545454545,4,0.181818181818,16,0.727272727273,17,55,2.5,
