Player,Team,Season,Height,Position,Age,G,MIN,MINPG,FGM,FGA,FGP,TPM,TPA,TPP,FTM,FTA,FTP,ORB,ORBPG,DRB,DRBPG,TRB,TRBPG,AST,ASTPG,STL,STLPG,BLK,BLKPG,TO,TOPG,PF,PTS,PTSPG,
Donte Greene,SAC,2008-2009, 6-11,SF,20,55,725,13.1818181818,77,236,.326,26,100,.260,29,34,.853,19,0.345454545455,67,1.21818181818,86,1.56363636364,30,0.545454545455,16,0.290909090909,14,0.254545454545,37,0.672727272727,68,209,3.8,
Donte Greene,SAC,2009-2010, 6-11,SF,21,76,1630,21.4473684211,244,553,.441,69,183,.377,90,140,.643,53,0.697368421053,181,2.38157894737,234,3.07894736842,71,0.934210526316,41,0.539473684211,53,0.697368421053,93,1.22368421053,150,647,8.51315789474,
Donte Greene,SAC,2010-2011, 6-11,SF,22,69,1127,16.3333333333,156,386,.404,45,154,.292,43,65,.662,49,0.710144927536,98,1.42028985507,147,2.13043478261,48,0.695652173913,36,0.521739130435,20,0.289855072464,60,0.869565217391,88,400,5.79710144928,
Donte Greene,SAC,2011-2012, 6-11,PF,23,53,777,14.6603773585,108,266,.406,25,105,.238,44,55,.800,19,0.358490566038,114,2.15094339623,133,2.50943396226,34,0.641509433962,18,0.339622641509,29,0.547169811321,32,0.603773584906,67,285,5.37735849057,
