Player,Team,Season,Height,Position,Age,G,MIN,MINPG,FGM,FGA,FGP,TPM,TPA,TPP,FTM,FTA,FTP,ORB,ORBPG,DRB,DRBPG,TRB,TRBPG,AST,ASTPG,STL,STLPG,BLK,BLKPG,TO,TOPG,PF,PTS,PTSPG,
Dontonio Wingfield,SEA,1994-1995, 6-8,SF,20,20,81,4.05,18,51,.353,2,12,.167,8,10,.800,11,0.55,19,0.95,30,1.5,3,0.15,5,0.25,3,0.15,8,0.4,15,46,2.3,
Dontonio Wingfield,POR,1995-1996, 6-8,SF,21,44,487,11.0681818182,60,157,.382,19,63,.302,26,34,.765,45,1.02272727273,59,1.34090909091,104,2.36363636364,28,0.636363636364,20,0.454545454545,6,0.136363636364,31,0.704545454545,73,165,3.75,
Dontonio Wingfield,POR,1996-1997, 6-8,SF,22,47,569,12.1063829787,79,193,.409,26,77,.338,27,40,.675,63,1.34042553191,74,1.57446808511,137,2.91489361702,45,0.957446808511,14,0.297872340426,6,0.127659574468,49,1.04255319149,101,211,4.48936170213,
Dontonio Wingfield,POR,1997-1998, 6-8,SF,23,3,9,3.0,0,3,.000,0,0,.000,1,2,.500,2,0.666666666667,2,0.666666666667,4,1.33333333333,0,0.0,0,0.0,0,0.0,1,0.333333333333,2,1,0.333333333333,
