Player,Team,Season,Height,Position,Age,G,MIN,MINPG,FGM,FGA,FGP,TPM,TPA,TPP,FTM,FTA,FTP,ORB,ORBPG,DRB,DRBPG,TRB,TRBPG,AST,ASTPG,STL,STLPG,BLK,BLKPG,TO,TOPG,PF,PTS,PTSPG,
Dorie Murrey,DET,1966-1967, 6-8,PF,23,35,311,8.88571428571,33,82,.402,.000,.000,.000,32,54,.593,.000,0.0,.000,0.0,102,2.91428571429,12,0.342857142857,.000,0.0,.000,0.0,.000,0.0,57,98,2.8,
Dorie Murrey,SEA,1967-1968, 6-8,PF,24,81,1494,18.4444444444,211,484,.436,.000,.000,.000,168,244,.689,.000,0.0,.000,0.0,600,7.40740740741,68,0.83950617284,.000,0.0,.000,0.0,.000,0.0,273,590,7.28395061728,
Dorie Murrey,SEA,1968-1969, 6-8,PF,25,38,465,12.2368421053,75,194,.387,.000,.000,.000,62,97,.639,.000,0.0,.000,0.0,149,3.92105263158,21,0.552631578947,.000,0.0,.000,0.0,.000,0.0,81,212,5.57894736842,
Dorie Murrey,SEA,1969-1970, 6-8,C,26,81,1079,13.3209876543,153,343,.446,.000,.000,.000,136,186,.731,.000,0.0,.000,0.0,357,4.40740740741,76,0.938271604938,.000,0.0,.000,0.0,.000,0.0,191,442,5.45679012346,
Dorie Murrey,TOT,1970-1971, 6-8,PF,27,71,716,10.0845070423,78,178,.438,.000,.000,.000,75,112,.670,.000,0.0,.000,0.0,221,3.11267605634,32,0.450704225352,.000,0.0,.000,0.0,.000,0.0,149,231,3.25352112676,
Dorie Murrey,POR,1970-1971, 6-8,PF,27,2,20,10.0,1,6,.167,.000,.000,.000,9,11,.818,.000,0.0,.000,0.0,7,3.5,1,0.5,.000,0.0,.000,0.0,.000,0.0,3,11,5.5,
Dorie Murrey,BAL,1970-1971, 6-8,PF,27,69,696,10.0869565217,77,172,.448,.000,.000,.000,66,101,.653,.000,0.0,.000,0.0,214,3.10144927536,31,0.449275362319,.000,0.0,.000,0.0,.000,0.0,146,220,3.1884057971,
Dorie Murrey,BAL,1971-1972, 6-8,PF,28,51,421,8.25490196078,43,113,.381,.000,.000,.000,24,39,.615,.000,0.0,.000,0.0,126,2.47058823529,17,0.333333333333,.000,0.0,.000,0.0,.000,0.0,76,110,2.1568627451,
