Player,Team,Season,Height,Position,Age,G,MIN,MINPG,FGM,FGA,FGP,TPM,TPA,TPP,FTM,FTA,FTP,ORB,ORBPG,DRB,DRBPG,TRB,TRBPG,AST,ASTPG,STL,STLPG,BLK,BLKPG,TO,TOPG,PF,PTS,PTSPG,
Doron Lamb,TOT,2012-2013, 6-4,SG,21,30,342,11.4,36,109,.330,4,18,.222,14,23,.609,4,0.133333333333,18,0.6,22,0.733333333333,20,0.666666666667,8,0.266666666667,0,0.0,18,0.6,33,90,3.0,
Doron Lamb,MIL,2012-2013, 6-4,SG,21,23,280,12.1739130435,33,95,.347,4,16,.250,8,15,.533,3,0.130434782609,14,0.608695652174,17,0.739130434783,20,0.869565217391,7,0.304347826087,0,0.0,16,0.695652173913,27,78,3.39130434783,
Doron Lamb,ORL,2012-2013, 6-4,,21,7,62,8.85714285714,3,14,.214,0,2,.000,6,8,.750,1,0.142857142857,4,0.571428571429,5,0.714285714286,0,0.0,1,0.142857142857,0,0.0,2,0.285714285714,6,12,1.71428571429,
