Player,Team,Season,Height,Position,Age,G,MIN,MINPG,FGM,FGA,FGP,TPM,TPA,TPP,FTM,FTA,FTP,ORB,ORBPG,DRB,DRBPG,TRB,TRBPG,AST,ASTPG,STL,STLPG,BLK,BLKPG,TO,TOPG,PF,PTS,PTSPG,
Doug Roth,WSB,1989-1990, 6-11,C,22,42,412,9.80952380952,37,86,.430,0,1,.000,7,14,.500,44,1.04761904762,76,1.80952380952,120,2.85714285714,20,0.47619047619,8,0.190476190476,13,0.309523809524,16,0.380952380952,70,81,1.92857142857,
