Player,Team,Season,Height,Position,Age,G,MIN,MINPG,FGM,FGA,FGP,TPM,TPA,TPP,FTM,FTA,FTP,ORB,ORBPG,DRB,DRBPG,TRB,TRBPG,AST,ASTPG,STL,STLPG,BLK,BLKPG,TO,TOPG,PF,PTS,PTSPG,
Doug Collins,PHI,1973-1974, 6-6,SG,22,25,436,17.44,72,194,.371,.000,.000,.000,55,72,.764,7,0.28,39,1.56,46,1.84,40,1.6,13,0.52,2,0.08,.000,0.0,65,199,7.96,
Doug Collins,PHI,1974-1975, 6-6,SG,23,81,2820,34.8148148148,561,1150,.488,.000,.000,.000,331,392,.844,104,1.28395061728,211,2.6049382716,315,3.88888888889,213,2.62962962963,108,1.33333333333,17,0.20987654321,.000,0.0,291,1453,17.9382716049,
Doug Collins,PHI,1975-1976, 6-6,SG,24,77,2995,38.8961038961,614,1196,.513,.000,.000,.000,372,445,.836,126,1.63636363636,181,2.35064935065,307,3.98701298701,191,2.48051948052,110,1.42857142857,24,0.311688311688,.000,0.0,249,1600,20.7792207792,
Doug Collins,PHI,1976-1977, 6-6,SG,25,58,2037,35.1206896552,426,823,.518,.000,.000,.000,210,250,.840,64,1.10344827586,131,2.25862068966,195,3.36206896552,271,4.6724137931,70,1.20689655172,15,0.258620689655,.000,0.0,174,1062,18.3103448276,
Doug Collins,PHI,1977-1978, 6-6,SG,26,79,2770,35.0632911392,643,1223,.526,.000,.000,.000,267,329,.812,87,1.10126582278,143,1.81012658228,230,2.91139240506,320,4.05063291139,128,1.62025316456,25,0.316455696203,250,3.16455696203,228,1553,19.6582278481,
Doug Collins,PHI,1978-1979, 6-6,SG,27,47,1595,33.9361702128,358,717,.499,.000,.000,.000,201,247,.814,36,0.765957446809,87,1.85106382979,123,2.6170212766,191,4.06382978723,52,1.10638297872,20,0.425531914894,131,2.78723404255,139,917,19.5106382979,
Doug Collins,PHI,1979-1980, 6-6,SG,28,36,963,26.75,191,410,.466,0,1,.000,113,124,.911,29,0.805555555556,65,1.80555555556,94,2.61111111111,100,2.77777777778,30,0.833333333333,7,0.194444444444,82,2.27777777778,76,495,13.75,
Doug Collins,PHI,1980-1981, 6-6,SG,29,12,329,27.4166666667,62,126,.492,0,0,.000,24,29,.828,6,0.5,23,1.91666666667,29,2.41666666667,42,3.5,7,0.583333333333,4,0.333333333333,22,1.83333333333,23,148,12.3333333333,
