Player,Team,Season,Height,Position,Age,G,MIN,MINPG,FGM,FGA,FGP,TPM,TPA,TPP,FTM,FTA,FTP,ORB,ORBPG,DRB,DRBPG,TRB,TRBPG,AST,ASTPG,STL,STLPG,BLK,BLKPG,TO,TOPG,PF,PTS,PTSPG,
Doug Moe,NOB,1967-1968, 6-5,SF,29,78,3113,39.9102564103,665,1610,.413,3,22,.136,551,693,.795,249,3.19230769231,546,7.0,795,10.1923076923,202,2.58974358974,.000,0.0,.000,0.0,199,2.55128205128,282,1884,24.1538461538,
Doug Moe,OAK,1968-1969, 6-5,SF,30,75,2528,33.7066666667,529,1227,.431,5,14,.357,360,444,.811,249,3.32,365,4.86666666667,614,8.18666666667,151,2.01333333333,.000,0.0,.000,0.0,181,2.41333333333,266,1423,18.9733333333,
Doug Moe,CAR,1969-1970, 6-5,SF,31,80,2671,33.3875,535,1254,.427,8,34,.235,304,399,.762,142,1.775,295,3.6875,437,5.4625,425,5.3125,.000,0.0,.000,0.0,265,3.3125,282,1382,17.275,
Doug Moe,VIR,1970-1971, 6-5,SF,32,78,2297,29.4487179487,397,871,.456,2,10,.200,221,259,.853,175,2.24358974359,298,3.82051282051,473,6.0641025641,270,3.46153846154,.000,0.0,.000,0.0,183,2.34615384615,284,1017,13.0384615385,
Doug Moe,VIR,1971-1972, 6-5,SF,33,67,1472,21.9701492537,175,415,.422,1,9,.111,104,129,.806,80,1.19402985075,161,2.40298507463,241,3.59701492537,149,2.22388059701,.000,0.0,.000,0.0,112,1.67164179104,172,455,6.79104477612,
