Player,Team,Season,Height,Position,Age,G,MIN,MINPG,FGM,FGA,FGP,TPM,TPA,TPP,FTM,FTA,FTP,ORB,ORBPG,DRB,DRBPG,TRB,TRBPG,AST,ASTPG,STL,STLPG,BLK,BLKPG,TO,TOPG,PF,PTS,PTSPG,
Doug Smith,DAL,1991-1992, 6-10,PF,22,76,1707,22.4605263158,291,702,.415,0,11,.000,89,121,.736,129,1.69736842105,262,3.44736842105,391,5.14473684211,129,1.69736842105,62,0.815789473684,34,0.447368421053,97,1.27631578947,259,671,8.82894736842,
Doug Smith,DAL,1992-1993, 6-10,PF,23,61,1524,24.9836065574,289,666,.434,0,4,.000,56,74,.757,96,1.5737704918,232,3.80327868852,328,5.37704918033,104,1.70491803279,48,0.786885245902,52,0.852459016393,115,1.88524590164,280,634,10.393442623,
Doug Smith,DAL,1993-1994, 6-10,PF,24,79,1684,21.3164556962,295,678,.435,2,9,.222,106,127,.835,114,1.44303797468,235,2.9746835443,349,4.41772151899,119,1.50632911392,82,1.03797468354,38,0.481012658228,93,1.17721518987,287,698,8.83544303797,
Doug Smith,DAL,1994-1995, 6-10,PF,25,63,826,13.1111111111,131,314,.417,1,12,.083,57,75,.760,43,0.68253968254,101,1.60317460317,144,2.28571428571,44,0.698412698413,29,0.460317460317,26,0.412698412698,37,0.587301587302,132,320,5.07936507937,
Doug Smith,BOS,1995-1996, 6-10,PF,26,17,92,5.41176470588,14,39,.359,0,0,.000,5,8,.625,12,0.705882352941,10,0.588235294118,22,1.29411764706,4,0.235294117647,3,0.176470588235,0,0.0,11,0.647058823529,21,33,1.94117647059,
