Player,Team,Season,Height,Position,Age,G,MIN,MINPG,FGM,FGA,FGP,TPM,TPA,TPP,FTM,FTA,FTP,ORB,ORBPG,DRB,DRBPG,TRB,TRBPG,AST,ASTPG,STL,STLPG,BLK,BLKPG,TO,TOPG,PF,PTS,PTSPG,
Draymond Green,GSW,2012-2013, 6-7,SF,22,66,935,14.1666666667,76,230,.330,13,60,.217,43,51,.843,55,0.833333333333,179,2.71212121212,234,3.54545454545,43,0.651515151515,37,0.560606060606,19,0.287878787879,48,0.727272727273,141,208,3.15151515152,
