Player,Team,Season,Height,Position,Age,G,MIN,MINPG,FGM,FGA,FGP,TPM,TPA,TPP,FTM,FTA,FTP,ORB,ORBPG,DRB,DRBPG,TRB,TRBPG,AST,ASTPG,STL,STLPG,BLK,BLKPG,TO,TOPG,PF,PTS,PTSPG,
Drazen Petrovic,POR,1989-1990, 6-5,SG,25,77,967,12.5584415584,207,427,.485,34,74,.459,135,160,.844,50,0.649350649351,61,0.792207792208,111,1.44155844156,116,1.50649350649,23,0.298701298701,2,0.025974025974,96,1.24675324675,134,583,7.57142857143,
Drazen Petrovic,TOT,1990-1991, 6-5,SG,26,61,1015,16.6393442623,243,493,.493,23,65,.354,114,137,.832,51,0.83606557377,59,0.967213114754,110,1.80327868852,86,1.40983606557,43,0.704918032787,1,0.016393442623,81,1.32786885246,132,623,10.2131147541,
Drazen Petrovic,POR,1990-1991, 6-5,SG,26,18,133,7.38888888889,32,71,.451,1,6,.167,15,22,.682,10,0.555555555556,8,0.444444444444,18,1.0,20,1.11111111111,6,0.333333333333,0,0.0,12,0.666666666667,21,80,4.44444444444,
Drazen Petrovic,NJN,1990-1991, 6-5,SG,26,43,882,20.511627907,211,422,.500,22,59,.373,99,115,.861,41,0.953488372093,51,1.18604651163,92,2.13953488372,66,1.53488372093,37,0.860465116279,1,0.0232558139535,69,1.60465116279,111,543,12.6279069767,
Drazen Petrovic,NJN,1991-1992, 6-5,SG,27,82,3027,36.9146341463,668,1315,.508,123,277,.444,232,287,.808,97,1.18292682927,161,1.96341463415,258,3.14634146341,252,3.07317073171,105,1.28048780488,11,0.134146341463,215,2.62195121951,248,1691,20.6219512195,
Drazen Petrovic,NJN,1992-1993, 6-5,SG,28,70,2660,38.0,587,1134,.518,75,167,.449,315,362,.870,42,0.6,148,2.11428571429,190,2.71428571429,247,3.52857142857,94,1.34285714286,13,0.185714285714,204,2.91428571429,237,1564,22.3428571429,
