Player,Team,Season,Height,Position,Age,G,MIN,MINPG,FGM,FGA,FGP,TPM,TPA,TPP,FTM,FTA,FTP,ORB,ORBPG,DRB,DRBPG,TRB,TRBPG,AST,ASTPG,STL,STLPG,BLK,BLKPG,TO,TOPG,PF,PTS,PTSPG,
Drew Barry,ATL,1997-1998, 6-5,PG,24,27,256,9.48148148148,18,38,.474,9,21,.429,11,13,.846,5,0.185185185185,30,1.11111111111,35,1.2962962963,49,1.81481481481,10,0.37037037037,1,0.037037037037,30,1.11111111111,28,56,2.07407407407,
Drew Barry,SEA,1998-1999, 6-5,SG,25,17,183,10.7647058824,10,32,.313,8,24,.333,9,13,.692,3,0.176470588235,17,1.0,20,1.17647058824,29,1.70588235294,7,0.411764705882,1,0.0588235294118,12,0.705882352941,24,37,2.17647058824,
Drew Barry,TOT,1999-2000, 6-5,PG,26,16,159,9.9375,15,33,.455,7,18,.389,4,5,.800,0,0.0,12,0.75,12,0.75,33,2.0625,2,0.125,0,0.0,13,0.8125,23,41,2.5625,
Drew Barry,GSW,1999-2000, 6-5,PG,26,8,85,10.625,9,18,.500,3,9,.333,1,2,.500,0,0.0,8,1.0,8,1.0,17,2.125,2,0.25,0,0.0,6,0.75,14,22,2.75,
Drew Barry,ATL,1999-2000, 6-5,PG,26,8,74,9.25,6,15,.400,4,9,.444,3,3,1.000,0,0.0,4,0.5,4,0.5,16,2.0,0,0.0,0,0.0,7,0.875,9,19,2.375,
