Player,Team,Season,Height,Position,Age,G,MIN,MINPG,FGM,FGA,FGP,TPM,TPA,TPP,FTM,FTA,FTP,ORB,ORBPG,DRB,DRBPG,TRB,TRBPG,AST,ASTPG,STL,STLPG,BLK,BLKPG,TO,TOPG,PF,PTS,PTSPG,
Duane Klueh,TOT,1949-1950, 6-3,,24,52,.000,0.0,159,414,.384,.000,.000,.000,157,222,.707,.000,0.0,.000,0.0,.000,0.0,91,1.75,.000,0.0,.000,0.0,.000,0.0,111,475,9.13461538462,
Duane Klueh,DNN,1949-1950, 6-3,,24,33,.000,0.0,110,302,.364,.000,.000,.000,111,153,.725,.000,0.0,.000,0.0,.000,0.0,63,1.90909090909,.000,0.0,.000,0.0,.000,0.0,73,331,10.0303030303,
Duane Klueh,FTW,1949-1950, 6-3,,24,19,.000,0.0,49,112,.438,.000,.000,.000,46,69,.667,.000,0.0,.000,0.0,.000,0.0,28,1.47368421053,.000,0.0,.000,0.0,.000,0.0,38,144,7.57894736842,
Duane Klueh,FTW,1950-1951, 6-3,,25,61,.000,0.0,157,458,.343,.000,.000,.000,135,184,.734,.000,0.0,.000,0.0,183,3.0,82,1.34426229508,.000,0.0,.000,0.0,.000,0.0,143,449,7.3606557377,
