Player,Team,Season,Height,Position,Age,G,MIN,MINPG,FGM,FGA,FGP,TPM,TPA,TPP,FTM,FTA,FTP,ORB,ORBPG,DRB,DRBPG,TRB,TRBPG,AST,ASTPG,STL,STLPG,BLK,BLKPG,TO,TOPG,PF,PTS,PTSPG,
Duck Williams,UTA,1979-1980, 6-2,PG,23,77,1794,23.2987012987,232,519,.447,0,12,.000,42,60,.700,21,0.272727272727,85,1.1038961039,106,1.37662337662,183,2.37662337662,100,1.2987012987,11,0.142857142857,107,1.38961038961,166,506,6.57142857143,
