Player,Team,Season,Height,Position,Age,G,MIN,MINPG,FGM,FGA,FGP,TPM,TPA,TPP,FTM,FTA,FTP,ORB,ORBPG,DRB,DRBPG,TRB,TRBPG,AST,ASTPG,STL,STLPG,BLK,BLKPG,TO,TOPG,PF,PTS,PTSPG,
Dwayne Jones,BOS,2005-2006, 6-11,PF,22,14,87,6.21428571429,4,10,.400,0,0,.000,6,13,.462,10,0.714285714286,21,1.5,31,2.21428571429,2,0.142857142857,1,0.0714285714286,3,0.214285714286,3,0.214285714286,14,14,1.0,
Dwayne Jones,CLE,2006-2007, 6-11,PF,23,4,18,4.5,0,1,.000,0,0,.000,3,6,.500,1,0.25,5,1.25,6,1.5,0,0.0,0,0.0,0,0.0,2,0.5,3,3,0.75,
Dwayne Jones,CLE,2007-2008, 6-11,PF,24,56,472,8.42857142857,25,47,.532,0,1,.000,28,58,.483,69,1.23214285714,71,1.26785714286,140,2.5,10,0.178571428571,10,0.178571428571,25,0.446428571429,17,0.303571428571,88,78,1.39285714286,
Dwayne Jones,CHA,2008-2009, 6-11,PF,25,6,52,8.66666666667,4,7,.571,0,0,.000,4,6,.667,6,1.0,6,1.0,12,2.0,0,0.0,0,0.0,1,0.166666666667,4,0.666666666667,6,12,2.0,
Dwayne Jones,PHO,2009-2010, 6-11,PF,26,2,7,3.5,0,0,.000,0,0,.000,0,0,.000,0,0.0,2,1.0,2,1.0,0,0.0,0,0.0,0,0.0,0,0.0,1,0,0.0,
