Player,Team,Season,Height,Position,Age,G,MIN,MINPG,FGM,FGA,FGP,TPM,TPA,TPP,FTM,FTA,FTP,ORB,ORBPG,DRB,DRBPG,TRB,TRBPG,AST,ASTPG,STL,STLPG,BLK,BLKPG,TO,TOPG,PF,PTS,PTSPG,
Dwayne McClain,IND,1985-1986, 6-6,SF,22,45,461,10.2444444444,69,180,.383,1,9,.111,18,35,.514,14,0.311111111111,16,0.355555555556,30,0.666666666667,67,1.48888888889,38,0.844444444444,4,0.0888888888889,40,0.888888888889,61,157,3.48888888889,
