Player,Team,Season,Height,Position,Age,G,MIN,MINPG,FGM,FGA,FGP,TPM,TPA,TPP,FTM,FTA,FTP,ORB,ORBPG,DRB,DRBPG,TRB,TRBPG,AST,ASTPG,STL,STLPG,BLK,BLKPG,TO,TOPG,PF,PTS,PTSPG,
Dwight Davis,CLE,1972-1973, 6-8,PF,23,81,2151,26.5555555556,293,748,.392,.000,.000,.000,176,222,.793,.000,0.0,.000,0.0,563,6.95061728395,118,1.45679012346,.000,0.0,.000,0.0,.000,0.0,297,762,9.40740740741,
Dwight Davis,CLE,1973-1974, 6-8,PF,24,76,2477,32.5921052632,376,862,.436,.000,.000,.000,197,274,.719,174,2.28947368421,470,6.18421052632,644,8.47368421053,186,2.44736842105,63,0.828947368421,74,0.973684210526,.000,0.0,291,949,12.4868421053,
Dwight Davis,CLE,1974-1975, 6-8,PF,25,78,1964,25.1794871795,295,666,.443,.000,.000,.000,176,245,.718,108,1.38461538462,356,4.5641025641,464,5.94871794872,150,1.92307692308,45,0.576923076923,39,0.5,.000,0.0,254,766,9.82051282051,
Dwight Davis,GSW,1975-1976, 6-8,PF,26,72,866,12.0277777778,111,269,.413,.000,.000,.000,78,113,.690,86,1.19444444444,139,1.93055555556,225,3.125,46,0.638888888889,20,0.277777777778,28,0.388888888889,.000,0.0,141,300,4.16666666667,
Dwight Davis,GSW,1976-1977, 6-8,PF,27,33,552,16.7272727273,55,124,.444,.000,.000,.000,49,72,.681,34,1.0303030303,61,1.84848484848,95,2.87878787879,29,0.878787878788,11,0.333333333333,8,0.242424242424,.000,0.0,93,159,4.81818181818,
