Player,Team,Season,Height,Position,Age,G,MIN,MINPG,FGM,FGA,FGP,TPM,TPA,TPP,FTM,FTA,FTP,ORB,ORBPG,DRB,DRBPG,TRB,TRBPG,AST,ASTPG,STL,STLPG,BLK,BLKPG,TO,TOPG,PF,PTS,PTSPG,
E'Twaun Moore,BOS,2011-2012, 6-4,PG,22,38,331,8.71052631579,43,113,.381,17,45,.378,7,7,1.000,4,0.105263157895,29,0.763157894737,33,0.868421052632,34,0.894736842105,11,0.289473684211,3,0.0789473684211,21,0.552631578947,33,110,2.89473684211,
E'Twaun Moore,ORL,2012-2013, 6-4,SG,23,58,1312,22.6206896552,195,476,.410,60,167,.359,36,43,.837,41,0.706896551724,88,1.51724137931,129,2.22413793103,167,2.87931034483,34,0.586206896552,19,0.327586206897,88,1.51724137931,95,486,8.37931034483,
