Player,Team,Season,Height,Position,Age,G,MIN,MINPG,FGM,FGA,FGP,TPM,TPA,TPP,FTM,FTA,FTP,ORB,ORBPG,DRB,DRBPG,TRB,TRBPG,AST,ASTPG,STL,STLPG,BLK,BLKPG,TO,TOPG,PF,PTS,PTSPG,
Earl Evans,DET,1979-1980, 6-8,PF,24,36,381,10.5833333333,63,140,.450,7,18,.389,24,42,.571,26,0.722222222222,49,1.36111111111,75,2.08333333333,37,1.02777777778,14,0.388888888889,1,0.0277777777778,36,1.0,64,157,4.36111111111,
