Player,Team,Season,Height,Position,Age,G,MIN,MINPG,FGM,FGA,FGP,TPM,TPA,TPP,FTM,FTA,FTP,ORB,ORBPG,DRB,DRBPG,TRB,TRBPG,AST,ASTPG,STL,STLPG,BLK,BLKPG,TO,TOPG,PF,PTS,PTSPG,
Earl Shannon,PRO,1946-1947, 5-11,,25,57,.000,0.0,245,722,.339,.000,.000,.000,197,348,.566,.000,0.0,.000,0.0,.000,0.0,84,1.47368421053,.000,0.0,.000,0.0,.000,0.0,169,687,12.0526315789,
Earl Shannon,PRO,1947-1948, 5-11,,26,45,.000,0.0,123,469,.262,.000,.000,.000,116,183,.634,.000,0.0,.000,0.0,.000,0.0,49,1.08888888889,.000,0.0,.000,0.0,.000,0.0,106,362,8.04444444444,
Earl Shannon,TOT,1948-1949, 5-11,,27,32,.000,0.0,34,127,.268,.000,.000,.000,39,58,.672,.000,0.0,.000,0.0,.000,0.0,44,1.375,.000,0.0,.000,0.0,.000,0.0,33,107,3.34375,
Earl Shannon,PRO,1948-1949, 5-11,,27,27,.000,0.0,32,116,.276,.000,.000,.000,38,54,.704,.000,0.0,.000,0.0,.000,0.0,40,1.48148148148,.000,0.0,.000,0.0,.000,0.0,31,102,3.77777777778,
Earl Shannon,BOS,1948-1949, 5-11,,27,5,.000,0.0,2,11,.182,.000,.000,.000,1,4,.250,.000,0.0,.000,0.0,.000,0.0,4,0.8,.000,0.0,.000,0.0,.000,0.0,2,5,1.0,
