Player,Team,Season,Height,Position,Age,G,MIN,MINPG,FGM,FGA,FGP,TPM,TPA,TPP,FTM,FTA,FTP,ORB,ORBPG,DRB,DRBPG,TRB,TRBPG,AST,ASTPG,STL,STLPG,BLK,BLKPG,TO,TOPG,PF,PTS,PTSPG,
Earl Lloyd,WSC,1950-1951, 6-5,SF,22,7,.000,0.0,16,35,.457,.000,.000,.000,11,13,.846,.000,0.0,.000,0.0,47,6.71428571429,11,1.57142857143,.000,0.0,.000,0.0,.000,0.0,26,43,6.14285714286,
Earl Lloyd,SYR,1952-1953, 6-5,SF,24,64,1806,28.21875,156,453,.344,.000,.000,.000,160,231,.693,.000,0.0,.000,0.0,444,6.9375,64,1.0,.000,0.0,.000,0.0,.000,0.0,241,472,7.375,
Earl Lloyd,SYR,1953-1954, 6-5,SF,25,72,2206,30.6388888889,249,666,.374,.000,.000,.000,156,209,.746,.000,0.0,.000,0.0,529,7.34722222222,115,1.59722222222,.000,0.0,.000,0.0,.000,0.0,303,654,9.08333333333,
Earl Lloyd,SYR,1954-1955, 6-5,SF,26,72,2212,30.7222222222,286,784,.365,.000,.000,.000,159,212,.750,.000,0.0,.000,0.0,553,7.68055555556,151,2.09722222222,.000,0.0,.000,0.0,.000,0.0,283,731,10.1527777778,
Earl Lloyd,SYR,1955-1956, 6-5,SF,27,72,1837,25.5138888889,213,636,.335,.000,.000,.000,186,241,.772,.000,0.0,.000,0.0,492,6.83333333333,116,1.61111111111,.000,0.0,.000,0.0,.000,0.0,267,612,8.5,
Earl Lloyd,SYR,1956-1957, 6-5,SF,28,72,1965,27.2916666667,256,687,.373,.000,.000,.000,134,179,.749,.000,0.0,.000,0.0,435,6.04166666667,114,1.58333333333,.000,0.0,.000,0.0,.000,0.0,282,646,8.97222222222,
Earl Lloyd,SYR,1957-1958, 6-5,SF,29,61,1045,17.131147541,119,359,.331,.000,.000,.000,79,106,.745,.000,0.0,.000,0.0,287,4.70491803279,60,0.983606557377,.000,0.0,.000,0.0,.000,0.0,179,317,5.19672131148,
Earl Lloyd,DET,1958-1959, 6-5,SF,30,72,1796,24.9444444444,234,670,.349,.000,.000,.000,137,182,.753,.000,0.0,.000,0.0,500,6.94444444444,90,1.25,.000,0.0,.000,0.0,.000,0.0,291,605,8.40277777778,
Earl Lloyd,DET,1959-1960, 6-5,SF,31,68,1610,23.6764705882,237,665,.356,.000,.000,.000,128,160,.800,.000,0.0,.000,0.0,322,4.73529411765,89,1.30882352941,.000,0.0,.000,0.0,.000,0.0,226,602,8.85294117647,
