Player,Team,Season,Height,Position,Age,G,MIN,MINPG,FGM,FGA,FGP,TPM,TPA,TPP,FTM,FTA,FTP,ORB,ORBPG,DRB,DRBPG,TRB,TRBPG,AST,ASTPG,STL,STLPG,BLK,BLKPG,TO,TOPG,PF,PTS,PTSPG,
Earl Tatum,LAL,1976-1977, 6-5,SG,23,68,1249,18.3676470588,283,607,.466,.000,.000,.000,72,100,.720,83,1.22058823529,153,2.25,236,3.47058823529,118,1.73529411765,85,1.25,22,0.323529411765,.000,0.0,168,638,9.38235294118,
Earl Tatum,TOT,1977-1978, 6-5,SG,24,82,2522,30.756097561,510,1087,.469,.000,.000,.000,153,196,.781,79,0.963414634146,216,2.63414634146,295,3.59756097561,296,3.60975609756,140,1.70731707317,40,0.487804878049,184,2.24390243902,257,1173,14.3048780488,
Earl Tatum,LAL,1977-1978, 6-5,SG,24,25,663,26.52,153,314,.487,.000,.000,.000,45,59,.763,23,0.92,67,2.68,90,3.6,70,2.8,37,1.48,10,0.4,53,2.12,85,351,14.04,
Earl Tatum,IND,1977-1978, 6-5,SG,24,57,1859,32.6140350877,357,773,.462,.000,.000,.000,108,137,.788,56,0.982456140351,149,2.61403508772,205,3.59649122807,226,3.9649122807,103,1.80701754386,30,0.526315789474,131,2.29824561404,172,822,14.4210526316,
Earl Tatum,TOT,1978-1979, 6-5,SG,25,79,1233,15.6075949367,280,627,.447,.000,.000,.000,52,71,.732,41,0.518987341772,84,1.06329113924,125,1.58227848101,73,0.924050632911,78,0.987341772152,34,0.430379746835,88,1.11392405063,165,612,7.74683544304,
Earl Tatum,BOS,1978-1979, 6-5,SG,25,3,38,12.6666666667,8,20,.400,.000,.000,.000,4,5,.800,1,0.333333333333,3,1.0,4,1.33333333333,1,0.333333333333,0,0.0,1,0.333333333333,3,1.0,7,20,6.66666666667,
Earl Tatum,DET,1978-1979, 6-5,SG,25,76,1195,15.7236842105,272,607,.448,.000,.000,.000,48,66,.727,40,0.526315789474,81,1.06578947368,121,1.59210526316,72,0.947368421053,78,1.02631578947,33,0.434210526316,85,1.11842105263,158,592,7.78947368421,
Earl Tatum,CLE,1979-1980, 6-5,SG,26,33,225,6.81818181818,36,94,.383,2,6,.333,11,19,.579,11,0.333333333333,15,0.454545454545,26,0.787878787879,20,0.606060606061,16,0.484848484848,5,0.151515151515,17,0.515151515152,29,85,2.57575757576,
