Player,Team,Season,Height,Position,Age,G,MIN,MINPG,FGM,FGA,FGP,TPM,TPA,TPP,FTM,FTA,FTP,ORB,ORBPG,DRB,DRBPG,TRB,TRBPG,AST,ASTPG,STL,STLPG,BLK,BLKPG,TO,TOPG,PF,PTS,PTSPG,
Earl Clark,PHO,2009-2010, 6-10,PF,22,51,383,7.50980392157,56,151,.371,2,5,.400,26,36,.722,18,0.352941176471,44,0.862745098039,62,1.21568627451,21,0.411764705882,7,0.137254901961,13,0.254901960784,23,0.450980392157,25,140,2.74509803922,
Earl Clark,TOT,2010-2011, 6-10,SF,23,42,464,11.0476190476,68,158,.430,0,5,.000,27,47,.574,37,0.880952380952,64,1.52380952381,101,2.40476190476,9,0.214285714286,8,0.190476190476,18,0.428571428571,28,0.666666666667,45,163,3.88095238095,
Earl Clark,PHO,2010-2011, 6-10,SF,23,9,72,8.0,12,31,.387,0,0,.000,5,10,.500,4,0.444444444444,13,1.44444444444,17,1.88888888889,4,0.444444444444,1,0.111111111111,3,0.333333333333,2,0.222222222222,6,29,3.22222222222,
Earl Clark,ORL,2010-2011, 6-10,SF,23,33,392,11.8787878788,56,127,.441,0,5,.000,22,37,.595,33,1.0,51,1.54545454545,84,2.54545454545,5,0.151515151515,7,0.212121212121,15,0.454545454545,26,0.787878787879,39,134,4.06060606061,
Earl Clark,ORL,2011-2012, 6-10,PF,24,45,559,12.4222222222,51,139,.367,0,0,.000,21,29,.724,35,0.777777777778,89,1.97777777778,124,2.75555555556,18,0.4,12,0.266666666667,32,0.711111111111,25,0.555555555556,72,123,2.73333333333,
Earl Clark,LAL,2012-2013, 6-10,PF,25,43,1011,23.511627907,137,301,.455,23,66,.348,44,63,.698,66,1.53488372093,194,4.51162790698,260,6.04651162791,48,1.11627906977,27,0.627906976744,30,0.697674418605,51,1.18604651163,77,341,7.93023255814,
