Player,Team,Season,Height,Position,Age,G,MIN,MINPG,FGM,FGA,FGP,TPM,TPA,TPP,FTM,FTA,FTP,ORB,ORBPG,DRB,DRBPG,TRB,TRBPG,AST,ASTPG,STL,STLPG,BLK,BLKPG,TO,TOPG,PF,PTS,PTSPG,
Ed Bartels,TOT,1949-1950, 6-5,,24,15,.000,0.0,22,86,.256,.000,.000,.000,19,34,.559,.000,0.0,.000,0.0,.000,0.0,20,1.33333333333,.000,0.0,.000,0.0,.000,0.0,29,63,4.2,
Ed Bartels,DNN,1949-1950, 6-5,,24,13,.000,0.0,21,82,.256,.000,.000,.000,17,31,.548,.000,0.0,.000,0.0,.000,0.0,20,1.53846153846,.000,0.0,.000,0.0,.000,0.0,27,59,4.53846153846,
Ed Bartels,NYK,1949-1950, 6-5,,24,2,.000,0.0,1,4,.250,.000,.000,.000,2,3,.667,.000,0.0,.000,0.0,.000,0.0,0,0.0,.000,0.0,.000,0.0,.000,0.0,2,4,2.0,
Ed Bartels,WSC,1950-1951, 6-5,,25,17,.000,0.0,24,97,.247,.000,.000,.000,24,46,.522,.000,0.0,.000,0.0,84,4.94117647059,12,0.705882352941,.000,0.0,.000,0.0,.000,0.0,54,72,4.23529411765,
