Player,Team,Season,Height,Position,Age,G,MIN,MINPG,FGM,FGA,FGP,TPM,TPA,TPP,FTM,FTA,FTP,ORB,ORBPG,DRB,DRBPG,TRB,TRBPG,AST,ASTPG,STL,STLPG,BLK,BLKPG,TO,TOPG,PF,PTS,PTSPG,
Ed Johnson,LAS,1968-1969, 6-8,C,24,58,1662,28.6551724138,263,548,.480,0,1,.000,156,303,.515,198,3.41379310345,341,5.87931034483,539,9.29310344828,58,1.0,.000,0.0,.000,0.0,127,2.18965517241,281,682,11.7586206897,
Ed Johnson,NYA,1969-1970, 6-8,C,25,74,2486,33.5945945946,405,848,.478,1,2,.500,226,404,.559,328,4.43243243243,551,7.44594594595,879,11.8783783784,88,1.18918918919,.000,0.0,.000,0.0,218,2.94594594595,305,1037,14.0135135135,
Ed Johnson,TOT,1970-1971, 6-8,C,26,34,751,22.0882352941,119,265,.449,0,0,.000,82,130,.631,100,2.94117647059,170,5.0,270,7.94117647059,34,1.0,.000,0.0,.000,0.0,76,2.23529411765,101,320,9.41176470588,
Ed Johnson,NYA,1970-1971, 6-8,C,26,26,592,22.7692307692,97,218,.445,0,0,.000,74,110,.673,83,3.19230769231,139,5.34615384615,222,8.53846153846,26,1.0,.000,0.0,.000,0.0,66,2.53846153846,80,268,10.3076923077,
Ed Johnson,TEX,1970-1971, 6-8,C,26,8,159,19.875,22,47,.468,0,0,.000,8,20,.400,17,2.125,31,3.875,48,6.0,8,1.0,.000,0.0,.000,0.0,10,1.25,21,52,6.5,
