Player,Team,Season,Height,Position,Age,G,MIN,MINPG,FGM,FGA,FGP,TPM,TPA,TPP,FTM,FTA,FTP,ORB,ORBPG,DRB,DRBPG,TRB,TRBPG,AST,ASTPG,STL,STLPG,BLK,BLKPG,TO,TOPG,PF,PTS,PTSPG,
Ed O'Bannon,NJN,1995-1996, 6-8,SG,23,64,1253,19.578125,156,400,.390,10,56,.179,77,108,.713,65,1.015625,103,1.609375,168,2.625,63,0.984375,44,0.6875,11,0.171875,62,0.96875,95,399,6.234375,
Ed O'Bannon,TOT,1996-1997, 6-8,SF,24,64,809,12.640625,93,279,.333,18,70,.257,31,35,.886,50,0.78125,98,1.53125,148,2.3125,39,0.609375,29,0.453125,12,0.1875,20,0.3125,97,235,3.671875,
Ed O'Bannon,NJN,1996-1997, 6-8,SF,24,45,634,14.0888888889,76,207,.367,17,60,.283,20,23,.870,41,0.911111111111,71,1.57777777778,112,2.48888888889,28,0.622222222222,24,0.533333333333,10,0.222222222222,14,0.311111111111,78,189,4.2,
Ed O'Bannon,DAL,1996-1997, 6-8,SF,24,19,175,9.21052631579,17,72,.236,1,10,.100,11,12,.917,9,0.473684210526,27,1.42105263158,36,1.89473684211,11,0.578947368421,5,0.263157894737,2,0.105263157895,6,0.315789473684,19,46,2.42105263158,
