Player,Team,Season,Height,Position,Age,G,MIN,MINPG,FGM,FGA,FGP,TPM,TPA,TPP,FTM,FTA,FTP,ORB,ORBPG,DRB,DRBPG,TRB,TRBPG,AST,ASTPG,STL,STLPG,BLK,BLKPG,TO,TOPG,PF,PTS,PTSPG,
Ed Peterson,SYR,1949-1950, 6-9,,25,62,.000,0.0,167,390,.428,.000,.000,.000,111,185,.600,.000,0.0,.000,0.0,.000,0.0,33,0.532258064516,.000,0.0,.000,0.0,.000,0.0,198,445,7.17741935484,
Ed Peterson,TOT,1950-1951, 6-9,,26,53,.000,0.0,130,384,.339,.000,.000,.000,99,150,.660,.000,0.0,.000,0.0,288,5.43396226415,66,1.24528301887,.000,0.0,.000,0.0,.000,0.0,188,359,6.77358490566,
Ed Peterson,SYR,1950-1951, 6-9,,26,17,.000,0.0,30,81,.370,.000,.000,.000,20,33,.606,.000,0.0,.000,0.0,38,2.23529411765,8,0.470588235294,.000,0.0,.000,0.0,.000,0.0,45,80,4.70588235294,
Ed Peterson,TRI,1950-1951, 6-9,,26,36,.000,0.0,100,303,.330,.000,.000,.000,79,117,.675,.000,0.0,.000,0.0,250,6.94444444444,58,1.61111111111,.000,0.0,.000,0.0,.000,0.0,143,279,7.75,
