Player,Team,Season,Height,Position,Age,G,MIN,MINPG,FGM,FGA,FGP,TPM,TPA,TPP,FTM,FTA,FTP,ORB,ORBPG,DRB,DRBPG,TRB,TRBPG,AST,ASTPG,STL,STLPG,BLK,BLKPG,TO,TOPG,PF,PTS,PTSPG,
Ed Ratleff,HOU,1973-1974, 6-6,SF,23,81,1773,21.8888888889,254,585,.434,.000,.000,.000,103,129,.798,93,1.14814814815,193,2.38271604938,286,3.53086419753,181,2.23456790123,90,1.11111111111,27,0.333333333333,.000,0.0,182,611,7.54320987654,
Ed Ratleff,HOU,1974-1975, 6-6,SF,24,80,2563,32.0375,392,851,.461,.000,.000,.000,157,190,.826,185,2.3125,274,3.425,459,5.7375,259,3.2375,146,1.825,51,0.6375,.000,0.0,231,941,11.7625,
Ed Ratleff,HOU,1975-1976, 6-6,SF,25,72,2401,33.3472222222,314,647,.485,.000,.000,.000,168,206,.816,107,1.48611111111,272,3.77777777778,379,5.26388888889,260,3.61111111111,114,1.58333333333,37,0.513888888889,.000,0.0,234,796,11.0555555556,
Ed Ratleff,HOU,1976-1977, 6-6,SF,26,37,533,14.4054054054,70,161,.435,.000,.000,.000,26,42,.619,24,0.648648648649,53,1.43243243243,77,2.08108108108,43,1.16216216216,20,0.540540540541,6,0.162162162162,.000,0.0,45,166,4.48648648649,
Ed Ratleff,HOU,1977-1978, 6-6,SF,27,68,1163,17.1029411765,130,310,.419,.000,.000,.000,39,47,.830,56,0.823529411765,106,1.55882352941,162,2.38235294118,153,2.25,60,0.882352941176,22,0.323529411765,67,0.985294117647,109,299,4.39705882353,
