Player,Team,Season,Height,Position,Age,G,MIN,MINPG,FGM,FGA,FGP,TPM,TPA,TPP,FTM,FTA,FTP,ORB,ORBPG,DRB,DRBPG,TRB,TRBPG,AST,ASTPG,STL,STLPG,BLK,BLKPG,TO,TOPG,PF,PTS,PTSPG,
Ed Rains,SAS,1981-1982, 6-7,SF,25,49,637,13.0,77,177,.435,0,2,.000,38,64,.594,37,0.755102040816,43,0.877551020408,80,1.63265306122,40,0.816326530612,18,0.367346938776,2,0.0408163265306,25,0.510204081633,74,192,3.91836734694,
Ed Rains,SAS,1982-1983, 6-7,SF,26,34,292,8.58823529412,33,83,.398,0,1,.000,29,43,.674,25,0.735294117647,19,0.558823529412,44,1.29411764706,22,0.647058823529,10,0.294117647059,1,0.0294117647059,25,0.735294117647,35,95,2.79411764706,
