Player,Team,Season,Height,Position,Age,G,MIN,MINPG,FGM,FGA,FGP,TPM,TPA,TPP,FTM,FTA,FTP,ORB,ORBPG,DRB,DRBPG,TRB,TRBPG,AST,ASTPG,STL,STLPG,BLK,BLKPG,TO,TOPG,PF,PTS,PTSPG,
Eddie Lee Wilkins,NYK,1984-1985, 6-10,C,22,54,917,16.9814814815,116,233,.498,0,2,.000,66,122,.541,86,1.59259259259,176,3.25925925926,262,4.85185185185,16,0.296296296296,21,0.388888888889,16,0.296296296296,64,1.18518518519,155,298,5.51851851852,
Eddie Lee Wilkins,NYK,1986-1987, 6-10,PF,24,24,454,18.9166666667,56,127,.441,0,1,.000,27,58,.466,45,1.875,62,2.58333333333,107,4.45833333333,6,0.25,9,0.375,2,0.0833333333333,28,1.16666666667,67,139,5.79166666667,
Eddie Lee Wilkins,NYK,1988-1989, 6-10,C,26,71,584,8.22535211268,114,245,.465,0,1,.000,61,111,.550,72,1.01408450704,76,1.07042253521,148,2.08450704225,7,0.0985915492958,10,0.140845070423,16,0.225352112676,56,0.788732394366,110,289,4.07042253521,
Eddie Lee Wilkins,NYK,1989-1990, 6-10,C,27,79,972,12.3037974684,141,310,.455,0,2,.000,89,147,.605,114,1.44303797468,151,1.91139240506,265,3.35443037975,16,0.20253164557,18,0.227848101266,18,0.227848101266,73,0.924050632911,152,371,4.69620253165,
Eddie Lee Wilkins,NYK,1990-1991, 6-10,C,28,68,668,9.82352941176,114,255,.447,0,1,.000,51,90,.567,69,1.01470588235,111,1.63235294118,180,2.64705882353,15,0.220588235294,17,0.25,7,0.102941176471,50,0.735294117647,91,279,4.10294117647,
Eddie Lee Wilkins,PHI,1992-1993, 6-10,PF,30,26,192,7.38461538462,55,97,.567,0,2,.000,48,78,.615,14,0.538461538462,26,1.0,40,1.53846153846,2,0.0769230769231,7,0.269230769231,1,0.0384615384615,17,0.653846153846,34,158,6.07692307692,
