Player,Team,Season,Height,Position,Age,G,MIN,MINPG,FGM,FGA,FGP,TPM,TPA,TPP,FTM,FTA,FTP,ORB,ORBPG,DRB,DRBPG,TRB,TRBPG,AST,ASTPG,STL,STLPG,BLK,BLKPG,TO,TOPG,PF,PTS,PTSPG,
Eddie Miller,TOT,1952-1953, 6-8,C,21,70,2018,28.8285714286,273,781,.350,.000,.000,.000,187,287,.652,.000,0.0,.000,0.0,669,9.55714285714,115,1.64285714286,.000,0.0,.000,0.0,.000,0.0,250,733,10.4714285714,
Eddie Miller,MLH,1952-1953, 6-8,C,21,10,160,16.0,15,56,.268,.000,.000,.000,9,17,.529,.000,0.0,.000,0.0,60,6.0,6,0.6,.000,0.0,.000,0.0,.000,0.0,26,39,3.9,
Eddie Miller,BLB,1952-1953, 6-8,C,21,60,1858,30.9666666667,258,725,.356,.000,.000,.000,178,270,.659,.000,0.0,.000,0.0,609,10.15,109,1.81666666667,.000,0.0,.000,0.0,.000,0.0,224,694,11.5666666667,
Eddie Miller,BLB,1953-1954, 6-8,C,22,72,1657,23.0138888889,244,600,.407,.000,.000,.000,231,317,.729,.000,0.0,.000,0.0,537,7.45833333333,95,1.31944444444,.000,0.0,.000,0.0,.000,0.0,194,719,9.98611111111,
