Player,Team,Season,Height,Position,Age,G,MIN,MINPG,FGM,FGA,FGP,TPM,TPA,TPP,FTM,FTA,FTP,ORB,ORBPG,DRB,DRBPG,TRB,TRBPG,AST,ASTPG,STL,STLPG,BLK,BLKPG,TO,TOPG,PF,PTS,PTSPG,
Eddie Gill,NJN,2000-2001, 6-0,PG,22,8,152,19.0,16,41,.390,3,9,.333,4,5,.800,0,0.0,9,1.125,9,1.125,24,3.0,4,0.5,1,0.125,10,1.25,9,39,4.875,
Eddie Gill,MEM,2001-2002, 6-0,PG,23,23,384,16.6956521739,39,92,.424,7,22,.318,31,39,.795,7,0.304347826087,21,0.913043478261,28,1.21739130435,49,2.13043478261,11,0.478260869565,3,0.130434782609,34,1.47826086957,38,116,5.04347826087,
Eddie Gill,POR,2003-2004, 6-0,PG,25,22,157,7.13636363636,15,36,.417,3,8,.375,17,20,.850,4,0.181818181818,13,0.590909090909,17,0.772727272727,16,0.727272727273,9,0.409090909091,1,0.0454545454545,12,0.545454545455,16,50,2.27272727273,
Eddie Gill,IND,2004-2005, 6-0,PG,26,73,1021,13.9863013699,81,242,.335,36,117,.308,71,81,.877,16,0.219178082192,96,1.31506849315,112,1.53424657534,83,1.13698630137,59,0.808219178082,5,0.0684931506849,60,0.821917808219,105,269,3.68493150685,
Eddie Gill,IND,2005-2006, 6-0,PG,27,41,122,2.9756097561,10,45,.222,7,23,.304,18,23,.783,0,0.0,15,0.365853658537,15,0.365853658537,12,0.292682926829,11,0.268292682927,1,0.0243902439024,9,0.219512195122,13,45,1.09756097561,
Eddie Gill,TOT,2007-2008, 6-0,PG,29,14,154,11.0,12,31,.387,5,15,.333,9,9,1.000,1,0.0714285714286,21,1.5,22,1.57142857143,22,1.57142857143,7,0.5,2,0.142857142857,9,0.642857142857,18,38,2.71428571429,
Eddie Gill,NJN,2007-2008, 6-0,PG,29,13,149,11.4615384615,12,29,.414,5,14,.357,9,9,1.000,1,0.0769230769231,21,1.61538461538,22,1.69230769231,21,1.61538461538,7,0.538461538462,2,0.153846153846,8,0.615384615385,18,38,2.92307692308,
Eddie Gill,SEA,2007-2008, 6-0,PG,29,1,5,5.0,0,2,.000,0,1,.000,0,0,.000,0,0.0,0,0.0,0,0.0,1,1.0,0,0.0,0,0.0,1,1.0,0,0,0.0,
Eddie Gill,MIL,2008-2009, 6-0,PG,30,6,43,7.16666666667,6,9,.667,2,3,.667,0,0,.000,0,0.0,4,0.666666666667,4,0.666666666667,11,1.83333333333,3,0.5,1,0.166666666667,5,0.833333333333,10,14,2.33333333333,
