Player,Team,Season,Height,Position,Age,G,MIN,MINPG,FGM,FGA,FGP,TPM,TPA,TPP,FTM,FTA,FTP,ORB,ORBPG,DRB,DRBPG,TRB,TRBPG,AST,ASTPG,STL,STLPG,BLK,BLKPG,TO,TOPG,PF,PTS,PTSPG,
Eddie Basden,CHI,2005-2006, 6-5,SF,22,19,141,7.42105263158,15,37,.405,1,7,.143,8,10,.800,7,0.368421052632,21,1.10526315789,28,1.47368421053,8,0.421052631579,9,0.473684210526,2,0.105263157895,9,0.473684210526,17,39,2.05263157895,
