Player,Team,Season,Height,Position,Age,G,MIN,MINPG,FGM,FGA,FGP,TPM,TPA,TPP,FTM,FTA,FTP,ORB,ORBPG,DRB,DRBPG,TRB,TRBPG,AST,ASTPG,STL,STLPG,BLK,BLKPG,TO,TOPG,PF,PTS,PTSPG,
Eddie Phillips,NJN,1982-1983, 6-7,SF,21,48,416,8.66666666667,56,138,.406,0,2,.000,40,59,.678,27,0.5625,50,1.04166666667,77,1.60416666667,29,0.604166666667,14,0.291666666667,8,0.166666666667,50,1.04166666667,58,152,3.16666666667,
