Player,Team,Season,Height,Position,Age,G,MIN,MINPG,FGM,FGA,FGP,TPM,TPA,TPP,FTM,FTA,FTP,ORB,ORBPG,DRB,DRBPG,TRB,TRBPG,AST,ASTPG,STL,STLPG,BLK,BLKPG,TO,TOPG,PF,PTS,PTSPG,
Eddie Griffin,HOU,2001-2002, 6-10,PF,19,73,1896,25.9726027397,244,666,.366,90,273,.330,64,86,.744,117,1.60273972603,299,4.09589041096,416,5.69863013699,53,0.72602739726,17,0.232876712329,134,1.83561643836,47,0.643835616438,117,642,8.79452054795,
Eddie Griffin,HOU,2002-2003, 6-10,PF,20,77,1890,24.5454545455,271,678,.400,64,192,.333,58,94,.617,138,1.79220779221,323,4.19480519481,461,5.98701298701,86,1.11688311688,52,0.675324675325,111,1.44155844156,76,0.987012987013,136,664,8.62337662338,
Eddie Griffin,MIN,2004-2005, 6-10,PF,22,70,1492,21.3142857143,202,522,.387,67,204,.328,56,78,.718,128,1.82857142857,325,4.64285714286,453,6.47142857143,53,0.757142857143,23,0.328571428571,118,1.68571428571,55,0.785714285714,120,527,7.52857142857,
Eddie Griffin,MIN,2005-2006, 6-10,C,23,70,1359,19.4142857143,130,370,.351,16,82,.195,44,74,.595,107,1.52857142857,282,4.02857142857,389,5.55714285714,40,0.571428571429,13,0.185714285714,148,2.11428571429,43,0.614285714286,125,320,4.57142857143,
Eddie Griffin,MIN,2006-2007, 6-10,PF,24,13,92,7.07692307692,7,27,.259,0,1,.000,4,5,.800,7,0.538461538462,18,1.38461538462,25,1.92307692308,4,0.307692307692,0,0.0,7,0.538461538462,6,0.461538461538,8,18,1.38461538462,
