Player,Team,Season,Height,Position,Age,G,MIN,MINPG,FGM,FGA,FGP,TPM,TPA,TPP,FTM,FTA,FTP,ORB,ORBPG,DRB,DRBPG,TRB,TRBPG,AST,ASTPG,STL,STLPG,BLK,BLKPG,TO,TOPG,PF,PTS,PTSPG,
Elmer Bennett,CLE,1994-1995, 6-0,PG,24,4,18,4.5,6,11,.545,0,2,.000,3,4,.750,0,0.0,1,0.25,1,0.25,3,0.75,4,1.0,0,0.0,3,0.75,3,15,3.75,
Elmer Bennett,PHI,1995-1996, 6-0,PG,25,8,66,8.25,4,17,.235,0,0,.000,3,4,.750,1,0.125,4,0.5,5,0.625,8,1.0,1,0.125,1,0.125,7,0.875,6,11,1.375,
Elmer Bennett,TOT,1996-1997, 6-0,PG,26,9,75,8.33333333333,6,19,.316,3,9,.333,7,10,.700,0,0.0,4,0.444444444444,4,0.444444444444,11,1.22222222222,4,0.444444444444,0,0.0,10,1.11111111111,7,22,2.44444444444,
Elmer Bennett,HOU,1996-1997, 6-0,PG,26,4,16,4.0,2,6,.333,1,3,.333,5,6,.833,0,0.0,1,0.25,1,0.25,4,1.0,2,0.5,0,0.0,0,0.0,1,10,2.5,
Elmer Bennett,DEN,1996-1997, 6-0,PG,26,5,59,11.8,4,13,.308,2,6,.333,2,4,.500,0,0.0,3,0.6,3,0.6,7,1.4,2,0.4,0,0.0,10,2.0,6,12,2.4,
