Player,Team,Season,Height,Position,Age,G,MIN,MINPG,FGM,FGA,FGP,TPM,TPA,TPP,FTM,FTA,FTP,ORB,ORBPG,DRB,DRBPG,TRB,TRBPG,AST,ASTPG,STL,STLPG,BLK,BLKPG,TO,TOPG,PF,PTS,PTSPG,
Elmore Spencer,LAC,1992-1993, 7-0,C,23,44,280,6.36363636364,44,82,.537,0,0,.000,16,32,.500,17,0.386363636364,45,1.02272727273,62,1.40909090909,8,0.181818181818,8,0.181818181818,18,0.409090909091,26,0.590909090909,54,104,2.36363636364,
Elmore Spencer,LAC,1993-1994, 7-0,C,24,76,1930,25.3947368421,288,540,.533,0,2,.000,97,162,.599,96,1.26315789474,319,4.19736842105,415,5.46052631579,75,0.986842105263,30,0.394736842105,127,1.67105263158,168,2.21052631579,208,673,8.85526315789,
Elmore Spencer,LAC,1994-1995, 7-0,C,25,19,368,19.3684210526,52,118,.441,0,1,.000,28,50,.560,11,0.578947368421,54,2.84210526316,65,3.42105263158,25,1.31578947368,14,0.736842105263,23,1.21052631579,48,2.52631578947,62,132,6.94736842105,
Elmore Spencer,TOT,1995-1996, 7-0,C,26,17,58,3.41176470588,5,13,.385,0,0,.000,4,6,.667,3,0.176470588235,10,0.588235294118,13,0.764705882353,1,0.0588235294118,0,0.0,2,0.117647058824,6,0.352941176471,12,14,0.823529411765,
Elmore Spencer,DEN,1995-1996, 7-0,C,26,6,21,3.5,0,1,.000,0,0,.000,0,0,.000,1,0.166666666667,3,0.5,4,0.666666666667,0,0.0,0,0.0,0,0.0,3,0.5,8,0,0.0,
Elmore Spencer,POR,1995-1996, 7-0,C,26,11,37,3.36363636364,5,12,.417,0,0,.000,4,6,.667,2,0.181818181818,7,0.636363636364,9,0.818181818182,1,0.0909090909091,0,0.0,2,0.181818181818,3,0.272727272727,4,14,1.27272727273,
Elmore Spencer,SEA,1996-1997, 7-0,C,27,1,5,5.0,0,1,.000,0,0,.000,0,0,.000,0,0.0,0,0.0,0,0.0,0,0.0,1,1.0,0,0.0,1,1.0,0,0,0.0,
