Player,Team,Season,Height,Position,Age,G,MIN,MINPG,FGM,FGA,FGP,TPM,TPA,TPP,FTM,FTA,FTP,ORB,ORBPG,DRB,DRBPG,TRB,TRBPG,AST,ASTPG,STL,STLPG,BLK,BLKPG,TO,TOPG,PF,PTS,PTSPG,
Elnardo Webster,TOT,1971-1972, 6-5,SF,23,24,237,9.875,50,109,.459,1,4,.250,21,29,.724,15,0.625,29,1.20833333333,44,1.83333333333,16,0.666666666667,.000,0.0,.000,0.0,35,1.45833333333,39,122,5.08333333333,
Elnardo Webster,NYA,1971-1972, 6-5,,23,8,14,1.75,3,6,.500,0,0,.000,0,2,.000,0,0.0,1,0.125,1,0.125,1,0.125,.000,0.0,.000,0.0,2,0.25,2,6,0.75,
Elnardo Webster,MMP,1971-1972, 6-5,SF,23,16,223,13.9375,47,103,.456,1,4,.250,21,27,.778,15,0.9375,28,1.75,43,2.6875,15,0.9375,.000,0.0,.000,0.0,33,2.0625,37,116,7.25,
