Player,Team,Season,Height,Position,Age,G,MIN,MINPG,FGM,FGA,FGP,TPM,TPA,TPP,FTM,FTA,FTP,ORB,ORBPG,DRB,DRBPG,TRB,TRBPG,AST,ASTPG,STL,STLPG,BLK,BLKPG,TO,TOPG,PF,PTS,PTSPG,
Em Bryant,NYK,1964-1965, 6-1,PG,26,77,1332,17.2987012987,145,436,.333,.000,.000,.000,87,133,.654,.000,0.0,.000,0.0,167,2.16883116883,167,2.16883116883,.000,0.0,.000,0.0,.000,0.0,212,377,4.8961038961,
Em Bryant,NYK,1965-1966, 6-1,PG,27,71,1193,16.8028169014,212,449,.472,.000,.000,.000,74,101,.733,.000,0.0,.000,0.0,170,2.39436619718,216,3.04225352113,.000,0.0,.000,0.0,.000,0.0,215,498,7.01408450704,
Em Bryant,NYK,1966-1967, 6-1,PG,28,63,1593,25.2857142857,236,577,.409,.000,.000,.000,74,114,.649,.000,0.0,.000,0.0,273,4.33333333333,218,3.46031746032,.000,0.0,.000,0.0,.000,0.0,231,546,8.66666666667,
Em Bryant,NYK,1967-1968, 6-1,PG,29,77,968,12.5714285714,112,291,.385,.000,.000,.000,59,86,.686,.000,0.0,.000,0.0,133,1.72727272727,134,1.74025974026,.000,0.0,.000,0.0,.000,0.0,173,283,3.67532467532,
Em Bryant,BOS,1968-1969, 6-1,PG,30,80,1388,17.35,197,488,.404,.000,.000,.000,65,100,.650,.000,0.0,.000,0.0,192,2.4,176,2.2,.000,0.0,.000,0.0,.000,0.0,264,459,5.7375,
Em Bryant,BOS,1969-1970, 6-1,PG,31,71,1617,22.7746478873,210,520,.404,.000,.000,.000,135,181,.746,.000,0.0,.000,0.0,269,3.78873239437,231,3.25352112676,.000,0.0,.000,0.0,.000,0.0,201,555,7.81690140845,
Em Bryant,BUF,1970-1971, 6-1,PG,32,73,2137,29.2739726027,288,684,.421,.000,.000,.000,151,203,.744,.000,0.0,.000,0.0,262,3.58904109589,352,4.82191780822,.000,0.0,.000,0.0,.000,0.0,266,727,9.95890410959,
Em Bryant,BUF,1971-1972, 6-1,PG,33,54,1223,22.6481481481,101,220,.459,.000,.000,.000,75,125,.600,.000,0.0,.000,0.0,127,2.35185185185,206,3.81481481481,.000,0.0,.000,0.0,.000,0.0,167,277,5.12962962963,
