Player,Team,Season,Height,Position,Age,G,MIN,MINPG,FGM,FGA,FGP,TPM,TPA,TPP,FTM,FTA,FTP,ORB,ORBPG,DRB,DRBPG,TRB,TRBPG,AST,ASTPG,STL,STLPG,BLK,BLKPG,TO,TOPG,PF,PTS,PTSPG,
Emanual Davis,HOU,1996-1997, 6-4,PG,28,13,230,17.6923076923,24,54,.444,12,27,.444,5,8,.625,2,0.153846153846,20,1.53846153846,22,1.69230769231,26,2.0,9,0.692307692308,2,0.153846153846,17,1.30769230769,20,65,5.0,
Emanual Davis,HOU,1997-1998, 6-4,PG,29,45,599,13.3111111111,63,142,.444,27,72,.375,31,37,.838,10,0.222222222222,37,0.822222222222,47,1.04444444444,59,1.31111111111,17,0.377777777778,3,0.0666666666667,52,1.15555555556,55,184,4.08888888889,
Emanual Davis,SEA,1999-2000, 6-4,PG,31,54,701,12.9814814815,80,220,.364,31,103,.301,26,38,.684,15,0.277777777778,85,1.57407407407,100,1.85185185185,70,1.2962962963,38,0.703703703704,5,0.0925925925926,44,0.814814814815,72,217,4.01851851852,
Emanual Davis,SEA,2000-2001, 6-4,SG,32,62,1290,20.8064516129,133,318,.418,50,127,.394,45,55,.818,28,0.451612903226,126,2.03225806452,154,2.48387096774,137,2.20967741935,64,1.03225806452,12,0.193548387097,77,1.24193548387,101,361,5.82258064516,
Emanual Davis,ATL,2001-2002, 6-4,PG,33,28,774,27.6428571429,70,198,.354,29,85,.341,16,18,.889,19,0.678571428571,55,1.96428571429,74,2.64285714286,68,2.42857142857,27,0.964285714286,5,0.178571428571,52,1.85714285714,68,185,6.60714285714,
Emanual Davis,ATL,2002-2003, 6-4,SG,34,24,340,14.1666666667,32,88,.364,7,29,.241,17,22,.773,5,0.208333333333,38,1.58333333333,43,1.79166666667,36,1.5,12,0.5,2,0.0833333333333,25,1.04166666667,28,88,3.66666666667,
