Player,Team,Season,Height,Position,Age,G,MIN,MINPG,FGM,FGA,FGP,TPM,TPA,TPP,FTM,FTA,FTP,ORB,ORBPG,DRB,DRBPG,TRB,TRBPG,AST,ASTPG,STL,STLPG,BLK,BLKPG,TO,TOPG,PF,PTS,PTSPG,
Emeka Okafor,CHA,2004-2005, 6-10,PF,22,73,2600,35.6164383562,448,1003,.447,0,1,.000,209,343,.609,275,3.76712328767,520,7.12328767123,795,10.8904109589,64,0.876712328767,62,0.849315068493,125,1.71232876712,125,1.71232876712,214,1105,15.1369863014,
Emeka Okafor,CHA,2005-2006, 6-10,PF,23,26,874,33.6153846154,131,316,.415,0,0,.000,82,125,.656,94,3.61538461538,167,6.42307692308,261,10.0384615385,31,1.19230769231,22,0.846153846154,50,1.92307692308,53,2.03846153846,88,344,13.2307692308,
Emeka Okafor,CHA,2006-2007, 6-10,C,24,67,2329,34.7611940299,394,740,.532,0,0,.000,175,295,.593,258,3.85074626866,499,7.44776119403,757,11.2985074627,80,1.19402985075,57,0.850746268657,172,2.5671641791,111,1.65671641791,210,963,14.3731343284,
Emeka Okafor,CHA,2007-2008, 6-10,C,25,82,2718,33.1463414634,460,860,.535,0,0,.000,213,374,.570,255,3.10975609756,621,7.57317073171,876,10.6829268293,70,0.853658536585,62,0.756097560976,138,1.68292682927,164,2.0,241,1133,13.8170731707,
Emeka Okafor,CHA,2008-2009, 6-10,C,26,82,2691,32.8170731707,433,772,.561,0,0,.000,219,369,.593,275,3.35365853659,552,6.73170731707,827,10.0853658537,53,0.646341463415,48,0.585365853659,136,1.65853658537,144,1.75609756098,247,1085,13.2317073171,
Emeka Okafor,NOH,2009-2010, 6-10,C,27,82,2370,28.9024390244,348,656,.530,0,0,.000,154,274,.562,251,3.06097560976,491,5.98780487805,742,9.0487804878,55,0.670731707317,54,0.658536585366,127,1.5487804878,111,1.35365853659,218,850,10.3658536585,
Emeka Okafor,NOH,2010-2011, 6-10,C,28,72,2287,31.7638888889,300,524,.573,0,1,.000,145,258,.562,230,3.19444444444,454,6.30555555556,684,9.5,42,0.583333333333,40,0.555555555556,127,1.76388888889,119,1.65277777778,230,745,10.3472222222,
Emeka Okafor,NOH,2011-2012, 6-10,C,29,27,781,28.9259259259,114,214,.533,0,0,.000,38,74,.514,70,2.59259259259,143,5.2962962963,213,7.88888888889,24,0.888888888889,16,0.592592592593,26,0.962962962963,37,1.37037037037,73,266,9.85185185185,
Emeka Okafor,WAS,2012-2013, 6-10,C,30,63,1652,26.2222222222,262,542,.483,0,0,.000,76,138,.551,161,2.55555555556,408,6.47619047619,569,9.03174603175,80,1.26984126984,38,0.603174603175,70,1.11111111111,83,1.31746031746,117,600,9.52380952381,
