Player,Team,Season,Height,Position,Age,G,MIN,MINPG,FGM,FGA,FGP,TPM,TPA,TPP,FTM,FTA,FTP,ORB,ORBPG,DRB,DRBPG,TRB,TRBPG,AST,ASTPG,STL,STLPG,BLK,BLKPG,TO,TOPG,PF,PTS,PTSPG,
Enes Kanter,UTA,2011-2012, 6-11,C,19,66,874,13.2424242424,117,236,.496,0,1,.000,70,105,.667,107,1.62121212121,171,2.59090909091,278,4.21212121212,8,0.121212121212,18,0.272727272727,23,0.348484848485,54,0.818181818182,87,304,4.60606060606,
Enes Kanter,UTA,2012-2013, 6-11,C,20,63,987,15.6666666667,193,347,.556,1,1,1.000,76,97,.784,128,2.03174603175,159,2.52380952381,287,4.55555555556,28,0.444444444444,25,0.396825396825,33,0.52380952381,92,1.46031746032,111,463,7.34920634921,
