Player,Team,Season,Height,Position,Age,G,MIN,MINPG,FGM,FGA,FGP,TPM,TPA,TPP,FTM,FTA,FTP,ORB,ORBPG,DRB,DRBPG,TRB,TRBPG,AST,ASTPG,STL,STLPG,BLK,BLKPG,TO,TOPG,PF,PTS,PTSPG,
Eric Fernsten,TOT,1975-1976, 6-10,C,22,37,268,7.24324324324,33,86,.384,.000,.000,.000,26,37,.703,25,0.675675675676,45,1.21621621622,70,1.89189189189,19,0.513513513514,7,0.189189189189,14,0.378378378378,.000,0.0,21,92,2.48648648649,
Eric Fernsten,CLE,1975-1976, 6-10,C,22,4,9,2.25,0,2,.000,.000,.000,.000,0,0,.000,0,0.0,1,0.25,1,0.25,0,0.0,0,0.0,0,0.0,.000,0.0,1,0,0.0,
Eric Fernsten,CHI,1975-1976, 6-10,C,22,33,259,7.84848484848,33,84,.393,.000,.000,.000,26,37,.703,25,0.757575757576,44,1.33333333333,69,2.09090909091,19,0.575757575758,7,0.212121212121,14,0.424242424242,.000,0.0,20,92,2.78787878788,
Eric Fernsten,CHI,1976-1977, 6-10,C,23,5,61,12.2,3,15,.200,.000,.000,.000,8,11,.727,9,1.8,7,1.4,16,3.2,6,1.2,1,0.2,3,0.6,.000,0.0,9,14,2.8,
Eric Fernsten,BOS,1979-1980, 6-10,PF,26,56,431,7.69642857143,71,153,.464,0,0,.000,33,52,.635,40,0.714285714286,56,1.0,96,1.71428571429,28,0.5,17,0.303571428571,12,0.214285714286,20,0.357142857143,43,175,3.125,
Eric Fernsten,BOS,1980-1981, 6-10,C,27,45,279,6.2,38,79,.481,0,0,.000,20,30,.667,29,0.644444444444,33,0.733333333333,62,1.37777777778,10,0.222222222222,6,0.133333333333,7,0.155555555556,20,0.444444444444,29,96,2.13333333333,
Eric Fernsten,BOS,1981-1982, 6-10,C,28,43,202,4.6976744186,19,49,.388,0,0,.000,19,30,.633,12,0.279069767442,30,0.697674418605,42,0.976744186047,8,0.186046511628,5,0.116279069767,7,0.162790697674,13,0.302325581395,23,57,1.32558139535,
Eric Fernsten,NYK,1983-1984, 6-10,PF,30,32,402,12.5625,29,52,.558,0,0,.000,25,34,.735,29,0.90625,57,1.78125,86,2.6875,11,0.34375,16,0.5,8,0.25,19,0.59375,49,83,2.59375,
