Player,Team,Season,Height,Position,Age,G,MIN,MINPG,FGM,FGA,FGP,TPM,TPA,TPP,FTM,FTA,FTP,ORB,ORBPG,DRB,DRBPG,TRB,TRBPG,AST,ASTPG,STL,STLPG,BLK,BLKPG,TO,TOPG,PF,PTS,PTSPG,
Eric Bledsoe,LAC,2010-2011, 6-1,PG,21,81,1841,22.7283950617,206,486,.424,32,116,.276,99,133,.744,68,0.83950617284,155,1.91358024691,223,2.75308641975,289,3.56790123457,92,1.13580246914,26,0.320987654321,194,2.3950617284,130,543,6.7037037037,
Eric Bledsoe,LAC,2011-2012, 6-1,PG,22,40,464,11.6,49,126,.389,6,30,.200,28,44,.636,22,0.55,43,1.075,65,1.625,66,1.65,31,0.775,14,0.35,47,1.175,58,132,3.3,
Eric Bledsoe,LAC,2012-2013, 6-1,PG,23,63,1332,21.1428571429,223,495,.451,26,60,.433,97,122,.795,67,1.06349206349,127,2.01587301587,194,3.07936507937,202,3.20634920635,97,1.53968253968,51,0.809523809524,122,1.93650793651,98,569,9.03174603175,
