Player,Team,Season,Height,Position,Age,G,MIN,MINPG,FGM,FGA,FGP,TPM,TPA,TPP,FTM,FTA,FTP,ORB,ORBPG,DRB,DRBPG,TRB,TRBPG,AST,ASTPG,STL,STLPG,BLK,BLKPG,TO,TOPG,PF,PTS,PTSPG,
Eric Gordon,LAC,2008-2009, 6-3,SG,20,78,2677,34.3205128205,411,901,.456,131,337,.389,299,350,.854,45,0.576923076923,156,2.0,201,2.57692307692,215,2.75641025641,78,1.0,35,0.448717948718,164,2.10256410256,172,1252,16.0512820513,
Eric Gordon,LAC,2009-2010, 6-3,SG,21,62,2229,35.9516129032,352,784,.449,119,321,.371,222,299,.742,25,0.403225806452,135,2.17741935484,160,2.58064516129,186,3.0,69,1.11290322581,14,0.225806451613,144,2.32258064516,96,1045,16.8548387097,
Eric Gordon,LAC,2010-2011, 6-3,SG,22,56,2112,37.7142857143,427,949,.450,106,291,.364,287,348,.825,45,0.803571428571,119,2.125,164,2.92857142857,244,4.35714285714,71,1.26785714286,18,0.321428571429,151,2.69642857143,115,1247,22.2678571429,
Eric Gordon,NOH,2011-2012, 6-3,PG,23,9,310,34.4444444444,63,140,.450,10,40,.250,49,65,.754,2,0.222222222222,23,2.55555555556,25,2.77777777778,31,3.44444444444,13,1.44444444444,4,0.444444444444,24,2.66666666667,20,185,20.5555555556,
Eric Gordon,NOH,2012-2013, 6-3,PG,24,27,800,29.6296296296,153,381,.402,42,119,.353,108,126,.857,7,0.259259259259,35,1.2962962963,42,1.55555555556,87,3.22222222222,25,0.925925925926,5,0.185185185185,74,2.74074074074,45,456,16.8888888889,
