Player,Team,Season,Height,Position,Age,G,MIN,MINPG,FGM,FGA,FGP,TPM,TPA,TPP,FTM,FTA,FTP,ORB,ORBPG,DRB,DRBPG,TRB,TRBPG,AST,ASTPG,STL,STLPG,BLK,BLKPG,TO,TOPG,PF,PTS,PTSPG,
Eric Maynor,TOT,2009-2010, 6-3,PG,22,81,1269,15.6666666667,154,368,.418,22,71,.310,52,72,.722,21,0.259259259259,108,1.33333333333,129,1.59259259259,266,3.28395061728,40,0.493827160494,10,0.123456790123,85,1.04938271605,115,382,4.71604938272,
Eric Maynor,UTA,2009-2010, 6-3,PG,22,26,363,13.9615384615,52,133,.391,5,24,.208,25,33,.758,10,0.384615384615,28,1.07692307692,38,1.46153846154,81,3.11538461538,13,0.5,2,0.0769230769231,28,1.07692307692,33,134,5.15384615385,
Eric Maynor,OKC,2009-2010, 6-3,PG,22,55,906,16.4727272727,102,235,.434,17,47,.362,27,39,.692,11,0.2,80,1.45454545455,91,1.65454545455,185,3.36363636364,27,0.490909090909,8,0.145454545455,57,1.03636363636,82,248,4.50909090909,
Eric Maynor,OKC,2010-2011, 6-3,PG,23,82,1200,14.6341463415,134,333,.402,37,96,.385,43,59,.729,25,0.30487804878,96,1.17073170732,121,1.4756097561,238,2.90243902439,35,0.426829268293,6,0.0731707317073,77,0.939024390244,96,348,4.24390243902,
Eric Maynor,OKC,2011-2012, 6-3,PG,24,9,137,15.2222222222,14,39,.359,6,17,.353,4,4,1.000,3,0.333333333333,10,1.11111111111,13,1.44444444444,22,2.44444444444,5,0.555555555556,0,0.0,11,1.22222222222,13,38,4.22222222222,
Eric Maynor,TOT,2012-2013, 6-3,PG,25,45,570,12.6666666667,62,168,.369,21,62,.339,28,34,.824,7,0.155555555556,25,0.555555555556,32,0.711111111111,109,2.42222222222,15,0.333333333333,0,0.0,48,1.06666666667,32,173,3.84444444444,
Eric Maynor,OKC,2012-2013, 6-3,PG,25,37,391,10.5675675676,36,115,.313,15,46,.326,17,21,.810,5,0.135135135135,13,0.351351351351,18,0.486486486486,73,1.97297297297,10,0.27027027027,0,0.0,31,0.837837837838,19,104,2.81081081081,
Eric Maynor,POR,2012-2013, 6-3,,25,8,179,22.375,26,53,.491,6,16,.375,11,13,.846,2,0.25,12,1.5,14,1.75,36,4.5,5,0.625,0,0.0,17,2.125,13,69,8.625,
