Player,Team,Season,Height,Position,Age,G,MIN,MINPG,FGM,FGA,FGP,TPM,TPA,TPP,FTM,FTA,FTP,ORB,ORBPG,DRB,DRBPG,TRB,TRBPG,AST,ASTPG,STL,STLPG,BLK,BLKPG,TO,TOPG,PF,PTS,PTSPG,
Eric Mobley,MIL,1994-1995, 6-11,C,24,46,587,12.7608695652,78,132,.591,2,2,1.000,22,45,.489,55,1.19565217391,98,2.13043478261,153,3.32608695652,21,0.45652173913,8,0.173913043478,27,0.586956521739,24,0.521739130435,63,180,3.91304347826,
Eric Mobley,TOT,1995-1996, 6-11,C,25,39,676,17.3333333333,74,138,.536,1,2,.500,39,87,.448,54,1.38461538462,86,2.20512820513,140,3.58974358974,22,0.564102564103,14,0.358974358974,24,0.615384615385,50,1.28205128205,87,188,4.82051282051,
Eric Mobley,MIL,1995-1996, 6-11,C,25,5,65,13.0,2,7,.286,0,0,.000,2,4,.500,3,0.6,9,1.8,12,2.4,0,0.0,1,0.2,1,0.2,1,0.2,5,6,1.2,
Eric Mobley,VAN,1995-1996, 6-11,C,25,34,611,17.9705882353,72,131,.550,1,2,.500,37,83,.446,51,1.5,77,2.26470588235,128,3.76470588235,22,0.647058823529,13,0.382352941176,23,0.676470588235,49,1.44117647059,82,182,5.35294117647,
Eric Mobley,VAN,1996-1997, 6-11,C,26,28,307,10.9642857143,28,63,.444,0,0,.000,16,30,.533,30,1.07142857143,28,1.0,58,2.07142857143,14,0.5,5,0.178571428571,10,0.357142857143,29,1.03571428571,44,72,2.57142857143,
