Player,Team,Season,Height,Position,Age,G,MIN,MINPG,FGM,FGA,FGP,TPM,TPA,TPP,FTM,FTA,FTP,ORB,ORBPG,DRB,DRBPG,TRB,TRBPG,AST,ASTPG,STL,STLPG,BLK,BLKPG,TO,TOPG,PF,PTS,PTSPG,
Ernie DiGregorio,BUF,1973-1974, 6-0,PG,23,81,2910,35.9259259259,530,1260,.421,.000,.000,.000,174,193,.902,48,0.592592592593,171,2.11111111111,219,2.7037037037,663,8.18518518519,59,0.728395061728,9,0.111111111111,.000,0.0,242,1234,15.2345679012,
Ernie DiGregorio,BUF,1974-1975, 6-0,PG,24,31,712,22.9677419355,103,234,.440,.000,.000,.000,35,45,.778,6,0.193548387097,39,1.25806451613,45,1.45161290323,151,4.87096774194,19,0.612903225806,0,0.0,.000,0.0,62,241,7.77419354839,
Ernie DiGregorio,BUF,1975-1976, 6-0,PG,25,67,1364,20.3582089552,182,474,.384,.000,.000,.000,86,94,.915,15,0.223880597015,97,1.44776119403,112,1.67164179104,265,3.9552238806,37,0.55223880597,1,0.0149253731343,.000,0.0,158,450,6.71641791045,
Ernie DiGregorio,BUF,1976-1977, 6-0,PG,26,81,2267,27.987654321,365,875,.417,.000,.000,.000,138,146,.945,52,0.641975308642,132,1.62962962963,184,2.27160493827,378,4.66666666667,57,0.703703703704,3,0.037037037037,.000,0.0,150,868,10.7160493827,
Ernie DiGregorio,TOT,1977-1978, 6-0,PG,27,52,606,11.6538461538,88,209,.421,.000,.000,.000,28,33,.848,7,0.134615384615,43,0.826923076923,50,0.961538461538,137,2.63461538462,18,0.346153846154,1,0.0192307692308,93,1.78846153846,44,204,3.92307692308,
Ernie DiGregorio,LAL,1977-1978, 6-0,PG,27,25,332,13.28,41,100,.410,.000,.000,.000,16,20,.800,5,0.2,18,0.72,23,0.92,71,2.84,6,0.24,0,0.0,46,1.84,22,98,3.92,
Ernie DiGregorio,BOS,1977-1978, 6-0,PG,27,27,274,10.1481481481,47,109,.431,.000,.000,.000,12,13,.923,2,0.0740740740741,25,0.925925925926,27,1.0,66,2.44444444444,12,0.444444444444,1,0.037037037037,47,1.74074074074,22,106,3.92592592593,
