Player,Team,Season,Height,Position,Age,G,MIN,MINPG,FGM,FGA,FGP,TPM,TPA,TPP,FTM,FTA,FTP,ORB,ORBPG,DRB,DRBPG,TRB,TRBPG,AST,ASTPG,STL,STLPG,BLK,BLKPG,TO,TOPG,PF,PTS,PTSPG,
Ernie Barrett,BOS,1953-1954, 6-3,SG,24,59,641,10.8644067797,60,191,.314,.000,.000,.000,14,25,.560,.000,0.0,.000,0.0,100,1.69491525424,55,0.932203389831,.000,0.0,.000,0.0,.000,0.0,116,134,2.27118644068,
Ernie Barrett,BOS,1955-1956, 6-3,SG,26,72,1451,20.1527777778,207,533,.388,.000,.000,.000,93,118,.788,.000,0.0,.000,0.0,243,3.375,174,2.41666666667,.000,0.0,.000,0.0,.000,0.0,184,507,7.04166666667,
