Player,Team,Season,Height,Position,Age,G,MIN,MINPG,FGM,FGA,FGP,TPM,TPA,TPP,FTM,FTA,FTP,ORB,ORBPG,DRB,DRBPG,TRB,TRBPG,AST,ASTPG,STL,STLPG,BLK,BLKPG,TO,TOPG,PF,PTS,PTSPG,
Ernie Beck,PHW,1953-1954, 6-4,SG,22,15,422,28.1333333333,39,142,.275,.000,.000,.000,34,43,.791,.000,0.0,.000,0.0,50,3.33333333333,34,2.26666666667,.000,0.0,.000,0.0,.000,0.0,29,112,7.46666666667,
Ernie Beck,PHW,1955-1956, 6-4,SG,24,67,1007,15.0298507463,136,351,.387,.000,.000,.000,76,106,.717,.000,0.0,.000,0.0,196,2.92537313433,79,1.17910447761,.000,0.0,.000,0.0,.000,0.0,86,348,5.19402985075,
Ernie Beck,PHW,1956-1957, 6-4,SG,25,72,1743,24.2083333333,195,508,.384,.000,.000,.000,111,157,.707,.000,0.0,.000,0.0,312,4.33333333333,190,2.63888888889,.000,0.0,.000,0.0,.000,0.0,155,501,6.95833333333,
Ernie Beck,PHW,1957-1958, 6-4,SG,26,71,1974,27.8028169014,272,683,.398,.000,.000,.000,170,203,.837,.000,0.0,.000,0.0,307,4.32394366197,190,2.67605633803,.000,0.0,.000,0.0,.000,0.0,173,714,10.0563380282,
Ernie Beck,PHW,1958-1959, 6-4,SG,27,70,1017,14.5285714286,163,418,.390,.000,.000,.000,43,65,.662,.000,0.0,.000,0.0,176,2.51428571429,89,1.27142857143,.000,0.0,.000,0.0,.000,0.0,124,369,5.27142857143,
Ernie Beck,PHW,1959-1960, 6-4,SG,28,66,809,12.2575757576,114,294,.388,.000,.000,.000,27,32,.844,.000,0.0,.000,0.0,127,1.92424242424,72,1.09090909091,.000,0.0,.000,0.0,.000,0.0,90,255,3.86363636364,
Ernie Beck,TOT,1960-1961, 6-4,SG,29,10,82,8.2,10,29,.345,.000,.000,.000,6,7,.857,.000,0.0,.000,0.0,23,2.3,15,1.5,.000,0.0,.000,0.0,.000,0.0,7,26,2.6,
Ernie Beck,STL,1960-1961, 6-4,SG,29,7,62,8.85714285714,7,21,.333,.000,.000,.000,5,5,1.000,.000,0.0,.000,0.0,12,1.71428571429,13,1.85714285714,.000,0.0,.000,0.0,.000,0.0,6,19,2.71428571429,
Ernie Beck,SYR,1960-1961, 6-4,SG,29,3,20,6.66666666667,3,8,.375,.000,.000,.000,1,2,.500,.000,0.0,.000,0.0,11,3.66666666667,2,0.666666666667,.000,0.0,.000,0.0,.000,0.0,1,7,2.33333333333,
