Player,Team,Season,Height,Position,Age,G,MIN,MINPG,FGM,FGA,FGP,TPM,TPA,TPP,FTM,FTA,FTP,ORB,ORBPG,DRB,DRBPG,TRB,TRBPG,AST,ASTPG,STL,STLPG,BLK,BLKPG,TO,TOPG,PF,PTS,PTSPG,
Ernie Vandeweghe,NYK,1949-1950, 6-3,,21,42,.000,0.0,164,390,.421,.000,.000,.000,93,140,.664,.000,0.0,.000,0.0,.000,0.0,78,1.85714285714,.000,0.0,.000,0.0,.000,0.0,126,421,10.0238095238,
Ernie Vandeweghe,NYK,1950-1951, 6-3,,22,44,.000,0.0,135,336,.402,.000,.000,.000,68,97,.701,.000,0.0,.000,0.0,195,4.43181818182,121,2.75,.000,0.0,.000,0.0,.000,0.0,144,338,7.68181818182,
Ernie Vandeweghe,NYK,1951-1952, 6-3,SF,23,57,1507,26.4385964912,200,457,.438,.000,.000,.000,124,160,.775,.000,0.0,.000,0.0,264,4.63157894737,164,2.87719298246,.000,0.0,.000,0.0,.000,0.0,188,524,9.19298245614,
Ernie Vandeweghe,NYK,1952-1953, 6-3,SG,24,61,1745,28.606557377,272,625,.435,.000,.000,.000,187,244,.766,.000,0.0,.000,0.0,342,5.60655737705,144,2.3606557377,.000,0.0,.000,0.0,.000,0.0,242,731,11.9836065574,
Ernie Vandeweghe,NYK,1953-1954, 6-3,SG,25,15,271,18.0666666667,37,103,.359,.000,.000,.000,25,31,.806,.000,0.0,.000,0.0,20,1.33333333333,29,1.93333333333,.000,0.0,.000,0.0,.000,0.0,38,99,6.6,
Ernie Vandeweghe,NYK,1955-1956, 6-3,,27,5,77,15.4,10,31,.323,.000,.000,.000,2,2,1.000,.000,0.0,.000,0.0,13,2.6,12,2.4,.000,0.0,.000,0.0,.000,0.0,15,22,4.4,
