Player,Team,Season,Height,Position,Age,G,MIN,MINPG,FGM,FGA,FGP,TPM,TPA,TPP,FTM,FTA,FTP,ORB,ORBPG,DRB,DRBPG,TRB,TRBPG,AST,ASTPG,STL,STLPG,BLK,BLKPG,TO,TOPG,PF,PTS,PTSPG,
Ersan Ilyasova,MIL,2006-2007, 6-9,PF,19,66,973,14.7424242424,139,363,.383,54,148,.365,70,89,.787,58,0.878787878788,131,1.98484848485,189,2.86363636364,49,0.742424242424,27,0.409090909091,17,0.257575757576,51,0.772727272727,147,402,6.09090909091,
Ersan Ilyasova,MIL,2009-2010, 6-9,PF,22,81,1898,23.4320987654,323,729,.443,81,241,.336,113,158,.715,157,1.93827160494,360,4.44444444444,517,6.38271604938,84,1.03703703704,53,0.654320987654,23,0.283950617284,71,0.876543209877,251,840,10.3703703704,
Ersan Ilyasova,MIL,2010-2011, 6-9,PF,23,60,1505,25.0833333333,221,507,.436,36,121,.298,93,104,.894,105,1.75,260,4.33333333333,365,6.08333333333,56,0.933333333333,51,0.85,24,0.4,63,1.05,159,571,9.51666666667,
Ersan Ilyasova,MIL,2011-2012, 6-9,PF,24,60,1655,27.5833333333,294,597,.492,51,112,.455,143,183,.781,196,3.26666666667,333,5.55,529,8.81666666667,71,1.18333333333,42,0.7,44,0.733333333333,76,1.26666666667,133,782,13.0333333333,
Ersan Ilyasova,MIL,2012-2013, 6-9,PF,25,59,1570,26.6101694915,275,602,.457,69,156,.442,96,124,.774,108,1.83050847458,277,4.69491525424,385,6.52542372881,98,1.66101694915,57,0.966101694915,29,0.491525423729,53,0.898305084746,149,715,12.1186440678,
