Player,Team,Season,Height,Position,Age,G,MIN,MINPG,FGM,FGA,FGP,TPM,TPA,TPP,FTM,FTA,FTP,ORB,ORBPG,DRB,DRBPG,TRB,TRBPG,AST,ASTPG,STL,STLPG,BLK,BLKPG,TO,TOPG,PF,PTS,PTSPG,
Ervin Inniger,MNM,1967-1968, 6-4,SG,23,75,1993,26.5733333333,345,790,.437,5,35,.143,99,137,.723,.000,0.0,.000,0.0,325,4.33333333333,115,1.53333333333,.000,0.0,.000,0.0,94,1.25333333333,201,794,10.5866666667,
Ervin Inniger,MMF,1968-1969, 6-4,SG,24,34,484,14.2352941176,73,182,.401,3,13,.231,21,25,.840,19,0.558823529412,41,1.20588235294,60,1.76470588235,41,1.20588235294,.000,0.0,.000,0.0,30,0.882352941176,59,170,5.0,
