Player,Team,Season,Height,Position,Age,G,MIN,MINPG,FGM,FGA,FGP,TPM,TPA,TPP,FTM,FTA,FTP,ORB,ORBPG,DRB,DRBPG,TRB,TRBPG,AST,ASTPG,STL,STLPG,BLK,BLKPG,TO,TOPG,PF,PTS,PTSPG,
Esteban Batista,ATL,2005-2006, 6-10,PF,22,57,495,8.68421052632,34,80,.425,0,1,.000,33,53,.623,61,1.0701754386,83,1.45614035088,144,2.52631578947,7,0.122807017544,15,0.263157894737,11,0.19298245614,38,0.666666666667,111,101,1.77192982456,
Esteban Batista,ATL,2006-2007, 6-10,PF,23,13,81,6.23076923077,8,16,.500,0,0,.000,4,7,.571,7,0.538461538462,23,1.76923076923,30,2.30769230769,4,0.307692307692,3,0.230769230769,0,0.0,4,0.307692307692,13,20,1.53846153846,
