Player,Team,Season,Height,Position,Age,G,MIN,MINPG,FGM,FGA,FGP,TPM,TPA,TPP,FTM,FTA,FTP,ORB,ORBPG,DRB,DRBPG,TRB,TRBPG,AST,ASTPG,STL,STLPG,BLK,BLKPG,TO,TOPG,PF,PTS,PTSPG,
Etan Thomas,WAS,2001-2002, 6-9,C,23,47,618,13.1489361702,81,151,.536,0,0,.000,41,74,.554,55,1.17021276596,126,2.68085106383,181,3.85106382979,6,0.127659574468,17,0.36170212766,35,0.744680851064,26,0.553191489362,76,203,4.31914893617,
Etan Thomas,WAS,2002-2003, 6-9,PF,24,38,513,13.5,61,124,.492,0,0,.000,60,94,.638,70,1.84210526316,95,2.5,165,4.34210526316,3,0.0789473684211,8,0.210526315789,23,0.605263157895,33,0.868421052632,66,182,4.78947368421,
Etan Thomas,WAS,2003-2004, 6-9,C,25,79,1901,24.0632911392,257,526,.489,0,0,.000,191,295,.647,183,2.3164556962,345,4.36708860759,528,6.6835443038,68,0.860759493671,36,0.455696202532,123,1.55696202532,113,1.43037974684,219,705,8.92405063291,
Etan Thomas,WAS,2004-2005, 6-9,C,26,47,976,20.7659574468,128,255,.502,0,0,.000,76,144,.528,85,1.8085106383,159,3.3829787234,244,5.1914893617,20,0.425531914894,17,0.36170212766,51,1.08510638298,50,1.06382978723,133,332,7.06382978723,
Etan Thomas,WAS,2005-2006, 6-9,C,27,71,1121,15.7887323944,131,246,.533,0,0,.000,75,125,.600,99,1.39436619718,180,2.53521126761,279,3.92957746479,14,0.197183098592,20,0.281690140845,68,0.957746478873,51,0.718309859155,148,337,4.74647887324,
Etan Thomas,WAS,2006-2007, 6-9,C,28,65,1246,19.1692307692,159,277,.574,0,0,.000,77,138,.558,136,2.09230769231,241,3.70769230769,377,5.8,29,0.446153846154,22,0.338461538462,89,1.36923076923,71,1.09230769231,162,395,6.07692307692,
Etan Thomas,WAS,2008-2009, 6-9,C,30,26,306,11.7692307692,32,66,.485,0,0,.000,16,23,.696,25,0.961538461538,41,1.57692307692,66,2.53846153846,6,0.230769230769,3,0.115384615385,18,0.692307692308,18,0.692307692308,35,80,3.07692307692,
Etan Thomas,OKC,2009-2010, 6-9,C,31,23,321,13.9565217391,31,68,.456,0,0,.000,13,22,.591,18,0.782608695652,46,2.0,64,2.78260869565,1,0.0434782608696,4,0.173913043478,16,0.695652173913,18,0.782608695652,39,75,3.26086956522,
Etan Thomas,ATL,2010-2011, 6-9,C,32,13,82,6.30769230769,10,21,.476,0,0,.000,12,15,.800,6,0.461538461538,17,1.30769230769,23,1.76923076923,2,0.153846153846,1,0.0769230769231,4,0.307692307692,5,0.384615384615,11,32,2.46153846154,
