Player,Team,Season,Height,Position,Age,G,MIN,MINPG,FGM,FGA,FGP,TPM,TPA,TPP,FTM,FTA,FTP,ORB,ORBPG,DRB,DRBPG,TRB,TRBPG,AST,ASTPG,STL,STLPG,BLK,BLKPG,TO,TOPG,PF,PTS,PTSPG,
Etdrick Bohannon,IND,1997-1998, 6-9,PF,24,5,11,2.2,0,4,.000,0,0,.000,0,0,.000,2,0.4,4,0.8,6,1.2,1,0.2,0,0.0,2,0.4,3,0.6,3,0,0.0,
Etdrick Bohannon,WAS,1998-1999, 6-9,SF,25,2,4,2.0,0,0,.000,0,0,.000,0,0,.000,0,0.0,0,0.0,0,0.0,0,0.0,0,0.0,0,0.0,2,1.0,0,0,0.0,
Etdrick Bohannon,TOT,1999-2000, 6-9,PF,26,13,118,9.07692307692,7,13,.538,0,0,.000,15,24,.625,13,1.0,18,1.38461538462,31,2.38461538462,5,0.384615384615,2,0.153846153846,6,0.461538461538,10,0.769230769231,25,29,2.23076923077,
Etdrick Bohannon,NYK,1999-2000, 6-9,PF,26,2,5,2.5,0,0,.000,0,0,.000,3,4,.750,1,0.5,0,0.0,1,0.5,0,0.0,0,0.0,0,0.0,2,1.0,1,3,1.5,
Etdrick Bohannon,LAC,1999-2000, 6-9,PF,26,11,113,10.2727272727,7,13,.538,0,0,.000,12,20,.600,12,1.09090909091,18,1.63636363636,30,2.72727272727,5,0.454545454545,2,0.181818181818,6,0.545454545455,8,0.727272727273,24,26,2.36363636364,
Etdrick Bohannon,CLE,2000-2001, 6-9,PF,27,6,19,3.16666666667,2,4,.500,0,0,.000,4,4,1.000,3,0.5,4,0.666666666667,7,1.16666666667,0,0.0,0,0.0,2,0.333333333333,1,0.166666666667,4,8,1.33333333333,
