Player,Team,Season,Height,Position,Age,G,MIN,MINPG,FGM,FGA,FGP,TPM,TPA,TPP,FTM,FTA,FTP,ORB,ORBPG,DRB,DRBPG,TRB,TRBPG,AST,ASTPG,STL,STLPG,BLK,BLKPG,TO,TOPG,PF,PTS,PTSPG,
Evan Fournier,DEN,2012-2013, 6-6,SG,20,27,214,7.92592592593,33,69,.478,14,31,.452,11,19,.579,4,0.148148148148,10,0.37037037037,14,0.518518518519,19,0.703703703704,6,0.222222222222,0,0.0,20,0.740740740741,38,91,3.37037037037,
