Player,Team,Season,Height,Position,Age,G,MIN,MINPG,FGM,FGA,FGP,TPM,TPA,TPP,FTM,FTA,FTP,ORB,ORBPG,DRB,DRBPG,TRB,TRBPG,AST,ASTPG,STL,STLPG,BLK,BLKPG,TO,TOPG,PF,PTS,PTSPG,
Evan Eschmeyer,NJN,1999-2000, 6-11,C,24,31,373,12.0322580645,38,72,.528,0,0,.000,15,30,.500,40,1.29032258065,68,2.1935483871,108,3.48387096774,21,0.677419354839,8,0.258064516129,21,0.677419354839,21,0.677419354839,84,91,2.93548387097,
Evan Eschmeyer,NJN,2000-2001, 6-11,C,25,74,1331,17.9864864865,92,200,.460,0,0,.000,67,102,.657,135,1.82432432432,231,3.12162162162,366,4.94594594595,40,0.540540540541,41,0.554054054054,58,0.783783783784,53,0.716216216216,220,251,3.39189189189,
Evan Eschmeyer,DAL,2001-2002, 6-11,C,26,31,299,9.64516129032,21,50,.420,0,0,.000,20,33,.606,35,1.12903225806,63,2.03225806452,98,3.16129032258,9,0.290322580645,10,0.322580645161,9,0.290322580645,16,0.516129032258,60,62,2.0,
Evan Eschmeyer,DAL,2002-2003, 6-11,C,27,17,135,7.94117647059,7,19,.368,0,0,.000,3,4,.750,10,0.588235294118,19,1.11764705882,29,1.70588235294,6,0.352941176471,10,0.588235294118,7,0.411764705882,6,0.352941176471,35,17,1.0,
