Player,Team,Season,Height,Position,Age,G,MIN,MINPG,FGM,FGA,FGP,TPM,TPA,TPP,FTM,FTA,FTP,ORB,ORBPG,DRB,DRBPG,TRB,TRBPG,AST,ASTPG,STL,STLPG,BLK,BLKPG,TO,TOPG,PF,PTS,PTSPG,
Fatty Taylor,WSA,1969-1970, 6-0,PG,23,83,1994,24.0240963855,243,520,.467,1,6,.167,178,264,.674,176,2.12048192771,201,2.42168674699,377,4.5421686747,201,2.42168674699,.000,0.0,.000,0.0,157,1.89156626506,285,665,8.01204819277,
Fatty Taylor,VIR,1970-1971, 6-0,PG,24,84,1629,19.3928571429,180,393,.458,4,22,.182,175,256,.684,102,1.21428571429,161,1.91666666667,263,3.13095238095,225,2.67857142857,.000,0.0,.000,0.0,142,1.69047619048,228,539,6.41666666667,
Fatty Taylor,VIR,1971-1972, 6-0,PG,25,84,2669,31.7738095238,306,680,.450,1,15,.067,164,258,.636,178,2.11904761905,238,2.83333333333,416,4.95238095238,321,3.82142857143,.000,0.0,.000,0.0,206,2.45238095238,302,777,9.25,
Fatty Taylor,VIR,1972-1973, 6-0,PG,26,78,2553,32.7307692308,316,679,.465,3,7,.429,150,248,.605,137,1.75641025641,181,2.32051282051,318,4.07692307692,374,4.79487179487,210,2.69230769231,.000,0.0,237,3.03846153846,266,785,10.0641025641,
Fatty Taylor,VIR,1973-1974, 6-0,PG,27,80,2812,35.15,292,709,.412,3,19,.158,185,256,.723,124,1.55,253,3.1625,377,4.7125,416,5.2,215,2.6875,15,0.1875,279,3.4875,270,772,9.65,
Fatty Taylor,DNA,1974-1975, 6-0,PG,28,76,2018,26.5526315789,251,586,.428,6,21,.286,129,172,.750,85,1.11842105263,136,1.78947368421,221,2.90789473684,337,4.43421052632,172,2.26315789474,16,0.210526315789,248,3.26315789474,238,637,8.38157894737,
Fatty Taylor,VIR,1975-1976, 6-0,PG,29,76,2483,32.6710526316,243,600,.405,11,51,.216,125,173,.723,117,1.53947368421,224,2.94736842105,341,4.48684210526,401,5.27631578947,206,2.71052631579,16,0.210526315789,247,3.25,212,622,8.18421052632,
Fatty Taylor,DEN,1976-1977, 6-0,PG,30,79,1548,19.5949367089,132,314,.420,.000,.000,.000,37,65,.569,90,1.13924050633,121,1.53164556962,211,2.67088607595,288,3.64556962025,132,1.67088607595,9,0.113924050633,.000,0.0,202,301,3.81012658228,
