Player,Team,Season,Height,Position,Age,G,MIN,MINPG,FGM,FGA,FGP,TPM,TPA,TPP,FTM,FTA,FTP,ORB,ORBPG,DRB,DRBPG,TRB,TRBPG,AST,ASTPG,STL,STLPG,BLK,BLKPG,TO,TOPG,PF,PTS,PTSPG,
Festus Ezeli,GSW,2012-2013, 6-11,C,23,62,908,14.6451612903,59,140,.421,0,0,.000,33,67,.493,113,1.82258064516,130,2.09677419355,243,3.91935483871,18,0.290322580645,22,0.354838709677,59,0.951612903226,58,0.935483870968,134,151,2.43548387097,
