Player,Team,Season,Height,Position,Age,G,MIN,MINPG,FGM,FGA,FGP,TPM,TPA,TPP,FTM,FTA,FTP,ORB,ORBPG,DRB,DRBPG,TRB,TRBPG,AST,ASTPG,STL,STLPG,BLK,BLKPG,TO,TOPG,PF,PTS,PTSPG,
Floyd Volker,TOT,1949-1950, 6-4,,28,54,.000,0.0,163,527,.309,.000,.000,.000,71,129,.550,.000,0.0,.000,0.0,.000,0.0,112,2.07407407407,.000,0.0,.000,0.0,.000,0.0,169,397,7.35185185185,
Floyd Volker,INO,1949-1950, 6-4,,28,17,.000,0.0,17,53,.321,.000,.000,.000,7,18,.389,.000,0.0,.000,0.0,.000,0.0,7,0.411764705882,.000,0.0,.000,0.0,.000,0.0,32,41,2.41176470588,
Floyd Volker,DNN,1949-1950, 6-4,,28,37,.000,0.0,146,474,.308,.000,.000,.000,64,111,.577,.000,0.0,.000,0.0,.000,0.0,105,2.83783783784,.000,0.0,.000,0.0,.000,0.0,137,356,9.62162162162,
