Player,Team,Season,Height,Position,Age,G,MIN,MINPG,FGM,FGA,FGP,TPM,TPA,TPP,FTM,FTA,FTP,ORB,ORBPG,DRB,DRBPG,TRB,TRBPG,AST,ASTPG,STL,STLPG,BLK,BLKPG,TO,TOPG,PF,PTS,PTSPG,
Fly Williams,SSL,1974-1975, 6-5,SG,21,71,1239,17.4507042254,297,643,.462,2,14,.143,69,101,.683,72,1.01408450704,109,1.53521126761,181,2.54929577465,142,2.0,64,0.901408450704,10,0.140845070423,177,2.49295774648,156,665,9.3661971831,
