Player,Team,Season,Height,Position,Age,G,MIN,MINPG,FGM,FGA,FGP,TPM,TPA,TPP,FTM,FTA,FTP,ORB,ORBPG,DRB,DRBPG,TRB,TRBPG,AST,ASTPG,STL,STLPG,BLK,BLKPG,TO,TOPG,PF,PTS,PTSPG,
Frank Ramsey,BOS,1954-1955, 6-3,SF,23,64,1754,27.40625,236,592,.399,.000,.000,.000,243,322,.755,.000,0.0,.000,0.0,402,6.28125,185,2.890625,.000,0.0,.000,0.0,.000,0.0,250,715,11.171875,
Frank Ramsey,BOS,1956-1957, 6-3,SG,25,35,807,23.0571428571,137,349,.393,.000,.000,.000,144,182,.791,.000,0.0,.000,0.0,178,5.08571428571,67,1.91428571429,.000,0.0,.000,0.0,.000,0.0,113,418,11.9428571429,
Frank Ramsey,BOS,1957-1958, 6-3,SG,26,69,2047,29.6666666667,377,900,.419,.000,.000,.000,383,472,.811,.000,0.0,.000,0.0,504,7.30434782609,167,2.42028985507,.000,0.0,.000,0.0,.000,0.0,245,1137,16.4782608696,
Frank Ramsey,BOS,1958-1959, 6-3,SG,27,72,2013,27.9583333333,383,1013,.378,.000,.000,.000,341,436,.782,.000,0.0,.000,0.0,491,6.81944444444,147,2.04166666667,.000,0.0,.000,0.0,.000,0.0,266,1107,15.375,
Frank Ramsey,BOS,1959-1960, 6-3,SG,28,73,2009,27.5205479452,422,1062,.397,.000,.000,.000,273,347,.787,.000,0.0,.000,0.0,506,6.93150684932,137,1.87671232877,.000,0.0,.000,0.0,.000,0.0,251,1117,15.301369863,
Frank Ramsey,BOS,1960-1961, 6-3,SG,29,79,2019,25.5569620253,448,1100,.407,.000,.000,.000,295,354,.833,.000,0.0,.000,0.0,431,5.45569620253,146,1.84810126582,.000,0.0,.000,0.0,.000,0.0,284,1191,15.0759493671,
Frank Ramsey,BOS,1961-1962, 6-3,SG,30,79,1913,24.2151898734,436,1019,.428,.000,.000,.000,334,405,.825,.000,0.0,.000,0.0,387,4.89873417722,109,1.37974683544,.000,0.0,.000,0.0,.000,0.0,245,1206,15.2658227848,
Frank Ramsey,BOS,1962-1963, 6-3,SG,31,77,1541,20.012987013,284,743,.382,.000,.000,.000,271,332,.816,.000,0.0,.000,0.0,288,3.74025974026,95,1.23376623377,.000,0.0,.000,0.0,.000,0.0,259,839,10.8961038961,
Frank Ramsey,BOS,1963-1964, 6-3,SG,32,75,1227,16.36,226,604,.374,.000,.000,.000,196,233,.841,.000,0.0,.000,0.0,223,2.97333333333,81,1.08,.000,0.0,.000,0.0,.000,0.0,245,648,8.64,
