Player,Team,Season,Height,Position,Age,G,MIN,MINPG,FGM,FGA,FGP,TPM,TPA,TPP,FTM,FTA,FTP,ORB,ORBPG,DRB,DRBPG,TRB,TRBPG,AST,ASTPG,STL,STLPG,BLK,BLKPG,TO,TOPG,PF,PTS,PTSPG,
Frank Kornet,MIL,1989-1990, 6-9,PF,23,57,438,7.68421052632,42,114,.368,5,20,.250,24,39,.615,25,0.438596491228,46,0.80701754386,71,1.24561403509,21,0.368421052632,14,0.245614035088,3,0.0526315789474,23,0.40350877193,54,113,1.98245614035,
Frank Kornet,MIL,1990-1991, 6-9,PF,24,32,157,4.90625,23,62,.371,5,18,.278,7,13,.538,10,0.3125,14,0.4375,24,0.75,9,0.28125,5,0.15625,1,0.03125,11,0.34375,28,58,1.8125,
