Player,Team,Season,Height,Position,Age,G,MIN,MINPG,FGM,FGA,FGP,TPM,TPA,TPP,FTM,FTA,FTP,ORB,ORBPG,DRB,DRBPG,TRB,TRBPG,AST,ASTPG,STL,STLPG,BLK,BLKPG,TO,TOPG,PF,PTS,PTSPG,
Frank Kudelka,CHS,1949-1950, 6-2,,24,65,.000,0.0,172,528,.326,.000,.000,.000,89,140,.636,.000,0.0,.000,0.0,.000,0.0,132,2.03076923077,.000,0.0,.000,0.0,.000,0.0,198,433,6.66153846154,
Frank Kudelka,TOT,1950-1951, 6-2,,25,62,.000,0.0,179,518,.346,.000,.000,.000,83,119,.697,.000,0.0,.000,0.0,158,2.54838709677,105,1.6935483871,.000,0.0,.000,0.0,.000,0.0,211,441,7.11290322581,
Frank Kudelka,BLB,1951-1952, 6-2,SF,26,65,1583,24.3538461538,204,614,.332,.000,.000,.000,198,258,.767,.000,0.0,.000,0.0,275,4.23076923077,183,2.81538461538,.000,0.0,.000,0.0,.000,0.0,220,606,9.32307692308,
Frank Kudelka,TOT,1952-1953, 6-2,SG,27,38,603,15.8684210526,62,206,.301,.000,.000,.000,47,73,.644,.000,0.0,.000,0.0,95,2.5,79,2.07894736842,.000,0.0,.000,0.0,.000,0.0,118,171,4.5,
Frank Kudelka,BLB,1952-1953, 6-2,,27,16,227,14.1875,28,84,.333,.000,.000,.000,23,36,.639,.000,0.0,.000,0.0,43,2.6875,29,1.8125,.000,0.0,.000,0.0,.000,0.0,49,79,4.9375,
Frank Kudelka,PHW,1952-1953, 6-2,SG,27,22,376,17.0909090909,34,122,.279,.000,.000,.000,24,37,.649,.000,0.0,.000,0.0,52,2.36363636364,50,2.27272727273,.000,0.0,.000,0.0,.000,0.0,69,92,4.18181818182,
