Player,Team,Season,Height,Position,Age,G,MIN,MINPG,FGM,FGA,FGP,TPM,TPA,TPP,FTM,FTA,FTP,ORB,ORBPG,DRB,DRBPG,TRB,TRBPG,AST,ASTPG,STL,STLPG,BLK,BLKPG,TO,TOPG,PF,PTS,PTSPG,
Franklin Edwards,PHI,1981-1982, 6-1,PG,22,42,291,6.92857142857,65,150,.433,0,9,.000,20,27,.741,10,0.238095238095,17,0.404761904762,27,0.642857142857,45,1.07142857143,16,0.380952380952,5,0.119047619048,24,0.571428571429,37,150,3.57142857143,
Franklin Edwards,PHI,1982-1983, 6-1,PG,23,81,1266,15.6296296296,228,483,.472,0,8,.000,86,113,.761,23,0.283950617284,62,0.765432098765,85,1.04938271605,221,2.72839506173,81,1.0,6,0.0740740740741,110,1.35802469136,119,542,6.69135802469,
Franklin Edwards,PHI,1983-1984, 6-1,PG,24,60,654,10.9,84,221,.380,0,1,.000,34,48,.708,12,0.2,47,0.783333333333,59,0.983333333333,90,1.5,31,0.516666666667,5,0.0833333333333,46,0.766666666667,78,202,3.36666666667,
Franklin Edwards,LAC,1984-1985, 6-1,PG,25,16,198,12.375,36,66,.545,0,0,.000,19,24,.792,3,0.1875,11,0.6875,14,0.875,38,2.375,17,1.0625,0,0.0,17,1.0625,10,91,5.6875,
Franklin Edwards,LAC,1985-1986, 6-1,PG,26,73,1491,20.4246575342,262,577,.454,1,9,.111,132,151,.874,24,0.328767123288,62,0.849315068493,86,1.17808219178,259,3.54794520548,89,1.21917808219,4,0.0547945205479,137,1.87671232877,87,657,9.0,
Franklin Edwards,SAC,1986-1987, 6-1,PG,27,8,122,15.25,9,32,.281,0,4,.000,10,14,.714,2,0.25,8,1.0,10,1.25,29,3.625,5,0.625,0,0.0,17,2.125,7,28,3.5,
Franklin Edwards,SAC,1987-1988, 6-1,PG,28,16,414,25.875,54,115,.470,0,2,.000,24,32,.750,4,0.25,15,0.9375,19,1.1875,92,5.75,10,0.625,1,0.0625,47,2.9375,10,132,8.25,
