Player,Team,Season,Height,Position,Age,G,MIN,MINPG,FGM,FGA,FGP,TPM,TPA,TPP,FTM,FTA,FTP,ORB,ORBPG,DRB,DRBPG,TRB,TRBPG,AST,ASTPG,STL,STLPG,BLK,BLKPG,TO,TOPG,PF,PTS,PTSPG,
Frank Oleynick,SEA,1975-1976, 6-2,SG,20,52,650,12.5,127,316,.402,.000,.000,.000,53,77,.688,10,0.192307692308,35,0.673076923077,45,0.865384615385,53,1.01923076923,21,0.403846153846,6,0.115384615385,.000,0.0,62,307,5.90384615385,
Frank Oleynick,SEA,1976-1977, 6-2,PG,21,50,516,10.32,81,223,.363,.000,.000,.000,39,53,.736,13,0.26,32,0.64,45,0.9,60,1.2,13,0.26,4,0.08,.000,0.0,48,201,4.02,
