Player,Team,Season,Height,Position,Age,G,MIN,MINPG,FGM,FGA,FGP,TPM,TPA,TPP,FTM,FTA,FTP,ORB,ORBPG,DRB,DRBPG,TRB,TRBPG,AST,ASTPG,STL,STLPG,BLK,BLKPG,TO,TOPG,PF,PTS,PTSPG,
Fran Curran,ROC,1948-1949, 6-0,,23,57,.000,0.0,61,168,.363,.000,.000,.000,85,126,.675,.000,0.0,.000,0.0,.000,0.0,78,1.36842105263,.000,0.0,.000,0.0,.000,0.0,118,207,3.63157894737,
Fran Curran,ROC,1949-1950, 6-0,,24,66,.000,0.0,98,235,.417,.000,.000,.000,199,241,.826,.000,0.0,.000,0.0,.000,0.0,71,1.07575757576,.000,0.0,.000,0.0,.000,0.0,113,395,5.98484848485,
