Player,Team,Season,Height,Position,Age,G,MIN,MINPG,FGM,FGA,FGP,TPM,TPA,TPP,FTM,FTA,FTP,ORB,ORBPG,DRB,DRBPG,TRB,TRBPG,AST,ASTPG,STL,STLPG,BLK,BLKPG,TO,TOPG,PF,PTS,PTSPG,
Frankie Brian,AND,1949-1950, 6-1,,26,64,.000,0.0,368,1156,.318,.000,.000,.000,402,488,.824,.000,0.0,.000,0.0,.000,0.0,189,2.953125,.000,0.0,.000,0.0,.000,0.0,192,1138,17.78125,
Frankie Brian,TRI,1950-1951, 6-1,,27,68,.000,0.0,363,1127,.322,.000,.000,.000,418,508,.823,.000,0.0,.000,0.0,244,3.58823529412,266,3.91176470588,.000,0.0,.000,0.0,.000,0.0,215,1144,16.8235294118,
Frankie Brian,FTW,1951-1952, 6-1,SG,28,66,2672,40.4848484848,342,972,.352,.000,.000,.000,367,433,.848,.000,0.0,.000,0.0,232,3.51515151515,233,3.5303030303,.000,0.0,.000,0.0,.000,0.0,220,1051,15.9242424242,
Frankie Brian,FTW,1952-1953, 6-1,SG,29,68,1910,28.0882352941,245,699,.351,.000,.000,.000,236,297,.795,.000,0.0,.000,0.0,133,1.95588235294,142,2.08823529412,.000,0.0,.000,0.0,.000,0.0,205,726,10.6764705882,
Frankie Brian,FTW,1953-1954, 6-1,SG,30,64,973,15.203125,132,352,.375,.000,.000,.000,137,182,.753,.000,0.0,.000,0.0,79,1.234375,92,1.4375,.000,0.0,.000,0.0,.000,0.0,100,401,6.265625,
Frankie Brian,FTW,1954-1955, 6-1,SG,31,71,1381,19.4507042254,237,623,.380,.000,.000,.000,217,255,.851,.000,0.0,.000,0.0,127,1.78873239437,142,2.0,.000,0.0,.000,0.0,.000,0.0,133,691,9.7323943662,
Frankie Brian,FTW,1955-1956, 6-1,PG,32,37,680,18.3783783784,78,263,.297,.000,.000,.000,72,88,.818,.000,0.0,.000,0.0,88,2.37837837838,74,2.0,.000,0.0,.000,0.0,.000,0.0,62,228,6.16216216216,
