Player,Team,Season,Height,Position,Age,G,MIN,MINPG,FGM,FGA,FGP,TPM,TPA,TPP,FTM,FTA,FTP,ORB,ORBPG,DRB,DRBPG,TRB,TRBPG,AST,ASTPG,STL,STLPG,BLK,BLKPG,TO,TOPG,PF,PTS,PTSPG,
Frankie King,LAL,1995-1996, 6-1,PG,23,6,20,3.33333333333,3,11,.273,0,1,.000,1,3,.333,1,0.166666666667,1,0.166666666667,2,0.333333333333,2,0.333333333333,2,0.333333333333,0,0.0,2,0.333333333333,4,7,1.16666666667,
Frankie King,PHI,1996-1997, 6-1,SG,24,7,59,8.42857142857,7,17,.412,1,2,.500,5,5,1.000,4,0.571428571429,10,1.42857142857,14,2.0,5,0.714285714286,4,0.571428571429,0,0.0,3,0.428571428571,7,20,2.85714285714,
