Player,Team,Season,Height,Position,Age,G,MIN,MINPG,FGM,FGA,FGP,TPM,TPA,TPP,FTM,FTA,FTP,ORB,ORBPG,DRB,DRBPG,TRB,TRBPG,AST,ASTPG,STL,STLPG,BLK,BLKPG,TO,TOPG,PF,PTS,PTSPG,
Fred Schaus,FTW,1949-1950, 6-5,,24,68,.000,0.0,351,996,.352,.000,.000,.000,270,330,.818,.000,0.0,.000,0.0,.000,0.0,176,2.58823529412,.000,0.0,.000,0.0,.000,0.0,232,972,14.2941176471,
Fred Schaus,FTW,1950-1951, 6-5,,25,68,.000,0.0,312,918,.340,.000,.000,.000,404,484,.835,.000,0.0,.000,0.0,495,7.27941176471,184,2.70588235294,.000,0.0,.000,0.0,.000,0.0,240,1028,15.1176470588,
Fred Schaus,FTW,1951-1952, 6-5,SF,26,62,2581,41.6290322581,281,778,.361,.000,.000,.000,310,372,.833,.000,0.0,.000,0.0,434,7.0,247,3.98387096774,.000,0.0,.000,0.0,.000,0.0,221,872,14.064516129,
Fred Schaus,FTW,1952-1953, 6-5,SF,27,69,2541,36.8260869565,240,719,.334,.000,.000,.000,243,296,.821,.000,0.0,.000,0.0,413,5.98550724638,245,3.55072463768,.000,0.0,.000,0.0,.000,0.0,261,723,10.4782608696,
Fred Schaus,TOT,1953-1954, 6-5,SF,28,67,1515,22.6119402985,161,415,.388,.000,.000,.000,153,195,.785,.000,0.0,.000,0.0,267,3.98507462687,109,1.62686567164,.000,0.0,.000,0.0,.000,0.0,176,475,7.08955223881,
Fred Schaus,FTW,1953-1954, 6-5,,28,23,272,11.8260869565,25,63,.397,.000,.000,.000,38,50,.760,.000,0.0,.000,0.0,50,2.17391304348,21,0.913043478261,.000,0.0,.000,0.0,.000,0.0,35,88,3.82608695652,
Fred Schaus,NYK,1953-1954, 6-5,SF,28,44,1243,28.25,136,352,.386,.000,.000,.000,115,145,.793,.000,0.0,.000,0.0,217,4.93181818182,88,2.0,.000,0.0,.000,0.0,.000,0.0,141,387,8.79545454545,
