Player,Team,Season,Height,Position,Age,G,MIN,MINPG,FGM,FGA,FGP,TPM,TPA,TPP,FTM,FTA,FTP,ORB,ORBPG,DRB,DRBPG,TRB,TRBPG,AST,ASTPG,STL,STLPG,BLK,BLKPG,TO,TOPG,PF,PTS,PTSPG,
Fred Taylor,PHO,1970-1971, 6-5,SG,22,54,552,10.2222222222,110,284,.387,.000,.000,.000,78,125,.624,.000,0.0,.000,0.0,86,1.59259259259,51,0.944444444444,.000,0.0,.000,0.0,.000,0.0,113,298,5.51851851852,
Fred Taylor,TOT,1971-1972, 6-5,SG,23,34,283,8.32352941176,36,117,.308,.000,.000,.000,15,32,.469,.000,0.0,.000,0.0,54,1.58823529412,18,0.529411764706,.000,0.0,.000,0.0,.000,0.0,40,87,2.55882352941,
Fred Taylor,PHO,1971-1972, 6-5,SG,23,13,69,5.30769230769,6,27,.222,.000,.000,.000,4,13,.308,.000,0.0,.000,0.0,17,1.30769230769,7,0.538461538462,.000,0.0,.000,0.0,.000,0.0,8,16,1.23076923077,
Fred Taylor,CIN,1971-1972, 6-5,SG,23,21,214,10.1904761905,30,90,.333,.000,.000,.000,11,19,.579,.000,0.0,.000,0.0,37,1.7619047619,11,0.52380952381,.000,0.0,.000,0.0,.000,0.0,32,71,3.38095238095,
