Player,Team,Season,Height,Position,Age,G,MIN,MINPG,FGM,FGA,FGP,TPM,TPA,TPP,FTM,FTA,FTP,ORB,ORBPG,DRB,DRBPG,TRB,TRBPG,AST,ASTPG,STL,STLPG,BLK,BLKPG,TO,TOPG,PF,PTS,PTSPG,
Freddie Crawford,NYK,1966-1967, 6-4,SG,25,19,192,10.1052631579,44,116,.379,.000,.000,.000,24,38,.632,.000,0.0,.000,0.0,48,2.52631578947,12,0.631578947368,.000,0.0,.000,0.0,.000,0.0,39,112,5.89473684211,
Freddie Crawford,TOT,1967-1968, 6-4,SG,26,69,1182,17.1304347826,224,507,.442,.000,.000,.000,111,179,.620,.000,0.0,.000,0.0,195,2.82608695652,141,2.04347826087,.000,0.0,.000,0.0,.000,0.0,171,559,8.10144927536,
Freddie Crawford,NYK,1967-1968, 6-4,SG,26,31,426,13.7419354839,65,177,.367,.000,.000,.000,37,59,.627,.000,0.0,.000,0.0,83,2.67741935484,46,1.48387096774,.000,0.0,.000,0.0,.000,0.0,67,167,5.38709677419,
Freddie Crawford,LAL,1967-1968, 6-4,SG,26,38,756,19.8947368421,159,330,.482,.000,.000,.000,74,120,.617,.000,0.0,.000,0.0,112,2.94736842105,95,2.5,.000,0.0,.000,0.0,.000,0.0,104,392,10.3157894737,
Freddie Crawford,LAL,1968-1969, 6-4,SG,27,81,1690,20.8641975309,211,454,.465,.000,.000,.000,83,154,.539,.000,0.0,.000,0.0,215,2.65432098765,154,1.9012345679,.000,0.0,.000,0.0,.000,0.0,224,505,6.23456790123,
Freddie Crawford,MIL,1969-1970, 6-4,SG,28,77,1331,17.2857142857,243,506,.480,.000,.000,.000,101,148,.682,.000,0.0,.000,0.0,184,2.38961038961,225,2.92207792208,.000,0.0,.000,0.0,.000,0.0,181,587,7.62337662338,
Freddie Crawford,TOT,1970-1971, 6-4,SG,29,51,652,12.7843137255,110,281,.391,.000,.000,.000,48,98,.490,.000,0.0,.000,0.0,104,2.03921568627,78,1.52941176471,.000,0.0,.000,0.0,.000,0.0,77,268,5.25490196078,
Freddie Crawford,BUF,1970-1971, 6-4,SG,29,15,203,13.5333333333,36,106,.340,.000,.000,.000,16,26,.615,.000,0.0,.000,0.0,35,2.33333333333,24,1.6,.000,0.0,.000,0.0,.000,0.0,18,88,5.86666666667,
Freddie Crawford,PHI,1970-1971, 6-4,SG,29,36,449,12.4722222222,74,175,.423,.000,.000,.000,32,72,.444,.000,0.0,.000,0.0,69,1.91666666667,54,1.5,.000,0.0,.000,0.0,.000,0.0,59,180,5.0,
