Player,Team,Season,Height,Position,Age,G,MIN,MINPG,FGM,FGA,FGP,TPM,TPA,TPP,FTM,FTA,FTP,ORB,ORBPG,DRB,DRBPG,TRB,TRBPG,AST,ASTPG,STL,STLPG,BLK,BLKPG,TO,TOPG,PF,PTS,PTSPG,
Fred Cofield,NYK,1985-1986, 6-3,PG,24,45,469,10.4222222222,75,184,.408,3,15,.200,12,20,.600,6,0.133333333333,40,0.888888888889,46,1.02222222222,82,1.82222222222,20,0.444444444444,3,0.0666666666667,49,1.08888888889,65,165,3.66666666667,
Fred Cofield,CHI,1986-1987, 6-3,PG,25,5,27,5.4,2,11,.182,0,1,.000,0,0,.000,1,0.2,4,0.8,5,1.0,4,0.8,2,0.4,0,0.0,1,0.2,1,4,0.8,
