Player,Team,Season,Height,Position,Age,G,MIN,MINPG,FGM,FGA,FGP,TPM,TPA,TPP,FTM,FTA,FTP,ORB,ORBPG,DRB,DRBPG,TRB,TRBPG,AST,ASTPG,STL,STLPG,BLK,BLKPG,TO,TOPG,PF,PTS,PTSPG,
Fred Hetzel,SFW,1965-1966, 6-8,SF,23,56,722,12.8928571429,160,401,.399,.000,.000,.000,63,92,.685,.000,0.0,.000,0.0,290,5.17857142857,27,0.482142857143,.000,0.0,.000,0.0,.000,0.0,121,383,6.83928571429,
Fred Hetzel,SFW,1966-1967, 6-8,PF,24,77,2123,27.5714285714,373,932,.400,.000,.000,.000,192,237,.810,.000,0.0,.000,0.0,639,8.2987012987,111,1.44155844156,.000,0.0,.000,0.0,.000,0.0,228,938,12.1818181818,
Fred Hetzel,SFW,1967-1968, 6-8,SF,25,77,2394,31.0909090909,533,1287,.414,.000,.000,.000,395,474,.833,.000,0.0,.000,0.0,546,7.09090909091,131,1.7012987013,.000,0.0,.000,0.0,.000,0.0,262,1461,18.974025974,
Fred Hetzel,TOT,1968-1969, 6-8,SF,26,84,2276,27.0952380952,456,1047,.436,.000,.000,.000,299,357,.838,.000,0.0,.000,0.0,613,7.29761904762,112,1.33333333333,.000,0.0,.000,0.0,.000,0.0,287,1211,14.4166666667,
Fred Hetzel,MIL,1968-1969, 6-8,SF,26,53,1591,30.0188679245,316,760,.416,.000,.000,.000,211,252,.837,.000,0.0,.000,0.0,473,8.92452830189,83,1.56603773585,.000,0.0,.000,0.0,.000,0.0,193,843,15.9056603774,
Fred Hetzel,CIN,1968-1969, 6-8,SF,26,31,685,22.0967741935,140,287,.488,.000,.000,.000,88,105,.838,.000,0.0,.000,0.0,140,4.51612903226,29,0.935483870968,.000,0.0,.000,0.0,.000,0.0,94,368,11.8709677419,
Fred Hetzel,PHI,1969-1970, 6-8,SF,27,63,757,12.0158730159,156,323,.483,.000,.000,.000,71,85,.835,.000,0.0,.000,0.0,207,3.28571428571,44,0.698412698413,.000,0.0,.000,0.0,.000,0.0,110,383,6.07936507937,
Fred Hetzel,LAL,1970-1971, 6-8,SF,28,59,613,10.3898305085,111,256,.434,.000,.000,.000,60,77,.779,.000,0.0,.000,0.0,149,2.52542372881,37,0.627118644068,.000,0.0,.000,0.0,.000,0.0,99,282,4.77966101695,
