Player,Team,Season,Height,Position,Age,G,MIN,MINPG,FGM,FGA,FGP,TPM,TPA,TPP,FTM,FTA,FTP,ORB,ORBPG,DRB,DRBPG,TRB,TRBPG,AST,ASTPG,STL,STLPG,BLK,BLKPG,TO,TOPG,PF,PTS,PTSPG,
Freddie Boyd,PHI,1972-1973, 6-2,PG,22,82,2351,28.6707317073,362,923,.392,.000,.000,.000,136,200,.680,.000,0.0,.000,0.0,210,2.56097560976,301,3.67073170732,.000,0.0,.000,0.0,.000,0.0,184,860,10.487804878,
Freddie Boyd,PHI,1973-1974, 6-2,PG,23,75,1818,24.24,286,712,.402,.000,.000,.000,141,195,.723,16,0.213333333333,77,1.02666666667,93,1.24,249,3.32,60,0.8,9,0.12,.000,0.0,173,713,9.50666666667,
Freddie Boyd,PHI,1974-1975, 6-2,PG,24,66,1362,20.6363636364,205,495,.414,.000,.000,.000,55,115,.478,16,0.242424242424,73,1.10606060606,89,1.34848484848,161,2.43939393939,43,0.651515151515,4,0.0606060606061,.000,0.0,134,465,7.04545454545,
Freddie Boyd,TOT,1975-1976, 6-2,SG,25,36,617,17.1388888889,74,171,.433,.000,.000,.000,29,51,.569,4,0.111111111111,28,0.777777777778,32,0.888888888889,80,2.22222222222,28,0.777777777778,7,0.194444444444,.000,0.0,59,177,4.91666666667,
Freddie Boyd,PHI,1975-1976, 6-2,PG,25,6,33,5.5,2,6,.333,.000,.000,.000,1,2,.500,0,0.0,2,0.333333333333,2,0.333333333333,2,0.333333333333,1,0.166666666667,0,0.0,.000,0.0,5,5,0.833333333333,
Freddie Boyd,NOJ,1975-1976, 6-2,SG,25,30,584,19.4666666667,72,165,.436,.000,.000,.000,28,49,.571,4,0.133333333333,26,0.866666666667,30,1.0,78,2.6,27,0.9,7,0.233333333333,.000,0.0,54,172,5.73333333333,
Freddie Boyd,NOJ,1976-1977, 6-2,PG,26,47,1212,25.7872340426,194,406,.478,.000,.000,.000,79,98,.806,19,0.404255319149,71,1.51063829787,90,1.91489361702,147,3.12765957447,44,0.936170212766,6,0.127659574468,.000,0.0,78,467,9.93617021277,
Freddie Boyd,NOJ,1977-1978, 6-2,SG,27,21,363,17.2857142857,44,110,.400,.000,.000,.000,14,22,.636,2,0.0952380952381,17,0.809523809524,19,0.904761904762,48,2.28571428571,9,0.428571428571,3,0.142857142857,20,0.952380952381,23,102,4.85714285714,
