Player,Team,Season,Height,Position,Age,G,MIN,MINPG,FGM,FGA,FGP,TPM,TPA,TPP,FTM,FTA,FTP,ORB,ORBPG,DRB,DRBPG,TRB,TRBPG,AST,ASTPG,STL,STLPG,BLK,BLKPG,TO,TOPG,PF,PTS,PTSPG,
Fred Jones,IND,2002-2003, 6-4,SG,23,19,115,6.05263157895,9,24,.375,2,7,.286,3,4,.750,4,0.210526315789,5,0.263157894737,9,0.473684210526,5,0.263157894737,6,0.315789473684,1,0.0526315789474,6,0.315789473684,13,23,1.21052631579,
Fred Jones,IND,2003-2004, 6-4,SG,24,81,1508,18.6172839506,123,311,.395,27,89,.303,124,149,.832,25,0.308641975309,101,1.24691358025,126,1.55555555556,173,2.13580246914,65,0.802469135802,18,0.222222222222,73,0.901234567901,132,397,4.9012345679,
Fred Jones,IND,2004-2005, 6-4,SG,25,77,2268,29.4545454545,275,647,.425,87,229,.380,176,207,.850,34,0.441558441558,208,2.7012987013,242,3.14285714286,196,2.54545454545,61,0.792207792208,31,0.402597402597,114,1.48051948052,171,813,10.5584415584,
Fred Jones,IND,2005-2006, 6-4,SG,26,68,1837,27.0147058824,233,559,.417,63,187,.337,122,160,.763,18,0.264705882353,152,2.23529411765,170,2.5,154,2.26470588235,55,0.808823529412,20,0.294117647059,107,1.57352941176,142,651,9.57352941176,
Fred Jones,TOT,2006-2007, 6-4,SG,27,63,1319,20.9365079365,139,361,.385,39,128,.305,95,114,.833,23,0.365079365079,92,1.46031746032,115,1.8253968254,108,1.71428571429,48,0.761904761905,16,0.253968253968,67,1.06349206349,121,412,6.53968253968,
Fred Jones,TOR,2006-2007, 6-4,SG,27,39,870,22.3076923077,96,249,.386,32,101,.317,73,88,.830,16,0.410256410256,66,1.69230769231,82,2.10256410256,55,1.41025641026,30,0.769230769231,12,0.307692307692,50,1.28205128205,80,297,7.61538461538,
Fred Jones,POR,2006-2007, 6-4,SG,27,24,449,18.7083333333,43,112,.384,7,27,.259,22,26,.846,7,0.291666666667,26,1.08333333333,33,1.375,53,2.20833333333,18,0.75,4,0.166666666667,17,0.708333333333,41,115,4.79166666667,
Fred Jones,NYK,2007-2008, 6-4,SG,28,70,1757,25.1,182,432,.421,74,192,.385,94,126,.746,30,0.428571428571,140,2.0,170,2.42857142857,166,2.37142857143,48,0.685714285714,18,0.257142857143,78,1.11428571429,140,532,7.6,
Fred Jones,LAC,2008-2009, 6-4,SF,29,52,1495,28.75,129,317,.407,54,147,.367,66,81,.815,23,0.442307692308,103,1.98076923077,126,2.42307692308,188,3.61538461538,53,1.01923076923,11,0.211538461538,66,1.26923076923,112,378,7.26923076923,
