Player,Team,Season,Height,Position,Age,G,MIN,MINPG,FGM,FGA,FGP,TPM,TPA,TPP,FTM,FTA,FTP,ORB,ORBPG,DRB,DRBPG,TRB,TRBPG,AST,ASTPG,STL,STLPG,BLK,BLKPG,TO,TOPG,PF,PTS,PTSPG,
Gabe Pruitt,BOS,2007-2008, 6-4,PG,21,15,95,6.33333333333,14,39,.359,3,12,.250,1,2,.500,1,0.0666666666667,7,0.466666666667,8,0.533333333333,13,0.866666666667,5,0.333333333333,0,0.0,5,0.333333333333,10,32,2.13333333333,
Gabe Pruitt,BOS,2008-2009, 6-4,SG,22,47,366,7.78723404255,31,101,.307,14,48,.292,17,21,.810,9,0.191489361702,34,0.723404255319,43,0.914893617021,39,0.829787234043,15,0.31914893617,3,0.063829787234,19,0.404255319149,34,93,1.97872340426,
