Player,Team,Season,Height,Position,Age,G,MIN,MINPG,FGM,FGA,FGP,TPM,TPA,TPP,FTM,FTA,FTP,ORB,ORBPG,DRB,DRBPG,TRB,TRBPG,AST,ASTPG,STL,STLPG,BLK,BLKPG,TO,TOPG,PF,PTS,PTSPG,
Garfield Smith,BOS,1970-1971, 6-9,C,25,37,281,7.59459459459,42,116,.362,.000,.000,.000,22,56,.393,.000,0.0,.000,0.0,95,2.56756756757,9,0.243243243243,.000,0.0,.000,0.0,.000,0.0,53,106,2.86486486486,
Garfield Smith,BOS,1971-1972, 6-9,PF,26,26,134,5.15384615385,28,66,.424,.000,.000,.000,6,31,.194,.000,0.0,.000,0.0,37,1.42307692308,8,0.307692307692,.000,0.0,.000,0.0,.000,0.0,22,62,2.38461538462,
Garfield Smith,SDA,1972-1973, 6-9,C,27,71,1055,14.8591549296,116,244,.475,0,0,.000,28,93,.301,140,1.97183098592,166,2.33802816901,306,4.30985915493,39,0.549295774648,.000,0.0,.000,0.0,33,0.464788732394,197,260,3.66197183099,
