Player,Team,Season,Height,Position,Age,G,MIN,MINPG,FGM,FGA,FGP,TPM,TPA,TPP,FTM,FTA,FTP,ORB,ORBPG,DRB,DRBPG,TRB,TRBPG,AST,ASTPG,STL,STLPG,BLK,BLKPG,TO,TOPG,PF,PTS,PTSPG,
Garret Siler,PHO,2010-2011, 6-11,C,24,21,101,4.80952380952,17,31,.548,0,0,.000,11,22,.500,16,0.761904761905,12,0.571428571429,28,1.33333333333,3,0.142857142857,1,0.047619047619,4,0.190476190476,10,0.47619047619,20,45,2.14285714286,
