Player,Team,Season,Height,Position,Age,G,MIN,MINPG,FGM,FGA,FGP,TPM,TPA,TPP,FTM,FTA,FTP,ORB,ORBPG,DRB,DRBPG,TRB,TRBPG,AST,ASTPG,STL,STLPG,BLK,BLKPG,TO,TOPG,PF,PTS,PTSPG,
Gary Forbes,DEN,2010-2011, 6-7,SF,25,63,791,12.5555555556,124,273,.454,19,58,.328,59,87,.678,28,0.444444444444,88,1.39682539683,116,1.84126984127,49,0.777777777778,23,0.365079365079,6,0.0952380952381,46,0.730158730159,77,326,5.1746031746,
Gary Forbes,TOR,2011-2012, 6-7,SG,26,48,713,14.8541666667,112,271,.413,29,83,.349,66,91,.725,27,0.5625,75,1.5625,102,2.125,54,1.125,24,0.5,4,0.0833333333333,54,1.125,56,319,6.64583333333,
