Player,Team,Season,Height,Position,Age,G,MIN,MINPG,FGM,FGA,FGP,TPM,TPA,TPP,FTM,FTA,FTP,ORB,ORBPG,DRB,DRBPG,TRB,TRBPG,AST,ASTPG,STL,STLPG,BLK,BLKPG,TO,TOPG,PF,PTS,PTSPG,
Gary Brokaw,MIL,1974-1975, 6-4,SG,21,73,1639,22.4520547945,234,514,.455,.000,.000,.000,126,184,.685,36,0.493150684932,111,1.52054794521,147,2.01369863014,221,3.02739726027,31,0.424657534247,18,0.246575342466,.000,0.0,176,594,8.13698630137,
Gary Brokaw,MIL,1975-1976, 6-4,SG,22,75,1468,19.5733333333,237,519,.457,.000,.000,.000,159,227,.700,26,0.346666666667,99,1.32,125,1.66666666667,246,3.28,37,0.493333333333,17,0.226666666667,.000,0.0,138,633,8.44,
Gary Brokaw,TOT,1976-1977, 6-4,SG,23,80,1487,18.5875,242,564,.429,.000,.000,.000,163,219,.744,22,0.275,101,1.2625,123,1.5375,228,2.85,36,0.45,36,0.45,.000,0.0,164,647,8.0875,
Gary Brokaw,MIL,1976-1977, 6-4,SG,23,41,891,21.7317073171,130,324,.401,.000,.000,.000,105,137,.766,10,0.243902439024,54,1.31707317073,64,1.56097560976,111,2.70731707317,22,0.536585365854,23,0.560975609756,.000,0.0,85,365,8.90243902439,
Gary Brokaw,CLE,1976-1977, 6-4,SG,23,39,596,15.2820512821,112,240,.467,.000,.000,.000,58,82,.707,12,0.307692307692,47,1.20512820513,59,1.51282051282,117,3.0,14,0.358974358974,13,0.333333333333,.000,0.0,79,282,7.23076923077,
Gary Brokaw,BUF,1977-1978, 6-4,SG,24,13,130,10.0,18,43,.419,.000,.000,.000,18,24,.750,3,0.230769230769,9,0.692307692308,12,0.923076923077,20,1.53846153846,3,0.230769230769,5,0.384615384615,12,0.923076923077,11,54,4.15384615385,
