Player,Team,Season,Height,Position,Age,G,MIN,MINPG,FGM,FGA,FGP,TPM,TPA,TPP,FTM,FTA,FTP,ORB,ORBPG,DRB,DRBPG,TRB,TRBPG,AST,ASTPG,STL,STLPG,BLK,BLKPG,TO,TOPG,PF,PTS,PTSPG,
Gary Hill,SFW,1963-1964, 6-4,SG,22,67,1015,15.1492537313,146,384,.380,.000,.000,.000,51,77,.662,.000,0.0,.000,0.0,114,1.70149253731,103,1.53731343284,.000,0.0,.000,0.0,.000,0.0,165,343,5.11940298507,
Gary Hill,TOT,1964-1965, 6-4,SG,23,12,103,8.58333333333,10,36,.278,.000,.000,.000,7,14,.500,.000,0.0,.000,0.0,16,1.33333333333,7,0.583333333333,.000,0.0,.000,0.0,.000,0.0,11,27,2.25,
Gary Hill,SFW,1964-1965, 6-4,SG,23,9,88,9.77777777778,10,35,.286,.000,.000,.000,7,14,.500,.000,0.0,.000,0.0,15,1.66666666667,6,0.666666666667,.000,0.0,.000,0.0,.000,0.0,10,27,3.0,
Gary Hill,BAL,1964-1965, 6-4,SG,23,3,15,5.0,0,1,.000,.000,.000,.000,0,0,.000,.000,0.0,.000,0.0,1,0.333333333333,1,0.333333333333,.000,0.0,.000,0.0,.000,0.0,1,0,0.0,
