Player,Team,Season,Height,Position,Age,G,MIN,MINPG,FGM,FGA,FGP,TPM,TPA,TPP,FTM,FTA,FTP,ORB,ORBPG,DRB,DRBPG,TRB,TRBPG,AST,ASTPG,STL,STLPG,BLK,BLKPG,TO,TOPG,PF,PTS,PTSPG,
Gary Freeman,TOT,1970-1971, 6-9,SF,22,52,382,7.34615384615,69,134,.515,.000,.000,.000,29,40,.725,.000,0.0,.000,0.0,106,2.03846153846,35,0.673076923077,.000,0.0,.000,0.0,.000,0.0,67,167,3.21153846154,
Gary Freeman,MIL,1970-1971, 6-9,SF,22,41,335,8.17073170732,62,122,.508,.000,.000,.000,28,38,.737,.000,0.0,.000,0.0,98,2.39024390244,31,0.756097560976,.000,0.0,.000,0.0,.000,0.0,63,152,3.70731707317,
Gary Freeman,CLE,1970-1971, 6-9,SF,22,11,47,4.27272727273,7,12,.583,.000,.000,.000,1,2,.500,.000,0.0,.000,0.0,8,0.727272727273,4,0.363636363636,.000,0.0,.000,0.0,.000,0.0,4,15,1.36363636364,
