Player,Team,Season,Height,Position,Age,G,MIN,MINPG,FGM,FGA,FGP,TPM,TPA,TPP,FTM,FTA,FTP,ORB,ORBPG,DRB,DRBPG,TRB,TRBPG,AST,ASTPG,STL,STLPG,BLK,BLKPG,TO,TOPG,PF,PTS,PTSPG,
Gary Melchionni,PHO,1973-1974, 6-2,PG,23,69,1251,18.1304347826,202,439,.460,.000,.000,.000,92,107,.860,46,0.666666666667,96,1.39130434783,142,2.05797101449,142,2.05797101449,41,0.594202898551,9,0.130434782609,.000,0.0,85,496,7.1884057971,
Gary Melchionni,PHO,1974-1975, 6-2,SG,24,68,1529,22.4852941176,232,539,.430,.000,.000,.000,114,141,.809,45,0.661764705882,142,2.08823529412,187,2.75,156,2.29411764706,48,0.705882352941,12,0.176470588235,.000,0.0,116,578,8.5,
