Player,Team,Season,Height,Position,Age,G,MIN,MINPG,FGM,FGA,FGP,TPM,TPA,TPP,FTM,FTA,FTP,ORB,ORBPG,DRB,DRBPG,TRB,TRBPG,AST,ASTPG,STL,STLPG,BLK,BLKPG,TO,TOPG,PF,PTS,PTSPG,
Gary Neal,SAS,2010-2011, 6-4,SG,26,80,1685,21.0625,285,632,.451,129,308,.419,84,104,.808,21,0.2625,175,2.1875,196,2.45,96,1.2,27,0.3375,4,0.05,78,0.975,148,783,9.7875,
Gary Neal,SAS,2011-2012, 6-4,SG,27,56,1206,21.5357142857,212,486,.436,83,198,.419,50,64,.781,12,0.214285714286,106,1.89285714286,118,2.10714285714,117,2.08928571429,27,0.482142857143,2,0.0357142857143,60,1.07142857143,75,557,9.94642857143,
Gary Neal,SAS,2012-2013, 6-4,SG,28,55,1190,21.6363636364,189,467,.405,67,191,.351,50,58,.862,12,0.218181818182,102,1.85454545455,114,2.07272727273,96,1.74545454545,23,0.418181818182,2,0.0363636363636,58,1.05454545455,74,495,9.0,
