Player,Team,Season,Height,Position,Age,G,MIN,MINPG,FGM,FGA,FGP,TPM,TPA,TPP,FTM,FTA,FTP,ORB,ORBPG,DRB,DRBPG,TRB,TRBPG,AST,ASTPG,STL,STLPG,BLK,BLKPG,TO,TOPG,PF,PTS,PTSPG,
Gary Leonard,MIN,1989-1990, 7-1,C,22,22,127,5.77272727273,13,31,.419,0,1,.000,6,14,.429,10,0.454545454545,17,0.772727272727,27,1.22727272727,1,0.0454545454545,3,0.136363636364,9,0.409090909091,8,0.363636363636,26,32,1.45454545455,
Gary Leonard,ATL,1990-1991, 7-1,C,23,4,9,2.25,0,0,.000,0,0,.000,2,4,.500,0,0.0,2,0.5,2,0.5,0,0.0,0,0.0,1,0.25,0,0.0,2,2,0.5,
Gary Leonard,ATL,1991-1992, 7-1,C,24,5,13,2.6,4,6,.667,0,0,.000,2,2,1.000,3,0.6,2,0.4,5,1.0,1,0.2,1,0.2,0,0.0,1,0.2,3,10,2.0,
