Player,Team,Season,Height,Position,Age,G,MIN,MINPG,FGM,FGA,FGP,TPM,TPA,TPP,FTM,FTA,FTP,ORB,ORBPG,DRB,DRBPG,TRB,TRBPG,AST,ASTPG,STL,STLPG,BLK,BLKPG,TO,TOPG,PF,PTS,PTSPG,
Gary Alexander,TOT,1993-1994, 6-7,PF,24,11,55,5.0,8,14,.571,0,0,.000,3,9,.333,7,0.636363636364,8,0.727272727273,15,1.36363636364,2,0.181818181818,3,0.272727272727,0,0.0,8,0.727272727273,10,19,1.72727272727,
Gary Alexander,MIA,1993-1994, 6-7,PF,24,4,12,3.0,1,2,.500,0,0,.000,0,2,.000,1,0.25,2,0.5,3,0.75,1,0.25,0,0.0,0,0.0,1,0.25,3,2,0.5,
Gary Alexander,CLE,1993-1994, 6-7,PF,24,7,43,6.14285714286,7,12,.583,0,0,.000,3,7,.429,6,0.857142857143,6,0.857142857143,12,1.71428571429,1,0.142857142857,3,0.428571428571,0,0.0,7,1.0,7,17,2.42857142857,
