Player,Team,Season,Height,Position,Age,G,MIN,MINPG,FGM,FGA,FGP,TPM,TPA,TPP,FTM,FTA,FTP,ORB,ORBPG,DRB,DRBPG,TRB,TRBPG,AST,ASTPG,STL,STLPG,BLK,BLKPG,TO,TOPG,PF,PTS,PTSPG,
Geert Hammink,ORL,1993-1994, 7-0,C,24,1,3,3.0,1,3,.333,0,0,.000,0,0,.000,1,1.0,0,0.0,1,1.0,1,1.0,0,0.0,0,0.0,0,0.0,1,2,2.0,
Geert Hammink,ORL,1994-1995, 7-0,C,25,1,7,7.0,1,3,.333,0,0,.000,2,2,1.000,0,0.0,2,2.0,2,2.0,1,1.0,0,0.0,0,0.0,0,0.0,1,4,4.0,
Geert Hammink,TOT,1995-1996, 7-0,C,26,6,17,2.83333333333,2,4,.500,0,0,.000,4,7,.571,2,0.333333333333,2,0.333333333333,4,0.666666666667,0,0.0,0,0.0,0,0.0,2,0.333333333333,2,8,1.33333333333,
Geert Hammink,ORL,1995-1996, 7-0,C,26,3,7,2.33333333333,1,2,.500,0,0,.000,2,4,.500,2,0.666666666667,1,0.333333333333,3,1.0,0,0.0,0,0.0,0,0.0,2,0.666666666667,1,4,1.33333333333,
Geert Hammink,GSW,1995-1996, 7-0,C,26,3,10,3.33333333333,1,2,.500,0,0,.000,2,3,.667,0,0.0,1,0.333333333333,1,0.333333333333,0,0.0,0,0.0,0,0.0,0,0.0,1,4,1.33333333333,
