Player,Team,Season,Height,Position,Age,G,MIN,MINPG,FGM,FGA,FGP,TPM,TPA,TPP,FTM,FTA,FTP,ORB,ORBPG,DRB,DRBPG,TRB,TRBPG,AST,ASTPG,STL,STLPG,BLK,BLKPG,TO,TOPG,PF,PTS,PTSPG,
Gene Vance,CHS,1947-1948, 6-3,,24,48,.000,0.0,163,617,.264,.000,.000,.000,76,126,.603,.000,0.0,.000,0.0,.000,0.0,49,1.02083333333,.000,0.0,.000,0.0,.000,0.0,193,402,8.375,
Gene Vance,CHS,1948-1949, 6-3,,25,56,.000,0.0,222,657,.338,.000,.000,.000,131,181,.724,.000,0.0,.000,0.0,.000,0.0,167,2.98214285714,.000,0.0,.000,0.0,.000,0.0,217,575,10.2678571429,
Gene Vance,TRI,1949-1950, 6-3,,26,35,.000,0.0,110,325,.338,.000,.000,.000,86,120,.717,.000,0.0,.000,0.0,.000,0.0,121,3.45714285714,.000,0.0,.000,0.0,.000,0.0,145,306,8.74285714286,
Gene Vance,TRI,1950-1951, 6-3,,27,29,.000,0.0,46,114,.404,.000,.000,.000,47,67,.701,.000,0.0,.000,0.0,94,3.24137931034,57,1.96551724138,.000,0.0,.000,0.0,.000,0.0,98,139,4.79310344828,
Gene Vance,MLH,1951-1952, 6-3,,28,7,118,16.8571428571,7,26,.269,.000,.000,.000,9,14,.643,.000,0.0,.000,0.0,15,2.14285714286,9,1.28571428571,.000,0.0,.000,0.0,.000,0.0,18,23,3.28571428571,
