Player,Team,Season,Height,Position,Age,G,MIN,MINPG,FGM,FGA,FGP,TPM,TPA,TPP,FTM,FTA,FTP,ORB,ORBPG,DRB,DRBPG,TRB,TRBPG,AST,ASTPG,STL,STLPG,BLK,BLKPG,TO,TOPG,PF,PTS,PTSPG,
Gene Tormohlen,STL,1962-1963, 6-8,C,25,7,47,6.71428571429,5,10,.500,.000,.000,.000,2,10,.200,.000,0.0,.000,0.0,15,2.14285714286,5,0.714285714286,.000,0.0,.000,0.0,.000,0.0,11,12,1.71428571429,
Gene Tormohlen,STL,1963-1964, 6-8,C,26,51,640,12.5490196078,94,250,.376,.000,.000,.000,22,46,.478,.000,0.0,.000,0.0,216,4.23529411765,50,0.980392156863,.000,0.0,.000,0.0,.000,0.0,128,210,4.11764705882,
Gene Tormohlen,STL,1965-1966, 6-8,C,28,71,775,10.9154929577,144,324,.444,.000,.000,.000,54,82,.659,.000,0.0,.000,0.0,314,4.42253521127,60,0.845070422535,.000,0.0,.000,0.0,.000,0.0,138,342,4.81690140845,
Gene Tormohlen,STL,1966-1967, 6-8,C,29,63,1036,16.4444444444,172,403,.427,.000,.000,.000,50,84,.595,.000,0.0,.000,0.0,347,5.50793650794,73,1.15873015873,.000,0.0,.000,0.0,.000,0.0,177,394,6.25396825397,
Gene Tormohlen,STL,1967-1968, 6-8,C,30,77,714,9.27272727273,98,262,.374,.000,.000,.000,33,56,.589,.000,0.0,.000,0.0,226,2.93506493506,68,0.883116883117,.000,0.0,.000,0.0,.000,0.0,94,229,2.97402597403,
Gene Tormohlen,ATL,1969-1970, 6-8,C,32,2,11,5.5,2,4,.500,.000,.000,.000,0,0,.000,.000,0.0,.000,0.0,4,2.0,1,0.5,.000,0.0,.000,0.0,.000,0.0,3,4,2.0,
