Player,Team,Season,Height,Position,Age,G,MIN,MINPG,FGM,FGA,FGP,TPM,TPA,TPP,FTM,FTA,FTP,ORB,ORBPG,DRB,DRBPG,TRB,TRBPG,AST,ASTPG,STL,STLPG,BLK,BLKPG,TO,TOPG,PF,PTS,PTSPG,
Gene Englund,TOT,1949-1950, 6-5,,32,46,.000,0.0,104,274,.380,.000,.000,.000,152,192,.792,.000,0.0,.000,0.0,.000,0.0,41,0.891304347826,.000,0.0,.000,0.0,.000,0.0,167,360,7.82608695652,
Gene Englund,BOS,1949-1950, 6-5,,32,24,.000,0.0,55,148,.372,.000,.000,.000,86,106,.811,.000,0.0,.000,0.0,.000,0.0,17,0.708333333333,.000,0.0,.000,0.0,.000,0.0,97,196,8.16666666667,
Gene Englund,TRI,1949-1950, 6-5,,32,22,.000,0.0,49,126,.389,.000,.000,.000,66,86,.767,.000,0.0,.000,0.0,.000,0.0,24,1.09090909091,.000,0.0,.000,0.0,.000,0.0,70,164,7.45454545455,
