Player,Team,Season,Height,Position,Age,G,MIN,MINPG,FGM,FGA,FGP,TPM,TPA,TPP,FTM,FTA,FTP,ORB,ORBPG,DRB,DRBPG,TRB,TRBPG,AST,ASTPG,STL,STLPG,BLK,BLKPG,TO,TOPG,PF,PTS,PTSPG,
Gene Guarilia,BOS,1959-1960, 6-5,SF,22,48,423,8.8125,58,154,.377,.000,.000,.000,29,41,.707,.000,0.0,.000,0.0,85,1.77083333333,18,0.375,.000,0.0,.000,0.0,.000,0.0,57,145,3.02083333333,
Gene Guarilia,BOS,1960-1961, 6-5,SF,23,25,209,8.36,38,94,.404,.000,.000,.000,3,10,.300,.000,0.0,.000,0.0,71,2.84,5,0.2,.000,0.0,.000,0.0,.000,0.0,28,79,3.16,
Gene Guarilia,BOS,1961-1962, 6-5,SF,24,45,367,8.15555555556,61,161,.379,.000,.000,.000,41,64,.641,.000,0.0,.000,0.0,124,2.75555555556,11,0.244444444444,.000,0.0,.000,0.0,.000,0.0,56,163,3.62222222222,
Gene Guarilia,BOS,1962-1963, 6-5,SF,25,11,83,7.54545454545,11,38,.289,.000,.000,.000,4,11,.364,.000,0.0,.000,0.0,14,1.27272727273,2,0.181818181818,.000,0.0,.000,0.0,.000,0.0,5,26,2.36363636364,
