Player,Team,Season,Height,Position,Age,G,MIN,MINPG,FGM,FGA,FGP,TPM,TPA,TPP,FTM,FTA,FTP,ORB,ORBPG,DRB,DRBPG,TRB,TRBPG,AST,ASTPG,STL,STLPG,BLK,BLKPG,TO,TOPG,PF,PTS,PTSPG,
Gene Banks,SAS,1981-1982, 6-7,SF,22,80,1700,21.25,311,652,.477,0,8,.000,145,212,.684,157,1.9625,254,3.175,411,5.1375,147,1.8375,55,0.6875,17,0.2125,106,1.325,199,767,9.5875,
Gene Banks,SAS,1982-1983, 6-7,PF,23,81,2722,33.6049382716,505,919,.550,0,5,.000,196,278,.705,222,2.74074074074,390,4.81481481481,612,7.55555555556,279,3.44444444444,78,0.962962962963,21,0.259259259259,171,2.11111111111,229,1206,14.8888888889,
Gene Banks,SAS,1983-1984, 6-7,PF,24,80,2600,32.5,424,747,.568,1,6,.167,200,270,.741,204,2.55,378,4.725,582,7.275,254,3.175,105,1.3125,23,0.2875,166,2.075,256,1049,13.1125,
Gene Banks,SAS,1984-1985, 6-7,SF,25,82,2091,25.5,289,493,.586,1,3,.333,199,257,.774,133,1.62195121951,312,3.80487804878,445,5.42682926829,234,2.85365853659,65,0.792682926829,13,0.158536585366,140,1.70731707317,220,778,9.48780487805,
Gene Banks,CHI,1985-1986, 6-7,SF,26,82,2139,26.0853658537,356,688,.517,0,19,.000,183,255,.718,178,2.17073170732,182,2.21951219512,360,4.39024390244,251,3.06097560976,81,0.987804878049,10,0.121951219512,139,1.69512195122,212,895,10.9146341463,
Gene Banks,CHI,1986-1987, 6-7,SF,27,63,1822,28.9206349206,249,462,.539,0,5,.000,112,146,.767,115,1.8253968254,193,3.06349206349,308,4.88888888889,170,2.69841269841,52,0.825396825397,17,0.269841269841,113,1.79365079365,173,610,9.68253968254,
