Player,Team,Season,Height,Position,Age,G,MIN,MINPG,FGM,FGA,FGP,TPM,TPA,TPP,FTM,FTA,FTP,ORB,ORBPG,DRB,DRBPG,TRB,TRBPG,AST,ASTPG,STL,STLPG,BLK,BLKPG,TO,TOPG,PF,PTS,PTSPG,
Gene Wiley,LAL,1962-1963, 6-10,C,25,75,1488,19.84,109,236,.462,.000,.000,.000,23,68,.338,.000,0.0,.000,0.0,504,6.72,40,0.533333333333,.000,0.0,.000,0.0,.000,0.0,180,241,3.21333333333,
Gene Wiley,LAL,1963-1964, 6-10,C,26,78,1510,19.358974359,146,273,.535,.000,.000,.000,45,75,.600,.000,0.0,.000,0.0,510,6.53846153846,44,0.564102564103,.000,0.0,.000,0.0,.000,0.0,225,337,4.32051282051,
Gene Wiley,LAL,1964-1965, 6-10,C,27,80,2002,25.025,175,376,.465,.000,.000,.000,56,111,.505,.000,0.0,.000,0.0,690,8.625,105,1.3125,.000,0.0,.000,0.0,.000,0.0,235,406,5.075,
Gene Wiley,LAL,1965-1966, 6-10,C,28,67,1386,20.6865671642,123,289,.426,.000,.000,.000,43,76,.566,.000,0.0,.000,0.0,490,7.31343283582,63,0.940298507463,.000,0.0,.000,0.0,.000,0.0,171,289,4.31343283582,
Gene Wiley,TOT,1967-1968, 6-10,C,30,9,85,9.44444444444,7,20,.350,0,0,.000,4,8,.500,.000,0.0,.000,0.0,20,2.22222222222,2,0.222222222222,.000,0.0,.000,0.0,2,0.222222222222,10,18,2.0,
Gene Wiley,OAK,1967-1968, 6-10,C,30,8,64,8.0,7,19,.368,0,0,.000,3,5,.600,.000,0.0,.000,0.0,17,2.125,2,0.25,.000,0.0,.000,0.0,0,0.0,7,17,2.125,
Gene Wiley,DLC,1967-1968, 6-10,C,30,1,21,21.0,0,1,.000,0,0,.000,1,3,.333,.000,0.0,.000,0.0,3,3.0,0,0.0,.000,0.0,.000,0.0,2,2.0,3,1,1.0,
