Player,Team,Season,Height,Position,Age,G,MIN,MINPG,FGM,FGA,FGP,TPM,TPA,TPP,FTM,FTA,FTP,ORB,ORBPG,DRB,DRBPG,TRB,TRBPG,AST,ASTPG,STL,STLPG,BLK,BLKPG,TO,TOPG,PF,PTS,PTSPG,
Gene Littles,CAR,1969-1970, 6-0,PG,26,82,2832,34.5365853659,414,817,.507,0,3,.000,197,254,.776,154,1.87804878049,261,3.18292682927,415,5.06097560976,282,3.43902439024,.000,0.0,.000,0.0,157,1.91463414634,255,1025,12.5,
Gene Littles,CAR,1970-1971, 6-0,PG,27,70,1495,21.3571428571,223,501,.445,4,14,.286,117,168,.696,81,1.15714285714,124,1.77142857143,205,2.92857142857,173,2.47142857143,.000,0.0,.000,0.0,80,1.14285714286,175,567,8.1,
Gene Littles,CAR,1971-1972, 6-0,PG,28,69,2006,29.0724637681,280,605,.463,7,26,.269,178,237,.751,122,1.76811594203,154,2.23188405797,276,4.0,237,3.4347826087,.000,0.0,.000,0.0,104,1.50724637681,180,745,10.7971014493,
Gene Littles,CAR,1972-1973, 6-0,PG,29,84,2060,24.5238095238,310,622,.498,8,30,.267,179,246,.728,104,1.2380952381,158,1.88095238095,262,3.11904761905,245,2.91666666667,120,1.42857142857,.000,0.0,125,1.4880952381,198,807,9.60714285714,
Gene Littles,CAR,1973-1974, 6-0,PG,30,84,2017,24.0119047619,294,626,.470,4,23,.174,115,161,.714,87,1.03571428571,144,1.71428571429,231,2.75,280,3.33333333333,105,1.25,17,0.202380952381,122,1.45238095238,159,707,8.41666666667,
Gene Littles,KEN,1974-1975, 6-0,PG,31,61,900,14.7540983607,85,202,.421,2,8,.250,43,58,.741,30,0.491803278689,56,0.918032786885,86,1.40983606557,119,1.95081967213,52,0.852459016393,4,0.0655737704918,62,1.01639344262,81,215,3.52459016393,
