Player,Team,Season,Height,Position,Age,G,MIN,MINPG,FGM,FGA,FGP,TPM,TPA,TPP,FTM,FTA,FTP,ORB,ORBPG,DRB,DRBPG,TRB,TRBPG,AST,ASTPG,STL,STLPG,BLK,BLKPG,TO,TOPG,PF,PTS,PTSPG,
Gene James,NYK,1948-1949, 6-4,,23,11,.000,0.0,18,48,.375,.000,.000,.000,6,12,.500,.000,0.0,.000,0.0,.000,0.0,5,0.454545454545,.000,0.0,.000,0.0,.000,0.0,20,42,3.81818181818,
Gene James,NYK,1949-1950, 6-4,,24,29,.000,0.0,19,64,.297,.000,.000,.000,14,31,.452,.000,0.0,.000,0.0,.000,0.0,20,0.689655172414,.000,0.0,.000,0.0,.000,0.0,53,52,1.79310344828,
Gene James,TOT,1950-1951, 6-4,,25,48,.000,0.0,79,235,.336,.000,.000,.000,44,71,.620,.000,0.0,.000,0.0,141,2.9375,70,1.45833333333,.000,0.0,.000,0.0,.000,0.0,118,202,4.20833333333,
Gene James,NYK,1950-1951, 6-4,,25,6,.000,0.0,1,3,.333,.000,.000,.000,1,2,.500,.000,0.0,.000,0.0,4,0.666666666667,4,0.666666666667,.000,0.0,.000,0.0,.000,0.0,7,3,0.5,
Gene James,BLB,1950-1951, 6-4,,25,42,.000,0.0,78,232,.336,.000,.000,.000,43,69,.623,.000,0.0,.000,0.0,137,3.2619047619,66,1.57142857143,.000,0.0,.000,0.0,.000,0.0,111,199,4.7380952381,
