Player,Team,Season,Height,Position,Age,G,MIN,MINPG,FGM,FGA,FGP,TPM,TPA,TPP,FTM,FTA,FTP,ORB,ORBPG,DRB,DRBPG,TRB,TRBPG,AST,ASTPG,STL,STLPG,BLK,BLKPG,TO,TOPG,PF,PTS,PTSPG,
Gene Moore,KEN,1968-1969, 6-9,C,23,76,2026,26.6578947368,417,920,.453,0,2,.000,204,290,.703,318,4.18421052632,499,6.56578947368,817,10.75,90,1.18421052632,.000,0.0,.000,0.0,160,2.10526315789,311,1038,13.6578947368,
Gene Moore,KEN,1969-1970, 6-9,C,24,83,2613,31.4819277108,630,1390,.453,2,4,.500,209,311,.672,345,4.15662650602,657,7.9156626506,1002,12.0722891566,188,2.26506024096,.000,0.0,.000,0.0,304,3.66265060241,382,1471,17.7228915663,
Gene Moore,TEX,1970-1971, 6-9,C,25,84,2243,26.7023809524,467,972,.480,2,6,.333,189,280,.675,285,3.39285714286,565,6.72619047619,850,10.119047619,101,1.20238095238,.000,0.0,.000,0.0,231,2.75,303,1125,13.3928571429,
Gene Moore,TOT,1971-1972, 6-9,C,26,77,1412,18.3376623377,253,545,.464,1,3,.333,89,120,.742,179,2.32467532468,304,3.94805194805,483,6.27272727273,53,0.688311688312,.000,0.0,.000,0.0,150,1.94805194805,221,596,7.74025974026,
Gene Moore,DLC,1971-1972, 6-9,C,26,9,263,29.2222222222,41,100,.410,0,0,.000,12,14,.857,30,3.33333333333,44,4.88888888889,74,8.22222222222,13,1.44444444444,.000,0.0,.000,0.0,24,2.66666666667,43,94,10.4444444444,
Gene Moore,NYA,1971-1972, 6-9,C,26,68,1149,16.8970588235,212,445,.476,1,3,.333,77,106,.726,149,2.19117647059,260,3.82352941176,409,6.01470588235,40,0.588235294118,.000,0.0,.000,0.0,126,1.85294117647,178,502,7.38235294118,
Gene Moore,SDA,1972-1973, 6-9,C,27,83,2481,29.8915662651,400,804,.498,4,11,.364,180,260,.692,324,3.90361445783,550,6.6265060241,874,10.5301204819,152,1.8313253012,.000,0.0,149,1.79518072289,227,2.73493975904,369,984,11.8554216867,
Gene Moore,SDA,1973-1974, 6-9,C,28,49,897,18.306122449,154,340,.453,1,7,.143,41,85,.482,96,1.95918367347,196,4.0,292,5.95918367347,59,1.20408163265,26,0.530612244898,51,1.04081632653,74,1.51020408163,133,350,7.14285714286,
Gene Moore,SSL,1974-1975, 6-9,C,29,13,108,8.30769230769,13,32,.406,0,0,.000,4,4,1.000,15,1.15384615385,27,2.07692307692,42,3.23076923077,5,0.384615384615,4,0.307692307692,7,0.538461538462,12,0.923076923077,11,30,2.30769230769,
