Player,Team,Season,Height,Position,Age,G,MIN,MINPG,FGM,FGA,FGP,TPM,TPA,TPP,FTM,FTA,FTP,ORB,ORBPG,DRB,DRBPG,TRB,TRBPG,AST,ASTPG,STL,STLPG,BLK,BLKPG,TO,TOPG,PF,PTS,PTSPG,
George Hill,SAS,2008-2009, 6-2,PG,22,77,1270,16.4935064935,150,372,.403,24,73,.329,114,146,.781,30,0.38961038961,128,1.66233766234,158,2.05194805195,136,1.76623376623,45,0.584415584416,21,0.272727272727,74,0.961038961039,150,438,5.68831168831,
George Hill,SAS,2009-2010, 6-2,PG,23,78,2276,29.1794871795,353,738,.478,75,188,.399,183,237,.772,42,0.538461538462,163,2.08974358974,205,2.62820512821,226,2.89743589744,69,0.884615384615,26,0.333333333333,101,1.29487179487,222,964,12.358974359,
George Hill,SAS,2010-2011, 6-2,PG,24,76,2148,28.2631578947,287,633,.453,77,204,.377,233,270,.863,24,0.315789473684,175,2.30263157895,199,2.61842105263,193,2.53947368421,66,0.868421052632,21,0.276315789474,99,1.30263157895,153,884,11.6315789474,
George Hill,IND,2011-2012, 6-2,PG,25,50,1274,25.48,168,380,.442,54,147,.367,91,117,.778,31,0.62,120,2.4,151,3.02,145,2.9,42,0.84,17,0.34,52,1.04,98,481,9.62,
George Hill,IND,2012-2013, 6-2,PG,26,61,2113,34.6393442623,321,709,.453,106,283,.375,137,170,.806,37,0.606557377049,203,3.32786885246,240,3.93442622951,291,4.77049180328,60,0.983606557377,23,0.377049180328,101,1.65573770492,108,885,14.5081967213,
