Player,Team,Season,Height,Position,Age,G,MIN,MINPG,FGM,FGA,FGP,TPM,TPA,TPP,FTM,FTA,FTP,ORB,ORBPG,DRB,DRBPG,TRB,TRBPG,AST,ASTPG,STL,STLPG,BLK,BLKPG,TO,TOPG,PF,PTS,PTSPG,
George Bucci,NYA,1975-1976, 6-3,SG,22,33,237,7.18181818182,50,124,.403,0,4,.000,28,41,.683,15,0.454545454545,22,0.666666666667,37,1.12121212121,15,0.454545454545,12,0.363636363636,3,0.0909090909091,22,0.666666666667,19,128,3.87878787879,
