Player,Team,Season,Height,Position,Age,G,MIN,MINPG,FGM,FGA,FGP,TPM,TPA,TPP,FTM,FTA,FTP,ORB,ORBPG,DRB,DRBPG,TRB,TRBPG,AST,ASTPG,STL,STLPG,BLK,BLKPG,TO,TOPG,PF,PTS,PTSPG,
George Senesky,PHW,1946-1947, 6-2,PG,24,58,.000,0.0,142,531,.267,.000,.000,.000,82,124,.661,.000,0.0,.000,0.0,.000,0.0,34,0.586206896552,.000,0.0,.000,0.0,.000,0.0,83,366,6.31034482759,
George Senesky,PHW,1947-1948, 6-2,PG,25,47,.000,0.0,158,570,.277,.000,.000,.000,98,147,.667,.000,0.0,.000,0.0,.000,0.0,52,1.10638297872,.000,0.0,.000,0.0,.000,0.0,90,414,8.8085106383,
George Senesky,PHW,1948-1949, 6-2,PG,26,60,.000,0.0,138,516,.267,.000,.000,.000,111,152,.730,.000,0.0,.000,0.0,.000,0.0,233,3.88333333333,.000,0.0,.000,0.0,.000,0.0,133,387,6.45,
George Senesky,PHW,1949-1950, 6-2,PG,27,68,.000,0.0,227,709,.320,.000,.000,.000,157,223,.704,.000,0.0,.000,0.0,.000,0.0,264,3.88235294118,.000,0.0,.000,0.0,.000,0.0,164,611,8.98529411765,
George Senesky,PHW,1950-1951, 6-2,PG,28,65,.000,0.0,249,703,.354,.000,.000,.000,181,238,.761,.000,0.0,.000,0.0,326,5.01538461538,342,5.26153846154,.000,0.0,.000,0.0,.000,0.0,144,679,10.4461538462,
George Senesky,PHW,1951-1952, 6-2,PG,29,57,1925,33.7719298246,164,454,.361,.000,.000,.000,146,194,.753,.000,0.0,.000,0.0,232,4.0701754386,280,4.91228070175,.000,0.0,.000,0.0,.000,0.0,123,474,8.31578947368,
George Senesky,PHW,1952-1953, 6-2,PG,30,69,2336,33.8550724638,160,485,.330,.000,.000,.000,93,146,.637,.000,0.0,.000,0.0,254,3.68115942029,264,3.82608695652,.000,0.0,.000,0.0,.000,0.0,166,413,5.98550724638,
George Senesky,PHW,1953-1954, 6-2,PG,31,58,771,13.2931034483,41,119,.345,.000,.000,.000,29,53,.547,.000,0.0,.000,0.0,66,1.13793103448,84,1.44827586207,.000,0.0,.000,0.0,.000,0.0,79,111,1.91379310345,
