Player,Team,Season,Height,Position,Age,G,MIN,MINPG,FGM,FGA,FGP,TPM,TPA,TPP,FTM,FTA,FTP,ORB,ORBPG,DRB,DRBPG,TRB,TRBPG,AST,ASTPG,STL,STLPG,BLK,BLKPG,TO,TOPG,PF,PTS,PTSPG,
George Irvine,VIR,1970-1971, 6-6,SF,22,34,338,9.94117647059,83,149,.557,2,8,.250,26,35,.743,21,0.617647058824,44,1.29411764706,65,1.91176470588,25,0.735294117647,.000,0.0,.000,0.0,25,0.735294117647,67,194,5.70588235294,
George Irvine,VIR,1971-1972, 6-6,SF,23,75,1362,18.16,200,397,.504,3,10,.300,54,75,.720,82,1.09333333333,135,1.8,217,2.89333333333,70,0.933333333333,.000,0.0,.000,0.0,74,0.986666666667,202,457,6.09333333333,
George Irvine,VIR,1972-1973, 6-6,SF,24,79,2075,26.2658227848,424,805,.527,7,33,.212,169,203,.833,108,1.36708860759,188,2.37974683544,296,3.74683544304,149,1.88607594937,.000,0.0,.000,0.0,138,1.74683544304,267,1024,12.9620253165,
George Irvine,VIR,1973-1974, 6-6,SF,25,75,1140,15.2,254,516,.492,12,46,.261,120,138,.870,56,0.746666666667,121,1.61333333333,177,2.36,76,1.01333333333,28,0.373333333333,16,0.213333333333,67,0.893333333333,134,640,8.53333333333,
George Irvine,VIR,1974-1975, 6-6,SF,26,59,1522,25.7966101695,311,589,.528,13,37,.351,139,164,.848,73,1.23728813559,130,2.20338983051,203,3.4406779661,108,1.83050847458,32,0.542372881356,12,0.203389830508,94,1.59322033898,171,774,13.1186440678,
George Irvine,DNA,1975-1976, 6-6,SF,27,3,14,4.66666666667,2,6,.333,0,1,.000,0,0,.000,1,0.333333333333,0,0.0,1,0.333333333333,0,0.0,0,0.0,0,0.0,1,0.333333333333,1,4,1.33333333333,
