Player,Team,Season,Height,Position,Age,G,MIN,MINPG,FGM,FGA,FGP,TPM,TPA,TPP,FTM,FTA,FTP,ORB,ORBPG,DRB,DRBPG,TRB,TRBPG,AST,ASTPG,STL,STLPG,BLK,BLKPG,TO,TOPG,PF,PTS,PTSPG,
Georgi Glouchkov,PHO,1985-1986, 6-8,PF,26,49,772,15.7551020408,84,209,.402,1,1,1.000,70,122,.574,31,0.632653061224,132,2.69387755102,163,3.32653061224,32,0.65306122449,26,0.530612244898,25,0.510204081633,76,1.55102040816,124,239,4.87755102041,
