Player,Team,Season,Height,Position,Age,G,MIN,MINPG,FGM,FGA,FGP,TPM,TPA,TPP,FTM,FTA,FTP,ORB,ORBPG,DRB,DRBPG,TRB,TRBPG,AST,ASTPG,STL,STLPG,BLK,BLKPG,TO,TOPG,PF,PTS,PTSPG,
George King,SYR,1951-1952, 6-0,PG,23,66,1889,28.6212121212,235,579,.406,.000,.000,.000,188,264,.712,.000,0.0,.000,0.0,274,4.15151515152,244,3.69696969697,.000,0.0,.000,0.0,.000,0.0,199,658,9.9696969697,
George King,SYR,1952-1953, 6-0,PG,24,71,2519,35.4788732394,255,635,.402,.000,.000,.000,284,442,.643,.000,0.0,.000,0.0,281,3.95774647887,364,5.12676056338,.000,0.0,.000,0.0,.000,0.0,244,794,11.1830985915,
George King,SYR,1953-1954, 6-0,PG,25,72,2370,32.9166666667,280,744,.376,.000,.000,.000,257,410,.627,.000,0.0,.000,0.0,268,3.72222222222,272,3.77777777778,.000,0.0,.000,0.0,.000,0.0,179,817,11.3472222222,
George King,SYR,1954-1955, 6-0,PG,26,67,2015,30.0746268657,228,605,.377,.000,.000,.000,140,229,.611,.000,0.0,.000,0.0,227,3.38805970149,331,4.94029850746,.000,0.0,.000,0.0,.000,0.0,148,596,8.89552238806,
George King,SYR,1955-1956, 6-0,PG,27,72,2343,32.5416666667,284,763,.372,.000,.000,.000,176,275,.640,.000,0.0,.000,0.0,250,3.47222222222,410,5.69444444444,.000,0.0,.000,0.0,.000,0.0,150,744,10.3333333333,
George King,CIN,1957-1958, 6-0,PG,29,63,2272,36.0634920635,235,645,.364,.000,.000,.000,140,227,.617,.000,0.0,.000,0.0,306,4.85714285714,337,5.34920634921,.000,0.0,.000,0.0,.000,0.0,124,610,9.68253968254,
