Player,Team,Season,Height,Position,Age,G,MIN,MINPG,FGM,FGA,FGP,TPM,TPA,TPP,FTM,FTA,FTP,ORB,ORBPG,DRB,DRBPG,TRB,TRBPG,AST,ASTPG,STL,STLPG,BLK,BLKPG,TO,TOPG,PF,PTS,PTSPG,
George Yardley,FTW,1953-1954, 6-5,SF,25,63,1489,23.6349206349,209,492,.425,.000,.000,.000,146,205,.712,.000,0.0,.000,0.0,407,6.46031746032,99,1.57142857143,.000,0.0,.000,0.0,.000,0.0,166,564,8.95238095238,
George Yardley,FTW,1954-1955, 6-5,SF,26,60,2150,35.8333333333,363,869,.418,.000,.000,.000,310,416,.745,.000,0.0,.000,0.0,594,9.9,126,2.1,.000,0.0,.000,0.0,.000,0.0,205,1036,17.2666666667,
George Yardley,FTW,1955-1956, 6-5,SF,27,71,2353,33.1408450704,434,1067,.407,.000,.000,.000,365,492,.742,.000,0.0,.000,0.0,686,9.66197183099,159,2.23943661972,.000,0.0,.000,0.0,.000,0.0,212,1233,17.3661971831,
George Yardley,FTW,1956-1957, 6-5,SF,28,72,2691,37.375,522,1273,.410,.000,.000,.000,503,639,.787,.000,0.0,.000,0.0,755,10.4861111111,147,2.04166666667,.000,0.0,.000,0.0,.000,0.0,231,1547,21.4861111111,
George Yardley,DET,1957-1958, 6-5,SF,29,72,2843,39.4861111111,673,1624,.414,.000,.000,.000,655,808,.811,.000,0.0,.000,0.0,768,10.6666666667,97,1.34722222222,.000,0.0,.000,0.0,.000,0.0,226,2001,27.7916666667,
George Yardley,TOT,1958-1959, 6-5,SF,30,61,1839,30.1475409836,446,1042,.428,.000,.000,.000,317,407,.779,.000,0.0,.000,0.0,431,7.06557377049,65,1.06557377049,.000,0.0,.000,0.0,.000,0.0,159,1209,19.8196721311,
George Yardley,DET,1958-1959, 6-5,SF,30,46,1419,30.847826087,350,843,.415,.000,.000,.000,258,316,.816,.000,0.0,.000,0.0,327,7.10869565217,40,0.869565217391,.000,0.0,.000,0.0,.000,0.0,122,958,20.8260869565,
George Yardley,SYR,1958-1959, 6-5,SF,30,15,420,28.0,96,199,.482,.000,.000,.000,59,91,.648,.000,0.0,.000,0.0,104,6.93333333333,25,1.66666666667,.000,0.0,.000,0.0,.000,0.0,37,251,16.7333333333,
George Yardley,SYR,1959-1960, 6-5,SF,31,73,2402,32.904109589,546,1205,.453,.000,.000,.000,381,467,.816,.000,0.0,.000,0.0,579,7.93150684932,122,1.67123287671,.000,0.0,.000,0.0,.000,0.0,227,1473,20.1780821918,
