Player,Team,Season,Height,Position,Age,G,MIN,MINPG,FGM,FGA,FGP,TPM,TPA,TPP,FTM,FTA,FTP,ORB,ORBPG,DRB,DRBPG,TRB,TRBPG,AST,ASTPG,STL,STLPG,BLK,BLKPG,TO,TOPG,PF,PTS,PTSPG,
George Mearns,PRO,1946-1947, 6-3,,24,57,.000,0.0,128,478,.268,.000,.000,.000,126,175,.720,.000,0.0,.000,0.0,.000,0.0,35,0.614035087719,.000,0.0,.000,0.0,.000,0.0,137,382,6.70175438596,
George Mearns,PRO,1947-1948, 6-3,,25,24,.000,0.0,23,115,.200,.000,.000,.000,15,31,.484,.000,0.0,.000,0.0,.000,0.0,10,0.416666666667,.000,0.0,.000,0.0,.000,0.0,65,61,2.54166666667,
