Player,Team,Season,Height,Position,Age,G,MIN,MINPG,FGM,FGA,FGP,TPM,TPA,TPP,FTM,FTA,FTP,ORB,ORBPG,DRB,DRBPG,TRB,TRBPG,AST,ASTPG,STL,STLPG,BLK,BLKPG,TO,TOPG,PF,PTS,PTSPG,
George Munroe,STB,1946-1947, 5-11,,25,59,.000,0.0,164,623,.263,.000,.000,.000,86,133,.647,.000,0.0,.000,0.0,.000,0.0,17,0.28813559322,.000,0.0,.000,0.0,.000,0.0,91,414,7.01694915254,
George Munroe,BOS,1947-1948, 5-11,,26,21,.000,0.0,27,91,.297,.000,.000,.000,17,26,.654,.000,0.0,.000,0.0,.000,0.0,3,0.142857142857,.000,0.0,.000,0.0,.000,0.0,20,71,3.38095238095,
