Player,Team,Season,Height,Position,Age,G,MIN,MINPG,FGM,FGA,FGP,TPM,TPA,TPP,FTM,FTA,FTP,ORB,ORBPG,DRB,DRBPG,TRB,TRBPG,AST,ASTPG,STL,STLPG,BLK,BLKPG,TO,TOPG,PF,PTS,PTSPG,
George Karl,SAA,1973-1974, 6-2,PG,22,74,1339,18.0945945946,236,502,.470,8,22,.364,94,113,.832,41,0.554054054054,85,1.14864864865,126,1.7027027027,160,2.16216216216,65,0.878378378378,10,0.135135135135,92,1.24324324324,161,574,7.75675675676,
George Karl,SAA,1974-1975, 6-2,PG,23,82,1629,19.8658536585,261,534,.489,4,23,.174,137,177,.774,47,0.573170731707,108,1.31707317073,155,1.89024390244,334,4.07317073171,96,1.17073170732,7,0.0853658536585,158,1.92682926829,207,663,8.08536585366,
George Karl,SAA,1975-1976, 6-2,PG,24,75,1200,16.0,150,334,.449,0,9,.000,81,106,.764,13,0.173333333333,53,0.706666666667,66,0.88,250,3.33333333333,60,0.8,3,0.04,108,1.44,149,381,5.08,
George Karl,SAS,1976-1977, 6-2,PG,25,29,251,8.65517241379,25,73,.342,.000,.000,.000,29,42,.690,4,0.137931034483,13,0.448275862069,17,0.586206896552,46,1.58620689655,10,0.344827586207,0,0.0,.000,0.0,36,79,2.72413793103,
George Karl,SAS,1977-1978, 6-2,PG,26,4,30,7.5,2,6,.333,.000,.000,.000,2,2,1.000,0,0.0,5,1.25,5,1.25,5,1.25,1,0.25,0,0.0,4,1.0,6,6,1.5,
