Player,Team,Season,Height,Position,Age,G,MIN,MINPG,FGM,FGA,FGP,TPM,TPA,TPP,FTM,FTA,FTP,ORB,ORBPG,DRB,DRBPG,TRB,TRBPG,AST,ASTPG,STL,STLPG,BLK,BLKPG,TO,TOPG,PF,PTS,PTSPG,
George Trapp,ATL,1971-1972, 6-8,PF,23,60,890,14.8333333333,144,388,.371,.000,.000,.000,105,139,.755,.000,0.0,.000,0.0,183,3.05,51,0.85,.000,0.0,.000,0.0,.000,0.0,144,393,6.55,
George Trapp,ATL,1972-1973, 6-8,PF,24,77,1853,24.0649350649,359,824,.436,.000,.000,.000,150,194,.773,.000,0.0,.000,0.0,455,5.90909090909,127,1.64935064935,.000,0.0,.000,0.0,.000,0.0,274,868,11.2727272727,
George Trapp,DET,1973-1974, 6-8,PF,25,82,1489,18.1585365854,333,693,.481,.000,.000,.000,99,134,.739,97,1.18292682927,216,2.63414634146,313,3.81707317073,81,0.987804878049,47,0.573170731707,33,0.40243902439,.000,0.0,226,765,9.32926829268,
George Trapp,DET,1974-1975, 6-8,PF,26,78,1472,18.8717948718,288,652,.442,.000,.000,.000,99,131,.756,71,0.910256410256,205,2.62820512821,276,3.53846153846,63,0.807692307692,37,0.474358974359,14,0.179487179487,.000,0.0,210,675,8.65384615385,
George Trapp,DET,1975-1976, 6-8,PF,27,76,1091,14.3552631579,278,602,.462,.000,.000,.000,63,88,.716,79,1.03947368421,150,1.97368421053,229,3.01315789474,50,0.657894736842,33,0.434210526316,23,0.302631578947,.000,0.0,167,619,8.14473684211,
George Trapp,DET,1976-1977, 6-8,PF,28,6,68,11.3333333333,15,29,.517,.000,.000,.000,3,4,.750,4,0.666666666667,6,1.0,10,1.66666666667,3,0.5,0,0.0,1,0.166666666667,.000,0.0,13,33,5.5,
