Player,Team,Season,Height,Position,Age,G,MIN,MINPG,FGM,FGA,FGP,TPM,TPA,TPP,FTM,FTA,FTP,ORB,ORBPG,DRB,DRBPG,TRB,TRBPG,AST,ASTPG,STL,STLPG,BLK,BLKPG,TO,TOPG,PF,PTS,PTSPG,
George Sutor,KEN,1967-1968, 6-8,C,24,1,5,5.0,0,0,.000,0,0,.000,0,0,.000,.000,0.0,.000,0.0,1,1.0,0,0.0,.000,0.0,.000,0.0,0,0.0,2,0,0.0,
George Sutor,MNP,1968-1969, 6-8,C,25,64,886,13.84375,139,397,.350,0,0,.000,71,114,.623,175,2.734375,173,2.703125,348,5.4375,27,0.421875,.000,0.0,.000,0.0,60,0.9375,170,349,5.453125,
George Sutor,TOT,1969-1970, 6-8,C,26,14,147,10.5,12,46,.261,0,1,.000,7,17,.412,23,1.64285714286,32,2.28571428571,55,3.92857142857,3,0.214285714286,.000,0.0,.000,0.0,11,0.785714285714,31,31,2.21428571429,
George Sutor,CAR,1969-1970, 6-8,C,26,11,135,12.2727272727,12,41,.293,0,1,.000,7,15,.467,21,1.90909090909,30,2.72727272727,51,4.63636363636,2,0.181818181818,.000,0.0,.000,0.0,11,1.0,29,31,2.81818181818,
George Sutor,MMF,1969-1970, 6-8,C,26,3,12,4.0,0,5,.000,0,0,.000,0,2,.000,2,0.666666666667,2,0.666666666667,4,1.33333333333,1,0.333333333333,.000,0.0,.000,0.0,0,0.0,2,0,0.0,
