Player,Team,Season,Height,Position,Age,G,MIN,MINPG,FGM,FGA,FGP,TPM,TPA,TPP,FTM,FTA,FTP,ORB,ORBPG,DRB,DRBPG,TRB,TRBPG,AST,ASTPG,STL,STLPG,BLK,BLKPG,TO,TOPG,PF,PTS,PTSPG,
George Thompson,PTP,1969-1970, 6-2,SG,22,54,1017,18.8333333333,259,587,.441,7,32,.219,176,260,.677,47,0.87037037037,47,0.87037037037,94,1.74074074074,73,1.35185185185,.000,0.0,.000,0.0,84,1.55555555556,109,701,12.9814814815,
George Thompson,PTC,1970-1971, 6-2,SG,23,82,2470,30.1219512195,575,1220,.471,23,90,.256,347,485,.715,129,1.57317073171,162,1.9756097561,291,3.5487804878,207,2.5243902439,.000,0.0,.000,0.0,198,2.41463414634,217,1520,18.5365853659,
George Thompson,PTC,1971-1972, 6-2,SG,24,70,2904,41.4857142857,696,1448,.481,41,132,.311,455,584,.779,155,2.21428571429,198,2.82857142857,353,5.04285714286,257,3.67142857143,.000,0.0,.000,0.0,217,3.1,201,1888,26.9714285714,
George Thompson,MMT,1972-1973, 6-2,PG,25,80,2925,36.5625,579,1269,.456,20,73,.274,549,700,.784,95,1.1875,170,2.125,265,3.3125,403,5.0375,.000,0.0,.000,0.0,245,3.0625,246,1727,21.5875,
George Thompson,MMT,1973-1974, 6-2,SG,26,78,2732,35.0256410256,539,1134,.475,10,54,.185,410,519,.790,93,1.19230769231,180,2.30769230769,273,3.5,396,5.07692307692,117,1.5,24,0.307692307692,210,2.69230769231,234,1498,19.2051282051,
George Thompson,MIL,1974-1975, 6-2,SG,27,73,1983,27.1643835616,306,691,.443,.000,.000,.000,168,214,.785,50,0.684931506849,131,1.79452054795,181,2.47945205479,225,3.08219178082,66,0.904109589041,6,0.0821917808219,.000,0.0,203,780,10.6849315068,
