Player,Team,Season,Height,Position,Age,G,MIN,MINPG,FGM,FGA,FGP,TPM,TPA,TPP,FTM,FTA,FTP,ORB,ORBPG,DRB,DRBPG,TRB,TRBPG,AST,ASTPG,STL,STLPG,BLK,BLKPG,TO,TOPG,PF,PTS,PTSPG,
George Tinsley,TOT,1969-1970, 6-5,SF,23,82,1446,17.6341463415,175,407,.430,1,8,.125,162,218,.743,147,1.79268292683,178,2.17073170732,325,3.96341463415,76,0.926829268293,.000,0.0,.000,0.0,98,1.19512195122,192,513,6.25609756098,
George Tinsley,WSA,1969-1970, 6-5,SF,23,5,27,5.4,2,7,.286,0,0,.000,3,4,.750,1,0.2,3,0.6,4,0.8,0,0.0,.000,0.0,.000,0.0,3,0.6,3,7,1.4,
George Tinsley,KEN,1969-1970, 6-5,SF,23,77,1419,18.4285714286,173,400,.433,1,8,.125,159,214,.743,146,1.8961038961,175,2.27272727273,321,4.16883116883,76,0.987012987013,.000,0.0,.000,0.0,95,1.23376623377,189,506,6.57142857143,
George Tinsley,FLO,1971-1972, 6-5,SF,25,51,418,8.19607843137,70,174,.402,5,22,.227,46,62,.742,30,0.588235294118,30,0.588235294118,60,1.17647058824,38,0.745098039216,.000,0.0,.000,0.0,26,0.509803921569,79,191,3.74509803922,
