Player,Team,Season,Height,Position,Age,G,MIN,MINPG,FGM,FGA,FGP,TPM,TPA,TPP,FTM,FTA,FTP,ORB,ORBPG,DRB,DRBPG,TRB,TRBPG,AST,ASTPG,STL,STLPG,BLK,BLKPG,TO,TOPG,PF,PTS,PTSPG,
George Lee,DET,1960-1961, 6-4,SF,24,74,1735,23.4459459459,310,776,.399,.000,.000,.000,276,394,.701,.000,0.0,.000,0.0,490,6.62162162162,89,1.2027027027,.000,0.0,.000,0.0,.000,0.0,158,896,12.1081081081,
George Lee,DET,1961-1962, 6-4,SF,25,75,1351,18.0133333333,179,500,.358,.000,.000,.000,213,280,.761,.000,0.0,.000,0.0,349,4.65333333333,64,0.853333333333,.000,0.0,.000,0.0,.000,0.0,128,571,7.61333333333,
George Lee,SFW,1962-1963, 6-4,SG,26,64,1192,18.625,149,394,.378,.000,.000,.000,152,193,.788,.000,0.0,.000,0.0,217,3.390625,64,1.0,.000,0.0,.000,0.0,.000,0.0,113,450,7.03125,
George Lee,SFW,1963-1964, 6-4,SF,27,54,522,9.66666666667,64,169,.379,.000,.000,.000,47,71,.662,.000,0.0,.000,0.0,97,1.7962962963,25,0.462962962963,.000,0.0,.000,0.0,.000,0.0,67,175,3.24074074074,
George Lee,SFW,1964-1965, 6-4,SF,28,19,247,13.0,27,77,.351,.000,.000,.000,38,52,.731,.000,0.0,.000,0.0,55,2.89473684211,12,0.631578947368,.000,0.0,.000,0.0,.000,0.0,22,92,4.84210526316,
George Lee,SFW,1966-1967, 6-4,,30,1,5,5.0,3,4,.750,.000,.000,.000,6,7,.857,.000,0.0,.000,0.0,0,0.0,0,0.0,.000,0.0,.000,0.0,.000,0.0,0,12,12.0,
George Lee,SFW,1967-1968, 6-4,,31,10,106,10.6,8,35,.229,.000,.000,.000,17,24,.708,.000,0.0,.000,0.0,27,2.7,4,0.4,.000,0.0,.000,0.0,.000,0.0,16,33,3.3,
