Player,Team,Season,Height,Position,Age,G,MIN,MINPG,FGM,FGA,FGP,TPM,TPA,TPP,FTM,FTA,FTP,ORB,ORBPG,DRB,DRBPG,TRB,TRBPG,AST,ASTPG,STL,STLPG,BLK,BLKPG,TO,TOPG,PF,PTS,PTSPG,
George Adams,SDA,1972-1973, 6-5,SF,23,60,865,14.4166666667,153,312,.490,2,7,.286,65,83,.783,75,1.25,130,2.16666666667,205,3.41666666667,64,1.06666666667,.000,0.0,.000,0.0,67,1.11666666667,97,373,6.21666666667,
George Adams,SDA,1973-1974, 6-5,SF,24,80,1433,17.9125,253,506,.500,1,7,.143,78,103,.757,124,1.55,217,2.7125,341,4.2625,127,1.5875,44,0.55,23,0.2875,119,1.4875,111,585,7.3125,
George Adams,SDA,1974-1975, 6-5,SF,25,75,1605,21.4,310,622,.498,1,3,.333,73,86,.849,114,1.52,213,2.84,327,4.36,126,1.68,44,0.586666666667,36,0.48,106,1.41333333333,164,694,9.25333333333,
