Player,Team,Season,Height,Position,Age,G,MIN,MINPG,FGM,FGA,FGP,TPM,TPA,TPP,FTM,FTA,FTP,ORB,ORBPG,DRB,DRBPG,TRB,TRBPG,AST,ASTPG,STL,STLPG,BLK,BLKPG,TO,TOPG,PF,PTS,PTSPG,
Gerald Brown,PHO,1998-1999, 6-4,SG,23,33,236,7.15151515152,33,89,.371,3,10,.300,11,14,.786,5,0.151515151515,17,0.515151515152,22,0.666666666667,31,0.939393939394,5,0.151515151515,1,0.030303030303,22,0.666666666667,21,80,2.42424242424,
