Player,Team,Season,Height,Position,Age,G,MIN,MINPG,FGM,FGA,FGP,TPM,TPA,TPP,FTM,FTA,FTP,ORB,ORBPG,DRB,DRBPG,TRB,TRBPG,AST,ASTPG,STL,STLPG,BLK,BLKPG,TO,TOPG,PF,PTS,PTSPG,
Gerald Fitch,MIA,2005-2006, 6-3,PG,23,18,239,13.2777777778,30,89,.337,7,26,.269,17,23,.739,7,0.388888888889,23,1.27777777778,30,1.66666666667,33,1.83333333333,7,0.388888888889,5,0.277777777778,15,0.833333333333,28,84,4.66666666667,
