Player,Team,Season,Height,Position,Age,G,MIN,MINPG,FGM,FGA,FGP,TPM,TPA,TPP,FTM,FTA,FTP,ORB,ORBPG,DRB,DRBPG,TRB,TRBPG,AST,ASTPG,STL,STLPG,BLK,BLKPG,TO,TOPG,PF,PTS,PTSPG,
Gerald Madkins,CLE,1993-1994, 6-4,SG,24,22,149,6.77272727273,11,31,.355,5,15,.333,8,10,.800,1,0.0454545454545,10,0.454545454545,11,0.5,19,0.863636363636,9,0.409090909091,0,0.0,13,0.590909090909,16,35,1.59090909091,
Gerald Madkins,CLE,1994-1995, 6-4,SG,25,7,28,4.0,2,6,.333,1,2,.500,3,4,.750,0,0.0,0,0.0,0,0.0,1,0.142857142857,2,0.285714285714,0,0.0,3,0.428571428571,2,8,1.14285714286,
Gerald Madkins,GSW,1997-1998, 6-4,SG,28,19,243,12.7894736842,13,34,.382,6,15,.400,5,7,.714,2,0.105263157895,13,0.684210526316,15,0.789473684211,45,2.36842105263,13,0.684210526316,1,0.0526315789474,13,0.684210526316,18,37,1.94736842105,
