Player,Team,Season,Height,Position,Age,G,MIN,MINPG,FGM,FGA,FGP,TPM,TPA,TPP,FTM,FTA,FTP,ORB,ORBPG,DRB,DRBPG,TRB,TRBPG,AST,ASTPG,STL,STLPG,BLK,BLKPG,TO,TOPG,PF,PTS,PTSPG,
Gerry Ward,STL,1963-1964, 6-4,SG,22,24,139,5.79166666667,16,53,.302,.000,.000,.000,11,17,.647,.000,0.0,.000,0.0,21,0.875,21,0.875,.000,0.0,.000,0.0,.000,0.0,26,43,1.79166666667,
Gerry Ward,BOS,1964-1965, 6-4,SG,23,3,30,10.0,2,18,.111,.000,.000,.000,1,1,1.000,.000,0.0,.000,0.0,5,1.66666666667,6,2.0,.000,0.0,.000,0.0,.000,0.0,6,5,1.66666666667,
Gerry Ward,PHI,1965-1966, 6-4,SG,24,66,838,12.696969697,67,189,.354,.000,.000,.000,39,60,.650,.000,0.0,.000,0.0,89,1.34848484848,80,1.21212121212,.000,0.0,.000,0.0,.000,0.0,163,173,2.62121212121,
Gerry Ward,CHI,1966-1967, 6-4,SG,25,76,1042,13.7105263158,117,307,.381,.000,.000,.000,87,138,.630,.000,0.0,.000,0.0,179,2.35526315789,130,1.71052631579,.000,0.0,.000,0.0,.000,0.0,169,321,4.22368421053,
