Player,Team,Season,Height,Position,Age,G,MIN,MINPG,FGM,FGA,FGP,TPM,TPA,TPP,FTM,FTA,FTP,ORB,ORBPG,DRB,DRBPG,TRB,TRBPG,AST,ASTPG,STL,STLPG,BLK,BLKPG,TO,TOPG,PF,PTS,PTSPG,
Gheorghe Muresan,WSB,1993-1994, 7-7,C,22,54,650,12.037037037,128,235,.545,0,0,.000,48,71,.676,66,1.22222222222,126,2.33333333333,192,3.55555555556,18,0.333333333333,28,0.518518518519,48,0.888888888889,54,1.0,120,304,5.62962962963,
Gheorghe Muresan,WSB,1994-1995, 7-7,C,23,73,1720,23.5616438356,303,541,.560,0,0,.000,124,175,.709,179,2.45205479452,309,4.23287671233,488,6.68493150685,38,0.520547945205,48,0.657534246575,127,1.7397260274,115,1.57534246575,259,730,10.0,
Gheorghe Muresan,WSB,1995-1996, 7-7,C,24,76,2242,29.5,466,798,.584,0,1,.000,172,278,.619,248,3.26315789474,480,6.31578947368,728,9.57894736842,56,0.736842105263,52,0.684210526316,172,2.26315789474,143,1.88157894737,297,1104,14.5263157895,
Gheorghe Muresan,WSB,1996-1997, 7-7,C,25,73,1849,25.3287671233,327,541,.604,0,0,.000,123,199,.618,141,1.93150684932,340,4.65753424658,481,6.58904109589,29,0.397260273973,43,0.58904109589,96,1.31506849315,117,1.60273972603,230,777,10.6438356164,
Gheorghe Muresan,NJN,1998-1999, 7-7,C,27,1,1,1.0,0,1,.000,0,0,.000,0,0,.000,0,0.0,0,0.0,0,0.0,0,0.0,0,0.0,0,0.0,1,1.0,0,0,0.0,
Gheorghe Muresan,NJN,1999-2000, 7-7,C,28,30,267,8.9,41,90,.456,0,0,.000,23,38,.605,24,0.8,44,1.46666666667,68,2.26666666667,9,0.3,0,0.0,12,0.4,16,0.533333333333,52,105,3.5,
