Player,Team,Season,Height,Position,Age,G,MIN,MINPG,FGM,FGA,FGP,TPM,TPA,TPP,FTM,FTA,FTP,ORB,ORBPG,DRB,DRBPG,TRB,TRBPG,AST,ASTPG,STL,STLPG,BLK,BLKPG,TO,TOPG,PF,PTS,PTSPG,
Glen Davis,BOS,2007-2008, 6-9,C,22,69,940,13.6231884058,107,221,.484,0,0,.000,99,150,.660,95,1.3768115942,113,1.63768115942,208,3.01449275362,28,0.405797101449,31,0.449275362319,20,0.289855072464,65,0.942028985507,160,313,4.53623188406,
Glen Davis,BOS,2008-2009, 6-9,C,23,76,1637,21.5394736842,199,450,.442,2,5,.400,130,178,.730,121,1.59210526316,180,2.36842105263,301,3.96052631579,69,0.907894736842,53,0.697368421053,19,0.25,71,0.934210526316,230,530,6.97368421053,
Glen Davis,BOS,2009-2010, 6-9,PF,24,54,933,17.2777777778,122,279,.437,0,4,.000,96,138,.696,101,1.87037037037,104,1.92592592593,205,3.7962962963,35,0.648148148148,21,0.388888888889,14,0.259259259259,53,0.981481481481,132,340,6.2962962963,
Glen Davis,BOS,2010-2011, 6-9,C,25,78,2298,29.4615384615,359,801,.448,2,15,.133,195,265,.736,101,1.29487179487,324,4.15384615385,425,5.44871794872,92,1.17948717949,78,1.0,30,0.384615384615,85,1.08974358974,231,915,11.7307692308,
Glen Davis,ORL,2011-2012, 6-9,PF,26,61,1427,23.393442623,225,534,.421,2,14,.143,114,167,.683,107,1.75409836066,224,3.67213114754,331,5.4262295082,47,0.770491803279,43,0.704918032787,19,0.311475409836,75,1.22950819672,106,566,9.27868852459,
Glen Davis,ORL,2012-2013, 6-9,PF,27,34,1064,31.2941176471,214,478,.448,0,2,.000,84,117,.718,55,1.61764705882,191,5.61764705882,246,7.23529411765,70,2.05882352941,32,0.941176470588,21,0.617647058824,64,1.88235294118,88,512,15.0588235294,
