Player,Team,Season,Height,Position,Age,G,MIN,MINPG,FGM,FGA,FGP,TPM,TPA,TPP,FTM,FTA,FTP,ORB,ORBPG,DRB,DRBPG,TRB,TRBPG,AST,ASTPG,STL,STLPG,BLK,BLKPG,TO,TOPG,PF,PTS,PTSPG,
Glenn Hansen,KCK,1975-1976, 6-4,SG,23,66,1145,17.3484848485,173,420,.412,.000,.000,.000,85,117,.726,77,1.16666666667,110,1.66666666667,187,2.83333333333,67,1.01515151515,47,0.712121212121,13,0.19696969697,.000,0.0,144,431,6.5303030303,
Glenn Hansen,KCK,1976-1977, 6-4,SG,24,41,289,7.0487804878,67,155,.432,.000,.000,.000,23,32,.719,28,0.682926829268,31,0.756097560976,59,1.43902439024,25,0.609756097561,13,0.317073170732,3,0.0731707317073,.000,0.0,44,157,3.82926829268,
Glenn Hansen,TOT,1977-1978, 6-4,SG,25,5,13,2.6,0,7,.000,.000,.000,.000,0,0,.000,1,0.2,0,0.0,1,0.2,1,0.2,1,0.2,0,0.0,1,0.2,3,0,0.0,
Glenn Hansen,CHI,1977-1978, 6-4,SG,25,2,4,2.0,0,2,.000,.000,.000,.000,0,0,.000,0,0.0,0,0.0,0,0.0,0,0.0,0,0.0,0,0.0,1,0.5,0,0,0.0,
Glenn Hansen,KCK,1977-1978, 6-4,SG,25,3,9,3.0,0,5,.000,.000,.000,.000,0,0,.000,1,0.333333333333,0,0.0,1,0.333333333333,1,0.333333333333,1,0.333333333333,0,0.0,0,0.0,3,0,0.0,
