Player,Team,Season,Height,Position,Age,G,MIN,MINPG,FGM,FGA,FGP,TPM,TPA,TPP,FTM,FTA,FTP,ORB,ORBPG,DRB,DRBPG,TRB,TRBPG,AST,ASTPG,STL,STLPG,BLK,BLKPG,TO,TOPG,PF,PTS,PTSPG,
Glenn McDonald,BOS,1974-1975, 6-6,SF,22,62,395,6.37096774194,70,182,.385,.000,.000,.000,28,37,.757,20,0.322580645161,48,0.774193548387,68,1.09677419355,24,0.387096774194,8,0.129032258065,5,0.0806451612903,.000,0.0,58,168,2.70967741935,
Glenn McDonald,BOS,1975-1976, 6-6,SF,23,75,1019,13.5866666667,191,456,.419,.000,.000,.000,40,56,.714,56,0.746666666667,79,1.05333333333,135,1.8,68,0.906666666667,39,0.52,20,0.266666666667,.000,0.0,123,422,5.62666666667,
Glenn McDonald,MIL,1976-1977, 6-6,SF,24,9,79,8.77777777778,8,34,.235,.000,.000,.000,3,4,.750,8,0.888888888889,4,0.444444444444,12,1.33333333333,7,0.777777777778,4,0.444444444444,0,0.0,.000,0.0,11,19,2.11111111111,
