Player,Team,Season,Height,Position,Age,G,MIN,MINPG,FGM,FGA,FGP,TPM,TPA,TPP,FTM,FTA,FTP,ORB,ORBPG,DRB,DRBPG,TRB,TRBPG,AST,ASTPG,STL,STLPG,BLK,BLKPG,TO,TOPG,PF,PTS,PTSPG,
Goo Kennedy,DLC,1971-1972, 6-5,PF,22,65,1453,22.3538461538,234,406,.576,0,0,.000,88,133,.662,167,2.56923076923,318,4.89230769231,485,7.46153846154,65,1.0,.000,0.0,.000,0.0,75,1.15384615385,262,556,8.55384615385,
Goo Kennedy,DLC,1972-1973, 6-5,PF,23,70,1809,25.8428571429,365,664,.550,0,0,.000,148,232,.638,167,2.38571428571,323,4.61428571429,490,7.0,75,1.07142857143,.000,0.0,.000,0.0,113,1.61428571429,275,878,12.5428571429,
Goo Kennedy,SAA,1973-1974, 6-5,SF,24,76,1440,18.9473684211,194,352,.551,0,0,.000,60,87,.690,121,1.59210526316,266,3.5,387,5.09210526316,83,1.09210526316,59,0.776315789474,15,0.197368421053,79,1.03947368421,240,448,5.89473684211,
Goo Kennedy,SSL,1974-1975, 6-5,SF,25,74,1532,20.7027027027,281,536,.524,1,1,1.000,129,178,.725,171,2.31081081081,202,2.72972972973,373,5.04054054054,59,0.797297297297,64,0.864864864865,10,0.135135135135,92,1.24324324324,190,692,9.35135135135,
Goo Kennedy,UTS,1975-1976, 6-5,SF,26,16,271,16.9375,38,69,.551,0,0,.000,24,37,.649,30,1.875,50,3.125,80,5.0,11,0.6875,10,0.625,2,0.125,12,0.75,43,100,6.25,
Goo Kennedy,HOU,1976-1977, 6-5,SF,27,32,277,8.65625,31,58,.534,.000,.000,.000,3,8,.375,14,0.4375,37,1.15625,51,1.59375,6,0.1875,7,0.21875,5,0.15625,.000,0.0,45,65,2.03125,
