Player,Team,Season,Height,Position,Age,G,MIN,MINPG,FGM,FGA,FGP,TPM,TPA,TPP,FTM,FTA,FTP,ORB,ORBPG,DRB,DRBPG,TRB,TRBPG,AST,ASTPG,STL,STLPG,BLK,BLKPG,TO,TOPG,PF,PTS,PTSPG,
Goose Ligon,KEN,1967-1968, 6-7,PF,23,78,2801,35.9102564103,428,942,.454,1,4,.250,405,595,.681,370,4.74358974359,559,7.16666666667,929,11.9102564103,143,1.83333333333,.000,0.0,.000,0.0,188,2.41025641026,307,1262,16.1794871795,
Goose Ligon,KEN,1968-1969, 6-7,PF,24,75,2815,37.5333333333,391,879,.445,1,5,.200,337,510,.661,328,4.37333333333,491,6.54666666667,819,10.92,172,2.29333333333,.000,0.0,.000,0.0,193,2.57333333333,312,1120,14.9333333333,
Goose Ligon,KEN,1969-1970, 6-7,PF,25,84,3130,37.2619047619,507,1000,.507,0,2,.000,287,445,.645,399,4.75,695,8.27380952381,1094,13.0238095238,190,2.2619047619,.000,0.0,.000,0.0,206,2.45238095238,360,1301,15.4880952381,
Goose Ligon,KEN,1970-1971, 6-7,PF,26,84,2753,32.7738095238,429,795,.540,0,6,.000,214,391,.547,312,3.71428571429,677,8.05952380952,989,11.7738095238,211,2.5119047619,.000,0.0,.000,0.0,167,1.9880952381,331,1072,12.7619047619,
Goose Ligon,TOT,1971-1972, 6-7,PF,27,82,2341,28.5487804878,213,428,.498,1,6,.167,141,217,.650,231,2.81707317073,469,5.71951219512,700,8.53658536585,163,1.98780487805,.000,0.0,.000,0.0,126,1.53658536585,265,568,6.92682926829,
Goose Ligon,KEN,1971-1972, 6-7,PF,27,16,400,25.0,37,72,.514,1,2,.500,20,33,.606,43,2.6875,67,4.1875,110,6.875,37,2.3125,.000,0.0,.000,0.0,30,1.875,41,95,5.9375,
Goose Ligon,PTC,1971-1972, 6-7,PF,27,66,1941,29.4090909091,176,356,.494,0,4,.000,121,184,.658,188,2.84848484848,402,6.09090909091,590,8.93939393939,126,1.90909090909,.000,0.0,.000,0.0,96,1.45454545455,224,473,7.16666666667,
Goose Ligon,VIR,1972-1973, 6-7,PF,28,12,360,30.0,58,103,.563,0,0,.000,28,43,.651,36,3.0,58,4.83333333333,94,7.83333333333,20,1.66666666667,.000,0.0,.000,0.0,21,1.75,40,144,12.0,
Goose Ligon,VIR,1973-1974, 6-7,PF,29,19,360,18.9473684211,37,85,.435,0,1,.000,19,25,.760,45,2.36842105263,50,2.63157894737,95,5.0,11,0.578947368421,9,0.473684210526,9,0.473684210526,24,1.26315789474,43,93,4.89473684211,
