Player,Team,Season,Height,Position,Age,G,MIN,MINPG,FGM,FGA,FGP,TPM,TPA,TPP,FTM,FTA,FTP,ORB,ORBPG,DRB,DRBPG,TRB,TRBPG,AST,ASTPG,STL,STLPG,BLK,BLKPG,TO,TOPG,PF,PTS,PTSPG,
Gordon Hayward,UTA,2010-2011, 6-8,SF,20,72,1218,16.9166666667,142,293,.485,35,74,.473,69,97,.711,41,0.569444444444,98,1.36111111111,139,1.93055555556,81,1.125,30,0.416666666667,19,0.263888888889,70,0.972222222222,106,388,5.38888888889,
Gordon Hayward,UTA,2011-2012, 6-8,SF,21,66,2015,30.5303030303,267,586,.456,55,159,.346,193,232,.832,59,0.893939393939,171,2.59090909091,230,3.48484848485,207,3.13636363636,53,0.80303030303,41,0.621212121212,109,1.65151515152,106,782,11.8484848485,
Gordon Hayward,UTA,2012-2013, 6-8,SG,22,55,1512,27.4909090909,248,587,.422,69,174,.397,210,251,.837,41,0.745454545455,121,2.2,162,2.94545454545,146,2.65454545455,41,0.745454545455,29,0.527272727273,95,1.72727272727,94,775,14.0909090909,
