Player,Team,Season,Height,Position,Age,G,MIN,MINPG,FGM,FGA,FGP,TPM,TPA,TPP,FTM,FTA,FTP,ORB,ORBPG,DRB,DRBPG,TRB,TRBPG,AST,ASTPG,STL,STLPG,BLK,BLKPG,TO,TOPG,PF,PTS,PTSPG,
Grant Simmons,DNR,1967-1968, 6-3,PG,24,78,2264,29.0256410256,292,688,.424,1,22,.045,208,295,.705,.000,0.0,.000,0.0,240,3.07692307692,182,2.33333333333,.000,0.0,.000,0.0,153,1.96153846154,236,793,10.1666666667,
Grant Simmons,DNR,1968-1969, 6-3,PG,25,17,252,14.8235294118,22,59,.373,1,2,.500,20,29,.690,6,0.352941176471,20,1.17647058824,26,1.52941176471,15,0.882352941176,.000,0.0,.000,0.0,17,1.0,42,65,3.82352941176,
