Player,Team,Season,Height,Position,Age,G,MIN,MINPG,FGM,FGA,FGP,TPM,TPA,TPP,FTM,FTA,FTP,ORB,ORBPG,DRB,DRBPG,TRB,TRBPG,AST,ASTPG,STL,STLPG,BLK,BLKPG,TO,TOPG,PF,PTS,PTSPG,
Greg Butler,NYK,1988-1989, 6-11,C,22,33,140,4.24242424242,20,48,.417,0,3,.000,16,20,.800,9,0.272727272727,19,0.575757575758,28,0.848484848485,2,0.0606060606061,1,0.030303030303,2,0.0606060606061,17,0.515151515152,28,56,1.69696969697,
Greg Butler,NYK,1989-1990, 6-11,C,23,13,33,2.53846153846,3,12,.250,0,0,.000,0,2,.000,3,0.230769230769,6,0.461538461538,9,0.692307692308,1,0.0769230769231,0,0.0,0,0.0,3,0.230769230769,8,6,0.461538461538,
Greg Butler,LAC,1990-1991, 6-11,C,24,9,37,4.11111111111,5,19,.263,0,0,.000,4,6,.667,8,0.888888888889,8,0.888888888889,16,1.77777777778,1,0.111111111111,0,0.0,0,0.0,4,0.444444444444,9,14,1.55555555556,
