Player,Team,Season,Height,Position,Age,G,MIN,MINPG,FGM,FGA,FGP,TPM,TPA,TPP,FTM,FTA,FTP,ORB,ORBPG,DRB,DRBPG,TRB,TRBPG,AST,ASTPG,STL,STLPG,BLK,BLKPG,TO,TOPG,PF,PTS,PTSPG,
Greg Monroe,DET,2010-2011, 6-11,C,20,80,2222,27.775,303,550,.551,0,1,.000,145,233,.622,248,3.1,353,4.4125,601,7.5125,105,1.3125,93,1.1625,45,0.5625,81,1.0125,196,751,9.3875,
Greg Monroe,DET,2011-2012, 6-11,C,21,66,2082,31.5454545455,407,781,.521,0,1,.000,201,272,.739,239,3.62121212121,398,6.0303030303,637,9.65151515152,152,2.30303030303,83,1.25757575758,46,0.69696969697,161,2.43939393939,180,1015,15.3787878788,
Greg Monroe,DET,2012-2013, 6-11,C,22,66,2181,33.0454545455,412,858,.480,0,1,.000,225,330,.682,183,2.77272727273,443,6.71212121212,626,9.48484848485,218,3.30303030303,84,1.27272727273,45,0.681818181818,193,2.92424242424,153,1049,15.8939393939,
