Player,Team,Season,Height,Position,Age,G,MIN,MINPG,FGM,FGA,FGP,TPM,TPA,TPP,FTM,FTA,FTP,ORB,ORBPG,DRB,DRBPG,TRB,TRBPG,AST,ASTPG,STL,STLPG,BLK,BLKPG,TO,TOPG,PF,PTS,PTSPG,
Greg Sutton,SAS,1991-1992, 6-2,PG,24,67,601,8.97014925373,93,240,.388,26,89,.292,34,45,.756,6,0.089552238806,41,0.611940298507,47,0.701492537313,91,1.35820895522,26,0.388059701493,9,0.134328358209,70,1.0447761194,111,246,3.67164179104,
Greg Sutton,CHH,1994-1995, 6-2,PG,27,53,690,13.0188679245,94,230,.409,43,115,.374,32,45,.711,8,0.150943396226,48,0.905660377358,56,1.05660377358,91,1.71698113208,33,0.622641509434,2,0.0377358490566,51,0.962264150943,114,263,4.96226415094,
Greg Sutton,TOT,1995-1996, 6-2,PG,28,48,655,13.6458333333,85,217,.392,47,117,.402,35,46,.761,8,0.166666666667,42,0.875,50,1.04166666667,102,2.125,25,0.520833333333,2,0.0416666666667,62,1.29166666667,92,252,5.25,
Greg Sutton,CHH,1995-1996, 6-2,PG,28,18,190,10.5555555556,20,50,.400,7,21,.333,15,19,.789,4,0.222222222222,11,0.611111111111,15,0.833333333333,39,2.16666666667,8,0.444444444444,0,0.0,17,0.944444444444,36,62,3.44444444444,
Greg Sutton,PHI,1995-1996, 6-2,PG,28,30,465,15.5,65,167,.389,40,96,.417,20,27,.741,4,0.133333333333,31,1.03333333333,35,1.16666666667,63,2.1,17,0.566666666667,2,0.0666666666667,45,1.5,56,190,6.33333333333,
