Player,Team,Season,Height,Position,Age,G,MIN,MINPG,FGM,FGA,FGP,TPM,TPA,TPP,FTM,FTA,FTP,ORB,ORBPG,DRB,DRBPG,TRB,TRBPG,AST,ASTPG,STL,STLPG,BLK,BLKPG,TO,TOPG,PF,PTS,PTSPG,
Greg Graham,PHI,1993-1994, 6-4,SG,23,70,889,12.7,122,305,.400,2,25,.080,92,110,.836,21,0.3,65,0.928571428571,86,1.22857142857,66,0.942857142857,61,0.871428571429,4,0.0571428571429,65,0.928571428571,54,338,4.82857142857,
Greg Graham,PHI,1994-1995, 6-4,SG,24,50,775,15.5,95,223,.426,6,28,.214,55,73,.753,19,0.38,43,0.86,62,1.24,66,1.32,29,0.58,6,0.12,48,0.96,76,251,5.02,
Greg Graham,TOT,1995-1996, 6-4,SG,25,53,613,11.5660377358,78,193,.404,32,82,.390,52,68,.765,17,0.320754716981,40,0.754716981132,57,1.07547169811,52,0.981132075472,25,0.471698113208,1,0.0188679245283,46,0.867924528302,64,240,4.52830188679,
Greg Graham,PHI,1995-1996, 6-4,SG,25,8,128,16.0,17,32,.531,7,14,.500,15,17,.882,5,0.625,10,1.25,15,1.875,11,1.375,5,0.625,0,0.0,17,2.125,16,56,7.0,
Greg Graham,NJN,1995-1996, 6-4,SG,25,45,485,10.7777777778,61,161,.379,25,68,.368,37,51,.725,12,0.266666666667,30,0.666666666667,42,0.933333333333,41,0.911111111111,20,0.444444444444,1,0.0222222222222,29,0.644444444444,48,184,4.08888888889,
Greg Graham,SEA,1996-1997, 6-4,SG,26,28,197,7.03571428571,29,80,.363,9,31,.290,26,40,.650,2,0.0714285714286,11,0.392857142857,13,0.464285714286,11,0.392857142857,12,0.428571428571,1,0.0357142857143,10,0.357142857143,12,93,3.32142857143,
Greg Graham,CLE,1997-1998, 6-4,SG,27,6,56,9.33333333333,7,12,.583,0,3,.000,2,2,1.000,0,0.0,1,0.166666666667,1,0.166666666667,6,1.0,1,0.166666666667,0,0.0,10,1.66666666667,7,16,2.66666666667,
