Player,Team,Season,Height,Position,Age,G,MIN,MINPG,FGM,FGA,FGP,TPM,TPA,TPP,FTM,FTA,FTP,ORB,ORBPG,DRB,DRBPG,TRB,TRBPG,AST,ASTPG,STL,STLPG,BLK,BLKPG,TO,TOPG,PF,PTS,PTSPG,
Greg Stiemsma,BOS,2011-2012, 6-11,C,26,55,766,13.9272727273,66,121,.545,0,0,.000,29,41,.707,48,0.872727272727,129,2.34545454545,177,3.21818181818,28,0.509090909091,37,0.672727272727,85,1.54545454545,33,0.6,144,161,2.92727272727,
Greg Stiemsma,MIN,2012-2013, 6-11,C,27,57,804,14.1052631579,79,185,.427,0,0,.000,40,55,.727,43,0.754385964912,123,2.15789473684,166,2.91228070175,20,0.350877192982,21,0.368421052632,65,1.14035087719,46,0.80701754386,131,198,3.47368421053,
