Player,Team,Season,Height,Position,Age,G,MIN,MINPG,FGM,FGA,FGP,TPM,TPA,TPP,FTM,FTA,FTP,ORB,ORBPG,DRB,DRBPG,TRB,TRBPG,AST,ASTPG,STL,STLPG,BLK,BLKPG,TO,TOPG,PF,PTS,PTSPG,
Greg Oden,POR,2008-2009, 7-0,C,21,61,1314,21.5409836066,198,351,.564,0,0,.000,144,226,.637,169,2.77049180328,255,4.18032786885,424,6.95081967213,31,0.508196721311,25,0.409836065574,69,1.13114754098,87,1.4262295082,238,540,8.85245901639,
Greg Oden,POR,2009-2010, 7-0,C,22,21,502,23.9047619048,92,152,.605,0,0,.000,49,64,.766,64,3.04761904762,114,5.42857142857,178,8.47619047619,19,0.904761904762,8,0.380952380952,48,2.28571428571,39,1.85714285714,84,233,11.0952380952,
