Player,Team,Season,Height,Position,Age,G,MIN,MINPG,FGM,FGA,FGP,TPM,TPA,TPP,FTM,FTA,FTP,ORB,ORBPG,DRB,DRBPG,TRB,TRBPG,AST,ASTPG,STL,STLPG,BLK,BLKPG,TO,TOPG,PF,PTS,PTSPG,
Greg Griffin,PHO,1977-1978, 6-7,SF,25,36,422,11.7222222222,61,169,.361,.000,.000,.000,23,36,.639,44,1.22222222222,59,1.63888888889,103,2.86111111111,24,0.666666666667,16,0.444444444444,0,0.0,39,1.08333333333,56,145,4.02777777778,
