Player,Team,Season,Height,Position,Age,G,MIN,MINPG,FGM,FGA,FGP,TPM,TPA,TPP,FTM,FTA,FTP,ORB,ORBPG,DRB,DRBPG,TRB,TRBPG,AST,ASTPG,STL,STLPG,BLK,BLKPG,TO,TOPG,PF,PTS,PTSPG,
Greg Minor,BOS,1994-1995, 6-6,SG,23,63,945,15.0,155,301,.515,2,12,.167,65,78,.833,49,0.777777777778,88,1.39682539683,137,2.1746031746,66,1.04761904762,32,0.507936507937,16,0.253968253968,44,0.698412698413,89,377,5.98412698413,
Greg Minor,BOS,1995-1996, 6-6,SG,24,78,1761,22.5769230769,320,640,.500,7,27,.259,99,130,.762,93,1.19230769231,164,2.10256410256,257,3.29487179487,146,1.87179487179,36,0.461538461538,11,0.141025641026,78,1.0,161,746,9.5641025641,
Greg Minor,BOS,1996-1997, 6-6,SF,25,23,547,23.7826086957,94,196,.480,1,8,.125,31,36,.861,30,1.30434782609,50,2.17391304348,80,3.47826086957,34,1.47826086957,15,0.652173913043,2,0.0869565217391,22,0.95652173913,45,220,9.5652173913,
Greg Minor,BOS,1997-1998, 6-6,SG,26,69,1126,16.3188405797,140,321,.436,6,31,.194,59,86,.686,55,0.797101449275,95,1.3768115942,150,2.17391304348,88,1.27536231884,53,0.768115942029,11,0.159420289855,43,0.623188405797,100,345,5.0,
Greg Minor,BOS,1998-1999, 6-6,SG,27,44,765,17.3863636364,85,204,.417,8,28,.286,36,48,.750,31,0.704545454545,86,1.95454545455,117,2.65909090909,50,1.13636363636,20,0.454545454545,6,0.136363636364,38,0.863636363636,69,214,4.86363636364,
