Player,Team,Season,Height,Position,Age,G,MIN,MINPG,FGM,FGA,FGP,TPM,TPA,TPP,FTM,FTA,FTP,ORB,ORBPG,DRB,DRBPG,TRB,TRBPG,AST,ASTPG,STL,STLPG,BLK,BLKPG,TO,TOPG,PF,PTS,PTSPG,
Greg Howard,PHO,1970-1971, 6-9,PF,23,44,426,9.68181818182,68,173,.393,.000,.000,.000,37,58,.638,.000,0.0,.000,0.0,119,2.70454545455,26,0.590909090909,.000,0.0,.000,0.0,.000,0.0,67,173,3.93181818182,
Greg Howard,CLE,1971-1972, 6-9,PF,24,48,426,8.875,50,131,.382,.000,.000,.000,39,51,.765,.000,0.0,.000,0.0,108,2.25,27,0.5625,.000,0.0,.000,0.0,.000,0.0,50,139,2.89583333333,
