Player,Team,Season,Height,Position,Age,G,MIN,MINPG,FGM,FGA,FGP,TPM,TPA,TPP,FTM,FTA,FTP,ORB,ORBPG,DRB,DRBPG,TRB,TRBPG,AST,ASTPG,STL,STLPG,BLK,BLKPG,TO,TOPG,PF,PTS,PTSPG,
Greivis Vasquez,MEM,2010-2011, 6-6,SG,24,70,860,12.2857142857,95,233,.408,25,86,.291,34,44,.773,12,0.171428571429,61,0.871428571429,73,1.04285714286,151,2.15714285714,22,0.314285714286,4,0.0571428571429,70,1.0,83,249,3.55714285714,
Greivis Vasquez,NOH,2011-2012, 6-6,SG,25,66,1706,25.8484848485,225,523,.430,43,135,.319,96,117,.821,23,0.348484848485,150,2.27272727273,173,2.62121212121,359,5.43939393939,60,0.909090909091,8,0.121212121212,148,2.24242424242,126,589,8.92424242424,
Greivis Vasquez,NOH,2012-2013, 6-6,SG,26,65,2240,34.4615384615,365,848,.430,72,204,.353,105,132,.795,34,0.523076923077,254,3.90769230769,288,4.43076923077,611,9.4,54,0.830769230769,6,0.0923076923077,207,3.18461538462,156,907,13.9538461538,
