Player,Team,Season,Height,Position,Age,G,MIN,MINPG,FGM,FGA,FGP,TPM,TPA,TPP,FTM,FTA,FTP,ORB,ORBPG,DRB,DRBPG,TRB,TRBPG,AST,ASTPG,STL,STLPG,BLK,BLKPG,TO,TOPG,PF,PTS,PTSPG,
Gus Bailey,HOU,1974-1975, 6-5,SG,23,47,446,9.48936170213,51,126,.405,.000,.000,.000,20,41,.488,23,0.489361702128,59,1.25531914894,82,1.74468085106,59,1.25531914894,17,0.36170212766,16,0.340425531915,.000,0.0,52,122,2.59574468085,
Gus Bailey,HOU,1975-1976, 6-5,SG,24,30,262,8.73333333333,28,77,.364,.000,.000,.000,14,28,.500,20,0.666666666667,30,1.0,50,1.66666666667,41,1.36666666667,14,0.466666666667,8,0.266666666667,.000,0.0,33,70,2.33333333333,
Gus Bailey,NOJ,1977-1978, 6-5,SG,26,48,449,9.35416666667,59,139,.424,.000,.000,.000,37,67,.552,44,0.916666666667,38,0.791666666667,82,1.70833333333,40,0.833333333333,18,0.375,15,0.3125,33,0.6875,46,155,3.22916666667,
Gus Bailey,NOJ,1978-1979, 6-5,SG,27,2,9,4.5,2,7,.286,.000,.000,.000,0,0,.000,2,1.0,0,0.0,2,1.0,2,1.0,0,0.0,0,0.0,1,0.5,1,4,2.0,
Gus Bailey,WSB,1979-1980, 6-5,SG,28,20,180,9.0,16,35,.457,1,1,1.000,5,13,.385,6,0.3,22,1.1,28,1.4,26,1.3,7,0.35,4,0.2,11,0.55,18,38,1.9,
