Player,Team,Season,Height,Position,Age,G,MIN,MINPG,FGM,FGA,FGP,TPM,TPA,TPP,FTM,FTA,FTP,ORB,ORBPG,DRB,DRBPG,TRB,TRBPG,AST,ASTPG,STL,STLPG,BLK,BLKPG,TO,TOPG,PF,PTS,PTSPG,
Guy Manning,HSM,1967-1968, 6-6,SF,23,59,1107,18.7627118644,206,502,.410,2,6,.333,115,199,.578,.000,0.0,.000,0.0,311,5.27118644068,37,0.627118644068,.000,0.0,.000,0.0,53,0.898305084746,151,529,8.96610169492,
Guy Manning,HSM,1968-1969, 6-6,SF,24,14,167,11.9285714286,27,95,.284,0,2,.000,21,37,.568,21,1.5,21,1.5,42,3.0,2,0.142857142857,.000,0.0,.000,0.0,12,0.857142857143,20,75,5.35714285714,
