Player,Team,Season,Height,Position,Age,G,MIN,MINPG,FGM,FGA,FGP,TPM,TPA,TPP,FTM,FTA,FTP,ORB,ORBPG,DRB,DRBPG,TRB,TRBPG,AST,ASTPG,STL,STLPG,BLK,BLKPG,TO,TOPG,PF,PTS,PTSPG,
Ha Seung-Jin,POR,2004-2005, 7-3,C,19,19,104,5.47368421053,10,23,.435,0,0,.000,6,11,.545,6,0.315789473684,12,0.631578947368,18,0.947368421053,2,0.105263157895,1,0.0526315789474,5,0.263157894737,12,0.631578947368,21,26,1.36842105263,
Ha Seung-Jin,POR,2005-2006, 7-3,C,20,27,212,7.85185185185,18,31,.581,0,0,.000,8,17,.471,14,0.518518518519,35,1.2962962963,49,1.81481481481,1,0.037037037037,3,0.111111111111,8,0.296296296296,14,0.518518518519,41,44,1.62962962963,
