Player,Team,Season,Height,Position,Age,G,MIN,MINPG,FGM,FGA,FGP,TPM,TPA,TPP,FTM,FTA,FTP,ORB,ORBPG,DRB,DRBPG,TRB,TRBPG,AST,ASTPG,STL,STLPG,BLK,BLKPG,TO,TOPG,PF,PTS,PTSPG,
Hamed Haddadi,MEM,2008-2009, 7-2,C,23,19,120,6.31578947368,15,31,.484,0,0,.000,18,30,.600,16,0.842105263158,31,1.63157894737,47,2.47368421053,8,0.421052631579,1,0.0526315789474,12,0.631578947368,9,0.473684210526,20,48,2.52631578947,
Hamed Haddadi,MEM,2009-2010, 7-2,C,24,36,240,6.66666666667,24,62,.387,0,3,.000,14,19,.737,26,0.722222222222,49,1.36111111111,75,2.08333333333,10,0.277777777778,1,0.0277777777778,14,0.388888888889,20,0.555555555556,57,62,1.72222222222,
Hamed Haddadi,MEM,2010-2011, 7-2,C,25,31,168,5.41935483871,30,58,.517,0,1,.000,15,23,.652,24,0.774193548387,44,1.41935483871,68,2.1935483871,5,0.161290322581,2,0.0645161290323,13,0.41935483871,11,0.354838709677,29,75,2.41935483871,
Hamed Haddadi,MEM,2011-2012, 7-2,C,26,35,206,5.88571428571,26,48,.542,0,1,.000,18,26,.692,28,0.8,43,1.22857142857,71,2.02857142857,8,0.228571428571,1,0.0285714285714,26,0.742857142857,21,0.6,43,70,2.0,
Hamed Haddadi,TOT,2012-2013, 7-2,C,27,18,167,9.27777777778,14,40,.350,0,0,.000,10,15,.667,20,1.11111111111,30,1.66666666667,50,2.77777777778,6,0.333333333333,4,0.222222222222,15,0.833333333333,14,0.777777777778,30,38,2.11111111111,
Hamed Haddadi,MEM,2012-2013, 7-2,C,27,13,87,6.69230769231,7,21,.333,0,0,.000,1,2,.500,10,0.769230769231,14,1.07692307692,24,1.84615384615,4,0.307692307692,1,0.0769230769231,6,0.461538461538,4,0.307692307692,15,15,1.15384615385,
Hamed Haddadi,PHO,2012-2013, 7-2,,27,5,80,16.0,7,19,.368,0,0,.000,9,13,.692,10,2.0,16,3.2,26,5.2,2,0.4,3,0.6,9,1.8,10,2.0,15,23,4.6,
