Player,Team,Season,Height,Position,Age,G,MIN,MINPG,FGM,FGA,FGP,TPM,TPA,TPP,FTM,FTA,FTP,ORB,ORBPG,DRB,DRBPG,TRB,TRBPG,AST,ASTPG,STL,STLPG,BLK,BLKPG,TO,TOPG,PF,PTS,PTSPG,
Hank McDowell,GSW,1981-1982, 6-9,PF,22,30,335,11.1666666667,34,84,.405,0,0,.000,27,41,.659,41,1.36666666667,59,1.96666666667,100,3.33333333333,20,0.666666666667,6,0.2,8,0.266666666667,21,0.7,52,95,3.16666666667,
Hank McDowell,TOT,1982-1983, 6-9,PF,23,56,505,9.01785714286,58,126,.460,0,2,.000,47,61,.770,54,0.964285714286,65,1.16071428571,119,2.125,24,0.428571428571,8,0.142857142857,11,0.196428571429,40,0.714285714286,84,163,2.91071428571,
Hank McDowell,GSW,1982-1983, 6-9,PF,23,14,130,9.28571428571,13,29,.448,0,0,.000,14,18,.778,15,1.07142857143,15,1.07142857143,30,2.14285714286,4,0.285714285714,2,0.142857142857,4,0.285714285714,8,0.571428571429,26,40,2.85714285714,
Hank McDowell,POR,1982-1983, 6-9,PF,23,42,375,8.92857142857,45,97,.464,0,2,.000,33,43,.767,39,0.928571428571,50,1.19047619048,89,2.11904761905,20,0.47619047619,6,0.142857142857,7,0.166666666667,32,0.761904761905,58,123,2.92857142857,
Hank McDowell,SDC,1983-1984, 6-9,PF,24,57,611,10.7192982456,85,197,.431,0,3,.000,38,56,.679,63,1.10526315789,92,1.61403508772,155,2.71929824561,37,0.649122807018,14,0.245614035088,2,0.0350877192982,49,0.859649122807,77,208,3.64912280702,
Hank McDowell,HOU,1984-1985, 6-9,PF,25,34,132,3.88235294118,20,42,.476,0,1,.000,7,10,.700,7,0.205882352941,15,0.441176470588,22,0.647058823529,9,0.264705882353,3,0.0882352941176,5,0.147058823529,8,0.235294117647,22,47,1.38235294118,
Hank McDowell,HOU,1985-1986, 6-9,PF,26,22,204,9.27272727273,24,42,.571,0,1,.000,17,25,.680,12,0.545454545455,37,1.68181818182,49,2.22727272727,6,0.272727272727,1,0.0454545454545,3,0.136363636364,10,0.454545454545,25,65,2.95454545455,
Hank McDowell,MIL,1986-1987, 6-9,PF,27,7,70,10.0,8,17,.471,0,0,.000,6,7,.857,9,1.28571428571,10,1.42857142857,19,2.71428571429,2,0.285714285714,2,0.285714285714,0,0.0,3,0.428571428571,14,22,3.14285714286,
