Player,Team,Season,Height,Position,Age,G,MIN,MINPG,FGM,FGA,FGP,TPM,TPA,TPP,FTM,FTA,FTP,ORB,ORBPG,DRB,DRBPG,TRB,TRBPG,AST,ASTPG,STL,STLPG,BLK,BLKPG,TO,TOPG,PF,PTS,PTSPG,
Hank Rosenstein,TOT,1946-1947, 6-4,,26,60,.000,0.0,119,390,.305,.000,.000,.000,144,225,.640,.000,0.0,.000,0.0,.000,0.0,36,0.6,.000,0.0,.000,0.0,.000,0.0,172,382,6.36666666667,
Hank Rosenstein,NYK,1946-1947, 6-4,,26,31,.000,0.0,38,145,.262,.000,.000,.000,57,95,.600,.000,0.0,.000,0.0,.000,0.0,19,0.612903225806,.000,0.0,.000,0.0,.000,0.0,71,133,4.29032258065,
Hank Rosenstein,PRO,1946-1947, 6-4,,26,29,.000,0.0,81,245,.331,.000,.000,.000,87,130,.669,.000,0.0,.000,0.0,.000,0.0,17,0.586206896552,.000,0.0,.000,0.0,.000,0.0,101,249,8.58620689655,
