Player,Team,Season,Height,Position,Age,G,MIN,MINPG,FGM,FGA,FGP,TPM,TPA,TPP,FTM,FTA,FTP,ORB,ORBPG,DRB,DRBPG,TRB,TRBPG,AST,ASTPG,STL,STLPG,BLK,BLKPG,TO,TOPG,PF,PTS,PTSPG,
Hank Williams,UTS,1974-1975, 6-5,SF,22,39,454,11.641025641,71,163,.436,3,22,.136,18,23,.783,31,0.794871794872,58,1.48717948718,89,2.28205128205,25,0.641025641026,14,0.358974358974,4,0.102564102564,32,0.820512820513,73,163,4.17948717949,
