Player,Team,Season,Height,Position,Age,G,MIN,MINPG,FGM,FGA,FGP,TPM,TPA,TPP,FTM,FTA,FTP,ORB,ORBPG,DRB,DRBPG,TRB,TRBPG,AST,ASTPG,STL,STLPG,BLK,BLKPG,TO,TOPG,PF,PTS,PTSPG,
Hank Finkel,LAL,1966-1967, 7-0,C,24,27,141,5.22222222222,17,47,.362,.000,.000,.000,7,12,.583,.000,0.0,.000,0.0,64,2.37037037037,5,0.185185185185,.000,0.0,.000,0.0,.000,0.0,39,41,1.51851851852,
Hank Finkel,SDR,1967-1968, 7-0,C,25,53,1116,21.0566037736,242,492,.492,.000,.000,.000,131,191,.686,.000,0.0,.000,0.0,375,7.07547169811,72,1.35849056604,.000,0.0,.000,0.0,.000,0.0,175,615,11.6037735849,
Hank Finkel,SDR,1968-1969, 7-0,C,26,35,332,9.48571428571,49,111,.441,.000,.000,.000,31,41,.756,.000,0.0,.000,0.0,107,3.05714285714,21,0.6,.000,0.0,.000,0.0,.000,0.0,53,129,3.68571428571,
Hank Finkel,BOS,1969-1970, 7-0,C,27,80,1866,23.325,310,683,.454,.000,.000,.000,156,233,.670,.000,0.0,.000,0.0,613,7.6625,103,1.2875,.000,0.0,.000,0.0,.000,0.0,292,776,9.7,
Hank Finkel,BOS,1970-1971, 7-0,C,28,80,1234,15.425,214,489,.438,.000,.000,.000,93,127,.732,.000,0.0,.000,0.0,343,4.2875,79,0.9875,.000,0.0,.000,0.0,.000,0.0,196,521,6.5125,
Hank Finkel,BOS,1971-1972, 7-0,C,29,78,736,9.4358974359,103,254,.406,.000,.000,.000,43,74,.581,.000,0.0,.000,0.0,251,3.21794871795,61,0.782051282051,.000,0.0,.000,0.0,.000,0.0,118,249,3.19230769231,
Hank Finkel,BOS,1972-1973, 7-0,C,30,76,496,6.52631578947,78,173,.451,.000,.000,.000,28,52,.538,.000,0.0,.000,0.0,151,1.98684210526,26,0.342105263158,.000,0.0,.000,0.0,.000,0.0,83,184,2.42105263158,
Hank Finkel,BOS,1973-1974, 7-0,C,31,60,427,7.11666666667,60,130,.462,.000,.000,.000,28,43,.651,41,0.683333333333,94,1.56666666667,135,2.25,27,0.45,3,0.05,7,0.116666666667,.000,0.0,62,148,2.46666666667,
Hank Finkel,BOS,1974-1975, 7-0,C,32,62,518,8.35483870968,52,129,.403,.000,.000,.000,23,43,.535,33,0.532258064516,79,1.27419354839,112,1.8064516129,32,0.516129032258,7,0.112903225806,3,0.0483870967742,.000,0.0,72,127,2.04838709677,
