Player,Team,Season,Height,Position,Age,G,MIN,MINPG,FGM,FGA,FGP,TPM,TPA,TPP,FTM,FTA,FTP,ORB,ORBPG,DRB,DRBPG,TRB,TRBPG,AST,ASTPG,STL,STLPG,BLK,BLKPG,TO,TOPG,PF,PTS,PTSPG,
Hanno Mottola,ATL,2000-2001, 6-11,SF,24,73,989,13.5479452055,123,277,.444,0,3,.000,73,90,.811,49,0.671232876712,125,1.71232876712,174,2.38356164384,25,0.342465753425,11,0.150684931507,9,0.123287671233,67,0.917808219178,163,319,4.3698630137,
Hanno Mottola,ATL,2001-2002, 6-11,C,25,82,1371,16.7195121951,169,384,.440,1,13,.077,57,76,.750,81,0.987804878049,187,2.28048780488,268,3.26829268293,50,0.609756097561,20,0.243902439024,19,0.231707317073,70,0.853658536585,174,396,4.82926829268,
