Player,Team,Season,Height,Position,Age,G,MIN,MINPG,FGM,FGA,FGP,TPM,TPA,TPP,FTM,FTA,FTP,ORB,ORBPG,DRB,DRBPG,TRB,TRBPG,AST,ASTPG,STL,STLPG,BLK,BLKPG,TO,TOPG,PF,PTS,PTSPG,
Harold Jamison,MIA,1999-2000, 6-8,PF,23,12,74,6.16666666667,7,20,.350,0,0,.000,4,18,.222,16,1.33333333333,5,0.416666666667,21,1.75,4,0.333333333333,2,0.166666666667,1,0.0833333333333,4,0.333333333333,17,18,1.5,
Harold Jamison,LAC,2001-2002, 6-8,PF,25,25,176,7.04,22,43,.512,0,0,.000,10,15,.667,24,0.96,15,0.6,39,1.56,6,0.24,5,0.2,1,0.04,6,0.24,23,54,2.16,
