Player,Team,Season,Height,Position,Age,G,MIN,MINPG,FGM,FGA,FGP,TPM,TPA,TPP,FTM,FTA,FTP,ORB,ORBPG,DRB,DRBPG,TRB,TRBPG,AST,ASTPG,STL,STLPG,BLK,BLKPG,TO,TOPG,PF,PTS,PTSPG,
Harold Ellis,LAC,1993-1994, 6-5,SF,23,49,923,18.8367346939,159,292,.545,0,4,.000,106,149,.711,94,1.91836734694,59,1.20408163265,153,3.12244897959,31,0.632653061224,73,1.48979591837,2,0.0408163265306,43,0.877551020408,97,424,8.65306122449,
Harold Ellis,LAC,1994-1995, 6-5,SF,24,69,656,9.50724637681,91,189,.481,1,13,.077,69,117,.590,56,0.811594202899,32,0.463768115942,88,1.27536231884,40,0.579710144928,67,0.971014492754,12,0.173913043478,49,0.710144927536,102,252,3.65217391304,
Harold Ellis,DEN,1997-1998, 6-5,SF,27,27,344,12.7407407407,62,111,.559,0,4,.000,40,63,.635,27,1.0,23,0.851851851852,50,1.85185185185,18,0.666666666667,19,0.703703703704,4,0.148148148148,19,0.703703703704,53,164,6.07407407407,
