Player,Team,Season,Height,Position,Age,G,MIN,MINPG,FGM,FGA,FGP,TPM,TPA,TPP,FTM,FTA,FTP,ORB,ORBPG,DRB,DRBPG,TRB,TRBPG,AST,ASTPG,STL,STLPG,BLK,BLKPG,TO,TOPG,PF,PTS,PTSPG,
Harold Pressley,SAC,1986-1987, 6-7,SF,23,67,913,13.6268656716,134,317,.423,7,28,.250,35,48,.729,68,1.01492537313,108,1.61194029851,176,2.62686567164,120,1.79104477612,40,0.597014925373,21,0.313432835821,63,0.940298507463,96,310,4.62686567164,
Harold Pressley,SAC,1987-1988, 6-7,SF,24,80,2029,25.3625,318,702,.453,36,110,.327,103,130,.792,139,1.7375,230,2.875,369,4.6125,185,2.3125,84,1.05,55,0.6875,135,1.6875,211,775,9.6875,
Harold Pressley,SAC,1988-1989, 6-7,PF,25,80,2257,28.2125,383,873,.439,119,295,.403,96,123,.780,216,2.7,269,3.3625,485,6.0625,174,2.175,93,1.1625,76,0.95,124,1.55,215,981,12.2625,
Harold Pressley,SAC,1989-1990, 6-7,SF,26,72,1603,22.2638888889,240,566,.424,46,148,.311,110,141,.780,94,1.30555555556,215,2.98611111111,309,4.29166666667,149,2.06944444444,58,0.805555555556,36,0.5,88,1.22222222222,148,636,8.83333333333,
