Player,Team,Season,Height,Position,Age,G,MIN,MINPG,FGM,FGA,FGP,TPM,TPA,TPP,FTM,FTA,FTP,ORB,ORBPG,DRB,DRBPG,TRB,TRBPG,AST,ASTPG,STL,STLPG,BLK,BLKPG,TO,TOPG,PF,PTS,PTSPG,
Harrison Barnes,GSW,2012-2013, 6-8,SF,20,65,1649,25.3692307692,218,496,.440,42,121,.347,111,154,.721,38,0.584615384615,216,3.32307692308,254,3.90769230769,85,1.30769230769,42,0.646153846154,13,0.2,79,1.21538461538,116,589,9.06153846154,
