Player,Team,Season,Height,Position,Age,G,MIN,MINPG,FGM,FGA,FGP,TPM,TPA,TPP,FTM,FTA,FTP,ORB,ORBPG,DRB,DRBPG,TRB,TRBPG,AST,ASTPG,STL,STLPG,BLK,BLKPG,TO,TOPG,PF,PTS,PTSPG,
Harthorne Wingo,NYK,1972-1973, 6-6,PF,25,13,59,4.53846153846,9,22,.409,.000,.000,.000,2,6,.333,.000,0.0,.000,0.0,16,1.23076923077,1,0.0769230769231,.000,0.0,.000,0.0,.000,0.0,9,20,1.53846153846,
Harthorne Wingo,NYK,1973-1974, 6-6,PF,26,60,536,8.93333333333,82,172,.477,.000,.000,.000,48,76,.632,72,1.2,94,1.56666666667,166,2.76666666667,25,0.416666666667,7,0.116666666667,14,0.233333333333,.000,0.0,85,212,3.53333333333,
Harthorne Wingo,NYK,1974-1975, 6-6,PF,27,82,1686,20.5609756098,233,506,.460,.000,.000,.000,141,187,.754,163,1.98780487805,293,3.57317073171,456,5.56097560976,84,1.0243902439,48,0.585365853659,35,0.426829268293,.000,0.0,215,607,7.40243902439,
Harthorne Wingo,NYK,1975-1976, 6-6,PF,28,57,533,9.35087719298,72,163,.442,.000,.000,.000,40,60,.667,46,0.80701754386,61,1.0701754386,107,1.87719298246,18,0.315789473684,19,0.333333333333,8,0.140350877193,.000,0.0,59,184,3.22807017544,
