Player,Team,Season,Height,Position,Age,G,MIN,MINPG,FGM,FGA,FGP,TPM,TPA,TPP,FTM,FTA,FTP,ORB,ORBPG,DRB,DRBPG,TRB,TRBPG,AST,ASTPG,STL,STLPG,BLK,BLKPG,TO,TOPG,PF,PTS,PTSPG,
Hasheem Thabeet,MEM,2009-2010, 7-3,C,22,68,883,12.9852941176,77,131,.588,0,0,.000,54,93,.581,85,1.25,158,2.32352941176,243,3.57352941176,11,0.161764705882,15,0.220588235294,89,1.30882352941,43,0.632352941176,162,208,3.05882352941,
Hasheem Thabeet,TOT,2010-2011, 7-3,C,23,47,373,7.93617021277,17,40,.425,0,0,.000,19,35,.543,24,0.510638297872,51,1.08510638298,75,1.59574468085,4,0.0851063829787,9,0.191489361702,16,0.340425531915,17,0.36170212766,76,53,1.12765957447,
Hasheem Thabeet,MEM,2010-2011, 7-3,C,23,45,369,8.2,17,39,.436,0,0,.000,19,35,.543,24,0.533333333333,51,1.13333333333,75,1.66666666667,4,0.0888888888889,9,0.2,15,0.333333333333,17,0.377777777778,73,53,1.17777777778,
Hasheem Thabeet,HOU,2010-2011, 7-3,C,23,2,4,2.0,0,1,.000,0,0,.000,0,0,.000,0,0.0,0,0.0,0,0.0,0,0.0,0,0.0,1,0.5,0,0.0,3,0,0.0,
Hasheem Thabeet,TOT,2011-2012, 7-3,C,24,20,139,6.95,11,21,.524,0,0,.000,13,20,.650,16,0.8,26,1.3,42,2.1,0,0.0,1,0.05,10,0.5,8,0.4,20,35,1.75,
Hasheem Thabeet,HOU,2011-2012, 7-3,C,24,5,23,4.6,3,3,1.000,0,0,.000,0,0,.000,1,0.2,6,1.2,7,1.4,0,0.0,0,0.0,2,0.4,0,0.0,5,6,1.2,
Hasheem Thabeet,POR,2011-2012, 7-3,C,24,15,116,7.73333333333,8,18,.444,0,0,.000,13,20,.650,15,1.0,20,1.33333333333,35,2.33333333333,0,0.0,1,0.0666666666667,8,0.533333333333,8,0.533333333333,15,29,1.93333333333,
Hasheem Thabeet,OKC,2012-2013, 7-3,C,25,56,639,11.4107142857,54,89,.607,0,0,.000,30,48,.625,56,1.0,104,1.85714285714,160,2.85714285714,7,0.125,24,0.428571428571,51,0.910714285714,38,0.678571428571,120,138,2.46428571429,
