Player,Team,Season,Height,Position,Age,G,MIN,MINPG,FGM,FGA,FGP,TPM,TPA,TPP,FTM,FTA,FTP,ORB,ORBPG,DRB,DRBPG,TRB,TRBPG,AST,ASTPG,STL,STLPG,BLK,BLKPG,TO,TOPG,PF,PTS,PTSPG,
Hassan Adams,NJN,2006-2007, 6-4,SG,22,61,495,8.11475409836,75,135,.556,0,1,.000,24,36,.667,35,0.573770491803,42,0.688524590164,77,1.26229508197,13,0.213114754098,17,0.27868852459,4,0.0655737704918,22,0.360655737705,47,174,2.85245901639,
Hassan Adams,TOR,2008-2009, 6-4,SG,24,12,52,4.33333333333,4,13,.308,0,0,.000,3,6,.500,1,0.0833333333333,6,0.5,7,0.583333333333,1,0.0833333333333,1,0.0833333333333,1,0.0833333333333,4,0.333333333333,4,11,0.916666666667,
