Player,Team,Season,Height,Position,Age,G,MIN,MINPG,FGM,FGA,FGP,TPM,TPA,TPP,FTM,FTA,FTP,ORB,ORBPG,DRB,DRBPG,TRB,TRBPG,AST,ASTPG,STL,STLPG,BLK,BLKPG,TO,TOPG,PF,PTS,PTSPG,
Hassan Whiteside,SAC,2010-2011, 7-0,C,21,1,2,2.0,0,0,.000,0,0,.000,0,0,.000,0,0.0,0,0.0,0,0.0,0,0.0,0,0.0,0,0.0,0,0.0,2,0,0.0,
Hassan Whiteside,SAC,2011-2012, 7-0,C,22,18,109,6.05555555556,12,27,.444,0,0,.000,5,12,.417,16,0.888888888889,23,1.27777777778,39,2.16666666667,0,0.0,3,0.166666666667,15,0.833333333333,5,0.277777777778,12,29,1.61111111111,
