Player,Team,Season,Height,Position,Age,G,MIN,MINPG,FGM,FGA,FGP,TPM,TPA,TPP,FTM,FTA,FTP,ORB,ORBPG,DRB,DRBPG,TRB,TRBPG,AST,ASTPG,STL,STLPG,BLK,BLKPG,TO,TOPG,PF,PTS,PTSPG,
Hawkeye Whitney,KCK,1980-1981, 6-5,SG,23,47,782,16.6382978723,149,306,.487,2,6,.333,50,65,.769,29,0.617021276596,77,1.63829787234,106,2.25531914894,68,1.44680851064,47,1.0,6,0.127659574468,48,1.02127659574,98,350,7.44680851064,
Hawkeye Whitney,KCK,1981-1982, 6-5,SG,24,23,266,11.5652173913,25,71,.352,0,1,.000,4,7,.571,13,0.565217391304,27,1.17391304348,40,1.73913043478,19,0.826086956522,12,0.521739130435,1,0.0434782608696,14,0.608695652174,31,54,2.34782608696,
