Player,Team,Season,Height,Position,Age,G,MIN,MINPG,FGM,FGA,FGP,TPM,TPA,TPP,FTM,FTA,FTP,ORB,ORBPG,DRB,DRBPG,TRB,TRBPG,AST,ASTPG,STL,STLPG,BLK,BLKPG,TO,TOPG,PF,PTS,PTSPG,
Henry Ward,SAA,1975-1976, 6-4,SG,24,61,688,11.2786885246,154,333,.462,6,23,.261,16,27,.593,45,0.737704918033,95,1.55737704918,140,2.29508196721,35,0.573770491803,16,0.262295081967,10,0.16393442623,45,0.737704918033,99,330,5.40983606557,
Henry Ward,SAS,1976-1977, 6-4,SG,25,27,171,6.33333333333,34,90,.378,.000,.000,.000,15,17,.882,10,0.37037037037,23,0.851851851852,33,1.22222222222,6,0.222222222222,6,0.222222222222,5,0.185185185185,.000,0.0,30,83,3.07407407407,
