Player,Team,Season,Height,Position,Age,G,MIN,MINPG,FGM,FGA,FGP,TPM,TPA,TPP,FTM,FTA,FTP,ORB,ORBPG,DRB,DRBPG,TRB,TRBPG,AST,ASTPG,STL,STLPG,BLK,BLKPG,TO,TOPG,PF,PTS,PTSPG,
Henry Akin,NYK,1966-1967, 6-10,PF,22,50,453,9.06,83,230,.361,.000,.000,.000,26,37,.703,.000,0.0,.000,0.0,120,2.4,25,0.5,.000,0.0,.000,0.0,.000,0.0,82,192,3.84,
Henry Akin,SEA,1967-1968, 6-10,C,23,36,259,7.19444444444,46,137,.336,.000,.000,.000,20,31,.645,.000,0.0,.000,0.0,57,1.58333333333,14,0.388888888889,.000,0.0,.000,0.0,.000,0.0,48,112,3.11111111111,
Henry Akin,KEN,1968-1969, 6-10,PF,24,2,25,12.5,1,4,.250,0,2,.000,2,3,.667,0,0.0,4,2.0,4,2.0,1,0.5,.000,0.0,.000,0.0,4,2.0,0,4,2.0,
