Player,Team,Season,Height,Position,Age,G,MIN,MINPG,FGM,FGA,FGP,TPM,TPA,TPP,FTM,FTA,FTP,ORB,ORBPG,DRB,DRBPG,TRB,TRBPG,AST,ASTPG,STL,STLPG,BLK,BLKPG,TO,TOPG,PF,PTS,PTSPG,
Henry Dickerson,DET,1975-1976, 6-4,SG,24,17,112,6.58823529412,9,29,.310,.000,.000,.000,10,16,.625,3,0.176470588235,0,0.0,3,0.176470588235,8,0.470588235294,2,0.117647058824,1,0.0588235294118,.000,0.0,17,28,1.64705882353,
Henry Dickerson,ATL,1976-1977, 6-4,PG,25,6,63,10.5,6,12,.500,.000,.000,.000,5,8,.625,0,0.0,2,0.333333333333,2,0.333333333333,11,1.83333333333,1,0.166666666667,0,0.0,.000,0.0,13,17,2.83333333333,
