Player,Team,Season,Height,Position,Age,G,MIN,MINPG,FGM,FGA,FGP,TPM,TPA,TPP,FTM,FTA,FTP,ORB,ORBPG,DRB,DRBPG,TRB,TRBPG,AST,ASTPG,STL,STLPG,BLK,BLKPG,TO,TOPG,PF,PTS,PTSPG,
Henry James,CLE,1990-1991, 6-8,PF,25,37,505,13.6486486486,112,254,.441,24,60,.400,52,72,.722,26,0.702702702703,53,1.43243243243,79,2.13513513514,32,0.864864864865,15,0.405405405405,5,0.135135135135,37,1.0,59,300,8.10810810811,
Henry James,CLE,1991-1992, 6-8,SF,26,65,866,13.3230769231,164,403,.407,29,90,.322,61,76,.803,35,0.538461538462,77,1.18461538462,112,1.72307692308,25,0.384615384615,16,0.246153846154,11,0.169230769231,43,0.661538461538,94,418,6.43076923077,
Henry James,TOT,1992-1993, 6-8,PF,27,10,88,8.8,21,51,.412,3,13,.231,22,26,.846,7,0.7,4,0.4,11,1.1,1,0.1,3,0.3,0,0.0,7,0.7,9,67,6.7,
Henry James,SAC,1992-1993, 6-8,PF,27,8,79,9.875,20,45,.444,3,10,.300,17,20,.850,6,0.75,4,0.5,10,1.25,1,0.125,3,0.375,0,0.0,7,0.875,9,60,7.5,
Henry James,UTA,1992-1993, 6-8,PF,27,2,9,4.5,1,6,.167,0,3,.000,5,6,.833,1,0.5,0,0.0,1,0.5,0,0.0,0,0.0,0,0.0,0,0.0,0,7,3.5,
Henry James,LAC,1993-1994, 6-8,PF,28,12,75,6.25,16,42,.381,4,18,.222,5,5,1.000,6,0.5,8,0.666666666667,14,1.16666666667,1,0.0833333333333,2,0.166666666667,0,0.0,2,0.166666666667,9,41,3.41666666667,
Henry James,HOU,1995-1996, 6-8,PF,30,7,58,8.28571428571,10,24,.417,5,15,.333,5,5,1.000,3,0.428571428571,3,0.428571428571,6,0.857142857143,2,0.285714285714,0,0.0,0,0.0,4,0.571428571429,13,30,4.28571428571,
Henry James,ATL,1996-1997, 6-8,PF,31,53,945,17.8301886792,125,306,.408,76,181,.420,30,36,.833,27,0.509433962264,54,1.01886792453,81,1.52830188679,21,0.396226415094,11,0.207547169811,1,0.0188679245283,29,0.547169811321,98,356,6.71698113208,
Henry James,CLE,1997-1998, 6-8,PF,32,28,166,5.92857142857,24,59,.407,11,25,.440,21,22,.955,2,0.0714285714286,13,0.464285714286,15,0.535714285714,5,0.178571428571,1,0.0357142857143,1,0.0357142857143,12,0.428571428571,24,80,2.85714285714,
