Player,Team,Season,Height,Position,Age,G,MIN,MINPG,FGM,FGA,FGP,TPM,TPA,TPP,FTM,FTA,FTP,ORB,ORBPG,DRB,DRBPG,TRB,TRBPG,AST,ASTPG,STL,STLPG,BLK,BLKPG,TO,TOPG,PF,PTS,PTSPG,
Henry Logan,OAK,1968-1969, 6-0,PG,22,76,1751,23.0394736842,339,694,.488,1,4,.250,268,382,.702,105,1.38157894737,182,2.39473684211,287,3.77631578947,185,2.43421052632,.000,0.0,.000,0.0,188,2.47368421053,226,947,12.4605263158,
Henry Logan,WSA,1969-1970, 6-0,SG,23,32,659,20.59375,110,269,.409,0,3,.000,91,127,.717,40,1.25,49,1.53125,89,2.78125,59,1.84375,.000,0.0,.000,0.0,63,1.96875,93,311,9.71875,
