Player,Team,Season,Height,Position,Age,G,MIN,MINPG,FGM,FGA,FGP,TPM,TPA,TPP,FTM,FTA,FTP,ORB,ORBPG,DRB,DRBPG,TRB,TRBPG,AST,ASTPG,STL,STLPG,BLK,BLKPG,TO,TOPG,PF,PTS,PTSPG,
Herm Gilliam,CIN,1969-1970, 6-3,SG,23,57,1161,20.3684210526,179,441,.406,.000,.000,.000,68,91,.747,.000,0.0,.000,0.0,215,3.77192982456,178,3.12280701754,.000,0.0,.000,0.0,.000,0.0,163,426,7.47368421053,
Herm Gilliam,BUF,1970-1971, 6-3,SG,24,80,2082,26.025,378,896,.422,.000,.000,.000,142,189,.751,.000,0.0,.000,0.0,334,4.175,291,3.6375,.000,0.0,.000,0.0,.000,0.0,246,898,11.225,
Herm Gilliam,ATL,1971-1972, 6-3,PG,25,82,2337,28.5,345,774,.446,.000,.000,.000,145,173,.838,.000,0.0,.000,0.0,335,4.08536585366,377,4.59756097561,.000,0.0,.000,0.0,.000,0.0,232,835,10.1829268293,
Herm Gilliam,ATL,1972-1973, 6-3,PG,26,76,2741,36.0657894737,471,1007,.468,.000,.000,.000,123,150,.820,.000,0.0,.000,0.0,399,5.25,482,6.34210526316,.000,0.0,.000,0.0,.000,0.0,257,1065,14.0131578947,
Herm Gilliam,ATL,1973-1974, 6-3,PG,27,62,2003,32.3064516129,384,846,.454,.000,.000,.000,106,134,.791,61,0.983870967742,206,3.32258064516,267,4.3064516129,355,5.72580645161,134,2.16129032258,18,0.290322580645,.000,0.0,190,874,14.0967741935,
Herm Gilliam,ATL,1974-1975, 6-3,SG,28,60,1393,23.2166666667,314,736,.427,.000,.000,.000,94,113,.832,76,1.26666666667,128,2.13333333333,204,3.4,170,2.83333333333,77,1.28333333333,13,0.216666666667,.000,0.0,124,722,12.0333333333,
Herm Gilliam,SEA,1975-1976, 6-3,SG,29,81,1644,20.2962962963,299,676,.442,.000,.000,.000,90,116,.776,56,0.691358024691,164,2.02469135802,220,2.71604938272,202,2.49382716049,82,1.01234567901,12,0.148148148148,.000,0.0,139,688,8.49382716049,
Herm Gilliam,POR,1976-1977, 6-3,SG,30,80,1665,20.8125,326,744,.438,.000,.000,.000,92,120,.767,64,0.8,137,1.7125,201,2.5125,170,2.125,76,0.95,6,0.075,.000,0.0,168,744,9.3,
