Player,Team,Season,Height,Position,Age,G,MIN,MINPG,FGM,FGA,FGP,TPM,TPA,TPP,FTM,FTA,FTP,ORB,ORBPG,DRB,DRBPG,TRB,TRBPG,AST,ASTPG,STL,STLPG,BLK,BLKPG,TO,TOPG,PF,PTS,PTSPG,
Herm Schaefer,MNL,1948-1949, 6-0,,30,58,.000,0.0,214,572,.374,.000,.000,.000,174,213,.817,.000,0.0,.000,0.0,.000,0.0,185,3.18965517241,.000,0.0,.000,0.0,.000,0.0,121,602,10.3793103448,
Herm Schaefer,MNL,1949-1950, 6-0,,31,65,.000,0.0,122,314,.389,.000,.000,.000,86,101,.851,.000,0.0,.000,0.0,.000,0.0,203,3.12307692308,.000,0.0,.000,0.0,.000,0.0,104,330,5.07692307692,
