Player,Team,Season,Height,Position,Age,G,MIN,MINPG,FGM,FGA,FGP,TPM,TPA,TPP,FTM,FTA,FTP,ORB,ORBPG,DRB,DRBPG,TRB,TRBPG,AST,ASTPG,STL,STLPG,BLK,BLKPG,TO,TOPG,PF,PTS,PTSPG,
Hollis Copeland,NYK,1979-1980, 6-6,SF,24,75,1142,15.2266666667,182,368,.495,0,2,.000,63,86,.733,70,0.933333333333,86,1.14666666667,156,2.08,80,1.06666666667,61,0.813333333333,25,0.333333333333,84,1.12,154,427,5.69333333333,
Hollis Copeland,NYK,1981-1982, 6-6,SF,26,18,118,6.55555555556,16,38,.421,0,0,.000,5,6,.833,3,0.166666666667,2,0.111111111111,5,0.277777777778,9,0.5,4,0.222222222222,2,0.111111111111,4,0.222222222222,19,37,2.05555555556,
