Player,Team,Season,Height,Position,Age,G,MIN,MINPG,FGM,FGA,FGP,TPM,TPA,TPP,FTM,FTA,FTP,ORB,ORBPG,DRB,DRBPG,TRB,TRBPG,AST,ASTPG,STL,STLPG,BLK,BLKPG,TO,TOPG,PF,PTS,PTSPG,
Howard Carter,DEN,1983-1984, 6-5,SG,22,55,688,12.5090909091,145,316,.459,5,19,.263,47,61,.770,38,0.690909090909,48,0.872727272727,86,1.56363636364,71,1.29090909091,19,0.345454545455,4,0.0727272727273,42,0.763636363636,81,342,6.21818181818,
Howard Carter,DAL,1984-1985, 6-5,SG,23,11,66,6.0,4,23,.174,0,3,.000,1,1,1.000,1,0.0909090909091,2,0.181818181818,3,0.272727272727,4,0.363636363636,1,0.0909090909091,0,0.0,8,0.727272727273,4,9,0.818181818182,
