Player,Team,Season,Height,Position,Age,G,MIN,MINPG,FGM,FGA,FGP,TPM,TPA,TPP,FTM,FTA,FTP,ORB,ORBPG,DRB,DRBPG,TRB,TRBPG,AST,ASTPG,STL,STLPG,BLK,BLKPG,TO,TOPG,PF,PTS,PTSPG,
Howie Dallmar,PHW,1946-1947, 6-4,,24,60,.000,0.0,199,710,.280,.000,.000,.000,130,203,.640,.000,0.0,.000,0.0,.000,0.0,104,1.73333333333,.000,0.0,.000,0.0,.000,0.0,141,528,8.8,
Howie Dallmar,PHW,1947-1948, 6-4,,25,48,.000,0.0,215,781,.275,.000,.000,.000,157,211,.744,.000,0.0,.000,0.0,.000,0.0,120,2.5,.000,0.0,.000,0.0,.000,0.0,141,587,12.2291666667,
Howie Dallmar,PHW,1948-1949, 6-4,,26,38,.000,0.0,105,342,.307,.000,.000,.000,83,116,.716,.000,0.0,.000,0.0,.000,0.0,116,3.05263157895,.000,0.0,.000,0.0,.000,0.0,104,293,7.71052631579,
