Player,Team,Season,Height,Position,Age,G,MIN,MINPG,FGM,FGA,FGP,TPM,TPA,TPP,FTM,FTA,FTP,ORB,ORBPG,DRB,DRBPG,TRB,TRBPG,AST,ASTPG,STL,STLPG,BLK,BLKPG,TO,TOPG,PF,PTS,PTSPG,
Howie Shannon,PRO,1948-1949, 6-2,,25,55,.000,0.0,292,802,.364,.000,.000,.000,152,189,.804,.000,0.0,.000,0.0,.000,0.0,125,2.27272727273,.000,0.0,.000,0.0,.000,0.0,154,736,13.3818181818,
Howie Shannon,BOS,1949-1950, 6-2,,26,67,.000,0.0,222,646,.344,.000,.000,.000,143,182,.786,.000,0.0,.000,0.0,.000,0.0,174,2.59701492537,.000,0.0,.000,0.0,.000,0.0,148,587,8.76119402985,
