Player,Team,Season,Height,Position,Age,G,MIN,MINPG,FGM,FGA,FGP,TPM,TPA,TPP,FTM,FTA,FTP,ORB,ORBPG,DRB,DRBPG,TRB,TRBPG,AST,ASTPG,STL,STLPG,BLK,BLKPG,TO,TOPG,PF,PTS,PTSPG,
Howie Jolliff,LAL,1960-1961, 6-7,PF,22,46,352,7.65217391304,46,141,.326,.000,.000,.000,11,23,.478,.000,0.0,.000,0.0,141,3.0652173913,16,0.347826086957,.000,0.0,.000,0.0,.000,0.0,53,103,2.23913043478,
Howie Jolliff,LAL,1961-1962, 6-7,PF,23,64,1094,17.09375,104,253,.411,.000,.000,.000,41,78,.526,.000,0.0,.000,0.0,383,5.984375,76,1.1875,.000,0.0,.000,0.0,.000,0.0,175,249,3.890625,
Howie Jolliff,LAL,1962-1963, 6-7,PF,24,28,293,10.4642857143,15,55,.273,.000,.000,.000,6,9,.667,.000,0.0,.000,0.0,62,2.21428571429,20,0.714285714286,.000,0.0,.000,0.0,.000,0.0,49,36,1.28571428571,
