Player,Team,Season,Height,Position,Age,G,MIN,MINPG,FGM,FGA,FGP,TPM,TPA,TPP,FTM,FTA,FTP,ORB,ORBPG,DRB,DRBPG,TRB,TRBPG,AST,ASTPG,STL,STLPG,BLK,BLKPG,TO,TOPG,PF,PTS,PTSPG,
Howie Schultz,TOT,1949-1950, 6-6,PF,27,67,.000,0.0,179,671,.267,.000,.000,.000,196,282,.695,.000,0.0,.000,0.0,.000,0.0,169,2.5223880597,.000,0.0,.000,0.0,.000,0.0,244,554,8.26865671642,
Howie Schultz,AND,1949-1950, 6-6,PF,27,35,.000,0.0,83,316,.263,.000,.000,.000,117,160,.731,.000,0.0,.000,0.0,.000,0.0,88,2.51428571429,.000,0.0,.000,0.0,.000,0.0,125,283,8.08571428571,
Howie Schultz,FTW,1949-1950, 6-6,PF,27,32,.000,0.0,96,355,.270,.000,.000,.000,79,122,.648,.000,0.0,.000,0.0,.000,0.0,81,2.53125,.000,0.0,.000,0.0,.000,0.0,119,271,8.46875,
Howie Schultz,MNL,1951-1952, 6-6,PF,29,66,1301,19.7121212121,89,315,.283,.000,.000,.000,90,119,.756,.000,0.0,.000,0.0,246,3.72727272727,102,1.54545454545,.000,0.0,.000,0.0,.000,0.0,197,268,4.06060606061,
Howie Schultz,MNL,1952-1953, 6-6,PF,30,40,474,11.85,24,90,.267,.000,.000,.000,43,62,.694,.000,0.0,.000,0.0,80,2.0,29,0.725,.000,0.0,.000,0.0,.000,0.0,73,91,2.275,
