Player,Team,Season,Height,Position,Age,G,MIN,MINPG,FGM,FGA,FGP,TPM,TPA,TPP,FTM,FTA,FTP,ORB,ORBPG,DRB,DRBPG,TRB,TRBPG,AST,ASTPG,STL,STLPG,BLK,BLKPG,TO,TOPG,PF,PTS,PTSPG,
Hub Reed,STL,1958-1959, 6-9,C,22,65,950,14.6153846154,136,317,.429,.000,.000,.000,53,71,.746,.000,0.0,.000,0.0,317,4.87692307692,32,0.492307692308,.000,0.0,.000,0.0,.000,0.0,171,325,5.0,
Hub Reed,TOT,1959-1960, 6-9,PF,23,71,1820,25.6338028169,270,601,.449,.000,.000,.000,134,184,.728,.000,0.0,.000,0.0,614,8.64788732394,69,0.971830985915,.000,0.0,.000,0.0,.000,0.0,230,674,9.49295774648,
Hub Reed,STL,1959-1960, 6-9,C,23,2,17,8.5,1,3,.333,.000,.000,.000,0,0,.000,.000,0.0,.000,0.0,2,1.0,0,0.0,.000,0.0,.000,0.0,.000,0.0,2,2,1.0,
Hub Reed,CIN,1959-1960, 6-9,PF,23,69,1803,26.1304347826,269,598,.450,.000,.000,.000,134,184,.728,.000,0.0,.000,0.0,612,8.86956521739,69,1.0,.000,0.0,.000,0.0,.000,0.0,228,672,9.73913043478,
Hub Reed,CIN,1960-1961, 6-9,C,24,75,1216,16.2133333333,156,364,.429,.000,.000,.000,85,122,.697,.000,0.0,.000,0.0,367,4.89333333333,69,0.92,.000,0.0,.000,0.0,.000,0.0,199,397,5.29333333333,
Hub Reed,CIN,1961-1962, 6-9,C,25,80,1446,18.075,203,460,.441,.000,.000,.000,60,82,.732,.000,0.0,.000,0.0,440,5.5,53,0.6625,.000,0.0,.000,0.0,.000,0.0,267,466,5.825,
Hub Reed,CIN,1962-1963, 6-9,C,26,80,1299,16.2375,199,427,.466,.000,.000,.000,74,98,.755,.000,0.0,.000,0.0,398,4.975,83,1.0375,.000,0.0,.000,0.0,.000,0.0,261,472,5.9,
Hub Reed,LAL,1963-1964, 6-9,C,27,46,386,8.39130434783,33,91,.363,.000,.000,.000,10,15,.667,.000,0.0,.000,0.0,107,2.32608695652,23,0.5,.000,0.0,.000,0.0,.000,0.0,73,76,1.65217391304,
Hub Reed,DET,1964-1965, 6-9,C,28,62,753,12.1451612903,84,221,.380,.000,.000,.000,40,58,.690,.000,0.0,.000,0.0,206,3.32258064516,38,0.612903225806,.000,0.0,.000,0.0,.000,0.0,136,208,3.35483870968,
