Player,Team,Season,Height,Position,Age,G,MIN,MINPG,FGM,FGA,FGP,TPM,TPA,TPP,FTM,FTA,FTP,ORB,ORBPG,DRB,DRBPG,TRB,TRBPG,AST,ASTPG,STL,STLPG,BLK,BLKPG,TO,TOPG,PF,PTS,PTSPG,
Hubie White,SFW,1962-1963, 6-4,SG,23,29,271,9.34482758621,40,111,.360,.000,.000,.000,12,18,.667,.000,0.0,.000,0.0,35,1.20689655172,28,0.965517241379,.000,0.0,.000,0.0,.000,0.0,47,92,3.1724137931,
Hubie White,PHI,1963-1964, 6-4,SG,24,23,196,8.52173913043,31,105,.295,.000,.000,.000,17,28,.607,.000,0.0,.000,0.0,42,1.82608695652,12,0.521739130435,.000,0.0,.000,0.0,.000,0.0,28,79,3.4347826087,
Hubie White,MMF,1969-1970, 6-4,SG,30,54,824,15.2592592593,146,363,.402,7,43,.163,62,84,.738,70,1.2962962963,85,1.57407407407,155,2.87037037037,56,1.03703703704,.000,0.0,.000,0.0,59,1.09259259259,147,361,6.68518518519,
Hubie White,PTC,1970-1971, 6-4,SG,31,14,166,11.8571428571,17,61,.279,2,7,.286,10,13,.769,10,0.714285714286,22,1.57142857143,32,2.28571428571,14,1.0,.000,0.0,.000,0.0,10,0.714285714286,28,46,3.28571428571,
