Player,Team,Season,Height,Position,Age,G,MIN,MINPG,FGM,FGA,FGP,TPM,TPA,TPP,FTM,FTA,FTP,ORB,ORBPG,DRB,DRBPG,TRB,TRBPG,AST,ASTPG,STL,STLPG,BLK,BLKPG,TO,TOPG,PF,PTS,PTSPG,
Hutch Jones,SDC,1982-1983, 6-8,SF,23,9,85,9.44444444444,17,37,.459,0,0,.000,6,6,1.000,10,1.11111111111,7,0.777777777778,17,1.88888888889,4,0.444444444444,3,0.333333333333,0,0.0,6,0.666666666667,14,40,4.44444444444,
Hutch Jones,SDC,1983-1984, 6-8,SF,24,4,18,4.5,0,3,.000,0,0,.000,1,4,.250,0,0.0,0,0.0,0,0.0,0,0.0,1,0.25,0,0.0,2,0.5,0,1,0.25,
