Player,Team,Season,Height,Position,Age,G,MIN,MINPG,FGM,FGA,FGP,TPM,TPA,TPP,FTM,FTA,FTP,ORB,ORBPG,DRB,DRBPG,TRB,TRBPG,AST,ASTPG,STL,STLPG,BLK,BLKPG,TO,TOPG,PF,PTS,PTSPG,
Ian Mahinmi,SAS,2007-2008, 6-11,C,21,6,23,3.83333333333,6,12,.500,0,0,.000,9,9,1.000,0,0.0,5,0.833333333333,5,0.833333333333,1,0.166666666667,0,0.0,4,0.666666666667,2,0.333333333333,4,21,3.5,
Ian Mahinmi,SAS,2009-2010, 6-11,C,23,26,165,6.34615384615,35,55,.636,0,0,.000,31,47,.660,13,0.5,39,1.5,52,2.0,2,0.0769230769231,3,0.115384615385,8,0.307692307692,15,0.576923076923,32,101,3.88461538462,
Ian Mahinmi,DAL,2010-2011, 6-11,C,24,56,488,8.71428571429,55,98,.561,0,2,.000,63,82,.768,43,0.767857142857,77,1.375,120,2.14285714286,8,0.142857142857,14,0.25,15,0.267857142857,25,0.446428571429,105,173,3.08928571429,
Ian Mahinmi,DAL,2011-2012, 6-11,C,25,61,1139,18.6721311475,130,238,.546,0,1,.000,94,147,.639,108,1.77049180328,181,2.96721311475,289,4.73770491803,12,0.196721311475,38,0.622950819672,31,0.508196721311,50,0.819672131148,176,354,5.80327868852,
Ian Mahinmi,IND,2012-2013, 6-11,C,26,64,1073,16.765625,123,267,.461,0,1,.000,94,145,.648,92,1.4375,160,2.5,252,3.9375,18,0.28125,33,0.515625,56,0.875,75,1.171875,160,340,5.3125,
