Player,Team,Season,Height,Position,Age,G,MIN,MINPG,FGM,FGA,FGP,TPM,TPA,TPP,FTM,FTA,FTP,ORB,ORBPG,DRB,DRBPG,TRB,TRBPG,AST,ASTPG,STL,STLPG,BLK,BLKPG,TO,TOPG,PF,PTS,PTSPG,
Igor Rakocevic,MIN,2002-2003, 6-3,PG,24,42,244,5.80952380952,22,58,.379,5,12,.417,29,36,.806,4,0.0952380952381,13,0.309523809524,17,0.404761904762,33,0.785714285714,4,0.0952380952381,0,0.0,23,0.547619047619,25,78,1.85714285714,
