Player,Team,Season,Height,Position,Age,G,MIN,MINPG,FGM,FGA,FGP,TPM,TPA,TPP,FTM,FTA,FTP,ORB,ORBPG,DRB,DRBPG,TRB,TRBPG,AST,ASTPG,STL,STLPG,BLK,BLKPG,TO,TOPG,PF,PTS,PTSPG,
Ira Terrell,PHO,1976-1977, 6-8,SF,22,78,1751,22.4487179487,277,545,.508,.000,.000,.000,111,176,.631,99,1.26923076923,288,3.69230769231,387,4.96153846154,103,1.32051282051,41,0.525641025641,47,0.602564102564,.000,0.0,165,665,8.52564102564,
Ira Terrell,TOT,1978-1979, 6-8,SF,24,49,732,14.9387755102,93,198,.470,.000,.000,.000,35,53,.660,44,0.897959183673,102,2.08163265306,146,2.97959183673,41,0.836734693878,22,0.448979591837,28,0.571428571429,53,1.08163265306,100,221,4.51020408163,
Ira Terrell,NOJ,1978-1979, 6-8,SF,24,31,572,18.4516129032,63,144,.438,.000,.000,.000,27,38,.711,34,1.09677419355,75,2.41935483871,109,3.51612903226,26,0.838709677419,15,0.483870967742,22,0.709677419355,36,1.16129032258,73,153,4.93548387097,
Ira Terrell,POR,1978-1979, 6-8,SF,24,18,160,8.88888888889,30,54,.556,.000,.000,.000,8,15,.533,10,0.555555555556,27,1.5,37,2.05555555556,15,0.833333333333,7,0.388888888889,6,0.333333333333,17,0.944444444444,27,68,3.77777777778,
