Player,Team,Season,Height,Position,Age,G,MIN,MINPG,FGM,FGA,FGP,TPM,TPA,TPP,FTM,FTA,FTP,ORB,ORBPG,DRB,DRBPG,TRB,TRBPG,AST,ASTPG,STL,STLPG,BLK,BLKPG,TO,TOPG,PF,PTS,PTSPG,
Ira Bowman,PHI,1999-2000, 6-5,SG,26,11,20,1.81818181818,2,2,1.000,0,0,.000,1,2,.500,0,0.0,2,0.181818181818,2,0.181818181818,1,0.0909090909091,1,0.0909090909091,0,0.0,1,0.0909090909091,0,5,0.454545454545,
Ira Bowman,ATL,2000-2001, 6-5,PG,27,3,19,6.33333333333,0,2,.000,0,0,.000,0,0,.000,1,0.333333333333,1,0.333333333333,2,0.666666666667,7,2.33333333333,0,0.0,0,0.0,1,0.333333333333,0,0,0.0,
Ira Bowman,PHI,2001-2002, 6-5,SG,28,3,29,9.66666666667,5,7,.714,0,1,.000,0,0,.000,0,0.0,1,0.333333333333,1,0.333333333333,1,0.333333333333,2,0.666666666667,0,0.0,0,0.0,3,10,3.33333333333,
