Player,Team,Season,Height,Position,Age,G,MIN,MINPG,FGM,FGA,FGP,TPM,TPA,TPP,FTM,FTA,FTP,ORB,ORBPG,DRB,DRBPG,TRB,TRBPG,AST,ASTPG,STL,STLPG,BLK,BLKPG,TO,TOPG,PF,PTS,PTSPG,
Irv Kiffin,SAS,1979-1980, 6-9,SF,28,26,212,8.15384615385,32,96,.333,0,0,.000,18,25,.720,12,0.461538461538,28,1.07692307692,40,1.53846153846,19,0.730769230769,10,0.384615384615,2,0.0769230769231,30,1.15384615385,43,82,3.15384615385,
