Player,Team,Season,Height,Position,Age,G,MIN,MINPG,FGM,FGA,FGP,TPM,TPA,TPP,FTM,FTA,FTP,ORB,ORBPG,DRB,DRBPG,TRB,TRBPG,AST,ASTPG,STL,STLPG,BLK,BLKPG,TO,TOPG,PF,PTS,PTSPG,
Irv Torgoff,WSC,1946-1947, 6-2,,29,58,.000,0.0,187,684,.273,.000,.000,.000,116,159,.730,.000,0.0,.000,0.0,.000,0.0,30,0.51724137931,.000,0.0,.000,0.0,.000,0.0,173,490,8.44827586207,
Irv Torgoff,WSC,1947-1948, 6-2,,30,47,.000,0.0,111,541,.205,.000,.000,.000,117,144,.813,.000,0.0,.000,0.0,.000,0.0,32,0.68085106383,.000,0.0,.000,0.0,.000,0.0,153,339,7.21276595745,
Irv Torgoff,TOT,1948-1949, 6-2,,31,42,.000,0.0,59,226,.261,.000,.000,.000,50,64,.781,.000,0.0,.000,0.0,.000,0.0,44,1.04761904762,.000,0.0,.000,0.0,.000,0.0,110,168,4.0,
Irv Torgoff,BLB,1948-1949, 6-2,,31,29,.000,0.0,45,178,.253,.000,.000,.000,43,56,.768,.000,0.0,.000,0.0,.000,0.0,32,1.10344827586,.000,0.0,.000,0.0,.000,0.0,77,133,4.58620689655,
Irv Torgoff,PHW,1948-1949, 6-2,,31,13,.000,0.0,14,48,.292,.000,.000,.000,7,8,.875,.000,0.0,.000,0.0,.000,0.0,12,0.923076923077,.000,0.0,.000,0.0,.000,0.0,33,35,2.69230769231,
