Player,Team,Season,Height,Position,Age,G,MIN,MINPG,FGM,FGA,FGP,TPM,TPA,TPP,FTM,FTA,FTP,ORB,ORBPG,DRB,DRBPG,TRB,TRBPG,AST,ASTPG,STL,STLPG,BLK,BLKPG,TO,TOPG,PF,PTS,PTSPG,
Irv Bemoras,MLH,1953-1954, 6-3,SF,23,69,1496,21.6811594203,185,505,.366,.000,.000,.000,139,208,.668,.000,0.0,.000,0.0,214,3.10144927536,79,1.14492753623,.000,0.0,.000,0.0,.000,0.0,152,509,7.3768115942,
Irv Bemoras,STL,1956-1957, 6-3,SF,26,62,983,15.8548387097,124,385,.322,.000,.000,.000,70,103,.680,.000,0.0,.000,0.0,127,2.04838709677,46,0.741935483871,.000,0.0,.000,0.0,.000,0.0,76,318,5.12903225806,
