Player,Team,Season,Height,Position,Age,G,MIN,MINPG,FGM,FGA,FGP,TPM,TPA,TPP,FTM,FTA,FTP,ORB,ORBPG,DRB,DRBPG,TRB,TRBPG,AST,ASTPG,STL,STLPG,BLK,BLKPG,TO,TOPG,PF,PTS,PTSPG,
Irv Rothenberg,CLR,1946-1947, 6-7,,25,29,.000,0.0,36,167,.216,.000,.000,.000,30,54,.556,.000,0.0,.000,0.0,.000,0.0,15,0.51724137931,.000,0.0,.000,0.0,.000,0.0,62,102,3.51724137931,
Irv Rothenberg,TOT,1947-1948, 6-7,,26,49,.000,0.0,103,364,.283,.000,.000,.000,87,150,.580,.000,0.0,.000,0.0,.000,0.0,7,0.142857142857,.000,0.0,.000,0.0,.000,0.0,115,293,5.97959183673,
Irv Rothenberg,WSC,1947-1948, 6-7,,26,11,.000,0.0,15,60,.250,.000,.000,.000,16,21,.762,.000,0.0,.000,0.0,.000,0.0,1,0.0909090909091,.000,0.0,.000,0.0,.000,0.0,22,46,4.18181818182,
Irv Rothenberg,BLB,1947-1948, 6-7,,26,14,.000,0.0,25,86,.291,.000,.000,.000,11,23,.478,.000,0.0,.000,0.0,.000,0.0,2,0.142857142857,.000,0.0,.000,0.0,.000,0.0,24,61,4.35714285714,
Irv Rothenberg,STB,1947-1948, 6-7,,26,24,.000,0.0,63,218,.289,.000,.000,.000,60,106,.566,.000,0.0,.000,0.0,.000,0.0,4,0.166666666667,.000,0.0,.000,0.0,.000,0.0,69,186,7.75,
Irv Rothenberg,NYK,1948-1949, 6-7,,27,53,.000,0.0,101,367,.275,.000,.000,.000,112,174,.644,.000,0.0,.000,0.0,.000,0.0,68,1.28301886792,.000,0.0,.000,0.0,.000,0.0,174,314,5.92452830189,
