Player,Team,Season,Height,Position,Age,G,MIN,MINPG,FGM,FGA,FGP,TPM,TPA,TPP,FTM,FTA,FTP,ORB,ORBPG,DRB,DRBPG,TRB,TRBPG,AST,ASTPG,STL,STLPG,BLK,BLKPG,TO,TOPG,PF,PTS,PTSPG,
Irving Thomas,LAL,1990-1991, 6-8,PF,25,26,108,4.15384615385,17,50,.340,0,0,.000,12,21,.571,14,0.538461538462,17,0.653846153846,31,1.19230769231,10,0.384615384615,4,0.153846153846,1,0.0384615384615,13,0.5,24,46,1.76923076923,
