Player,Team,Season,Height,Position,Age,G,MIN,MINPG,FGM,FGA,FGP,TPM,TPA,TPP,FTM,FTA,FTP,ORB,ORBPG,DRB,DRBPG,TRB,TRBPG,AST,ASTPG,STL,STLPG,BLK,BLKPG,TO,TOPG,PF,PTS,PTSPG,
Ishmael Smith,TOT,2010-2011, 6-0,PG,22,43,442,10.2790697674,43,115,.374,3,10,.300,12,21,.571,7,0.162790697674,40,0.93023255814,47,1.09302325581,79,1.83720930233,18,0.418604651163,2,0.046511627907,34,0.790697674419,37,101,2.3488372093,
Ishmael Smith,HOU,2010-2011, 6-0,PG,22,28,329,11.75,32,83,.386,3,8,.375,7,10,.700,6,0.214285714286,36,1.28571428571,42,1.5,64,2.28571428571,13,0.464285714286,2,0.0714285714286,26,0.928571428571,26,74,2.64285714286,
Ishmael Smith,MEM,2010-2011, 6-0,PG,22,15,113,7.53333333333,11,32,.344,0,2,.000,5,11,.455,1,0.0666666666667,4,0.266666666667,5,0.333333333333,15,1.0,5,0.333333333333,0,0.0,8,0.533333333333,11,27,1.8,
Ishmael Smith,TOT,2011-2012, 6-0,PG,23,26,234,9.0,31,81,.383,3,9,.333,7,10,.700,7,0.269230769231,28,1.07692307692,35,1.34615384615,41,1.57692307692,15,0.576923076923,2,0.0769230769231,13,0.5,15,72,2.76923076923,
Ishmael Smith,GSW,2011-2012, 6-0,PG,23,6,63,10.5,12,30,.400,2,5,.400,1,2,.500,2,0.333333333333,7,1.16666666667,9,1.5,9,1.5,4,0.666666666667,0,0.0,1,0.166666666667,4,27,4.5,
Ishmael Smith,ORL,2011-2012, 6-0,PG,23,20,171,8.55,19,51,.373,1,4,.250,6,8,.750,5,0.25,21,1.05,26,1.3,32,1.6,11,0.55,2,0.1,12,0.6,11,45,2.25,
Ishmael Smith,TOT,2012-2013, 6-0,PG,24,39,384,9.84615384615,39,118,.331,4,17,.235,3,7,.429,11,0.282051282051,36,0.923076923077,47,1.20512820513,59,1.51282051282,13,0.333333333333,6,0.153846153846,27,0.692307692308,14,85,2.17948717949,
Ishmael Smith,ORL,2012-2013, 6-0,PG,24,36,378,10.5,39,116,.336,4,17,.235,3,7,.429,11,0.305555555556,35,0.972222222222,46,1.27777777778,57,1.58333333333,13,0.361111111111,6,0.166666666667,27,0.75,14,85,2.36111111111,
Ishmael Smith,MIL,2012-2013, 6-0,,24,3,6,2.0,0,2,.000,0,0,.000,0,0,.000,0,0.0,1,0.333333333333,1,0.333333333333,2,0.666666666667,0,0.0,0,0.0,0,0.0,0,0,0.0,
