Player,Team,Season,Height,Position,Age,G,MIN,MINPG,FGM,FGA,FGP,TPM,TPA,TPP,FTM,FTA,FTP,ORB,ORBPG,DRB,DRBPG,TRB,TRBPG,AST,ASTPG,STL,STLPG,BLK,BLKPG,TO,TOPG,PF,PTS,PTSPG,
Ivano Newbill,DET,1994-1995, 6-9,SF,24,34,331,9.73529411765,16,45,.356,0,0,.000,8,22,.364,40,1.17647058824,41,1.20588235294,81,2.38235294118,17,0.5,12,0.352941176471,11,0.323529411765,12,0.352941176471,60,40,1.17647058824,
Ivano Newbill,ATL,1996-1997, 6-9,PF,26,72,850,11.8055555556,40,91,.440,0,0,.000,20,52,.385,76,1.05555555556,128,1.77777777778,204,2.83333333333,24,0.333333333333,28,0.388888888889,15,0.208333333333,42,0.583333333333,115,100,1.38888888889,
Ivano Newbill,VAN,1997-1998, 6-9,PF,27,28,249,8.89285714286,20,57,.351,1,1,1.000,17,30,.567,24,0.857142857143,45,1.60714285714,69,2.46428571429,9,0.321428571429,10,0.357142857143,3,0.107142857143,17,0.607142857143,38,58,2.07142857143,
