Player,Team,Season,Height,Position,Age,G,MIN,MINPG,FGM,FGA,FGP,TPM,TPA,TPP,FTM,FTA,FTP,ORB,ORBPG,DRB,DRBPG,TRB,TRBPG,AST,ASTPG,STL,STLPG,BLK,BLKPG,TO,TOPG,PF,PTS,PTSPG,
J.J. Hickson,CLE,2008-2009, 6-9,C,20,62,705,11.3709677419,100,194,.515,0,0,.000,45,67,.672,52,0.838709677419,113,1.82258064516,165,2.66129032258,9,0.145161290323,14,0.225806451613,30,0.483870967742,45,0.725806451613,81,245,3.95161290323,
J.J. Hickson,CLE,2009-2010, 6-9,PF,21,81,1691,20.8765432099,289,522,.554,0,1,.000,111,163,.681,110,1.35802469136,290,3.58024691358,400,4.93827160494,40,0.493827160494,36,0.444444444444,39,0.481481481481,92,1.13580246914,132,689,8.50617283951,
J.J. Hickson,CLE,2010-2011, 6-9,C,22,80,2256,28.2,429,936,.458,0,5,.000,247,367,.673,217,2.7125,478,5.975,695,8.6875,91,1.1375,48,0.6,54,0.675,173,2.1625,215,1105,13.8125,
J.J. Hickson,TOT,2011-2012, 6-9,PF,23,54,1244,23.037037037,183,392,.467,0,2,.000,86,134,.642,133,2.46296296296,202,3.74074074074,335,6.2037037037,45,0.833333333333,30,0.555555555556,35,0.648148148148,70,1.2962962963,85,452,8.37037037037,
J.J. Hickson,SAC,2011-2012, 6-9,PF,23,35,644,18.4,64,173,.370,0,1,.000,37,58,.638,67,1.91428571429,110,3.14285714286,177,5.05714285714,22,0.628571428571,18,0.514285714286,17,0.485714285714,39,1.11428571429,44,165,4.71428571429,
J.J. Hickson,POR,2011-2012, 6-9,PF,23,19,600,31.5789473684,119,219,.543,0,1,.000,49,76,.645,66,3.47368421053,92,4.84210526316,158,8.31578947368,23,1.21052631579,12,0.631578947368,18,0.947368421053,31,1.63157894737,41,287,15.1052631579,
J.J. Hickson,POR,2012-2013, 6-9,C,24,62,1831,29.5322580645,335,584,.574,0,2,.000,154,219,.703,215,3.46774193548,441,7.11290322581,656,10.5806451613,67,1.08064516129,38,0.612903225806,47,0.758064516129,114,1.83870967742,130,824,13.2903225806,
