Player,Team,Season,Height,Position,Age,G,MIN,MINPG,FGM,FGA,FGP,TPM,TPA,TPP,FTM,FTA,FTP,ORB,ORBPG,DRB,DRBPG,TRB,TRBPG,AST,ASTPG,STL,STLPG,BLK,BLKPG,TO,TOPG,PF,PTS,PTSPG,
J.J. Anderson,TOT,1982-1983, 6-8,SF,22,65,1202,18.4923076923,190,379,.501,0,4,.000,100,175,.571,119,1.83076923077,175,2.69230769231,294,4.52307692308,67,1.03076923077,63,0.969230769231,21,0.323076923077,79,1.21538461538,153,480,7.38461538462,
J.J. Anderson,PHI,1982-1983, 6-8,SF,22,13,48,3.69230769231,8,22,.364,0,1,.000,1,3,.333,4,0.307692307692,8,0.615384615385,12,0.923076923077,1,0.0769230769231,1,0.0769230769231,0,0.0,5,0.384615384615,6,17,1.30769230769,
J.J. Anderson,UTA,1982-1983, 6-8,SF,22,52,1154,22.1923076923,182,357,.510,0,3,.000,99,172,.576,115,2.21153846154,167,3.21153846154,282,5.42307692308,66,1.26923076923,62,1.19230769231,21,0.403846153846,74,1.42307692308,147,463,8.90384615385,
J.J. Anderson,UTA,1983-1984, 6-8,SF,23,48,311,6.47916666667,55,130,.423,0,3,.000,12,29,.414,38,0.791666666667,25,0.520833333333,63,1.3125,22,0.458333333333,15,0.3125,9,0.1875,20,0.416666666667,28,122,2.54166666667,
J.J. Anderson,UTA,1984-1985, 6-8,SF,24,44,457,10.3863636364,61,149,.409,0,2,.000,27,45,.600,29,0.659090909091,53,1.20454545455,82,1.86363636364,21,0.477272727273,29,0.659090909091,9,0.204545454545,32,0.727272727273,70,149,3.38636363636,
