Player,Team,Season,Height,Position,Age,G,MIN,MINPG,FGM,FGA,FGP,TPM,TPA,TPP,FTM,FTA,FTP,ORB,ORBPG,DRB,DRBPG,TRB,TRBPG,AST,ASTPG,STL,STLPG,BLK,BLKPG,TO,TOPG,PF,PTS,PTSPG,
J.R. Smith,NOH,2004-2005, 6-6,SG,19,76,1859,24.4605263158,295,748,.394,81,281,.288,111,161,.689,39,0.513157894737,113,1.48684210526,152,2.0,142,1.86842105263,55,0.723684210526,11,0.144736842105,109,1.43421052632,135,782,10.2894736842,
J.R. Smith,NOK,2005-2006, 6-6,SG,20,55,989,17.9818181818,144,366,.393,52,140,.371,83,101,.822,19,0.345454545455,91,1.65454545455,110,2.0,58,1.05454545455,37,0.672727272727,4,0.0727272727273,54,0.981818181818,90,423,7.69090909091,
J.R. Smith,DEN,2006-2007, 6-6,SG,21,63,1471,23.3492063492,284,644,.441,149,382,.390,102,126,.810,30,0.47619047619,113,1.79365079365,143,2.26984126984,91,1.44444444444,49,0.777777777778,9,0.142857142857,85,1.34920634921,147,819,13.0,
J.R. Smith,DEN,2007-2008, 6-6,SG,22,74,1421,19.2027027027,311,674,.461,157,390,.403,128,178,.719,43,0.581081081081,109,1.47297297297,152,2.05405405405,128,1.72972972973,62,0.837837837838,12,0.162162162162,112,1.51351351351,144,907,12.2567567568,
J.R. Smith,DEN,2008-2009, 6-6,SG,23,81,2245,27.7160493827,424,950,.446,180,453,.397,205,272,.754,43,0.530864197531,254,3.13580246914,297,3.66666666667,227,2.8024691358,78,0.962962962963,14,0.172839506173,150,1.85185185185,190,1233,15.2222222222,
J.R. Smith,DEN,2009-2010, 6-6,SG,24,75,2082,27.76,428,1033,.414,158,467,.338,142,201,.706,28,0.373333333333,206,2.74666666667,234,3.12,183,2.44,99,1.32,20,0.266666666667,139,1.85333333333,174,1156,15.4133333333,
J.R. Smith,DEN,2010-2011, 6-6,SF,25,79,1968,24.9113924051,341,784,.435,124,318,.390,163,221,.738,45,0.569620253165,277,3.50632911392,322,4.07594936709,175,2.21518987342,92,1.16455696203,16,0.20253164557,100,1.26582278481,173,969,12.2658227848,
J.R. Smith,NYK,2011-2012, 6-6,SG,26,35,967,27.6285714286,165,405,.407,67,193,.347,39,55,.709,29,0.828571428571,107,3.05714285714,136,3.88571428571,84,2.4,54,1.54285714286,6,0.171428571429,46,1.31428571429,87,436,12.4571428571,
J.R. Smith,NYK,2012-2013, 6-6,SG,27,62,2058,33.1935483871,377,938,.402,124,352,.352,142,186,.763,40,0.645161290323,273,4.40322580645,313,5.04838709677,179,2.88709677419,81,1.3064516129,19,0.306451612903,94,1.51612903226,183,1020,16.4516129032,
