Player,Team,Season,Height,Position,Age,G,MIN,MINPG,FGM,FGA,FGP,TPM,TPA,TPP,FTM,FTA,FTP,ORB,ORBPG,DRB,DRBPG,TRB,TRBPG,AST,ASTPG,STL,STLPG,BLK,BLKPG,TO,TOPG,PF,PTS,PTSPG,
J.R. Bremer,BOS,2002-2003, 6-2,PG,22,64,1503,23.484375,171,464,.369,101,286,.353,85,111,.766,18,0.28125,127,1.984375,145,2.265625,164,2.5625,38,0.59375,3,0.046875,59,0.921875,80,528,8.25,
J.R. Bremer,TOT,2003-2004, 6-2,PG,23,36,443,12.3055555556,43,158,.272,19,74,.257,13,20,.650,9,0.25,27,0.75,36,1.0,51,1.41666666667,18,0.5,4,0.111111111111,24,0.666666666667,32,118,3.27777777778,
J.R. Bremer,CLE,2003-2004, 6-2,PG,23,31,403,13.0,39,137,.285,19,66,.288,13,20,.650,7,0.225806451613,26,0.838709677419,33,1.06451612903,39,1.25806451613,18,0.58064516129,4,0.129032258065,19,0.612903225806,27,110,3.54838709677,
J.R. Bremer,GSW,2003-2004, 6-2,PG,23,5,40,8.0,4,21,.190,0,8,.000,0,0,.000,2,0.4,1,0.2,3,0.6,12,2.4,0,0.0,0,0.0,5,1.0,5,8,1.6,
