Player,Team,Season,Height,Position,Age,G,MIN,MINPG,FGM,FGA,FGP,TPM,TPA,TPP,FTM,FTA,FTP,ORB,ORBPG,DRB,DRBPG,TRB,TRBPG,AST,ASTPG,STL,STLPG,BLK,BLKPG,TO,TOPG,PF,PTS,PTSPG,
J.R. Giddens,BOS,2008-2009, 6-5,SF,23,6,8,1.33333333333,2,3,.667,0,0,.000,0,0,.000,2,0.333333333333,1,0.166666666667,3,0.5,0,0.0,1,0.166666666667,0,0.0,1,0.166666666667,1,4,0.666666666667,
J.R. Giddens,TOT,2009-2010, 6-5,SF,24,32,239,7.46875,28,60,.467,0,10,.000,13,23,.565,16,0.5,35,1.09375,51,1.59375,13,0.40625,9,0.28125,2,0.0625,17,0.53125,29,69,2.15625,
J.R. Giddens,BOS,2009-2010, 6-5,SF,24,21,99,4.71428571429,9,21,.429,0,2,.000,6,12,.500,4,0.190476190476,16,0.761904761905,20,0.952380952381,6,0.285714285714,4,0.190476190476,1,0.047619047619,7,0.333333333333,10,24,1.14285714286,
J.R. Giddens,NYK,2009-2010, 6-5,SF,24,11,140,12.7272727273,19,39,.487,0,8,.000,7,11,.636,12,1.09090909091,19,1.72727272727,31,2.81818181818,7,0.636363636364,5,0.454545454545,1,0.0909090909091,10,0.909090909091,19,45,4.09090909091,
