Player,Team,Season,Height,Position,Age,G,MIN,MINPG,FGM,FGA,FGP,TPM,TPA,TPP,FTM,FTA,FTP,ORB,ORBPG,DRB,DRBPG,TRB,TRBPG,AST,ASTPG,STL,STLPG,BLK,BLKPG,TO,TOPG,PF,PTS,PTSPG,
Jabari Smith,SAC,2000-2001, 6-11,C,23,9,66,7.33333333333,11,22,.500,0,0,.000,4,6,.667,1,0.111111111111,7,0.777777777778,8,0.888888888889,6,0.666666666667,4,0.444444444444,0,0.0,3,0.333333333333,7,26,2.88888888889,
Jabari Smith,TOT,2001-2002, 6-11,C,24,23,181,7.86956521739,26,63,.413,0,3,.000,21,32,.656,8,0.347826086957,20,0.869565217391,28,1.21739130435,11,0.478260869565,6,0.260869565217,6,0.260869565217,5,0.217391304348,31,73,3.17391304348,
Jabari Smith,SAC,2001-2002, 6-11,C,24,12,71,5.91666666667,6,21,.286,0,1,.000,6,12,.500,2,0.166666666667,12,1.0,14,1.16666666667,6,0.5,2,0.166666666667,4,0.333333333333,2,0.166666666667,12,18,1.5,
Jabari Smith,PHI,2001-2002, 6-11,C,24,11,110,10.0,20,42,.476,0,2,.000,15,20,.750,6,0.545454545455,8,0.727272727273,14,1.27272727273,5,0.454545454545,4,0.363636363636,2,0.181818181818,3,0.272727272727,19,55,5.0,
Jabari Smith,SAC,2003-2004, 6-11,C,26,31,168,5.41935483871,26,70,.371,0,3,.000,12,20,.600,11,0.354838709677,20,0.645161290323,31,1.0,11,0.354838709677,2,0.0645161290323,6,0.193548387097,7,0.225806451613,25,64,2.06451612903,
Jabari Smith,NJN,2004-2005, 6-11,PF,27,45,648,14.4,62,148,.419,1,2,.500,41,55,.745,29,0.644444444444,82,1.82222222222,111,2.46666666667,38,0.844444444444,25,0.555555555556,14,0.311111111111,39,0.866666666667,103,166,3.68888888889,
