Player,Team,Season,Height,Position,Age,G,MIN,MINPG,FGM,FGA,FGP,TPM,TPA,TPP,FTM,FTA,FTP,ORB,ORBPG,DRB,DRBPG,TRB,TRBPG,AST,ASTPG,STL,STLPG,BLK,BLKPG,TO,TOPG,PF,PTS,PTSPG,
Jack Kerris,TOT,1949-1950, 6-6,PF,25,68,.000,0.0,157,481,.326,.000,.000,.000,169,260,.650,.000,0.0,.000,0.0,.000,0.0,118,1.73529411765,.000,0.0,.000,0.0,.000,0.0,175,483,7.10294117647,
Jack Kerris,TRI,1949-1950, 6-6,PF,25,4,.000,0.0,8,26,.308,.000,.000,.000,10,12,.833,.000,0.0,.000,0.0,.000,0.0,8,2.0,.000,0.0,.000,0.0,.000,0.0,13,26,6.5,
Jack Kerris,FTW,1949-1950, 6-6,PF,25,64,.000,0.0,149,455,.327,.000,.000,.000,159,248,.641,.000,0.0,.000,0.0,.000,0.0,110,1.71875,.000,0.0,.000,0.0,.000,0.0,162,457,7.140625,
Jack Kerris,FTW,1950-1951, 6-6,PF,26,68,.000,0.0,255,689,.370,.000,.000,.000,201,295,.681,.000,0.0,.000,0.0,477,7.01470588235,181,2.66176470588,.000,0.0,.000,0.0,.000,0.0,253,711,10.4558823529,
Jack Kerris,FTW,1951-1952, 6-6,PF,27,66,2148,32.5454545455,186,480,.388,.000,.000,.000,217,325,.668,.000,0.0,.000,0.0,514,7.78787878788,212,3.21212121212,.000,0.0,.000,0.0,.000,0.0,265,589,8.92424242424,
Jack Kerris,TOT,1952-1953, 6-6,PF,28,69,1424,20.6376811594,93,256,.363,.000,.000,.000,88,140,.629,.000,0.0,.000,0.0,295,4.27536231884,156,2.26086956522,.000,0.0,.000,0.0,.000,0.0,165,274,3.97101449275,
Jack Kerris,FTW,1952-1953, 6-6,,28,52,982,18.8846153846,59,179,.330,.000,.000,.000,61,99,.616,.000,0.0,.000,0.0,207,3.98076923077,108,2.07692307692,.000,0.0,.000,0.0,.000,0.0,117,179,3.44230769231,
Jack Kerris,BLB,1952-1953, 6-6,PF,28,17,442,26.0,34,77,.442,.000,.000,.000,27,41,.659,.000,0.0,.000,0.0,88,5.17647058824,48,2.82352941176,.000,0.0,.000,0.0,.000,0.0,48,95,5.58823529412,
