Player,Team,Season,Height,Position,Age,G,MIN,MINPG,FGM,FGA,FGP,TPM,TPA,TPP,FTM,FTA,FTP,ORB,ORBPG,DRB,DRBPG,TRB,TRBPG,AST,ASTPG,STL,STLPG,BLK,BLKPG,TO,TOPG,PF,PTS,PTSPG,
Jackie Robinson,SEA,1978-1979, 6-6,SF,23,12,105,8.75,19,41,.463,.000,.000,.000,8,15,.533,9,0.75,10,0.833333333333,19,1.58333333333,13,1.08333333333,5,0.416666666667,1,0.0833333333333,11,0.916666666667,9,46,3.83333333333,
Jackie Robinson,DET,1979-1980, 6-6,SF,24,7,51,7.28571428571,9,17,.529,0,1,.000,9,11,.818,3,0.428571428571,2,0.285714285714,5,0.714285714286,0,0.0,3,0.428571428571,3,0.428571428571,2,0.285714285714,8,27,3.85714285714,
Jackie Robinson,CHI,1981-1982, 6-6,SF,26,3,29,9.66666666667,3,9,.333,0,0,.000,4,4,1.000,3,1.0,0,0.0,3,1.0,0,0.0,0,0.0,0,0.0,1,0.333333333333,1,10,3.33333333333,
