Player,Team,Season,Height,Position,Age,G,MIN,MINPG,FGM,FGA,FGP,TPM,TPA,TPP,FTM,FTA,FTP,ORB,ORBPG,DRB,DRBPG,TRB,TRBPG,AST,ASTPG,STL,STLPG,BLK,BLKPG,TO,TOPG,PF,PTS,PTSPG,
Jack Toomay,TOT,1947-1948, 6-6,,25,33,.000,0.0,61,191,.319,.000,.000,.000,60,91,.659,.000,0.0,.000,0.0,.000,0.0,7,0.212121212121,.000,0.0,.000,0.0,.000,0.0,71,182,5.51515151515,
Jack Toomay,CHS,1947-1948, 6-6,,25,19,.000,0.0,9,47,.191,.000,.000,.000,11,20,.550,.000,0.0,.000,0.0,.000,0.0,2,0.105263157895,.000,0.0,.000,0.0,.000,0.0,22,29,1.52631578947,
Jack Toomay,PRO,1947-1948, 6-6,,25,14,.000,0.0,52,144,.361,.000,.000,.000,49,71,.690,.000,0.0,.000,0.0,.000,0.0,5,0.357142857143,.000,0.0,.000,0.0,.000,0.0,49,153,10.9285714286,
Jack Toomay,TOT,1948-1949, 6-6,,26,36,.000,0.0,32,84,.381,.000,.000,.000,36,53,.679,.000,0.0,.000,0.0,.000,0.0,12,0.333333333333,.000,0.0,.000,0.0,.000,0.0,65,100,2.77777777778,
Jack Toomay,WSC,1948-1949, 6-6,,26,13,.000,0.0,8,21,.381,.000,.000,.000,9,12,.750,.000,0.0,.000,0.0,.000,0.0,1,0.0769230769231,.000,0.0,.000,0.0,.000,0.0,16,25,1.92307692308,
Jack Toomay,BLB,1948-1949, 6-6,,26,23,.000,0.0,24,63,.381,.000,.000,.000,27,41,.659,.000,0.0,.000,0.0,.000,0.0,11,0.478260869565,.000,0.0,.000,0.0,.000,0.0,49,75,3.26086956522,
Jack Toomay,DNN,1949-1950, 6-6,,27,62,.000,0.0,204,514,.397,.000,.000,.000,186,264,.705,.000,0.0,.000,0.0,.000,0.0,94,1.51612903226,.000,0.0,.000,0.0,.000,0.0,213,594,9.58064516129,
