Player,Team,Season,Height,Position,Age,G,MIN,MINPG,FGM,FGA,FGP,TPM,TPA,TPP,FTM,FTA,FTP,ORB,ORBPG,DRB,DRBPG,TRB,TRBPG,AST,ASTPG,STL,STLPG,BLK,BLKPG,TO,TOPG,PF,PTS,PTSPG,
Jackie Moore,TOT,1954-1955, 6-5,,22,23,376,16.347826087,44,115,.383,.000,.000,.000,22,47,.468,.000,0.0,.000,0.0,105,4.5652173913,20,0.869565217391,.000,0.0,.000,0.0,.000,0.0,62,110,4.78260869565,
Jackie Moore,PHW,1955-1956, 6-5,SF,23,54,402,7.44444444444,50,129,.388,.000,.000,.000,32,53,.604,.000,0.0,.000,0.0,117,2.16666666667,26,0.481481481481,.000,0.0,.000,0.0,.000,0.0,80,132,2.44444444444,
Jackie Moore,PHW,1956-1957, 6-5,SF,24,57,400,7.01754385965,43,106,.406,.000,.000,.000,37,46,.804,.000,0.0,.000,0.0,116,2.0350877193,21,0.368421052632,.000,0.0,.000,0.0,.000,0.0,75,123,2.15789473684,
