Player,Team,Season,Height,Position,Age,G,MIN,MINPG,FGM,FGA,FGP,TPM,TPA,TPP,FTM,FTA,FTP,ORB,ORBPG,DRB,DRBPG,TRB,TRBPG,AST,ASTPG,STL,STLPG,BLK,BLKPG,TO,TOPG,PF,PTS,PTSPG,
Jack Foley,TOT,1962-1963, 6-3,,23,11,83,7.54545454545,20,51,.392,.000,.000,.000,13,15,.867,.000,0.0,.000,0.0,16,1.45454545455,5,0.454545454545,.000,0.0,.000,0.0,.000,0.0,8,53,4.81818181818,
Jack Foley,BOS,1962-1963, 6-3,,23,5,46,9.2,13,26,.500,.000,.000,.000,6,8,.750,.000,0.0,.000,0.0,7,1.4,0,0.0,.000,0.0,.000,0.0,.000,0.0,3,32,6.4,
Jack Foley,NYK,1962-1963, 6-3,,23,6,37,6.16666666667,7,25,.280,.000,.000,.000,7,7,1.000,.000,0.0,.000,0.0,9,1.5,5,0.833333333333,.000,0.0,.000,0.0,.000,0.0,5,21,3.5,
