Player,Team,Season,Height,Position,Age,G,MIN,MINPG,FGM,FGA,FGP,TPM,TPA,TPP,FTM,FTA,FTP,ORB,ORBPG,DRB,DRBPG,TRB,TRBPG,AST,ASTPG,STL,STLPG,BLK,BLKPG,TO,TOPG,PF,PTS,PTSPG,
Jack Phelan,TOT,1949-1950, 6-5,,24,55,.000,0.0,87,268,.325,.000,.000,.000,52,90,.578,.000,0.0,.000,0.0,.000,0.0,57,1.03636363636,.000,0.0,.000,0.0,.000,0.0,151,226,4.10909090909,
Jack Phelan,WAT,1949-1950, 6-5,,24,15,.000,0.0,24,69,.348,.000,.000,.000,13,24,.542,.000,0.0,.000,0.0,.000,0.0,16,1.06666666667,.000,0.0,.000,0.0,.000,0.0,48,61,4.06666666667,
Jack Phelan,SHE,1949-1950, 6-5,,24,40,.000,0.0,63,199,.317,.000,.000,.000,39,66,.591,.000,0.0,.000,0.0,.000,0.0,41,1.025,.000,0.0,.000,0.0,.000,0.0,103,165,4.125,
