Player,Team,Season,Height,Position,Age,G,MIN,MINPG,FGM,FGA,FGP,TPM,TPA,TPP,FTM,FTA,FTP,ORB,ORBPG,DRB,DRBPG,TRB,TRBPG,AST,ASTPG,STL,STLPG,BLK,BLKPG,TO,TOPG,PF,PTS,PTSPG,
Jahidi White,WAS,1998-1999, 6-9,PF,22,20,191,9.55,17,32,.531,0,0,.000,15,35,.429,23,1.15,35,1.75,58,2.9,1,0.05,3,0.15,11,0.55,12,0.6,39,49,2.45,
Jahidi White,WAS,1999-2000, 6-9,C,23,80,1537,19.2125,228,450,.507,0,0,.000,113,211,.536,202,2.525,351,4.3875,553,6.9125,15,0.1875,31,0.3875,83,1.0375,94,1.175,234,569,7.1125,
Jahidi White,WAS,2000-2001, 6-9,C,24,68,1609,23.6617647059,203,408,.498,0,1,.000,177,312,.567,178,2.61764705882,343,5.04411764706,521,7.66176470588,20,0.294117647059,32,0.470588235294,111,1.63235294118,136,2.0,211,583,8.57352941176,
Jahidi White,WAS,2001-2002, 6-9,C,25,71,1346,18.9577464789,150,279,.538,0,0,.000,83,154,.539,159,2.23943661972,285,4.01408450704,444,6.25352112676,17,0.239436619718,25,0.352112676056,75,1.05633802817,65,0.915492957746,163,383,5.39436619718,
Jahidi White,WAS,2002-2003, 6-9,C,26,16,230,14.375,25,53,.472,0,0,.000,17,25,.680,37,2.3125,36,2.25,73,4.5625,2,0.125,1,0.0625,12,0.75,9,0.5625,33,67,4.1875,
Jahidi White,TOT,2003-2004, 6-9,C,27,62,865,13.9516129032,99,190,.521,0,0,.000,63,126,.500,97,1.56451612903,164,2.64516129032,261,4.20967741935,7,0.112903225806,25,0.403225806452,51,0.822580645161,66,1.06451612903,176,261,4.20967741935,
Jahidi White,WAS,2003-2004, 6-9,C,27,1,4,4.0,0,1,.000,0,0,.000,0,0,.000,0,0.0,0,0.0,0,0.0,0,0.0,0,0.0,1,1.0,1,1.0,0,0,0.0,
Jahidi White,PHO,2003-2004, 6-9,C,27,61,861,14.1147540984,99,189,.524,0,0,.000,63,126,.500,97,1.59016393443,164,2.68852459016,261,4.27868852459,7,0.114754098361,25,0.409836065574,50,0.819672131148,65,1.06557377049,176,261,4.27868852459,
Jahidi White,CHA,2004-2005, 6-9,C,28,17,135,7.94117647059,14,31,.452,0,0,.000,14,40,.350,11,0.647058823529,23,1.35294117647,34,2.0,1,0.0588235294118,2,0.117647058824,12,0.705882352941,11,0.647058823529,31,42,2.47058823529,
