Player,Team,Season,Height,Position,Age,G,MIN,MINPG,FGM,FGA,FGP,TPM,TPA,TPP,FTM,FTA,FTP,ORB,ORBPG,DRB,DRBPG,TRB,TRBPG,AST,ASTPG,STL,STLPG,BLK,BLKPG,TO,TOPG,PF,PTS,PTSPG,
JaJuan Johnson,BOS,2011-2012, 6-10,PF,22,36,298,8.27777777778,54,121,.446,0,0,.000,6,9,.667,20,0.555555555556,38,1.05555555556,58,1.61111111111,6,0.166666666667,5,0.138888888889,14,0.388888888889,14,0.388888888889,25,114,3.16666666667,
