Player,Team,Season,Height,Position,Age,G,MIN,MINPG,FGM,FGA,FGP,TPM,TPA,TPP,FTM,FTA,FTP,ORB,ORBPG,DRB,DRBPG,TRB,TRBPG,AST,ASTPG,STL,STLPG,BLK,BLKPG,TO,TOPG,PF,PTS,PTSPG,
Jake Jones,TOT,1971-1972, 6-3,SG,22,17,202,11.8823529412,28,72,.389,.000,.000,.000,20,31,.645,.000,0.0,.000,0.0,26,1.52941176471,12,0.705882352941,.000,0.0,.000,0.0,.000,0.0,22,76,4.47058823529,
Jake Jones,PHI,1971-1972, 6-3,SG,22,6,41,6.83333333333,6,18,.333,.000,.000,.000,7,10,.700,.000,0.0,.000,0.0,6,1.0,2,0.333333333333,.000,0.0,.000,0.0,.000,0.0,3,19,3.16666666667,
Jake Jones,CIN,1971-1972, 6-3,SG,22,11,161,14.6363636364,22,54,.407,.000,.000,.000,13,21,.619,.000,0.0,.000,0.0,20,1.81818181818,10,0.909090909091,.000,0.0,.000,0.0,.000,0.0,19,57,5.18181818182,
