Player,Team,Season,Height,Position,Age,G,MIN,MINPG,FGM,FGA,FGP,TPM,TPA,TPP,FTM,FTA,FTP,ORB,ORBPG,DRB,DRBPG,TRB,TRBPG,AST,ASTPG,STL,STLPG,BLK,BLKPG,TO,TOPG,PF,PTS,PTSPG,
Jake Weber,TOT,1946-1947, 6-6,,28,50,.000,0.0,59,202,.292,.000,.000,.000,55,79,.696,.000,0.0,.000,0.0,.000,0.0,4,0.08,.000,0.0,.000,0.0,.000,0.0,111,173,3.46,
Jake Weber,NYK,1946-1947, 6-6,,28,11,.000,0.0,7,24,.292,.000,.000,.000,6,8,.750,.000,0.0,.000,0.0,.000,0.0,1,0.0909090909091,.000,0.0,.000,0.0,.000,0.0,20,20,1.81818181818,
Jake Weber,PRO,1946-1947, 6-6,,28,39,.000,0.0,52,178,.292,.000,.000,.000,49,71,.690,.000,0.0,.000,0.0,.000,0.0,3,0.0769230769231,.000,0.0,.000,0.0,.000,0.0,91,153,3.92307692308,
