Player,Team,Season,Height,Position,Age,G,MIN,MINPG,FGM,FGA,FGP,TPM,TPA,TPP,FTM,FTA,FTP,ORB,ORBPG,DRB,DRBPG,TRB,TRBPG,AST,ASTPG,STL,STLPG,BLK,BLKPG,TO,TOPG,PF,PTS,PTSPG,
Jake Tsakalidis,PHO,2000-2001, 7-2,C,21,57,947,16.6140350877,101,215,.470,0,0,.000,54,91,.593,83,1.45614035088,159,2.78947368421,242,4.24561403509,19,0.333333333333,10,0.175438596491,55,0.964912280702,66,1.15789473684,137,256,4.49122807018,
Jake Tsakalidis,PHO,2001-2002, 7-2,C,22,67,1582,23.6119402985,190,400,.475,0,1,.000,111,159,.698,130,1.94029850746,244,3.64179104478,374,5.58208955224,23,0.34328358209,23,0.34328358209,69,1.02985074627,78,1.16417910448,193,491,7.32835820896,
Jake Tsakalidis,PHO,2002-2003, 7-2,C,23,33,543,16.4545454545,61,135,.452,0,0,.000,39,58,.672,45,1.36363636364,77,2.33333333333,122,3.69696969697,13,0.393939393939,6,0.181818181818,17,0.515151515152,26,0.787878787879,80,161,4.87878787879,
Jake Tsakalidis,MEM,2003-2004, 7-2,C,24,40,533,13.325,67,133,.504,0,0,.000,36,61,.590,37,0.925,91,2.275,128,3.2,18,0.45,9,0.225,22,0.55,23,0.575,79,170,4.25,
Jake Tsakalidis,MEM,2004-2005, 7-2,C,25,31,278,8.96774193548,32,64,.500,0,0,.000,14,18,.778,21,0.677419354839,35,1.12903225806,56,1.8064516129,10,0.322580645161,3,0.0967741935484,16,0.516129032258,12,0.387096774194,42,78,2.51612903226,
Jake Tsakalidis,MEM,2005-2006, 7-2,C,26,51,732,14.3529411765,100,165,.606,0,0,.000,57,87,.655,78,1.52941176471,134,2.62745098039,212,4.1568627451,13,0.254901960784,14,0.274509803922,32,0.627450980392,39,0.764705882353,107,257,5.03921568627,
Jake Tsakalidis,TOT,2006-2007, 7-2,C,27,36,390,10.8333333333,29,72,.403,0,0,.000,26,39,.667,42,1.16666666667,62,1.72222222222,104,2.88888888889,5,0.138888888889,8,0.222222222222,12,0.333333333333,24,0.666666666667,51,84,2.33333333333,
Jake Tsakalidis,MEM,2006-2007, 7-2,C,27,23,258,11.2173913043,20,50,.400,0,0,.000,14,24,.583,24,1.04347826087,40,1.73913043478,64,2.78260869565,2,0.0869565217391,7,0.304347826087,11,0.478260869565,21,0.913043478261,34,54,2.34782608696,
Jake Tsakalidis,HOU,2006-2007, 7-2,C,27,13,132,10.1538461538,9,22,.409,0,0,.000,12,15,.800,18,1.38461538462,22,1.69230769231,40,3.07692307692,3,0.230769230769,1,0.0769230769231,1,0.0769230769231,3,0.230769230769,17,30,2.30769230769,
