Player,Team,Season,Height,Position,Age,G,MIN,MINPG,FGM,FGA,FGP,TPM,TPA,TPP,FTM,FTA,FTP,ORB,ORBPG,DRB,DRBPG,TRB,TRBPG,AST,ASTPG,STL,STLPG,BLK,BLKPG,TO,TOPG,PF,PTS,PTSPG,
Jake Pelkington,TOT,1948-1949, 6-6,,33,54,.000,0.0,193,469,.412,.000,.000,.000,211,267,.790,.000,0.0,.000,0.0,.000,0.0,131,2.42592592593,.000,0.0,.000,0.0,.000,0.0,216,597,11.0555555556,
Jake Pelkington,FTW,1948-1949, 6-6,,33,14,.000,0.0,33,104,.317,.000,.000,.000,58,75,.773,.000,0.0,.000,0.0,.000,0.0,32,2.28571428571,.000,0.0,.000,0.0,.000,0.0,54,124,8.85714285714,
Jake Pelkington,BLB,1948-1949, 6-6,,33,40,.000,0.0,160,365,.438,.000,.000,.000,153,192,.797,.000,0.0,.000,0.0,.000,0.0,99,2.475,.000,0.0,.000,0.0,.000,0.0,162,473,11.825,
