Player,Team,Season,Height,Position,Age,G,MIN,MINPG,FGM,FGA,FGP,TPM,TPA,TPP,FTM,FTA,FTP,ORB,ORBPG,DRB,DRBPG,TRB,TRBPG,AST,ASTPG,STL,STLPG,BLK,BLKPG,TO,TOPG,PF,PTS,PTSPG,
Jamario Moon,TOR,2007-2008, 6-8,SF,27,78,2166,27.7692307692,279,575,.485,40,122,.328,63,85,.741,92,1.17948717949,392,5.02564102564,484,6.20512820513,90,1.15384615385,80,1.02564102564,108,1.38461538462,51,0.653846153846,152,661,8.47435897436,
Jamario Moon,TOT,2008-2009, 6-8,SF,28,80,2068,25.85,222,474,.468,65,183,.355,68,80,.850,58,0.725,307,3.8375,365,4.5625,95,1.1875,86,1.075,60,0.75,43,0.5375,133,577,7.2125,
Jamario Moon,TOR,2008-2009, 6-8,SF,28,54,1379,25.537037037,150,317,.473,38,110,.345,55,65,.846,48,0.888888888889,201,3.72222222222,249,4.61111111111,70,1.2962962963,65,1.2037037037,44,0.814814814815,31,0.574074074074,85,393,7.27777777778,
Jamario Moon,MIA,2008-2009, 6-8,SF,28,26,689,26.5,72,157,.459,27,73,.370,13,15,.867,10,0.384615384615,106,4.07692307692,116,4.46153846154,25,0.961538461538,21,0.807692307692,16,0.615384615385,12,0.461538461538,48,184,7.07692307692,
Jamario Moon,CLE,2009-2010, 6-8,SF,29,61,1052,17.2459016393,114,247,.462,32,100,.320,36,45,.800,26,0.426229508197,165,2.70491803279,191,3.13114754098,49,0.803278688525,34,0.55737704918,30,0.491803278689,23,0.377049180328,69,296,4.85245901639,
Jamario Moon,TOT,2010-2011, 6-8,SF,30,59,1042,17.6610169492,101,248,.407,38,123,.309,15,17,.882,23,0.389830508475,142,2.40677966102,165,2.79661016949,52,0.881355932203,28,0.474576271186,33,0.559322033898,22,0.372881355932,65,255,4.32203389831,
Jamario Moon,CLE,2010-2011, 6-8,SF,30,40,764,19.1,76,189,.402,27,95,.284,10,11,.909,14,0.35,104,2.6,118,2.95,45,1.125,25,0.625,27,0.675,17,0.425,39,189,4.725,
Jamario Moon,LAC,2010-2011, 6-8,SF,30,19,278,14.6315789474,25,59,.424,11,28,.393,5,6,.833,9,0.473684210526,38,2.0,47,2.47368421053,7,0.368421052632,3,0.157894736842,6,0.315789473684,5,0.263157894737,26,66,3.47368421053,
Jamario Moon,CHA,2011-2012, 6-8,SF,31,8,123,15.375,7,24,.292,2,10,.200,2,2,1.000,2,0.25,20,2.5,22,2.75,5,0.625,1,0.125,5,0.625,8,1.0,5,18,2.25,
