Player,Team,Season,Height,Position,Age,G,MIN,MINPG,FGM,FGA,FGP,TPM,TPA,TPP,FTM,FTA,FTP,ORB,ORBPG,DRB,DRBPG,TRB,TRBPG,AST,ASTPG,STL,STLPG,BLK,BLKPG,TO,TOPG,PF,PTS,PTSPG,
James Wilkes,CHI,1980-1981, 6-7,SF,22,48,540,11.25,85,184,.462,0,1,.000,29,42,.690,36,0.75,60,1.25,96,2.0,30,0.625,25,0.520833333333,12,0.25,34,0.708333333333,86,199,4.14583333333,
James Wilkes,CHI,1981-1982, 6-7,SF,23,57,862,15.1228070175,128,266,.481,0,1,.000,58,80,.725,62,1.08771929825,97,1.70175438596,159,2.78947368421,64,1.12280701754,30,0.526315789474,18,0.315789473684,62,1.08771929825,112,314,5.50877192982,
James Wilkes,DET,1982-1983, 6-7,SF,24,9,129,14.3333333333,11,34,.324,0,1,.000,12,15,.800,9,1.0,10,1.11111111111,19,2.11111111111,10,1.11111111111,3,0.333333333333,1,0.111111111111,5,0.555555555556,22,34,3.77777777778,
