Player,Team,Season,Height,Position,Age,G,MIN,MINPG,FGM,FGA,FGP,TPM,TPA,TPP,FTM,FTA,FTP,ORB,ORBPG,DRB,DRBPG,TRB,TRBPG,AST,ASTPG,STL,STLPG,BLK,BLKPG,TO,TOPG,PF,PTS,PTSPG,
James Robinson,POR,1993-1994, 6-2,PG,23,58,673,11.6034482759,104,285,.365,23,73,.315,45,67,.672,34,0.586206896552,44,0.758620689655,78,1.34482758621,68,1.1724137931,30,0.51724137931,15,0.258620689655,52,0.896551724138,69,276,4.75862068966,
James Robinson,POR,1994-1995, 6-2,PG,24,71,1539,21.676056338,255,624,.409,76,223,.341,65,110,.591,42,0.591549295775,90,1.2676056338,132,1.85915492958,180,2.53521126761,48,0.676056338028,13,0.183098591549,127,1.78873239437,142,651,9.16901408451,
James Robinson,POR,1995-1996, 6-2,PG,25,76,1627,21.4078947368,229,574,.399,102,284,.359,89,135,.659,44,0.578947368421,113,1.48684210526,157,2.06578947368,150,1.97368421053,34,0.447368421053,16,0.210526315789,111,1.46052631579,146,649,8.53947368421,
James Robinson,MIN,1996-1997, 6-2,PG,26,69,1309,18.9710144928,196,482,.407,102,267,.382,78,114,.684,24,0.347826086957,88,1.27536231884,112,1.6231884058,126,1.82608695652,30,0.434782608696,8,0.115942028986,69,1.0,125,572,8.28985507246,
James Robinson,LAC,1997-1998, 6-2,PG,27,70,1231,17.5857142857,195,501,.389,74,225,.329,77,107,.720,37,0.528571428571,74,1.05714285714,111,1.58571428571,135,1.92857142857,37,0.528571428571,10,0.142857142857,97,1.38571428571,100,541,7.72857142857,
James Robinson,TOT,1998-1999, 6-2,PG,28,31,506,16.3225806452,67,185,.362,21,74,.284,28,41,.683,18,0.58064516129,44,1.41935483871,62,2.0,56,1.8064516129,22,0.709677419355,8,0.258064516129,44,1.41935483871,60,183,5.90322580645,
James Robinson,LAC,1998-1999, 6-2,PG,28,14,280,20.0,39,98,.398,8,30,.267,20,27,.741,10,0.714285714286,17,1.21428571429,27,1.92857142857,18,1.28571428571,14,1.0,3,0.214285714286,16,1.14285714286,29,106,7.57142857143,
James Robinson,MIN,1998-1999, 6-2,PG,28,17,226,13.2941176471,28,87,.322,13,44,.295,8,14,.571,8,0.470588235294,27,1.58823529412,35,2.05882352941,38,2.23529411765,8,0.470588235294,5,0.294117647059,28,1.64705882353,31,77,4.52941176471,
James Robinson,ORL,2000-2001, 6-2,PG,30,6,50,8.33333333333,4,11,.364,2,5,.400,0,0,.000,0,0.0,8,1.33333333333,8,1.33333333333,0,0.0,4,0.666666666667,1,0.166666666667,4,0.666666666667,5,10,1.66666666667,
