Player,Team,Season,Height,Position,Age,G,MIN,MINPG,FGM,FGA,FGP,TPM,TPA,TPP,FTM,FTA,FTP,ORB,ORBPG,DRB,DRBPG,TRB,TRBPG,AST,ASTPG,STL,STLPG,BLK,BLKPG,TO,TOPG,PF,PTS,PTSPG,
James Foster,SSL,1974-1975, 6-1,PG,23,41,806,19.6585365854,78,209,.373,0,6,.000,27,34,.794,19,0.463414634146,56,1.36585365854,75,1.82926829268,143,3.48780487805,39,0.951219512195,5,0.121951219512,88,2.14634146341,118,183,4.46341463415,
James Foster,DNA,1975-1976, 6-1,PG,24,48,352,7.33333333333,54,145,.372,1,8,.125,39,64,.609,19,0.395833333333,23,0.479166666667,42,0.875,47,0.979166666667,19,0.395833333333,4,0.0833333333333,63,1.3125,78,148,3.08333333333,
