Player,Team,Season,Height,Position,Age,G,MIN,MINPG,FGM,FGA,FGP,TPM,TPA,TPP,FTM,FTA,FTP,ORB,ORBPG,DRB,DRBPG,TRB,TRBPG,AST,ASTPG,STL,STLPG,BLK,BLKPG,TO,TOPG,PF,PTS,PTSPG,
James Johnson,CHI,2009-2010, 6-9,PF,22,65,757,11.6461538462,95,210,.452,15,46,.326,51,70,.729,34,0.523076923077,94,1.44615384615,128,1.96923076923,48,0.738461538462,21,0.323076923077,43,0.661538461538,62,0.953846153846,126,256,3.93846153846,
James Johnson,TOT,2010-2011, 6-9,SF,23,38,822,21.6315789474,108,237,.456,8,34,.235,47,71,.662,37,0.973684210526,105,2.76315789474,142,3.73684210526,89,2.34210526316,33,0.868421052632,37,0.973684210526,64,1.68421052632,95,271,7.13157894737,
James Johnson,CHI,2010-2011, 6-9,SF,23,13,123,9.46153846154,17,41,.415,2,9,.222,6,13,.462,6,0.461538461538,18,1.38461538462,24,1.84615384615,14,1.07692307692,8,0.615384615385,9,0.692307692308,18,1.38461538462,25,42,3.23076923077,
James Johnson,TOR,2010-2011, 6-9,SF,23,25,699,27.96,91,196,.464,6,25,.240,41,58,.707,31,1.24,87,3.48,118,4.72,75,3.0,25,1.0,28,1.12,46,1.84,70,229,9.16,
James Johnson,TOR,2011-2012, 6-9,SF,24,62,1561,25.1774193548,233,518,.450,19,60,.317,81,115,.704,74,1.1935483871,218,3.51612903226,292,4.70967741935,122,1.96774193548,71,1.14516129032,84,1.35483870968,101,1.62903225806,177,566,9.12903225806,
James Johnson,SAC,2012-2013, 6-9,SF,25,53,870,16.4150943396,117,281,.416,2,21,.095,40,65,.615,48,0.905660377358,94,1.77358490566,142,2.67924528302,56,1.05660377358,41,0.77358490566,50,0.943396226415,68,1.28301886792,99,276,5.20754716981,
