Player,Team,Season,Height,Position,Age,G,MIN,MINPG,FGM,FGA,FGP,TPM,TPA,TPP,FTM,FTA,FTP,ORB,ORBPG,DRB,DRBPG,TRB,TRBPG,AST,ASTPG,STL,STLPG,BLK,BLKPG,TO,TOPG,PF,PTS,PTSPG,
James Cotton,SEA,1997-1998, 6-5,SG,22,9,33,3.66666666667,8,21,.381,0,4,.000,8,9,.889,2,0.222222222222,4,0.444444444444,6,0.666666666667,0,0.0,1,0.111111111111,1,0.111111111111,6,0.666666666667,3,24,2.66666666667,
James Cotton,SEA,1998-1999, 6-5,SG,23,10,59,5.9,6,18,.333,0,3,.000,13,18,.722,2,0.2,8,0.8,10,1.0,0,0.0,3,0.3,0,0.0,3,0.3,6,25,2.5,
