Player,Team,Season,Height,Position,Age,G,MIN,MINPG,FGM,FGA,FGP,TPM,TPA,TPP,FTM,FTA,FTP,ORB,ORBPG,DRB,DRBPG,TRB,TRBPG,AST,ASTPG,STL,STLPG,BLK,BLKPG,TO,TOPG,PF,PTS,PTSPG,
James White,SAS,2006-2007, 6-7,SG,24,6,137,22.8333333333,18,41,.439,2,7,.286,12,15,.800,3,0.5,17,2.83333333333,20,3.33333333333,5,0.833333333333,3,0.5,1,0.166666666667,5,0.833333333333,7,50,8.33333333333,
James White,HOU,2008-2009, 6-7,SF,26,4,11,2.75,3,5,.600,1,2,.500,0,0,.000,0,0.0,0,0.0,0,0.0,1,0.25,1,0.25,1,0.25,3,0.75,2,7,1.75,
James White,NYK,2012-2013, 6-7,SF,30,44,312,7.09090909091,34,82,.415,9,27,.333,6,14,.429,4,0.0909090909091,28,0.636363636364,32,0.727272727273,19,0.431818181818,8,0.181818181818,2,0.0454545454545,12,0.272727272727,33,83,1.88636363636,
