Player,Team,Season,Height,Position,Age,G,MIN,MINPG,FGM,FGA,FGP,TPM,TPA,TPP,FTM,FTA,FTP,ORB,ORBPG,DRB,DRBPG,TRB,TRBPG,AST,ASTPG,STL,STLPG,BLK,BLKPG,TO,TOPG,PF,PTS,PTSPG,
James Anderson,SAS,2010-2011, 6-6,SF,21,26,286,11.0,31,81,.383,18,46,.391,14,18,.778,2,0.0769230769231,21,0.807692307692,23,0.884615384615,18,0.692307692308,3,0.115384615385,6,0.230769230769,13,0.5,24,94,3.61538461538,
James Anderson,SAS,2011-2012, 6-6,SG,22,51,603,11.8235294118,66,174,.379,19,68,.279,39,52,.750,16,0.313725490196,63,1.23529411765,79,1.54901960784,41,0.803921568627,8,0.156862745098,2,0.0392156862745,30,0.588235294118,35,190,3.72549019608,
James Anderson,TOT,2012-2013, 6-6,SG,23,28,238,8.5,31,71,.437,14,38,.368,17,19,.895,9,0.321428571429,31,1.10714285714,40,1.42857142857,28,1.0,10,0.357142857143,3,0.107142857143,14,0.5,16,93,3.32142857143,
James Anderson,SAS,2012-2013, 6-6,SF,23,10,94,9.4,11,25,.440,5,11,.455,7,9,.778,3,0.3,11,1.1,14,1.4,9,0.9,3,0.3,2,0.2,7,0.7,7,34,3.4,
James Anderson,HOU,2012-2013, 6-6,SG,23,18,144,8.0,20,46,.435,9,27,.333,10,10,1.000,6,0.333333333333,20,1.11111111111,26,1.44444444444,19,1.05555555556,7,0.388888888889,1,0.0555555555556,7,0.388888888889,9,59,3.27777777778,
