Player,Team,Season,Height,Position,Age,G,MIN,MINPG,FGM,FGA,FGP,TPM,TPA,TPP,FTM,FTA,FTP,ORB,ORBPG,DRB,DRBPG,TRB,TRBPG,AST,ASTPG,STL,STLPG,BLK,BLKPG,TO,TOPG,PF,PTS,PTSPG,
James Singleton,LAC,2005-2006, 6-8,SF,24,59,753,12.7627118644,77,151,.510,10,20,.500,39,50,.780,63,1.06779661017,134,2.27118644068,197,3.33898305085,29,0.491525423729,19,0.322033898305,21,0.35593220339,28,0.474576271186,95,203,3.4406779661,
James Singleton,LAC,2006-2007, 6-8,PF,25,53,376,7.09433962264,30,82,.366,3,14,.214,22,29,.759,36,0.679245283019,70,1.32075471698,106,2.0,17,0.320754716981,15,0.283018867925,17,0.320754716981,17,0.320754716981,45,85,1.60377358491,
James Singleton,DAL,2008-2009, 6-8,PF,27,62,884,14.2580645161,117,221,.529,13,40,.325,67,78,.859,89,1.43548387097,161,2.59677419355,250,4.03225806452,17,0.274193548387,26,0.41935483871,28,0.451612903226,36,0.58064516129,110,314,5.06451612903,
James Singleton,TOT,2009-2010, 6-8,PF,28,57,977,17.1403508772,97,254,.382,7,37,.189,53,62,.855,108,1.89473684211,168,2.94736842105,276,4.84210526316,31,0.543859649123,28,0.491228070175,43,0.754385964912,49,0.859649122807,113,254,4.45614035088,
James Singleton,DAL,2009-2010, 6-8,SF,28,25,211,8.44,24,64,.375,5,22,.227,6,6,1.000,17,0.68,38,1.52,55,2.2,9,0.36,11,0.44,7,0.28,12,0.48,31,59,2.36,
James Singleton,WAS,2009-2010, 6-8,PF,28,32,766,23.9375,73,190,.384,2,15,.133,47,56,.839,91,2.84375,130,4.0625,221,6.90625,22,0.6875,17,0.53125,36,1.125,37,1.15625,82,195,6.09375,
James Singleton,WAS,2011-2012, 6-8,PF,30,12,262,21.8333333333,41,75,.547,2,9,.222,14,15,.933,25,2.08333333333,56,4.66666666667,81,6.75,15,1.25,9,0.75,8,0.666666666667,10,0.833333333333,27,98,8.16666666667,
