Player,Team,Season,Height,Position,Age,G,MIN,MINPG,FGM,FGA,FGP,TPM,TPA,TPP,FTM,FTA,FTP,ORB,ORBPG,DRB,DRBPG,TRB,TRBPG,AST,ASTPG,STL,STLPG,BLK,BLKPG,TO,TOPG,PF,PTS,PTSPG,
James Harden,OKC,2009-2010, 6-5,SG,20,76,1738,22.8684210526,233,578,.403,93,248,.375,194,240,.808,47,0.618421052632,197,2.59210526316,244,3.21052631579,137,1.80263157895,80,1.05263157895,20,0.263157894737,106,1.39473684211,200,753,9.90789473684,
James Harden,OKC,2010-2011, 6-5,SG,21,82,2189,26.6951219512,298,684,.436,113,324,.349,289,343,.843,42,0.512195121951,213,2.59756097561,255,3.10975609756,176,2.14634146341,92,1.12195121951,24,0.292682926829,106,1.29268292683,207,998,12.1707317073,
James Harden,OKC,2011-2012, 6-5,SG,22,62,1946,31.3870967742,309,629,.491,114,292,.390,312,369,.846,30,0.483870967742,222,3.58064516129,252,4.06451612903,229,3.6935483871,62,1.0,15,0.241935483871,137,2.20967741935,150,1044,16.8387096774,
James Harden,HOU,2012-2013, 6-5,SG,23,63,2420,38.4126984127,486,1079,.450,139,375,.371,541,633,.855,54,0.857142857143,244,3.87301587302,298,4.73015873016,370,5.87301587302,119,1.88888888889,27,0.428571428571,234,3.71428571429,145,1652,26.2222222222,
