Player,Team,Season,Height,Position,Age,G,MIN,MINPG,FGM,FGA,FGP,TPM,TPA,TPP,FTM,FTA,FTP,ORB,ORBPG,DRB,DRBPG,TRB,TRBPG,AST,ASTPG,STL,STLPG,BLK,BLKPG,TO,TOPG,PF,PTS,PTSPG,
James Ray,DEN,1980-1981, 6-8,PF,23,18,148,8.22222222222,15,49,.306,0,1,.000,7,10,.700,13,0.722222222222,24,1.33333333333,37,2.05555555556,11,0.611111111111,4,0.222222222222,4,0.222222222222,13,0.722222222222,31,37,2.05555555556,
James Ray,DEN,1981-1982, 6-8,PF,24,40,262,6.55,51,116,.440,1,1,1.000,21,36,.583,18,0.45,47,1.175,65,1.625,26,0.65,10,0.25,16,0.4,37,0.925,59,124,3.1,
James Ray,DEN,1982-1983, 6-8,PF,25,45,433,9.62222222222,70,153,.458,0,1,.000,33,51,.647,37,0.822222222222,89,1.97777777778,126,2.8,39,0.866666666667,24,0.533333333333,19,0.422222222222,50,1.11111111111,83,173,3.84444444444,
