Player,Team,Season,Height,Position,Age,G,MIN,MINPG,FGM,FGA,FGP,TPM,TPA,TPP,FTM,FTA,FTP,ORB,ORBPG,DRB,DRBPG,TRB,TRBPG,AST,ASTPG,STL,STLPG,BLK,BLKPG,TO,TOPG,PF,PTS,PTSPG,
Jamison Brewer,IND,2001-2002, 6-4,SG,21,13,43,3.30769230769,2,5,.400,0,1,.000,0,0,.000,2,0.153846153846,6,0.461538461538,8,0.615384615385,9,0.692307692308,2,0.153846153846,0,0.0,3,0.230769230769,3,4,0.307692307692,
Jamison Brewer,IND,2002-2003, 6-4,PG,22,10,80,8.0,9,17,.529,0,2,.000,4,9,.444,5,0.5,4,0.4,9,0.9,18,1.8,2,0.2,1,0.1,6,0.6,11,22,2.2,
Jamison Brewer,IND,2003-2004, 6-4,PG,23,13,160,12.3076923077,13,35,.371,5,14,.357,1,6,.167,2,0.153846153846,9,0.692307692308,11,0.846153846154,17,1.30769230769,7,0.538461538462,0,0.0,10,0.769230769231,9,32,2.46153846154,
Jamison Brewer,NYK,2004-2005, 6-4,PG,24,18,185,10.2777777778,11,37,.297,3,15,.200,6,13,.462,6,0.333333333333,16,0.888888888889,22,1.22222222222,12,0.666666666667,8,0.444444444444,1,0.0555555555556,13,0.722222222222,11,31,1.72222222222,
