Player,Team,Season,Height,Position,Age,G,MIN,MINPG,FGM,FGA,FGP,TPM,TPA,TPP,FTM,FTA,FTP,ORB,ORBPG,DRB,DRBPG,TRB,TRBPG,AST,ASTPG,STL,STLPG,BLK,BLKPG,TO,TOPG,PF,PTS,PTSPG,
Jamie Watson,UTA,1994-1995, 6-7,SF,22,60,673,11.2166666667,76,152,.500,5,19,.263,38,56,.679,16,0.266666666667,58,0.966666666667,74,1.23333333333,59,0.983333333333,35,0.583333333333,11,0.183333333333,51,0.85,86,195,3.25,
Jamie Watson,UTA,1995-1996, 6-7,SF,23,16,217,13.5625,18,43,.419,3,7,.429,9,13,.692,5,0.3125,22,1.375,27,1.6875,24,1.5,8,0.5,2,0.125,17,1.0625,30,48,3.0,
Jamie Watson,TOT,1996-1997, 6-7,SF,24,23,340,14.7826086957,31,72,.431,4,12,.333,12,16,.750,18,0.782608695652,29,1.26086956522,47,2.04347826087,33,1.4347826087,22,0.95652173913,4,0.173913043478,24,1.04347826087,34,78,3.39130434783,
Jamie Watson,UTA,1996-1997, 6-7,SF,24,13,129,9.92307692308,11,25,.440,1,3,.333,10,12,.833,4,0.307692307692,14,1.07692307692,18,1.38461538462,10,0.769230769231,11,0.846153846154,2,0.153846153846,9,0.692307692308,16,33,2.53846153846,
Jamie Watson,DAL,1996-1997, 6-7,SF,24,10,211,21.1,20,47,.426,3,9,.333,2,4,.500,14,1.4,15,1.5,29,2.9,23,2.3,11,1.1,2,0.2,15,1.5,18,45,4.5,
Jamie Watson,MIA,1998-1999, 6-7,SF,26,3,18,6.0,1,2,.500,0,0,.000,0,0,.000,0,0.0,1,0.333333333333,1,0.333333333333,1,0.333333333333,0,0.0,0,0.0,1,0.333333333333,1,2,0.666666666667,
