Player,Team,Season,Height,Position,Age,G,MIN,MINPG,FGM,FGA,FGP,TPM,TPA,TPP,FTM,FTA,FTP,ORB,ORBPG,DRB,DRBPG,TRB,TRBPG,AST,ASTPG,STL,STLPG,BLK,BLKPG,TO,TOPG,PF,PTS,PTSPG,
Jan Vesely,WAS,2011-2012, 6-11,PF,21,57,1078,18.9122807018,117,218,.537,0,1,.000,33,62,.532,101,1.77192982456,148,2.59649122807,249,4.36842105263,47,0.824561403509,39,0.684210526316,32,0.561403508772,60,1.05263157895,156,267,4.68421052632,
Jan Vesely,WAS,2012-2013, 6-11,PF,22,38,446,11.7368421053,45,90,.500,0,1,.000,9,33,.273,32,0.842105263158,56,1.47368421053,88,2.31578947368,21,0.552631578947,10,0.263157894737,10,0.263157894737,22,0.578947368421,88,99,2.60526315789,
