Player,Team,Season,Height,Position,Age,G,MIN,MINPG,FGM,FGA,FGP,TPM,TPA,TPP,FTM,FTA,FTP,ORB,ORBPG,DRB,DRBPG,TRB,TRBPG,AST,ASTPG,STL,STLPG,BLK,BLKPG,TO,TOPG,PF,PTS,PTSPG,
Jared Dudley,CHA,2007-2008, 6-7,PF,22,73,1384,18.9589041096,163,348,.468,9,41,.220,87,118,.737,121,1.65753424658,165,2.2602739726,286,3.91780821918,81,1.1095890411,55,0.753424657534,10,0.13698630137,50,0.684931506849,128,422,5.78082191781,
Jared Dudley,TOT,2008-2009, 6-7,SF,23,68,1155,16.9852941176,136,285,.477,29,74,.392,71,105,.676,82,1.20588235294,123,1.80882352941,205,3.01470588235,56,0.823529411765,57,0.838235294118,8,0.117647058824,43,0.632352941176,105,372,5.47058823529,
Jared Dudley,CHA,2008-2009, 6-7,SF,23,20,427,21.35,45,96,.469,3,8,.375,15,24,.625,25,1.25,34,1.7,59,2.95,19,0.95,18,0.9,2,0.1,10,0.5,40,108,5.4,
Jared Dudley,PHO,2008-2009, 6-7,SF,23,48,728,15.1666666667,91,189,.481,26,66,.394,56,81,.691,57,1.1875,89,1.85416666667,146,3.04166666667,37,0.770833333333,39,0.8125,6,0.125,33,0.6875,65,264,5.5,
Jared Dudley,PHO,2009-2010, 6-7,SF,24,82,1991,24.2804878049,225,490,.459,120,262,.458,104,138,.754,99,1.20731707317,182,2.21951219512,281,3.42682926829,115,1.40243902439,81,0.987804878049,16,0.19512195122,68,0.829268292683,162,674,8.21951219512,
Jared Dudley,PHO,2010-2011, 6-7,SF,25,82,2140,26.0975609756,300,629,.477,105,253,.415,162,218,.743,111,1.35365853659,207,2.5243902439,318,3.87804878049,108,1.31707317073,87,1.06097560976,20,0.243902439024,77,0.939024390244,139,867,10.5731707317,
Jared Dudley,PHO,2011-2012, 6-7,SG,26,65,2020,31.0769230769,312,643,.485,80,209,.383,119,164,.726,95,1.46153846154,206,3.16923076923,301,4.63076923077,112,1.72307692308,49,0.753846153846,19,0.292307692308,72,1.10769230769,107,823,12.6615384615,
Jared Dudley,PHO,2012-2013, 6-7,SF,27,63,1796,28.5079365079,259,551,.470,86,219,.393,97,123,.789,69,1.09523809524,136,2.15873015873,205,3.25396825397,168,2.66666666667,57,0.904761904762,6,0.0952380952381,87,1.38095238095,103,701,11.126984127,
