Player,Team,Season,Height,Position,Age,G,MIN,MINPG,FGM,FGA,FGP,TPM,TPA,TPP,FTM,FTA,FTP,ORB,ORBPG,DRB,DRBPG,TRB,TRBPG,AST,ASTPG,STL,STLPG,BLK,BLKPG,TO,TOPG,PF,PTS,PTSPG,
Jared Reiner,CHI,2004-2005, 6-11,C,22,19,132,6.94736842105,10,30,.333,0,0,.000,1,4,.250,13,0.684210526316,25,1.31578947368,38,2.0,1,0.0526315789474,3,0.157894736842,7,0.368421052632,9,0.473684210526,35,21,1.10526315789,
Jared Reiner,MIL,2006-2007, 6-11,C,24,27,244,9.03703703704,15,43,.349,0,0,.000,3,10,.300,21,0.777777777778,50,1.85185185185,71,2.62962962963,13,0.481481481481,5,0.185185185185,6,0.222222222222,14,0.518518518519,45,33,1.22222222222,
