Player,Team,Season,Height,Position,Age,G,MIN,MINPG,FGM,FGA,FGP,TPM,TPA,TPP,FTM,FTA,FTP,ORB,ORBPG,DRB,DRBPG,TRB,TRBPG,AST,ASTPG,STL,STLPG,BLK,BLKPG,TO,TOPG,PF,PTS,PTSPG,
Jared Sullinger,BOS,2012-2013, 6-9,PF,20,45,892,19.8222222222,111,225,.493,1,5,.200,47,63,.746,92,2.04444444444,172,3.82222222222,264,5.86666666667,35,0.777777777778,22,0.488888888889,22,0.488888888889,29,0.644444444444,154,270,6.0,
