Player,Team,Season,Height,Position,Age,G,MIN,MINPG,FGM,FGA,FGP,TPM,TPA,TPP,FTM,FTA,FTP,ORB,ORBPG,DRB,DRBPG,TRB,TRBPG,AST,ASTPG,STL,STLPG,BLK,BLKPG,TO,TOPG,PF,PTS,PTSPG,
Jarvis Hayes,WAS,2003-2004, 6-7,SF,22,70,2044,29.2,278,695,.400,40,131,.305,77,98,.786,71,1.01428571429,193,2.75714285714,264,3.77142857143,106,1.51428571429,71,1.01428571429,11,0.157142857143,110,1.57142857143,157,673,9.61428571429,
Jarvis Hayes,WAS,2004-2005, 6-7,SF,23,54,1560,28.8888888889,206,530,.389,42,123,.341,99,118,.839,41,0.759259259259,186,3.44444444444,227,4.2037037037,90,1.66666666667,49,0.907407407407,9,0.166666666667,62,1.14814814815,107,553,10.2407407407,
Jarvis Hayes,WAS,2005-2006, 6-7,SG,24,21,516,24.5714285714,77,183,.421,17,47,.362,25,30,.833,19,0.904761904762,57,2.71428571429,76,3.61904761905,27,1.28571428571,16,0.761904761905,1,0.047619047619,22,1.04761904762,38,196,9.33333333333,
Jarvis Hayes,WAS,2006-2007, 6-7,SF,25,81,1626,20.0740740741,224,546,.410,66,183,.361,71,84,.845,42,0.518518518519,168,2.07407407407,210,2.59259259259,80,0.987654320988,48,0.592592592593,13,0.16049382716,56,0.691358024691,160,585,7.22222222222,
Jarvis Hayes,DET,2007-2008, 6-7,SF,26,82,1287,15.6951219512,217,504,.431,73,194,.376,45,60,.750,35,0.426829268293,143,1.74390243902,178,2.17073170732,62,0.756097560976,47,0.573170731707,6,0.0731707317073,47,0.573170731707,137,552,6.73170731707,
Jarvis Hayes,NJN,2008-2009, 6-7,SF,27,74,1832,24.7567567568,257,577,.445,94,244,.385,36,52,.692,27,0.364864864865,240,3.24324324324,267,3.60810810811,54,0.72972972973,52,0.702702702703,7,0.0945945945946,49,0.662162162162,162,644,8.7027027027,
Jarvis Hayes,NJN,2009-2010, 6-7,SF,28,45,1033,22.9555555556,138,328,.421,60,179,.335,14,18,.778,9,0.2,99,2.2,108,2.4,40,0.888888888889,29,0.644444444444,9,0.2,28,0.622222222222,91,350,7.77777777778,
