Player,Team,Season,Height,Position,Age,G,MIN,MINPG,FGM,FGA,FGP,TPM,TPA,TPP,FTM,FTA,FTP,ORB,ORBPG,DRB,DRBPG,TRB,TRBPG,AST,ASTPG,STL,STLPG,BLK,BLKPG,TO,TOPG,PF,PTS,PTSPG,
Jason Thompson,SAC,2008-2009, 6-11,PF,22,82,2303,28.0853658537,356,717,.497,0,8,.000,198,286,.692,234,2.85365853659,372,4.53658536585,606,7.39024390244,93,1.13414634146,46,0.560975609756,59,0.719512195122,146,1.78048780488,314,910,11.0975609756,
Jason Thompson,SAC,2009-2010, 6-11,C,23,75,2357,31.4266666667,370,784,.472,1,10,.100,198,277,.715,224,2.98666666667,413,5.50666666667,637,8.49333333333,124,1.65333333333,41,0.546666666667,73,0.973333333333,139,1.85333333333,279,939,12.52,
Jason Thompson,SAC,2010-2011, 6-11,PF,24,75,1748,23.3066666667,271,534,.507,0,3,.000,121,200,.605,144,1.92,310,4.13333333333,454,6.05333333333,88,1.17333333333,28,0.373333333333,44,0.586666666667,99,1.32,212,663,8.84,
Jason Thompson,SAC,2011-2012, 6-11,PF,25,64,1657,25.890625,237,443,.535,0,2,.000,109,181,.602,166,2.59375,277,4.328125,443,6.921875,79,1.234375,43,0.671875,44,0.6875,68,1.0625,149,583,9.109375,
Jason Thompson,SAC,2012-2013, 6-11,PF,26,66,1879,28.4696969697,311,598,.520,0,2,.000,118,170,.694,145,2.19696969697,301,4.56060606061,446,6.75757575758,70,1.06060606061,38,0.575757575758,49,0.742424242424,83,1.25757575758,178,740,11.2121212121,
