Player,Team,Season,Height,Position,Age,G,MIN,MINPG,FGM,FGA,FGP,TPM,TPA,TPP,FTM,FTA,FTP,ORB,ORBPG,DRB,DRBPG,TRB,TRBPG,AST,ASTPG,STL,STLPG,BLK,BLKPG,TO,TOPG,PF,PTS,PTSPG,
Jason Collier,HOU,2000-2001, 7-0,C,23,23,222,9.65217391304,27,71,.380,0,1,.000,17,24,.708,12,0.521739130435,25,1.08695652174,37,1.60869565217,6,0.260869565217,2,0.0869565217391,3,0.130434782609,11,0.478260869565,27,71,3.08695652174,
Jason Collier,HOU,2001-2002, 7-0,C,24,25,365,14.6,41,95,.432,0,1,.000,24,32,.750,31,1.24,51,2.04,82,3.28,9,0.36,6,0.24,4,0.16,13,0.52,40,106,4.24,
Jason Collier,HOU,2002-2003, 7-0,C,25,13,104,8.0,17,36,.472,0,0,.000,2,2,1.000,12,0.923076923077,17,1.30769230769,29,2.23076923077,1,0.0769230769231,2,0.153846153846,1,0.0769230769231,2,0.153846153846,10,36,2.76923076923,
Jason Collier,ATL,2003-2004, 7-0,C,26,20,545,27.25,79,165,.479,1,4,.250,67,85,.788,36,1.8,75,3.75,111,5.55,17,0.85,11,0.55,11,0.55,31,1.55,71,226,11.3,
Jason Collier,ATL,2004-2005, 7-0,C,27,70,942,13.4571428571,174,376,.463,6,14,.429,48,71,.676,84,1.2,100,1.42857142857,184,2.62857142857,18,0.257142857143,15,0.214285714286,13,0.185714285714,63,0.9,147,402,5.74285714286,
