Player,Team,Season,Height,Position,Age,G,MIN,MINPG,FGM,FGA,FGP,TPM,TPA,TPP,FTM,FTA,FTP,ORB,ORBPG,DRB,DRBPG,TRB,TRBPG,AST,ASTPG,STL,STLPG,BLK,BLKPG,TO,TOPG,PF,PTS,PTSPG,
Jason Lawson,ORL,1997-1998, 6-11,C,23,17,80,4.70588235294,9,15,.600,0,0,.000,8,10,.800,8,0.470588235294,19,1.11764705882,27,1.58823529412,5,0.294117647059,4,0.235294117647,4,0.235294117647,2,0.117647058824,14,26,1.52941176471,
