Player,Team,Season,Height,Position,Age,G,MIN,MINPG,FGM,FGA,FGP,TPM,TPA,TPP,FTM,FTA,FTP,ORB,ORBPG,DRB,DRBPG,TRB,TRBPG,AST,ASTPG,STL,STLPG,BLK,BLKPG,TO,TOPG,PF,PTS,PTSPG,
Jason Sasser,TOT,1996-1997, 6-7,SF,23,8,69,8.625,9,23,.391,1,3,.333,0,0,.000,1,0.125,7,0.875,8,1.0,2,0.25,3,0.375,0,0.0,2,0.25,11,19,2.375,
Jason Sasser,SAS,1996-1997, 6-7,SF,23,6,62,10.3333333333,8,19,.421,1,2,.500,0,0,.000,0,0.0,7,1.16666666667,7,1.16666666667,1,0.166666666667,2,0.333333333333,0,0.0,2,0.333333333333,11,17,2.83333333333,
Jason Sasser,DAL,1996-1997, 6-7,SF,23,2,7,3.5,1,4,.250,0,1,.000,0,0,.000,1,0.5,0,0.0,1,0.5,1,0.5,1,0.5,0,0.0,0,0.0,0,2,1.0,
Jason Sasser,VAN,1998-1999, 6-7,SF,25,6,39,6.5,5,11,.455,0,0,.000,1,2,.500,2,0.333333333333,5,0.833333333333,7,1.16666666667,2,0.333333333333,2,0.333333333333,0,0.0,2,0.333333333333,4,11,1.83333333333,
