Player,Team,Season,Height,Position,Age,G,MIN,MINPG,FGM,FGA,FGP,TPM,TPA,TPP,FTM,FTA,FTP,ORB,ORBPG,DRB,DRBPG,TRB,TRBPG,AST,ASTPG,STL,STLPG,BLK,BLKPG,TO,TOPG,PF,PTS,PTSPG,
JaVale McGee,WAS,2008-2009, 7-0,C,21,75,1143,15.24,191,387,.494,0,0,.000,107,162,.660,120,1.6,174,2.32,294,3.92,23,0.306666666667,33,0.44,75,1.0,61,0.813333333333,155,489,6.52,
JaVale McGee,WAS,2009-2010, 7-0,C,22,60,968,16.1333333333,156,307,.508,0,1,.000,74,116,.638,88,1.46666666667,155,2.58333333333,243,4.05,14,0.233333333333,16,0.266666666667,101,1.68333333333,51,0.85,122,386,6.43333333333,
JaVale McGee,WAS,2010-2011, 7-0,C,23,79,2193,27.7594936709,332,604,.550,0,3,.000,134,230,.583,223,2.82278481013,411,5.20253164557,634,8.0253164557,38,0.481012658228,41,0.518987341772,193,2.44303797468,102,1.29113924051,232,798,10.1012658228,
JaVale McGee,TOT,2011-2012, 7-0,C,24,61,1535,25.1639344262,307,552,.556,0,0,.000,77,167,.461,163,2.67213114754,314,5.14754098361,477,7.81967213115,31,0.508196721311,35,0.573770491803,132,2.16393442623,87,1.4262295082,166,691,11.3278688525,
JaVale McGee,WAS,2011-2012, 7-0,C,24,41,1124,27.4146341463,214,400,.535,0,0,.000,58,116,.500,127,3.09756097561,235,5.73170731707,362,8.82926829268,25,0.609756097561,25,0.609756097561,101,2.46341463415,68,1.65853658537,118,486,11.8536585366,
JaVale McGee,DEN,2011-2012, 7-0,C,24,20,411,20.55,93,152,.612,0,0,.000,19,51,.373,36,1.8,79,3.95,115,5.75,6,0.3,10,0.5,31,1.55,19,0.95,48,205,10.25,
JaVale McGee,DEN,2012-2013, 7-0,C,25,63,1162,18.4444444444,249,437,.570,1,1,1.000,100,170,.588,121,1.92063492063,177,2.80952380952,298,4.73015873016,20,0.31746031746,22,0.349206349206,127,2.01587301587,67,1.06349206349,151,599,9.50793650794,
