Player,Team,Season,Height,Position,Age,G,MIN,MINPG,FGM,FGA,FGP,TPM,TPA,TPP,FTM,FTA,FTP,ORB,ORBPG,DRB,DRBPG,TRB,TRBPG,AST,ASTPG,STL,STLPG,BLK,BLKPG,TO,TOPG,PF,PTS,PTSPG,
Javaris Crittenton,TOT,2007-2008, 6-5,SG,20,50,679,13.58,98,233,.421,10,37,.270,72,104,.692,27,0.54,83,1.66,110,2.2,51,1.02,19,0.38,2,0.04,55,1.1,47,278,5.56,
Javaris Crittenton,LAL,2007-2008, 6-5,SG,20,22,171,7.77272727273,26,53,.491,1,3,.333,19,28,.679,7,0.318181818182,14,0.636363636364,21,0.954545454545,18,0.818181818182,7,0.318181818182,0,0.0,22,1.0,12,72,3.27272727273,
Javaris Crittenton,MEM,2007-2008, 6-5,SG,20,28,508,18.1428571429,72,180,.400,9,34,.265,53,76,.697,20,0.714285714286,69,2.46428571429,89,3.17857142857,33,1.17857142857,12,0.428571428571,2,0.0714285714286,33,1.17857142857,35,206,7.35714285714,
Javaris Crittenton,TOT,2008-2009, 6-5,PG,21,63,1174,18.6349206349,131,285,.460,2,15,.133,53,92,.576,57,0.904761904762,109,1.73015873016,166,2.63492063492,150,2.38095238095,40,0.634920634921,6,0.0952380952381,82,1.30158730159,101,317,5.03174603175,
Javaris Crittenton,MEM,2008-2009, 6-5,SG,21,7,44,6.28571428571,7,15,.467,0,1,.000,5,11,.455,4,0.571428571429,2,0.285714285714,6,0.857142857143,5,0.714285714286,1,0.142857142857,0,0.0,3,0.428571428571,5,19,2.71428571429,
Javaris Crittenton,WAS,2008-2009, 6-5,PG,21,56,1130,20.1785714286,124,270,.459,2,14,.143,48,81,.593,53,0.946428571429,107,1.91071428571,160,2.85714285714,145,2.58928571429,39,0.696428571429,6,0.107142857143,79,1.41071428571,96,298,5.32142857143,
