Player,Team,Season,Height,Position,Age,G,MIN,MINPG,FGM,FGA,FGP,TPM,TPA,TPP,FTM,FTA,FTP,ORB,ORBPG,DRB,DRBPG,TRB,TRBPG,AST,ASTPG,STL,STLPG,BLK,BLKPG,TO,TOPG,PF,PTS,PTSPG,
Jawad Williams,CLE,2008-2009, 6-9,SF,25,10,20,2.0,5,12,.417,2,6,.333,0,0,.000,1,0.1,1,0.1,2,0.2,0,0.0,1,0.1,0,0.0,1,0.1,2,12,1.2,
Jawad Williams,CLE,2009-2010, 6-9,PG,26,54,742,13.7407407407,81,206,.393,30,93,.323,32,45,.711,16,0.296296296296,67,1.24074074074,83,1.53703703704,34,0.62962962963,12,0.222222222222,5,0.0925925925926,18,0.333333333333,73,224,4.14814814815,
Jawad Williams,CLE,2010-2011, 6-9,SF,27,26,391,15.0384615385,41,126,.325,13,45,.289,9,12,.750,7,0.269230769231,41,1.57692307692,48,1.84615384615,22,0.846153846154,9,0.346153846154,3,0.115384615385,16,0.615384615385,34,104,4.0,
