Player,Team,Season,Height,Position,Age,G,MIN,MINPG,FGM,FGA,FGP,TPM,TPA,TPP,FTM,FTA,FTP,ORB,ORBPG,DRB,DRBPG,TRB,TRBPG,AST,ASTPG,STL,STLPG,BLK,BLKPG,TO,TOPG,PF,PTS,PTSPG,
Jay Guidinger,CLE,1992-1993, 6-10,C,23,32,215,6.71875,19,55,.345,0,0,.000,13,25,.520,26,0.8125,38,1.1875,64,2.0,17,0.53125,9,0.28125,10,0.3125,10,0.3125,48,51,1.59375,
Jay Guidinger,CLE,1993-1994, 6-10,C,24,32,131,4.09375,16,32,.500,0,0,.000,15,21,.714,15,0.46875,18,0.5625,33,1.03125,3,0.09375,4,0.125,5,0.15625,16,0.5,23,47,1.46875,
