Player,Team,Season,Height,Position,Age,G,MIN,MINPG,FGM,FGA,FGP,TPM,TPA,TPP,FTM,FTA,FTP,ORB,ORBPG,DRB,DRBPG,TRB,TRBPG,AST,ASTPG,STL,STLPG,BLK,BLKPG,TO,TOPG,PF,PTS,PTSPG,
Jay Arnette,CIN,1963-1964, 6-2,PG,25,48,501,10.4375,71,196,.362,.000,.000,.000,42,54,.778,.000,0.0,.000,0.0,54,1.125,71,1.47916666667,.000,0.0,.000,0.0,.000,0.0,105,184,3.83333333333,
Jay Arnette,CIN,1964-1965, 6-2,SG,26,63,662,10.5079365079,91,245,.371,.000,.000,.000,56,75,.747,.000,0.0,.000,0.0,62,0.984126984127,68,1.07936507937,.000,0.0,.000,0.0,.000,0.0,125,238,3.77777777778,
Jay Arnette,CIN,1965-1966, 6-2,,27,3,14,4.66666666667,1,6,.167,.000,.000,.000,0,0,.000,.000,0.0,.000,0.0,0,0.0,0,0.0,.000,0.0,.000,0.0,.000,0.0,3,2,0.666666666667,
