Player,Team,Season,Height,Position,Age,G,MIN,MINPG,FGM,FGA,FGP,TPM,TPA,TPP,FTM,FTA,FTP,ORB,ORBPG,DRB,DRBPG,TRB,TRBPG,AST,ASTPG,STL,STLPG,BLK,BLKPG,TO,TOPG,PF,PTS,PTSPG,
Jeffrey Congdon,TOT,1967-1968, 6-1,PG,24,64,1020,15.9375,150,404,.371,13,54,.241,49,64,.766,.000,0.0,.000,0.0,106,1.65625,133,2.078125,.000,0.0,.000,0.0,119,1.859375,84,362,5.65625,
Jeffrey Congdon,ANA,1967-1968, 6-1,PG,24,23,622,27.0434782609,83,213,.390,8,24,.333,29,39,.744,.000,0.0,.000,0.0,72,3.13043478261,74,3.21739130435,.000,0.0,.000,0.0,69,3.0,47,203,8.82608695652,
Jeffrey Congdon,DNR,1967-1968, 6-1,PG,24,41,398,9.70731707317,67,191,.351,5,30,.167,20,25,.800,.000,0.0,.000,0.0,34,0.829268292683,59,1.43902439024,.000,0.0,.000,0.0,50,1.21951219512,37,159,3.87804878049,
Jeffrey Congdon,DNR,1968-1969, 6-1,PG,25,59,979,16.593220339,107,277,.386,5,31,.161,69,85,.812,14,0.237288135593,79,1.33898305085,93,1.57627118644,135,2.28813559322,.000,0.0,.000,0.0,97,1.64406779661,104,288,4.8813559322,
Jeffrey Congdon,DNR,1969-1970, 6-1,PG,26,83,2461,29.6506024096,299,775,.386,63,178,.354,151,192,.786,52,0.626506024096,181,2.18072289157,233,2.80722891566,446,5.3734939759,.000,0.0,.000,0.0,205,2.46987951807,205,812,9.78313253012,
Jeffrey Congdon,TOT,1970-1971, 6-1,PG,27,80,1562,19.525,178,487,.366,18,88,.205,79,96,.823,37,0.4625,106,1.325,143,1.7875,252,3.15,.000,0.0,.000,0.0,145,1.8125,126,453,5.6625,
Jeffrey Congdon,UTS,1970-1971, 6-1,PG,27,38,983,25.8684210526,116,337,.344,14,75,.187,47,59,.797,27,0.710526315789,62,1.63157894737,89,2.34210526316,155,4.07894736842,.000,0.0,.000,0.0,94,2.47368421053,76,293,7.71052631579,
Jeffrey Congdon,NYA,1970-1971, 6-1,PG,27,42,579,13.7857142857,62,150,.413,4,13,.308,32,37,.865,10,0.238095238095,44,1.04761904762,54,1.28571428571,97,2.30952380952,.000,0.0,.000,0.0,51,1.21428571429,50,160,3.80952380952,
Jeffrey Congdon,DLC,1971-1972, 6-1,PG,28,20,261,13.05,30,86,.349,3,7,.429,17,20,.850,8,0.4,18,0.9,26,1.3,36,1.8,.000,0.0,.000,0.0,13,0.65,19,80,4.0,
