Player,Team,Season,Height,Position,Age,G,MIN,MINPG,FGM,FGA,FGP,TPM,TPA,TPP,FTM,FTA,FTP,ORB,ORBPG,DRB,DRBPG,TRB,TRBPG,AST,ASTPG,STL,STLPG,BLK,BLKPG,TO,TOPG,PF,PTS,PTSPG,
Jeff Webb,MIL,1970-1971, 6-4,SG,22,29,300,10.3448275862,27,78,.346,.000,.000,.000,11,15,.733,.000,0.0,.000,0.0,24,0.827586206897,19,0.655172413793,.000,0.0,.000,0.0,.000,0.0,33,65,2.24137931034,
Jeff Webb,TOT,1971-1972, 6-4,SG,23,46,238,5.17391304348,40,100,.400,.000,.000,.000,16,23,.696,.000,0.0,.000,0.0,35,0.760869565217,23,0.5,.000,0.0,.000,0.0,.000,0.0,29,96,2.08695652174,
Jeff Webb,MIL,1971-1972, 6-4,SG,23,19,109,5.73684210526,9,35,.257,.000,.000,.000,11,13,.846,.000,0.0,.000,0.0,18,0.947368421053,7,0.368421052632,.000,0.0,.000,0.0,.000,0.0,8,29,1.52631578947,
Jeff Webb,PHO,1971-1972, 6-4,SG,23,27,129,4.77777777778,31,65,.477,.000,.000,.000,5,10,.500,.000,0.0,.000,0.0,17,0.62962962963,16,0.592592592593,.000,0.0,.000,0.0,.000,0.0,21,67,2.48148148148,
