Player,Team,Season,Height,Position,Age,G,MIN,MINPG,FGM,FGA,FGP,TPM,TPA,TPP,FTM,FTA,FTP,ORB,ORBPG,DRB,DRBPG,TRB,TRBPG,AST,ASTPG,STL,STLPG,BLK,BLKPG,TO,TOPG,PF,PTS,PTSPG,
Jeff Sanders,CHI,1989-1990, 6-8,PF,24,31,182,5.87096774194,13,40,.325,0,0,.000,2,4,.500,17,0.548387096774,22,0.709677419355,39,1.25806451613,9,0.290322580645,4,0.129032258065,4,0.129032258065,15,0.483870967742,27,28,0.903225806452,
Jeff Sanders,CHH,1990-1991, 6-8,PF,25,3,43,14.3333333333,6,14,.429,0,0,.000,1,2,.500,3,1.0,6,2.0,9,3.0,1,0.333333333333,1,0.333333333333,1,0.333333333333,1,0.333333333333,6,13,4.33333333333,
Jeff Sanders,ATL,1991-1992, 6-8,SF,26,12,117,9.75,20,45,.444,0,0,.000,7,9,.778,9,0.75,17,1.41666666667,26,2.16666666667,9,0.75,5,0.416666666667,3,0.25,5,0.416666666667,15,47,3.91666666667,
Jeff Sanders,ATL,1992-1993, 6-8,PF,27,9,120,13.3333333333,10,25,.400,0,0,.000,4,8,.500,12,1.33333333333,17,1.88888888889,29,3.22222222222,6,0.666666666667,8,0.888888888889,1,0.111111111111,11,1.22222222222,16,24,2.66666666667,
