Player,Team,Season,Height,Position,Age,G,MIN,MINPG,FGM,FGA,FGP,TPM,TPA,TPP,FTM,FTA,FTP,ORB,ORBPG,DRB,DRBPG,TRB,TRBPG,AST,ASTPG,STL,STLPG,BLK,BLKPG,TO,TOPG,PF,PTS,PTSPG,
Jeff Martin,LAC,1989-1990, 6-5,SG,23,69,1351,19.5797101449,170,414,.411,2,15,.133,91,129,.705,78,1.13043478261,81,1.17391304348,159,2.30434782609,44,0.63768115942,41,0.594202898551,16,0.231884057971,47,0.68115942029,97,433,6.27536231884,
Jeff Martin,LAC,1990-1991, 6-5,PG,24,74,1334,18.027027027,214,507,.422,27,88,.307,68,100,.680,53,0.716216216216,78,1.05405405405,131,1.77027027027,65,0.878378378378,37,0.5,31,0.418918918919,49,0.662162162162,104,523,7.06756756757,
