Player,Team,Season,Height,Position,Age,G,MIN,MINPG,FGM,FGA,FGP,TPM,TPA,TPP,FTM,FTA,FTP,ORB,ORBPG,DRB,DRBPG,TRB,TRBPG,AST,ASTPG,STL,STLPG,BLK,BLKPG,TO,TOPG,PF,PTS,PTSPG,
Jeff Ruland,WSB,1981-1982, 6-10,C,23,82,2214,27.0,420,749,.561,1,3,.333,342,455,.752,253,3.08536585366,509,6.20731707317,762,9.29268292683,134,1.63414634146,44,0.536585365854,58,0.707317073171,237,2.89024390244,319,1183,14.4268292683,
Jeff Ruland,WSB,1982-1983, 6-10,C,24,79,2862,36.2278481013,580,1051,.552,1,3,.333,375,544,.689,293,3.70886075949,578,7.3164556962,871,11.0253164557,234,2.96202531646,74,0.936708860759,77,0.974683544304,297,3.75949367089,312,1536,19.4430379747,
Jeff Ruland,WSB,1983-1984, 6-10,C,25,75,3082,41.0933333333,599,1035,.579,1,7,.143,466,636,.733,265,3.53333333333,657,8.76,922,12.2933333333,296,3.94666666667,68,0.906666666667,72,0.96,342,4.56,285,1665,22.2,
Jeff Ruland,WSB,1984-1985, 6-10,C,26,37,1436,38.8108108108,250,439,.569,0,2,.000,200,292,.685,127,3.43243243243,283,7.64864864865,410,11.0810810811,162,4.37837837838,31,0.837837837838,27,0.72972972973,179,4.83783783784,128,700,18.9189189189,
Jeff Ruland,WSB,1985-1986, 6-10,PF,27,30,1114,37.1333333333,212,383,.554,0,4,.000,145,200,.725,107,3.56666666667,213,7.1,320,10.6666666667,159,5.3,23,0.766666666667,25,0.833333333333,121,4.03333333333,100,569,18.9666666667,
Jeff Ruland,PHI,1986-1987, 6-10,PF,28,5,116,23.2,19,28,.679,0,0,.000,9,12,.750,12,2.4,16,3.2,28,5.6,10,2.0,0,0.0,4,0.8,10,2.0,13,47,9.4,
Jeff Ruland,PHI,1991-1992, 6-10,C,33,13,209,16.0769230769,20,38,.526,0,0,.000,11,16,.688,16,1.23076923077,31,2.38461538462,47,3.61538461538,5,0.384615384615,7,0.538461538462,4,0.307692307692,20,1.53846153846,45,51,3.92307692308,
Jeff Ruland,DET,1992-1993, 6-10,C,34,11,55,5.0,5,11,.455,0,0,.000,2,4,.500,9,0.818181818182,9,0.818181818182,18,1.63636363636,2,0.181818181818,2,0.181818181818,0,0.0,6,0.545454545455,16,12,1.09090909091,
