Player,Team,Season,Height,Position,Age,G,MIN,MINPG,FGM,FGA,FGP,TPM,TPA,TPP,FTM,FTA,FTP,ORB,ORBPG,DRB,DRBPG,TRB,TRBPG,AST,ASTPG,STL,STLPG,BLK,BLKPG,TO,TOPG,PF,PTS,PTSPG,
Jeff Teague,ATL,2009-2010, 6-2,PG,21,71,719,10.1267605634,90,227,.396,7,32,.219,41,49,.837,5,0.0704225352113,62,0.87323943662,67,0.943661971831,122,1.71830985915,34,0.478873239437,11,0.154929577465,50,0.704225352113,82,228,3.21126760563,
Jeff Teague,ATL,2010-2011, 6-2,PG,22,70,963,13.7571428571,133,304,.438,18,48,.375,77,97,.794,11,0.157142857143,91,1.3,102,1.45714285714,138,1.97142857143,45,0.642857142857,25,0.357142857143,64,0.914285714286,82,361,5.15714285714,
Jeff Teague,ATL,2011-2012, 6-2,PG,23,66,2183,33.0757575758,320,672,.476,51,149,.342,140,185,.757,21,0.318181818182,138,2.09090909091,159,2.40909090909,321,4.86363636364,106,1.60606060606,37,0.560606060606,134,2.0303030303,145,831,12.5909090909,
Jeff Teague,ATL,2012-2013, 6-2,PG,24,63,2079,33.0,344,760,.453,73,192,.380,154,173,.890,19,0.301587301587,126,2.0,145,2.30158730159,440,6.98412698413,93,1.47619047619,22,0.349206349206,185,2.93650793651,149,915,14.5238095238,
