Player,Team,Season,Height,Position,Age,G,MIN,MINPG,FGM,FGA,FGP,TPM,TPA,TPP,FTM,FTA,FTP,ORB,ORBPG,DRB,DRBPG,TRB,TRBPG,AST,ASTPG,STL,STLPG,BLK,BLKPG,TO,TOPG,PF,PTS,PTSPG,
Jeff Adrien,GSW,2010-2011, 6-7,PF,24,23,196,8.52173913043,23,54,.426,0,0,.000,11,19,.579,23,1.0,35,1.52173913043,58,2.52173913043,10,0.434782608696,4,0.173913043478,5,0.217391304348,9,0.391304347826,28,57,2.47826086957,
Jeff Adrien,HOU,2011-2012, 6-7,PF,25,8,63,7.875,7,16,.438,0,0,.000,7,12,.583,5,0.625,17,2.125,22,2.75,1,0.125,0,0.0,2,0.25,2,0.25,13,21,2.625,
Jeff Adrien,CHA,2012-2013, 6-7,PF,26,37,563,15.2162162162,58,135,.430,0,1,.000,48,75,.640,57,1.54054054054,98,2.64864864865,155,4.18918918919,28,0.756756756757,8,0.216216216216,22,0.594594594595,28,0.756756756757,66,164,4.43243243243,
