Player,Team,Season,Height,Position,Age,G,MIN,MINPG,FGM,FGA,FGP,TPM,TPA,TPP,FTM,FTA,FTP,ORB,ORBPG,DRB,DRBPG,TRB,TRBPG,AST,ASTPG,STL,STLPG,BLK,BLKPG,TO,TOPG,PF,PTS,PTSPG,
Jeff Green,SEA,2007-2008, 6-9,SF,21,80,2253,28.1625,320,749,.427,21,76,.276,177,238,.744,101,1.2625,278,3.475,379,4.7375,119,1.4875,46,0.575,49,0.6125,158,1.975,198,838,10.475,
Jeff Green,OKC,2008-2009, 6-9,PF,22,78,2873,36.8333333333,476,1068,.446,96,247,.389,242,307,.788,120,1.53846153846,399,5.11538461538,519,6.65384615385,155,1.98717948718,81,1.03846153846,33,0.423076923077,173,2.21794871795,202,1290,16.5384615385,
Jeff Green,OKC,2009-2010, 6-9,PF,23,82,3043,37.1097560976,485,1070,.453,104,312,.333,165,223,.740,112,1.36585365854,378,4.60975609756,490,5.9756097561,134,1.63414634146,104,1.26829268293,72,0.878048780488,135,1.64634146341,221,1239,15.1097560976,
Jeff Green,TOT,2010-2011, 6-9,PF,24,75,2427,32.36,368,820,.449,64,211,.303,198,244,.811,73,0.973333333333,287,3.82666666667,360,4.8,108,1.44,53,0.706666666667,37,0.493333333333,99,1.32,210,998,13.3066666667,
Jeff Green,OKC,2010-2011, 6-9,PF,24,49,1815,37.0408163265,270,618,.437,56,184,.304,148,181,.818,57,1.16326530612,217,4.42857142857,274,5.59183673469,89,1.81632653061,40,0.816326530612,21,0.428571428571,76,1.55102040816,142,744,15.1836734694,
Jeff Green,BOS,2010-2011, 6-9,SF,24,26,612,23.5384615385,98,202,.485,8,27,.296,50,63,.794,16,0.615384615385,70,2.69230769231,86,3.30769230769,19,0.730769230769,13,0.5,16,0.615384615385,23,0.884615384615,68,254,9.76923076923,
Jeff Green,BOS,2012-2013, 6-9,SF,26,64,1659,25.921875,257,573,.449,45,132,.341,158,192,.823,42,0.65625,180,2.8125,222,3.46875,79,1.234375,42,0.65625,52,0.8125,93,1.453125,130,717,11.203125,
