Player,Team,Season,Height,Position,Age,G,MIN,MINPG,FGM,FGA,FGP,TPM,TPA,TPP,FTM,FTA,FTP,ORB,ORBPG,DRB,DRBPG,TRB,TRBPG,AST,ASTPG,STL,STLPG,BLK,BLKPG,TO,TOPG,PF,PTS,PTSPG,
Jeff Lamp,POR,1981-1982, 6-6,SF,22,54,617,11.4259259259,100,196,.510,0,1,.000,50,61,.820,24,0.444444444444,40,0.740740740741,64,1.18518518519,28,0.518518518519,16,0.296296296296,1,0.0185185185185,45,0.833333333333,83,250,4.62962962963,
Jeff Lamp,POR,1982-1983, 6-6,SF,23,59,690,11.6949152542,107,252,.425,1,6,.167,42,52,.808,25,0.423728813559,51,0.864406779661,76,1.28813559322,58,0.983050847458,20,0.338983050847,3,0.0508474576271,38,0.64406779661,67,257,4.35593220339,
Jeff Lamp,POR,1983-1984, 6-6,SF,24,64,660,10.3125,128,261,.490,2,13,.154,60,67,.896,23,0.359375,40,0.625,63,0.984375,51,0.796875,22,0.34375,4,0.0625,52,0.8125,67,318,4.96875,
Jeff Lamp,TOT,1985-1986, 6-6,SF,26,74,1321,17.8513513514,245,514,.477,7,30,.233,111,133,.835,53,0.716216216216,147,1.98648648649,200,2.7027027027,117,1.58108108108,39,0.527027027027,4,0.0540540540541,68,0.918918918919,155,608,8.21621621622,
Jeff Lamp,MIL,1985-1986, 6-6,SF,26,44,701,15.9318181818,109,243,.449,3,13,.231,55,64,.859,34,0.772727272727,87,1.97727272727,121,2.75,64,1.45454545455,20,0.454545454545,3,0.0681818181818,30,0.681818181818,88,276,6.27272727273,
Jeff Lamp,SAS,1985-1986, 6-6,SF,26,30,620,20.6666666667,136,271,.502,4,17,.235,56,69,.812,19,0.633333333333,60,2.0,79,2.63333333333,53,1.76666666667,19,0.633333333333,1,0.0333333333333,38,1.26666666667,67,332,11.0666666667,
Jeff Lamp,LAL,1987-1988, 6-6,SF,28,3,7,2.33333333333,0,0,.000,0,0,.000,2,2,1.000,0,0.0,0,0.0,0,0.0,0,0.0,0,0.0,0,0.0,0,0.0,1,2,0.666666666667,
Jeff Lamp,LAL,1988-1989, 6-6,SF,29,37,176,4.75675675676,27,69,.391,2,4,.500,4,5,.800,6,0.162162162162,28,0.756756756757,34,0.918918918919,15,0.405405405405,8,0.216216216216,2,0.0540540540541,16,0.432432432432,27,60,1.62162162162,
