Player,Team,Season,Height,Position,Age,G,MIN,MINPG,FGM,FGA,FGP,TPM,TPA,TPP,FTM,FTA,FTP,ORB,ORBPG,DRB,DRBPG,TRB,TRBPG,AST,ASTPG,STL,STLPG,BLK,BLKPG,TO,TOPG,PF,PTS,PTSPG,
Jeff Halliburton,ATL,1971-1972, 6-5,SG,22,37,288,7.78378378378,61,133,.459,.000,.000,.000,25,30,.833,.000,0.0,.000,0.0,37,1.0,20,0.540540540541,.000,0.0,.000,0.0,.000,0.0,50,147,3.97297297297,
Jeff Halliburton,TOT,1972-1973, 6-5,SG,23,55,787,14.3090909091,172,396,.434,.000,.000,.000,71,88,.807,.000,0.0,.000,0.0,108,1.96363636364,96,1.74545454545,.000,0.0,.000,0.0,.000,0.0,107,415,7.54545454545,
Jeff Halliburton,ATL,1972-1973, 6-5,SG,23,24,238,9.91666666667,50,116,.431,.000,.000,.000,21,22,.955,.000,0.0,.000,0.0,26,1.08333333333,28,1.16666666667,.000,0.0,.000,0.0,.000,0.0,29,121,5.04166666667,
Jeff Halliburton,PHI,1972-1973, 6-5,SG,23,31,549,17.7096774194,122,280,.436,.000,.000,.000,50,66,.758,.000,0.0,.000,0.0,82,2.64516129032,68,2.1935483871,.000,0.0,.000,0.0,.000,0.0,78,294,9.48387096774,
