Player,Team,Season,Height,Position,Age,G,MIN,MINPG,FGM,FGA,FGP,TPM,TPA,TPP,FTM,FTA,FTP,ORB,ORBPG,DRB,DRBPG,TRB,TRBPG,AST,ASTPG,STL,STLPG,BLK,BLKPG,TO,TOPG,PF,PTS,PTSPG,
Jeff Wilkins,UTA,1980-1981, 6-11,C,25,56,1058,18.8928571429,117,260,.450,0,0,.000,27,40,.675,62,1.10714285714,212,3.78571428571,274,4.89285714286,40,0.714285714286,32,0.571428571429,46,0.821428571429,59,1.05357142857,169,261,4.66071428571,
Jeff Wilkins,UTA,1981-1982, 6-11,C,26,82,2274,27.7317073171,314,718,.437,0,3,.000,137,176,.778,120,1.46341463415,491,5.98780487805,611,7.4512195122,90,1.09756097561,32,0.390243902439,77,0.939024390244,134,1.63414634146,248,765,9.32926829268,
Jeff Wilkins,UTA,1982-1983, 6-11,C,27,81,2307,28.4814814815,389,816,.477,0,3,.000,156,200,.780,154,1.9012345679,442,5.45679012346,596,7.35802469136,132,1.62962962963,41,0.506172839506,42,0.518518518519,186,2.2962962963,251,934,11.5308641975,
Jeff Wilkins,UTA,1983-1984, 6-11,C,28,81,1734,21.4074074074,249,520,.479,0,3,.000,134,182,.736,109,1.34567901235,346,4.27160493827,455,5.61728395062,73,0.901234567901,27,0.333333333333,42,0.518518518519,109,1.34567901235,205,632,7.8024691358,
Jeff Wilkins,UTA,1984-1985, 6-11,C,29,79,1505,19.0506329114,285,582,.490,0,1,.000,61,80,.763,78,0.987341772152,288,3.64556962025,366,4.63291139241,81,1.0253164557,35,0.443037974684,18,0.227848101266,91,1.15189873418,173,631,7.98734177215,
Jeff Wilkins,TOT,1985-1986, 6-11,C,30,75,1126,15.0133333333,147,374,.393,0,0,.000,58,93,.624,74,0.986666666667,198,2.64,272,3.62666666667,46,0.613333333333,11,0.146666666667,21,0.28,52,0.693333333333,157,352,4.69333333333,
Jeff Wilkins,UTA,1985-1986, 6-11,C,30,48,604,12.5833333333,96,240,.400,0,0,.000,30,47,.638,40,0.833333333333,105,2.1875,145,3.02083333333,28,0.583333333333,3,0.0625,11,0.229166666667,32,0.666666666667,86,222,4.625,
Jeff Wilkins,SAS,1985-1986, 6-11,C,30,27,522,19.3333333333,51,134,.381,0,0,.000,28,46,.609,34,1.25925925926,93,3.44444444444,127,4.7037037037,18,0.666666666667,8,0.296296296296,10,0.37037037037,20,0.740740740741,71,130,4.81481481481,
