Player,Team,Season,Height,Position,Age,G,MIN,MINPG,FGM,FGA,FGP,TPM,TPA,TPP,FTM,FTA,FTP,ORB,ORBPG,DRB,DRBPG,TRB,TRBPG,AST,ASTPG,STL,STLPG,BLK,BLKPG,TO,TOPG,PF,PTS,PTSPG,
Jelani McCoy,SEA,1998-1999, 6-10,C,21,26,331,12.7307692308,56,76,.737,0,0,.000,21,42,.500,27,1.03846153846,52,2.0,79,3.03846153846,4,0.153846153846,11,0.423076923077,20,0.769230769231,10,0.384615384615,42,133,5.11538461538,
Jelani McCoy,SEA,1999-2000, 6-10,C,22,58,746,12.8620689655,102,177,.576,0,0,.000,45,91,.495,54,0.931034482759,125,2.15517241379,179,3.08620689655,24,0.413793103448,15,0.258620689655,46,0.793103448276,45,0.775862068966,127,249,4.29310344828,
Jelani McCoy,SEA,2000-2001, 6-10,C,23,70,1143,16.3285714286,138,264,.523,0,0,.000,41,93,.441,92,1.31428571429,159,2.27142857143,251,3.58571428571,57,0.814285714286,18,0.257142857143,49,0.7,75,1.07142857143,141,317,4.52857142857,
Jelani McCoy,LAL,2001-2002, 6-10,C,24,21,104,4.95238095238,12,21,.571,0,0,.000,2,8,.250,8,0.380952380952,17,0.809523809524,25,1.19047619048,7,0.333333333333,0,0.0,5,0.238095238095,8,0.380952380952,14,26,1.2380952381,
Jelani McCoy,TOR,2002-2003, 6-10,C,25,67,1367,20.4029850746,194,395,.491,0,0,.000,69,126,.548,95,1.41791044776,260,3.88059701493,355,5.29850746269,43,0.641791044776,28,0.417910447761,60,0.89552238806,96,1.4328358209,162,457,6.82089552239,
Jelani McCoy,CLE,2003-2004, 6-10,C,26,2,12,6.0,0,0,.000,0,0,.000,0,0,.000,1,0.5,3,1.5,4,2.0,0,0.0,0,0.0,0,0.0,1,0.5,4,0,0.0,
Jelani McCoy,ATL,2004-2005, 6-10,C,27,10,88,8.8,7,13,.538,0,0,.000,1,5,.200,7,0.7,14,1.4,21,2.1,0,0.0,3,0.3,8,0.8,6,0.6,24,15,1.5,
Jelani McCoy,DEN,2007-2008, 6-10,C,30,6,33,5.5,1,1,1.000,0,0,.000,1,2,.500,1,0.166666666667,6,1.0,7,1.16666666667,0,0.0,0,0.0,5,0.833333333333,4,0.666666666667,7,3,0.5,
