Player,Team,Season,Height,Position,Age,G,MIN,MINPG,FGM,FGA,FGP,TPM,TPA,TPP,FTM,FTA,FTP,ORB,ORBPG,DRB,DRBPG,TRB,TRBPG,AST,ASTPG,STL,STLPG,BLK,BLKPG,TO,TOPG,PF,PTS,PTSPG,
Jerald Honeycutt,MIL,1997-1998, 6-9,PF,23,38,530,13.9473684211,90,221,.407,29,77,.377,36,58,.621,27,0.710526315789,66,1.73684210526,93,2.44736842105,33,0.868421052632,20,0.526315789474,6,0.157894736842,49,1.28947368421,83,245,6.44736842105,
Jerald Honeycutt,TOT,1998-1999, 6-9,PF,24,16,102,6.375,9,32,.281,5,17,.294,7,10,.700,3,0.1875,9,0.5625,12,0.75,3,0.1875,5,0.3125,2,0.125,9,0.5625,16,30,1.875,
Jerald Honeycutt,MIL,1998-1999, 6-9,PF,24,3,12,4.0,2,5,.400,0,3,.000,1,2,.500,0,0.0,1,0.333333333333,1,0.333333333333,0,0.0,1,0.333333333333,0,0.0,1,0.333333333333,6,5,1.66666666667,
Jerald Honeycutt,PHI,1998-1999, 6-9,PF,24,13,90,6.92307692308,7,27,.259,5,14,.357,6,8,.750,3,0.230769230769,8,0.615384615385,11,0.846153846154,3,0.230769230769,4,0.307692307692,2,0.153846153846,8,0.615384615385,10,25,1.92307692308,
