Player,Team,Season,Height,Position,Age,G,MIN,MINPG,FGM,FGA,FGP,TPM,TPA,TPP,FTM,FTA,FTP,ORB,ORBPG,DRB,DRBPG,TRB,TRBPG,AST,ASTPG,STL,STLPG,BLK,BLKPG,TO,TOPG,PF,PTS,PTSPG,
Jeremy Lin,GSW,2010-2011, 6-3,PG,22,29,285,9.8275862069,28,72,.389,1,5,.200,19,25,.760,12,0.413793103448,22,0.758620689655,34,1.1724137931,42,1.44827586207,33,1.13793103448,9,0.310344827586,18,0.620689655172,31,76,2.62068965517,
Jeremy Lin,NYK,2011-2012, 6-3,PG,23,35,940,26.8571428571,171,383,.446,24,75,.320,146,183,.798,18,0.514285714286,89,2.54285714286,107,3.05714285714,216,6.17142857143,55,1.57142857143,9,0.257142857143,126,3.6,78,512,14.6285714286,
Jeremy Lin,HOU,2012-2013, 6-3,PG,24,65,2103,32.3538461538,301,688,.438,62,191,.325,165,208,.793,29,0.446153846154,184,2.83076923077,213,3.27692307692,396,6.09230769231,118,1.81538461538,24,0.369230769231,187,2.87692307692,163,829,12.7538461538,
