Player,Team,Season,Height,Position,Age,G,MIN,MINPG,FGM,FGA,FGP,TPM,TPA,TPP,FTM,FTA,FTP,ORB,ORBPG,DRB,DRBPG,TRB,TRBPG,AST,ASTPG,STL,STLPG,BLK,BLKPG,TO,TOPG,PF,PTS,PTSPG,
Jeremy Pargo,MEM,2011-2012, 6-2,PG,25,44,424,9.63636363636,50,150,.333,10,38,.263,16,27,.593,12,0.272727272727,25,0.568181818182,37,0.840909090909,55,1.25,15,0.340909090909,0,0.0,46,1.04545454545,46,126,2.86363636364,
Jeremy Pargo,TOT,2012-2013, 6-2,SG,26,36,632,17.5555555556,98,244,.402,25,74,.338,40,60,.667,8,0.222222222222,40,1.11111111111,48,1.33333333333,89,2.47222222222,13,0.361111111111,2,0.0555555555556,48,1.33333333333,46,261,7.25,
Jeremy Pargo,CLE,2012-2013, 6-2,SG,26,25,447,17.88,75,187,.401,18,57,.316,28,41,.683,7,0.28,25,1.0,32,1.28,64,2.56,12,0.48,2,0.08,37,1.48,32,196,7.84,
Jeremy Pargo,PHI,2012-2013, 6-2,,26,11,185,16.8181818182,23,57,.404,7,17,.412,12,19,.632,1,0.0909090909091,15,1.36363636364,16,1.45454545455,25,2.27272727273,1,0.0909090909091,0,0.0,11,1.0,14,65,5.90909090909,
