Player,Team,Season,Height,Position,Age,G,MIN,MINPG,FGM,FGA,FGP,TPM,TPA,TPP,FTM,FTA,FTP,ORB,ORBPG,DRB,DRBPG,TRB,TRBPG,AST,ASTPG,STL,STLPG,BLK,BLKPG,TO,TOPG,PF,PTS,PTSPG,
Jeremy Richardson,TOT,2006-2007, 6-6,SG,22,6,20,3.33333333333,3,6,.500,2,3,.667,0,0,.000,1,0.166666666667,1,0.166666666667,2,0.333333333333,0,0.0,1,0.166666666667,0,0.0,1,0.166666666667,2,8,1.33333333333,
Jeremy Richardson,ATL,2006-2007, 6-6,SG,22,5,19,3.8,3,6,.500,2,3,.667,0,0,.000,1,0.2,1,0.2,2,0.4,0,0.0,1,0.2,0,0.0,1,0.2,2,8,1.6,
Jeremy Richardson,POR,2006-2007, 6-6,SF,22,1,1,1.0,0,0,.000,0,0,.000,0,0,.000,0,0.0,0,0.0,0,0.0,0,0.0,0,0.0,0,0.0,0,0.0,0,0,0.0,
Jeremy Richardson,TOT,2007-2008, 6-6,SG,23,27,132,4.88888888889,16,44,.364,7,19,.368,2,2,1.000,1,0.037037037037,8,0.296296296296,9,0.333333333333,2,0.0740740740741,3,0.111111111111,0,0.0,6,0.222222222222,13,41,1.51851851852,
Jeremy Richardson,MEM,2007-2008, 6-6,SF,23,3,15,5.0,0,6,.000,0,2,.000,0,0,.000,0,0.0,1,0.333333333333,1,0.333333333333,1,0.333333333333,0,0.0,0,0.0,1,0.333333333333,2,0,0.0,
Jeremy Richardson,SAS,2007-2008, 6-6,SG,23,5,29,5.8,3,7,.429,2,5,.400,2,2,1.000,0,0.0,1,0.2,1,0.2,1,0.2,1,0.2,0,0.0,0,0.0,5,10,2.0,
Jeremy Richardson,ATL,2007-2008, 6-6,SF,23,19,88,4.63157894737,13,31,.419,5,12,.417,0,0,.000,1,0.0526315789474,6,0.315789473684,7,0.368421052632,0,0.0,2,0.105263157895,0,0.0,5,0.263157894737,6,31,1.63157894737,
Jeremy Richardson,ORL,2008-2009, 6-6,SF,24,12,93,7.75,14,49,.286,6,17,.353,3,6,.500,1,0.0833333333333,13,1.08333333333,14,1.16666666667,3,0.25,0,0.0,0,0.0,3,0.25,6,37,3.08333333333,
