Player,Team,Season,Height,Position,Age,G,MIN,MINPG,FGM,FGA,FGP,TPM,TPA,TPP,FTM,FTA,FTP,ORB,ORBPG,DRB,DRBPG,TRB,TRBPG,AST,ASTPG,STL,STLPG,BLK,BLKPG,TO,TOPG,PF,PTS,PTSPG,
Jeremy Tyler,GSW,2011-2012, 6-10,C,20,42,568,13.5238095238,88,209,.421,0,1,.000,29,52,.558,54,1.28571428571,86,2.04761904762,140,3.33333333333,16,0.380952380952,16,0.380952380952,20,0.47619047619,36,0.857142857143,84,205,4.88095238095,
Jeremy Tyler,TOT,2012-2013, 6-10,C,21,21,68,3.2380952381,9,24,.375,0,0,.000,4,6,.667,6,0.285714285714,14,0.666666666667,20,0.952380952381,1,0.047619047619,1,0.047619047619,2,0.0952380952381,6,0.285714285714,10,22,1.04761904762,
Jeremy Tyler,GSW,2012-2013, 6-10,C,21,20,63,3.15,9,24,.375,0,0,.000,4,6,.667,6,0.3,11,0.55,17,0.85,1,0.05,1,0.05,2,0.1,6,0.3,10,22,1.1,
Jeremy Tyler,ATL,2012-2013, 6-10,,21,1,5,5.0,0,0,.000,0,0,.000,0,0,.000,0,0.0,3,3.0,3,3.0,0,0.0,0,0.0,0,0.0,0,0.0,0,0,0.0,
