Player,Team,Season,Height,Position,Age,G,MIN,MINPG,FGM,FGA,FGP,TPM,TPA,TPP,FTM,FTA,FTP,ORB,ORBPG,DRB,DRBPG,TRB,TRBPG,AST,ASTPG,STL,STLPG,BLK,BLKPG,TO,TOPG,PF,PTS,PTSPG,
Jeremy Evans,UTA,2010-2011, 6-9,SF,23,49,463,9.44897959184,76,115,.661,0,1,.000,26,37,.703,36,0.734693877551,61,1.24489795918,97,1.97959183673,24,0.489795918367,17,0.34693877551,17,0.34693877551,19,0.387755102041,50,178,3.63265306122,
Jeremy Evans,UTA,2011-2012, 6-9,SF,24,29,217,7.48275862069,27,42,.643,0,1,.000,8,16,.500,19,0.655172413793,31,1.06896551724,50,1.72413793103,13,0.448275862069,6,0.206896551724,24,0.827586206897,5,0.172413793103,23,62,2.13793103448,
Jeremy Evans,UTA,2012-2013, 6-9,PF,25,29,191,6.58620689655,21,36,.583,0,1,.000,19,31,.613,20,0.689655172414,28,0.965517241379,48,1.65517241379,10,0.344827586207,7,0.241379310345,12,0.413793103448,7,0.241379310345,24,61,2.10344827586,
