Player,Team,Season,Height,Position,Age,G,MIN,MINPG,FGM,FGA,FGP,TPM,TPA,TPP,FTM,FTA,FTP,ORB,ORBPG,DRB,DRBPG,TRB,TRBPG,AST,ASTPG,STL,STLPG,BLK,BLKPG,TO,TOPG,PF,PTS,PTSPG,
Jermareo Davidson,CHA,2007-2008, 6-10,SF,23,38,322,8.47368421053,51,125,.408,0,0,.000,18,28,.643,21,0.552631578947,41,1.07894736842,62,1.63157894737,13,0.342105263158,7,0.184210526316,15,0.394736842105,17,0.447368421053,46,120,3.15789473684,
Jermareo Davidson,GSW,2008-2009, 6-10,SF,24,14,111,7.92857142857,17,35,.486,0,0,.000,8,17,.471,10,0.714285714286,24,1.71428571429,34,2.42857142857,1,0.0714285714286,2,0.142857142857,3,0.214285714286,5,0.357142857143,12,42,3.0,
