Player,Team,Season,Height,Position,Age,G,MIN,MINPG,FGM,FGA,FGP,TPM,TPA,TPP,FTM,FTA,FTP,ORB,ORBPG,DRB,DRBPG,TRB,TRBPG,AST,ASTPG,STL,STLPG,BLK,BLKPG,TO,TOPG,PF,PTS,PTSPG,
Jermaine Taylor,HOU,2009-2010, 6-4,SG,23,31,303,9.77419354839,45,119,.378,5,22,.227,33,46,.717,21,0.677419354839,25,0.806451612903,46,1.48387096774,16,0.516129032258,10,0.322580645161,3,0.0967741935484,19,0.612903225806,15,128,4.12903225806,
Jermaine Taylor,TOT,2010-2011, 6-4,SG,24,34,483,14.2058823529,94,196,.480,14,45,.311,21,28,.750,26,0.764705882353,36,1.05882352941,62,1.82352941176,32,0.941176470588,14,0.411764705882,5,0.147058823529,46,1.35294117647,39,223,6.55882352941,
Jermaine Taylor,HOU,2010-2011, 6-4,SG,24,8,77,9.625,16,32,.500,2,5,.400,5,6,.833,1,0.125,8,1.0,9,1.125,2,0.25,2,0.25,2,0.25,6,0.75,4,39,4.875,
Jermaine Taylor,SAC,2010-2011, 6-4,SG,24,26,406,15.6153846154,78,164,.476,12,40,.300,16,22,.727,25,0.961538461538,28,1.07692307692,53,2.03846153846,30,1.15384615385,12,0.461538461538,3,0.115384615385,40,1.53846153846,35,184,7.07692307692,
