Player,Team,Season,Height,Position,Age,G,MIN,MINPG,FGM,FGA,FGP,TPM,TPA,TPP,FTM,FTA,FTP,ORB,ORBPG,DRB,DRBPG,TRB,TRBPG,AST,ASTPG,STL,STLPG,BLK,BLKPG,TO,TOPG,PF,PTS,PTSPG,
Jerome Allen,MIN,1995-1996, 6-4,SG,23,41,362,8.82926829268,36,105,.343,10,33,.303,26,36,.722,5,0.121951219512,20,0.487804878049,25,0.609756097561,49,1.19512195122,21,0.512195121951,5,0.121951219512,34,0.829268292683,42,108,2.63414634146,
Jerome Allen,TOT,1996-1997, 6-4,SG,24,76,943,12.4078947368,78,221,.353,30,93,.323,42,72,.583,25,0.328947368421,73,0.960526315789,98,1.28947368421,152,2.0,31,0.407894736842,4,0.0526315789474,69,0.907894736842,84,228,3.0,
Jerome Allen,IND,1996-1997, 6-4,SG,24,51,692,13.568627451,57,147,.388,23,59,.390,27,47,.574,13,0.254901960784,52,1.01960784314,65,1.27450980392,109,2.13725490196,27,0.529411764706,0,0.0,56,1.09803921569,67,164,3.21568627451,
Jerome Allen,DEN,1996-1997, 6-4,SG,24,25,251,10.04,21,74,.284,7,34,.206,15,25,.600,12,0.48,21,0.84,33,1.32,43,1.72,4,0.16,4,0.16,13,0.52,17,64,2.56,
