Player,Team,Season,Height,Position,Age,G,MIN,MINPG,FGM,FGA,FGP,TPM,TPA,TPP,FTM,FTA,FTP,ORB,ORBPG,DRB,DRBPG,TRB,TRBPG,AST,ASTPG,STL,STLPG,BLK,BLKPG,TO,TOPG,PF,PTS,PTSPG,
Jerome James,SAC,1998-1999, 7-0,C,23,16,42,2.625,9,24,.375,0,0,.000,6,12,.500,6,0.375,11,0.6875,17,1.0625,1,0.0625,2,0.125,6,0.375,9,0.5625,11,24,1.5,
Jerome James,SEA,2001-2002, 7-0,C,26,56,949,16.9464285714,134,273,.491,0,0,.000,30,60,.500,89,1.58928571429,143,2.55357142857,232,4.14285714286,24,0.428571428571,25,0.446428571429,86,1.53571428571,74,1.32142857143,174,298,5.32142857143,
Jerome James,SEA,2002-2003, 7-0,C,27,51,766,15.0196078431,111,232,.478,0,0,.000,54,92,.587,78,1.52941176471,138,2.70588235294,216,4.23529411765,27,0.529411764706,12,0.235294117647,82,1.60784313725,75,1.47058823529,166,276,5.41176470588,
Jerome James,SEA,2003-2004, 7-0,C,28,65,990,15.2307692308,129,259,.498,0,0,.000,66,100,.660,78,1.2,152,2.33846153846,230,3.53846153846,32,0.492307692308,20,0.307692307692,60,0.923076923077,82,1.26153846154,180,324,4.98461538462,
Jerome James,SEA,2004-2005, 7-0,C,29,80,1330,16.625,174,342,.509,0,2,.000,47,65,.723,81,1.0125,160,2.0,241,3.0125,19,0.2375,23,0.2875,111,1.3875,88,1.1,279,395,4.9375,
Jerome James,NYK,2005-2006, 7-0,C,30,45,406,9.02222222222,56,121,.463,0,0,.000,25,40,.625,39,0.866666666667,52,1.15555555556,91,2.02222222222,12,0.266666666667,3,0.0666666666667,23,0.511111111111,51,1.13333333333,104,137,3.04444444444,
Jerome James,NYK,2006-2007, 7-0,C,31,41,273,6.65853658537,33,79,.418,0,0,.000,10,18,.556,21,0.512195121951,45,1.09756097561,66,1.60975609756,3,0.0731707317073,6,0.146341463415,15,0.365853658537,23,0.560975609756,73,76,1.85365853659,
Jerome James,NYK,2007-2008, 7-0,C,32,2,5,2.5,1,1,1.000,0,0,.000,2,2,1.000,0,0.0,3,1.5,3,1.5,0,0.0,0,0.0,0,0.0,0,0.0,0,4,2.0,
Jerome James,NYK,2008-2009, 7-0,C,33,2,10,5.0,3,8,.375,0,0,.000,0,0,.000,1,0.5,2,1.0,3,1.5,0,0.0,1,0.5,1,0.5,1,0.5,2,6,3.0,
