Player,Team,Season,Height,Position,Age,G,MIN,MINPG,FGM,FGA,FGP,TPM,TPA,TPP,FTM,FTA,FTP,ORB,ORBPG,DRB,DRBPG,TRB,TRBPG,AST,ASTPG,STL,STLPG,BLK,BLKPG,TO,TOPG,PF,PTS,PTSPG,
Jerry Rullo,PHW,1946-1947, 5-10,,23,50,.000,0.0,52,174,.299,.000,.000,.000,23,47,.489,.000,0.0,.000,0.0,.000,0.0,20,0.4,.000,0.0,.000,0.0,.000,0.0,61,127,2.54,
Jerry Rullo,BLB,1947-1948, 5-10,,24,2,.000,0.0,0,4,.000,.000,.000,.000,0,0,.000,.000,0.0,.000,0.0,.000,0.0,0,0.0,.000,0.0,.000,0.0,.000,0.0,1,0,0.0,
Jerry Rullo,PHW,1948-1949, 5-10,,25,39,.000,0.0,53,183,.290,.000,.000,.000,31,45,.689,.000,0.0,.000,0.0,.000,0.0,48,1.23076923077,.000,0.0,.000,0.0,.000,0.0,71,137,3.51282051282,
Jerry Rullo,PHW,1949-1950, 5-10,,26,4,.000,0.0,3,9,.333,.000,.000,.000,1,1,1.000,.000,0.0,.000,0.0,.000,0.0,2,0.5,.000,0.0,.000,0.0,.000,0.0,2,7,1.75,
