Player,Team,Season,Height,Position,Age,G,MIN,MINPG,FGM,FGA,FGP,TPM,TPA,TPP,FTM,FTA,FTP,ORB,ORBPG,DRB,DRBPG,TRB,TRBPG,AST,ASTPG,STL,STLPG,BLK,BLKPG,TO,TOPG,PF,PTS,PTSPG,
Jerry Eaves,UTA,1982-1983, 6-4,PG,23,82,1588,19.3658536585,280,575,.487,1,8,.125,200,247,.810,34,0.414634146341,88,1.07317073171,122,1.48780487805,210,2.56097560976,51,0.621951219512,3,0.0365853658537,152,1.85365853659,116,761,9.28048780488,
Jerry Eaves,UTA,1983-1984, 6-4,PG,24,80,1034,12.925,132,293,.451,0,6,.000,92,132,.697,29,0.3625,56,0.7,85,1.0625,200,2.5,33,0.4125,5,0.0625,93,1.1625,90,356,4.45,
Jerry Eaves,ATL,1984-1985, 6-4,PG,25,3,37,12.3333333333,3,6,.500,0,0,.000,5,6,.833,0,0.0,0,0.0,0,0.0,4,1.33333333333,0,0.0,0,0.0,4,1.33333333333,6,11,3.66666666667,
Jerry Eaves,SAC,1986-1987, 6-4,PG,27,3,26,8.66666666667,1,8,.125,0,0,.000,2,2,1.000,1,0.333333333333,0,0.0,1,0.333333333333,0,0.0,1,0.333333333333,0,0.0,2,0.666666666667,6,4,1.33333333333,
