Player,Team,Season,Height,Position,Age,G,MIN,MINPG,FGM,FGA,FGP,TPM,TPA,TPP,FTM,FTA,FTP,ORB,ORBPG,DRB,DRBPG,TRB,TRBPG,AST,ASTPG,STL,STLPG,BLK,BLKPG,TO,TOPG,PF,PTS,PTSPG,
Jerrod Mustaf,NYK,1990-1991, 6-10,PF,21,62,825,13.3064516129,106,228,.465,0,1,.000,56,87,.644,51,0.822580645161,118,1.90322580645,169,2.72580645161,36,0.58064516129,15,0.241935483871,14,0.225806451613,61,0.983870967742,109,268,4.32258064516,
Jerrod Mustaf,PHO,1991-1992, 6-10,PF,22,52,545,10.4807692308,92,193,.477,0,0,.000,49,71,.690,45,0.865384615385,100,1.92307692308,145,2.78846153846,45,0.865384615385,21,0.403846153846,16,0.307692307692,51,0.980769230769,59,233,4.48076923077,
Jerrod Mustaf,PHO,1992-1993, 6-10,PF,23,32,336,10.5,57,130,.438,0,1,.000,33,53,.623,29,0.90625,54,1.6875,83,2.59375,10,0.3125,15,0.46875,11,0.34375,22,0.6875,40,147,4.59375,
Jerrod Mustaf,PHO,1993-1994, 6-10,PF,24,33,196,5.93939393939,30,84,.357,0,0,.000,13,22,.591,20,0.606060606061,35,1.06060606061,55,1.66666666667,8,0.242424242424,4,0.121212121212,5,0.151515151515,10,0.30303030303,29,73,2.21212121212,
