Player,Team,Season,Height,Position,Age,G,MIN,MINPG,FGM,FGA,FGP,TPM,TPA,TPP,FTM,FTA,FTP,ORB,ORBPG,DRB,DRBPG,TRB,TRBPG,AST,ASTPG,STL,STLPG,BLK,BLKPG,TO,TOPG,PF,PTS,PTSPG,
Jeryl Sasser,ORL,2001-2002, 6-6,SG,22,7,36,5.14285714286,3,14,.214,0,0,.000,4,5,.800,3,0.428571428571,4,0.571428571429,7,1.0,2,0.285714285714,3,0.428571428571,0,0.0,2,0.285714285714,3,10,1.42857142857,
Jeryl Sasser,ORL,2002-2003, 6-6,SG,23,75,1025,13.6666666667,64,207,.309,13,44,.295,53,78,.679,64,0.853333333333,120,1.6,184,2.45333333333,65,0.866666666667,45,0.6,12,0.16,39,0.52,91,194,2.58666666667,
