Player,Team,Season,Height,Position,Age,G,MIN,MINPG,FGM,FGA,FGP,TPM,TPA,TPP,FTM,FTA,FTP,ORB,ORBPG,DRB,DRBPG,TRB,TRBPG,AST,ASTPG,STL,STLPG,BLK,BLKPG,TO,TOPG,PF,PTS,PTSPG,
Jim Tucker,SYR,1954-1955, 6-7,PF,22,20,287,14.35,39,116,.336,.000,.000,.000,27,38,.711,.000,0.0,.000,0.0,97,4.85,12,0.6,.000,0.0,.000,0.0,.000,0.0,50,105,5.25,
Jim Tucker,SYR,1955-1956, 6-7,PF,23,70,895,12.7857142857,101,290,.348,.000,.000,.000,66,83,.795,.000,0.0,.000,0.0,232,3.31428571429,38,0.542857142857,.000,0.0,.000,0.0,.000,0.0,166,268,3.82857142857,
Jim Tucker,SYR,1956-1957, 6-7,PF,24,9,119,13.2222222222,17,44,.386,.000,.000,.000,0,1,.000,.000,0.0,.000,0.0,20,2.22222222222,2,0.222222222222,.000,0.0,.000,0.0,.000,0.0,26,34,3.77777777778,
