Player,Team,Season,Height,Position,Age,G,MIN,MINPG,FGM,FGA,FGP,TPM,TPA,TPP,FTM,FTA,FTP,ORB,ORBPG,DRB,DRBPG,TRB,TRBPG,AST,ASTPG,STL,STLPG,BLK,BLKPG,TO,TOPG,PF,PTS,PTSPG,
Jim Ware,CIN,1966-1967, 6-7,PF,22,33,201,6.09090909091,30,97,.309,.000,.000,.000,10,17,.588,.000,0.0,.000,0.0,69,2.09090909091,6,0.181818181818,.000,0.0,.000,0.0,.000,0.0,35,70,2.12121212121,
Jim Ware,SDR,1967-1968, 6-7,PF,23,30,228,7.6,25,97,.258,.000,.000,.000,23,34,.676,.000,0.0,.000,0.0,77,2.56666666667,7,0.233333333333,.000,0.0,.000,0.0,.000,0.0,28,73,2.43333333333,
Jim Ware,DLC,1968-1969, 6-7,PF,24,1,15,15.0,3,4,.750,0,0,.000,1,2,.500,2,2.0,5,5.0,7,7.0,1,1.0,.000,0.0,.000,0.0,1,1.0,4,7,7.0,
