Player,Team,Season,Height,Position,Age,G,MIN,MINPG,FGM,FGA,FGP,TPM,TPA,TPP,FTM,FTA,FTP,ORB,ORBPG,DRB,DRBPG,TRB,TRBPG,AST,ASTPG,STL,STLPG,BLK,BLKPG,TO,TOPG,PF,PTS,PTSPG,
Jim Owens,PHO,1973-1974, 6-5,SF,23,17,101,5.94117647059,21,39,.538,.000,.000,.000,11,14,.786,1,0.0588235294118,8,0.470588235294,9,0.529411764706,15,0.882352941176,5,0.294117647059,0,0.0,.000,0.0,6,53,3.11764705882,
Jim Owens,PHO,1974-1975, 6-5,SF,24,41,432,10.5365853659,56,145,.386,.000,.000,.000,12,16,.750,7,0.170731707317,36,0.878048780488,43,1.0487804878,49,1.19512195122,16,0.390243902439,2,0.0487804878049,.000,0.0,27,124,3.0243902439,
