Player,Team,Season,Height,Position,Age,G,MIN,MINPG,FGM,FGA,FGP,TPM,TPA,TPP,FTM,FTA,FTP,ORB,ORBPG,DRB,DRBPG,TRB,TRBPG,AST,ASTPG,STL,STLPG,BLK,BLKPG,TO,TOPG,PF,PTS,PTSPG,
Jim Les,UTA,1988-1989, 5-11,PG,25,82,781,9.5243902439,40,133,.301,1,14,.071,57,73,.781,23,0.280487804878,64,0.780487804878,87,1.06097560976,215,2.62195121951,27,0.329268292683,5,0.0609756097561,88,1.07317073171,88,138,1.68292682927,
Jim Les,TOT,1989-1990, 5-11,PG,26,7,92,13.1428571429,5,14,.357,0,1,.000,13,17,.765,3,0.428571428571,4,0.571428571429,7,1.0,21,3.0,3,0.428571428571,0,0.0,10,1.42857142857,9,23,3.28571428571,
Jim Les,UTA,1989-1990, 5-11,PG,26,1,6,6.0,0,0,.000,0,0,.000,2,4,.500,0,0.0,0,0.0,0,0.0,1,1.0,0,0.0,0,0.0,3,3.0,3,2,2.0,
Jim Les,LAC,1989-1990, 5-11,PG,26,6,86,14.3333333333,5,14,.357,0,1,.000,11,13,.846,3,0.5,4,0.666666666667,7,1.16666666667,20,3.33333333333,3,0.5,0,0.0,7,1.16666666667,6,21,3.5,
Jim Les,SAC,1990-1991, 5-11,PG,27,55,1399,25.4363636364,119,268,.444,71,154,.461,86,103,.835,18,0.327272727273,93,1.69090909091,111,2.01818181818,299,5.43636363636,57,1.03636363636,4,0.0727272727273,75,1.36363636364,141,395,7.18181818182,
Jim Les,SAC,1991-1992, 5-11,PG,28,62,712,11.4838709677,74,192,.385,45,131,.344,38,47,.809,11,0.177419354839,52,0.838709677419,63,1.01612903226,143,2.3064516129,31,0.5,3,0.0483870967742,42,0.677419354839,58,231,3.72580645161,
Jim Les,SAC,1992-1993, 5-11,PG,29,73,881,12.0684931507,110,259,.425,66,154,.429,42,50,.840,20,0.27397260274,69,0.945205479452,89,1.21917808219,169,2.31506849315,40,0.547945205479,7,0.0958904109589,48,0.657534246575,81,328,4.49315068493,
Jim Les,SAC,1993-1994, 5-11,PG,30,18,169,9.38888888889,13,34,.382,8,18,.444,11,13,.846,5,0.277777777778,8,0.444444444444,13,0.722222222222,39,2.16666666667,7,0.388888888889,1,0.0555555555556,11,0.611111111111,16,45,2.5,
Jim Les,ATL,1994-1995, 5-11,PG,31,24,188,7.83333333333,11,38,.289,5,23,.217,23,27,.852,6,0.25,20,0.833333333333,26,1.08333333333,44,1.83333333333,4,0.166666666667,0,0.0,21,0.875,28,50,2.08333333333,
