Player,Team,Season,Height,Position,Age,G,MIN,MINPG,FGM,FGA,FGP,TPM,TPA,TPP,FTM,FTA,FTP,ORB,ORBPG,DRB,DRBPG,TRB,TRBPG,AST,ASTPG,STL,STLPG,BLK,BLKPG,TO,TOPG,PF,PTS,PTSPG,
Jim Loscutoff,BOS,1955-1956, 6-5,SF,25,71,1582,22.2816901408,226,628,.360,.000,.000,.000,139,207,.671,.000,0.0,.000,0.0,622,8.76056338028,65,0.915492957746,.000,0.0,.000,0.0,.000,0.0,213,591,8.32394366197,
Jim Loscutoff,BOS,1956-1957, 6-5,SF,26,70,2220,31.7142857143,306,888,.345,.000,.000,.000,132,187,.706,.000,0.0,.000,0.0,730,10.4285714286,89,1.27142857143,.000,0.0,.000,0.0,.000,0.0,244,744,10.6285714286,
Jim Loscutoff,BOS,1957-1958, 6-5,SF,27,5,56,11.2,11,31,.355,.000,.000,.000,1,3,.333,.000,0.0,.000,0.0,20,4.0,1,0.2,.000,0.0,.000,0.0,.000,0.0,8,23,4.6,
Jim Loscutoff,BOS,1958-1959, 6-5,SF,28,66,1680,25.4545454545,242,686,.353,.000,.000,.000,62,84,.738,.000,0.0,.000,0.0,460,6.9696969697,60,0.909090909091,.000,0.0,.000,0.0,.000,0.0,285,546,8.27272727273,
Jim Loscutoff,BOS,1959-1960, 6-5,SF,29,28,536,19.1428571429,66,205,.322,.000,.000,.000,22,36,.611,.000,0.0,.000,0.0,108,3.85714285714,12,0.428571428571,.000,0.0,.000,0.0,.000,0.0,108,154,5.5,
Jim Loscutoff,BOS,1960-1961, 6-5,SF,30,76,1153,15.1710526316,144,478,.301,.000,.000,.000,49,76,.645,.000,0.0,.000,0.0,291,3.82894736842,25,0.328947368421,.000,0.0,.000,0.0,.000,0.0,238,337,4.43421052632,
Jim Loscutoff,BOS,1961-1962, 6-5,SF,31,79,1146,14.5063291139,188,519,.362,.000,.000,.000,45,84,.536,.000,0.0,.000,0.0,329,4.16455696203,51,0.645569620253,.000,0.0,.000,0.0,.000,0.0,185,421,5.32911392405,
Jim Loscutoff,BOS,1962-1963, 6-5,SF,32,63,607,9.63492063492,94,251,.375,.000,.000,.000,22,42,.524,.000,0.0,.000,0.0,157,2.49206349206,25,0.396825396825,.000,0.0,.000,0.0,.000,0.0,126,210,3.33333333333,
Jim Loscutoff,BOS,1963-1964, 6-5,SF,33,53,451,8.50943396226,56,182,.308,.000,.000,.000,18,31,.581,.000,0.0,.000,0.0,131,2.47169811321,25,0.471698113208,.000,0.0,.000,0.0,.000,0.0,90,130,2.45283018868,
