Player,Team,Season,Height,Position,Age,G,MIN,MINPG,FGM,FGA,FGP,TPM,TPA,TPP,FTM,FTA,FTP,ORB,ORBPG,DRB,DRBPG,TRB,TRBPG,AST,ASTPG,STL,STLPG,BLK,BLKPG,TO,TOPG,PF,PTS,PTSPG,
Jim Holstein,MNL,1952-1953, 6-3,SF,22,66,989,14.9848484848,98,274,.358,.000,.000,.000,70,105,.667,.000,0.0,.000,0.0,173,2.62121212121,74,1.12121212121,.000,0.0,.000,0.0,.000,0.0,128,266,4.0303030303,
Jim Holstein,MNL,1953-1954, 6-3,SF,23,70,1155,16.5,88,288,.306,.000,.000,.000,64,112,.571,.000,0.0,.000,0.0,204,2.91428571429,79,1.12857142857,.000,0.0,.000,0.0,.000,0.0,140,240,3.42857142857,
Jim Holstein,MNL,1954-1955, 6-3,SF,24,62,980,15.8064516129,107,330,.324,.000,.000,.000,67,94,.713,.000,0.0,.000,0.0,206,3.32258064516,58,0.935483870968,.000,0.0,.000,0.0,.000,0.0,107,281,4.53225806452,
Jim Holstein,TOT,1955-1956, 6-3,,25,27,352,13.037037037,24,89,.270,.000,.000,.000,24,37,.649,.000,0.0,.000,0.0,76,2.81481481481,38,1.40740740741,.000,0.0,.000,0.0,.000,0.0,51,72,2.66666666667,
