Player,Team,Season,Height,Position,Age,G,MIN,MINPG,FGM,FGA,FGP,TPM,TPA,TPP,FTM,FTA,FTP,ORB,ORBPG,DRB,DRBPG,TRB,TRBPG,AST,ASTPG,STL,STLPG,BLK,BLKPG,TO,TOPG,PF,PTS,PTSPG,
Jim Hadnot,OAK,1967-1968, 6-10,C,28,77,3004,39.012987013,488,1045,.467,0,2,.000,368,551,.668,303,3.93506493506,633,8.22077922078,936,12.1558441558,135,1.75324675325,.000,0.0,.000,0.0,169,2.19480519481,279,1344,17.4545454545,
