Player,Team,Season,Height,Position,Age,G,MIN,MINPG,FGM,FGA,FGP,TPM,TPA,TPP,FTM,FTA,FTP,ORB,ORBPG,DRB,DRBPG,TRB,TRBPG,AST,ASTPG,STL,STLPG,BLK,BLKPG,TO,TOPG,PF,PTS,PTSPG,
Jim Farmer,DAL,1987-1988, 6-4,SG,23,30,157,5.23333333333,26,69,.377,0,6,.000,9,10,.900,9,0.3,9,0.3,18,0.6,16,0.533333333333,3,0.1,1,0.0333333333333,22,0.733333333333,18,61,2.03333333333,
Jim Farmer,UTA,1988-1989, 6-4,SG,24,37,412,11.1351351351,57,142,.401,9,20,.450,29,41,.707,22,0.594594594595,33,0.891891891892,55,1.48648648649,28,0.756756756757,9,0.243243243243,0,0.0,26,0.702702702703,41,152,4.10810810811,
Jim Farmer,SEA,1989-1990, 6-4,SG,25,38,400,10.5263157895,89,203,.438,8,27,.296,57,80,.713,17,0.447368421053,26,0.684210526316,43,1.13157894737,25,0.657894736842,17,0.447368421053,1,0.0263157894737,27,0.710526315789,44,243,6.39473684211,
Jim Farmer,TOT,1990-1991, 6-4,SG,26,27,456,16.8888888889,101,223,.453,5,23,.217,48,65,.738,29,1.07407407407,39,1.44444444444,68,2.51851851852,38,1.40740740741,13,0.481481481481,2,0.0740740740741,38,1.40740740741,58,255,9.44444444444,
Jim Farmer,PHI,1990-1991, 6-4,SG,26,2,13,6.5,2,7,.286,0,1,.000,2,2,1.000,2,1.0,3,1.5,5,2.5,0,0.0,0,0.0,0,0.0,1,0.5,0,6,3.0,
Jim Farmer,DEN,1990-1991, 6-4,SG,26,25,443,17.72,99,216,.458,5,22,.227,46,63,.730,27,1.08,36,1.44,63,2.52,38,1.52,13,0.52,2,0.08,37,1.48,58,249,9.96,
Jim Farmer,DEN,1993-1994, 6-4,SG,29,4,29,7.25,2,6,.333,0,2,.000,0,0,.000,0,0.0,2,0.5,2,0.5,4,1.0,0,0.0,0,0.0,5,1.25,3,4,1.0,
