Player,Team,Season,Height,Position,Age,G,MIN,MINPG,FGM,FGA,FGP,TPM,TPA,TPP,FTM,FTA,FTP,ORB,ORBPG,DRB,DRBPG,TRB,TRBPG,AST,ASTPG,STL,STLPG,BLK,BLKPG,TO,TOPG,PF,PTS,PTSPG,
Jim Petersen,HOU,1984-1985, 6-10,PF,22,60,714,11.9,70,144,.486,0,0,.000,50,66,.758,44,0.733333333333,103,1.71666666667,147,2.45,29,0.483333333333,14,0.233333333333,32,0.533333333333,71,1.18333333333,125,190,3.16666666667,
Jim Petersen,HOU,1985-1986, 6-10,PF,23,82,1664,20.2926829268,196,411,.477,0,3,.000,113,160,.706,149,1.81707317073,247,3.01219512195,396,4.82926829268,85,1.03658536585,38,0.463414634146,54,0.658536585366,84,1.0243902439,231,505,6.15853658537,
Jim Petersen,HOU,1986-1987, 6-10,PF,24,82,2403,29.3048780488,386,755,.511,0,4,.000,152,209,.727,177,2.15853658537,380,4.63414634146,557,6.79268292683,127,1.5487804878,43,0.524390243902,102,1.24390243902,152,1.85365853659,268,924,11.2682926829,
Jim Petersen,HOU,1987-1988, 6-10,PF,25,69,1793,25.9855072464,249,488,.510,1,6,.167,114,153,.745,145,2.10144927536,291,4.21739130435,436,6.31884057971,106,1.53623188406,36,0.521739130435,40,0.579710144928,119,1.72463768116,203,613,8.88405797101,
Jim Petersen,SAC,1988-1989, 6-10,C,26,66,1633,24.7424242424,278,606,.459,0,8,.000,115,154,.747,121,1.83333333333,292,4.42424242424,413,6.25757575758,81,1.22727272727,47,0.712121212121,68,1.0303030303,147,2.22727272727,236,671,10.1666666667,
Jim Petersen,GSW,1989-1990, 6-10,C,27,43,592,13.7674418605,60,141,.426,0,1,.000,52,73,.712,49,1.13953488372,111,2.58139534884,160,3.72093023256,23,0.53488372093,17,0.395348837209,20,0.46511627907,36,0.837209302326,103,172,4.0,
Jim Petersen,GSW,1990-1991, 6-10,C,28,62,834,13.4516129032,114,236,.483,1,4,.250,50,76,.658,69,1.11290322581,131,2.11290322581,200,3.22580645161,27,0.435483870968,13,0.209677419355,41,0.661290322581,48,0.774193548387,153,279,4.5,
Jim Petersen,GSW,1991-1992, 6-10,PF,29,27,169,6.25925925926,18,40,.450,0,2,.000,7,10,.700,12,0.444444444444,33,1.22222222222,45,1.66666666667,9,0.333333333333,5,0.185185185185,6,0.222222222222,5,0.185185185185,35,43,1.59259259259,
