Player,Team,Season,Height,Position,Age,G,MIN,MINPG,FGM,FGA,FGP,TPM,TPA,TPP,FTM,FTA,FTP,ORB,ORBPG,DRB,DRBPG,TRB,TRBPG,AST,ASTPG,STL,STLPG,BLK,BLKPG,TO,TOPG,PF,PTS,PTSPG,
Jim Seminoff,CHS,1946-1947, 6-2,,24,60,.000,0.0,184,586,.314,.000,.000,.000,71,130,.546,.000,0.0,.000,0.0,.000,0.0,63,1.05,.000,0.0,.000,0.0,.000,0.0,155,439,7.31666666667,
Jim Seminoff,CHS,1947-1948, 6-2,,25,48,.000,0.0,113,381,.297,.000,.000,.000,73,105,.695,.000,0.0,.000,0.0,.000,0.0,89,1.85416666667,.000,0.0,.000,0.0,.000,0.0,105,299,6.22916666667,
Jim Seminoff,BOS,1948-1949, 6-2,,26,58,.000,0.0,153,487,.314,.000,.000,.000,151,219,.689,.000,0.0,.000,0.0,.000,0.0,229,3.94827586207,.000,0.0,.000,0.0,.000,0.0,195,457,7.87931034483,
Jim Seminoff,BOS,1949-1950, 6-2,,27,65,.000,0.0,85,283,.300,.000,.000,.000,142,188,.755,.000,0.0,.000,0.0,.000,0.0,249,3.83076923077,.000,0.0,.000,0.0,.000,0.0,154,312,4.8,
