Player,Team,Season,Height,Position,Age,G,MIN,MINPG,FGM,FGA,FGP,TPM,TPA,TPP,FTM,FTA,FTP,ORB,ORBPG,DRB,DRBPG,TRB,TRBPG,AST,ASTPG,STL,STLPG,BLK,BLKPG,TO,TOPG,PF,PTS,PTSPG,
Jim Spanarkel,PHI,1979-1980, 6-5,SG,22,40,442,11.05,72,153,.471,0,2,.000,54,65,.831,27,0.675,27,0.675,54,1.35,51,1.275,12,0.3,6,0.15,57,1.425,58,198,4.95,
Jim Spanarkel,DAL,1980-1981, 6-5,SF,23,82,2317,28.256097561,404,866,.467,1,10,.100,375,423,.887,142,1.73170731707,155,1.89024390244,297,3.62195121951,232,2.82926829268,117,1.42682926829,20,0.243902439024,172,2.09756097561,230,1184,14.4390243902,
Jim Spanarkel,DAL,1981-1982, 6-5,SG,24,82,1755,21.4024390244,270,564,.479,8,24,.333,279,327,.853,99,1.20731707317,111,1.35365853659,210,2.56097560976,206,2.51219512195,86,1.0487804878,9,0.109756097561,111,1.35365853659,140,827,10.0853658537,
Jim Spanarkel,DAL,1982-1983, 6-5,SG,25,48,722,15.0416666667,91,197,.462,2,10,.200,88,113,.779,27,0.5625,57,1.1875,84,1.75,78,1.625,27,0.5625,3,0.0625,55,1.14583333333,59,272,5.66666666667,
Jim Spanarkel,DAL,1983-1984, 6-5,SG,26,7,54,7.71428571429,7,16,.438,1,2,.500,9,13,.692,5,0.714285714286,2,0.285714285714,7,1.0,5,0.714285714286,6,0.857142857143,0,0.0,4,0.571428571429,8,24,3.42857142857,
