Player,Team,Season,Height,Position,Age,G,MIN,MINPG,FGM,FGA,FGP,TPM,TPA,TPP,FTM,FTA,FTP,ORB,ORBPG,DRB,DRBPG,TRB,TRBPG,AST,ASTPG,STL,STLPG,BLK,BLKPG,TO,TOPG,PF,PTS,PTSPG,
Jim Palmer,CIN,1958-1959, 6-8,C,25,67,1624,24.2388059701,256,633,.404,.000,.000,.000,178,246,.724,.000,0.0,.000,0.0,472,7.0447761194,65,0.970149253731,.000,0.0,.000,0.0,.000,0.0,211,690,10.2985074627,
Jim Palmer,TOT,1959-1960, 6-8,C,26,74,1482,20.027027027,246,574,.429,.000,.000,.000,119,174,.684,.000,0.0,.000,0.0,389,5.25675675676,70,0.945945945946,.000,0.0,.000,0.0,.000,0.0,224,611,8.25675675676,
Jim Palmer,CIN,1959-1960, 6-8,C,26,20,400,20.0,71,155,.458,.000,.000,.000,39,55,.709,.000,0.0,.000,0.0,111,5.55,17,0.85,.000,0.0,.000,0.0,.000,0.0,65,181,9.05,
Jim Palmer,NYK,1959-1960, 6-8,C,26,54,1082,20.037037037,175,419,.418,.000,.000,.000,80,119,.672,.000,0.0,.000,0.0,278,5.14814814815,53,0.981481481481,.000,0.0,.000,0.0,.000,0.0,159,430,7.96296296296,
Jim Palmer,NYK,1960-1961, 6-8,C,27,55,688,12.5090909091,125,310,.403,.000,.000,.000,44,65,.677,.000,0.0,.000,0.0,179,3.25454545455,30,0.545454545455,.000,0.0,.000,0.0,.000,0.0,128,294,5.34545454545,
