Player,Team,Season,Height,Position,Age,G,MIN,MINPG,FGM,FGA,FGP,TPM,TPA,TPP,FTM,FTA,FTP,ORB,ORBPG,DRB,DRBPG,TRB,TRBPG,AST,ASTPG,STL,STLPG,BLK,BLKPG,TO,TOPG,PF,PTS,PTSPG,
Jim Thomas,IND,1983-1984, 6-3,SG,23,72,1219,16.9305555556,187,403,.464,1,11,.091,80,110,.727,59,0.819444444444,90,1.25,149,2.06944444444,130,1.80555555556,60,0.833333333333,6,0.0833333333333,69,0.958333333333,115,455,6.31944444444,
Jim Thomas,IND,1984-1985, 6-3,SG,24,80,2059,25.7375,347,726,.478,8,42,.190,183,234,.782,74,0.925,187,2.3375,261,3.2625,234,2.925,76,0.95,5,0.0625,131,1.6375,195,885,11.0625,
Jim Thomas,LAC,1985-1986, 6-3,SG,25,6,69,11.5,6,15,.400,0,0,.000,1,2,.500,3,0.5,5,0.833333333333,8,1.33333333333,12,2.0,5,0.833333333333,1,0.166666666667,9,1.5,12,13,2.16666666667,
Jim Thomas,MIN,1990-1991, 6-3,SG,30,3,14,4.66666666667,1,4,.250,0,0,.000,0,0,.000,0,0.0,0,0.0,0,0.0,1,0.333333333333,1,0.333333333333,0,0.0,1,0.333333333333,0,2,0.666666666667,
