Player,Team,Season,Height,Position,Age,G,MIN,MINPG,FGM,FGA,FGP,TPM,TPA,TPP,FTM,FTA,FTP,ORB,ORBPG,DRB,DRBPG,TRB,TRBPG,AST,ASTPG,STL,STLPG,BLK,BLKPG,TO,TOPG,PF,PTS,PTSPG,
Jim Jarvis,PTP,1967-1968, 6-1,PG,24,63,818,12.9841269841,132,343,.385,12,48,.250,53,64,.828,.000,0.0,.000,0.0,106,1.68253968254,72,1.14285714286,.000,0.0,.000,0.0,48,0.761904761905,103,329,5.22222222222,
Jim Jarvis,TOT,1968-1969, 6-1,PG,25,62,911,14.6935483871,147,402,.366,19,47,.404,86,109,.789,60,0.967741935484,69,1.11290322581,129,2.08064516129,80,1.29032258065,.000,0.0,.000,0.0,71,1.14516129032,137,399,6.43548387097,
Jim Jarvis,MNP,1968-1969, 6-1,PG,25,11,134,12.1818181818,14,45,.311,2,5,.400,10,12,.833,3,0.272727272727,11,1.0,14,1.27272727273,15,1.36363636364,.000,0.0,.000,0.0,9,0.818181818182,24,40,3.63636363636,
Jim Jarvis,LAS,1968-1969, 6-1,PG,25,51,777,15.2352941176,133,357,.373,17,42,.405,76,97,.784,57,1.11764705882,58,1.13725490196,115,2.25490196078,65,1.27450980392,.000,0.0,.000,0.0,62,1.21568627451,113,359,7.03921568627,
