Player,Team,Season,Height,Position,Age,G,MIN,MINPG,FGM,FGA,FGP,TPM,TPA,TPP,FTM,FTA,FTP,ORB,ORBPG,DRB,DRBPG,TRB,TRBPG,AST,ASTPG,STL,STLPG,BLK,BLKPG,TO,TOPG,PF,PTS,PTSPG,
Jim Johnstone,TOT,1982-1983, 6-11,PF,22,23,191,8.30434782609,11,30,.367,0,0,.000,9,20,.450,15,0.652173913043,31,1.34782608696,46,2.0,11,0.478260869565,3,0.130434782609,7,0.304347826087,15,0.652173913043,33,31,1.34782608696,
Jim Johnstone,SAS,1982-1983, 6-11,C,22,7,54,7.71428571429,2,10,.200,0,0,.000,3,5,.600,4,0.571428571429,12,1.71428571429,16,2.28571428571,1,0.142857142857,1,0.142857142857,1,0.142857142857,4,0.571428571429,9,7,1.0,
Jim Johnstone,DET,1982-1983, 6-11,PF,22,16,137,8.5625,9,20,.450,0,0,.000,6,15,.400,11,0.6875,19,1.1875,30,1.875,10,0.625,2,0.125,6,0.375,11,0.6875,24,24,1.5,
