Player,Team,Season,Height,Position,Age,G,MIN,MINPG,FGM,FGA,FGP,TPM,TPA,TPP,FTM,FTA,FTP,ORB,ORBPG,DRB,DRBPG,TRB,TRBPG,AST,ASTPG,STL,STLPG,BLK,BLKPG,TO,TOPG,PF,PTS,PTSPG,
Jim McIlvaine,WSB,1994-1995, 7-1,C,22,55,534,9.70909090909,34,71,.479,0,0,.000,28,41,.683,40,0.727272727273,65,1.18181818182,105,1.90909090909,10,0.181818181818,10,0.181818181818,60,1.09090909091,19,0.345454545455,95,96,1.74545454545,
Jim McIlvaine,WSB,1995-1996, 7-1,C,23,80,1195,14.9375,62,145,.428,0,0,.000,58,105,.552,66,0.825,164,2.05,230,2.875,11,0.1375,21,0.2625,166,2.075,36,0.45,171,182,2.275,
Jim McIlvaine,SEA,1996-1997, 7-1,C,24,82,1477,18.012195122,130,276,.471,1,7,.143,53,107,.495,132,1.60975609756,198,2.41463414634,330,4.0243902439,23,0.280487804878,39,0.475609756098,164,2.0,62,0.756097560976,247,314,3.82926829268,
Jim McIlvaine,SEA,1997-1998, 7-1,C,25,78,1211,15.5256410256,101,223,.453,0,3,.000,45,81,.556,96,1.23076923077,163,2.08974358974,259,3.32051282051,19,0.24358974359,24,0.307692307692,137,1.75641025641,54,0.692307692308,240,247,3.16666666667,
Jim McIlvaine,NJN,1998-1999, 7-1,C,26,22,269,12.2272727273,22,51,.431,0,0,.000,4,6,.667,31,1.40909090909,23,1.04545454545,54,2.45454545455,2,0.0909090909091,9,0.409090909091,32,1.45454545455,13,0.590909090909,59,48,2.18181818182,
Jim McIlvaine,NJN,1999-2000, 7-1,C,27,66,1048,15.8787878788,64,154,.416,0,0,.000,29,56,.518,106,1.60606060606,124,1.87878787879,230,3.48484848485,36,0.545454545455,26,0.393939393939,117,1.77272727273,38,0.575757575758,205,157,2.37878787879,
Jim McIlvaine,NJN,2000-2001, 7-1,C,28,18,193,10.7222222222,10,28,.357,0,0,.000,8,12,.667,8,0.444444444444,27,1.5,35,1.94444444444,4,0.222222222222,7,0.388888888889,15,0.833333333333,9,0.5,35,28,1.55555555556,
