Player,Team,Season,Height,Position,Age,G,MIN,MINPG,FGM,FGA,FGP,TPM,TPA,TPP,FTM,FTA,FTP,ORB,ORBPG,DRB,DRBPG,TRB,TRBPG,AST,ASTPG,STL,STLPG,BLK,BLKPG,TO,TOPG,PF,PTS,PTSPG,
Jim McMillian,LAL,1970-1971, 6-5,SF,22,81,1747,21.5679012346,289,629,.459,.000,.000,.000,100,130,.769,.000,0.0,.000,0.0,330,4.07407407407,133,1.64197530864,.000,0.0,.000,0.0,.000,0.0,122,678,8.37037037037,
Jim McMillian,LAL,1971-1972, 6-5,SF,23,80,3050,38.125,642,1331,.482,.000,.000,.000,219,277,.791,.000,0.0,.000,0.0,522,6.525,209,2.6125,.000,0.0,.000,0.0,.000,0.0,209,1503,18.7875,
Jim McMillian,LAL,1972-1973, 6-5,SF,24,81,2953,36.4567901235,655,1431,.458,.000,.000,.000,223,264,.845,.000,0.0,.000,0.0,447,5.51851851852,221,2.72839506173,.000,0.0,.000,0.0,.000,0.0,176,1533,18.9259259259,
Jim McMillian,BUF,1973-1974, 6-5,SF,25,82,3322,40.512195122,600,1214,.494,.000,.000,.000,325,379,.858,216,2.63414634146,394,4.80487804878,610,7.43902439024,256,3.12195121951,129,1.57317073171,26,0.317073170732,.000,0.0,186,1525,18.5975609756,
Jim McMillian,BUF,1974-1975, 6-5,SF,26,62,2132,34.3870967742,347,695,.499,.000,.000,.000,194,231,.840,127,2.04838709677,258,4.16129032258,385,6.20967741935,156,2.51612903226,69,1.11290322581,15,0.241935483871,.000,0.0,129,888,14.3225806452,
Jim McMillian,BUF,1975-1976, 6-5,SF,27,74,2610,35.2702702703,492,918,.536,.000,.000,.000,188,219,.858,134,1.81081081081,256,3.45945945946,390,5.27027027027,205,2.77027027027,88,1.18918918919,14,0.189189189189,.000,0.0,141,1172,15.8378378378,
Jim McMillian,NYK,1976-1977, 6-5,SF,28,67,2158,32.2089552239,298,642,.464,.000,.000,.000,67,86,.779,66,0.985074626866,241,3.59701492537,307,4.58208955224,139,2.07462686567,63,0.940298507463,5,0.0746268656716,.000,0.0,103,663,9.89552238806,
Jim McMillian,NYK,1977-1978, 6-5,SF,29,81,1977,24.4074074074,288,623,.462,.000,.000,.000,115,134,.858,80,0.987654320988,209,2.58024691358,289,3.56790123457,205,2.53086419753,76,0.938271604938,17,0.20987654321,104,1.28395061728,116,691,8.53086419753,
Jim McMillian,POR,1978-1979, 6-5,SF,30,23,278,12.0869565217,33,74,.446,.000,.000,.000,17,21,.810,16,0.695652173913,23,1.0,39,1.69565217391,33,1.4347826087,10,0.434782608696,3,0.130434782609,16,0.695652173913,18,83,3.60869565217,
