Player,Team,Season,Height,Position,Age,G,MIN,MINPG,FGM,FGA,FGP,TPM,TPA,TPP,FTM,FTA,FTP,ORB,ORBPG,DRB,DRBPG,TRB,TRBPG,AST,ASTPG,STL,STLPG,BLK,BLKPG,TO,TOPG,PF,PTS,PTSPG,
Jim Krebs,MNL,1957-1958, 6-8,C,22,68,1259,18.5147058824,199,527,.378,.000,.000,.000,135,176,.767,.000,0.0,.000,0.0,502,7.38235294118,27,0.397058823529,.000,0.0,.000,0.0,.000,0.0,182,533,7.83823529412,
Jim Krebs,MNL,1958-1959, 6-8,C,23,72,1578,21.9166666667,271,679,.399,.000,.000,.000,92,123,.748,.000,0.0,.000,0.0,491,6.81944444444,50,0.694444444444,.000,0.0,.000,0.0,.000,0.0,212,634,8.80555555556,
Jim Krebs,MNL,1959-1960, 6-8,C,24,75,1269,16.92,237,605,.392,.000,.000,.000,98,136,.721,.000,0.0,.000,0.0,327,4.36,38,0.506666666667,.000,0.0,.000,0.0,.000,0.0,210,572,7.62666666667,
Jim Krebs,LAL,1960-1961, 6-8,C,25,75,1655,22.0666666667,271,692,.392,.000,.000,.000,75,93,.806,.000,0.0,.000,0.0,456,6.08,68,0.906666666667,.000,0.0,.000,0.0,.000,0.0,223,617,8.22666666667,
Jim Krebs,LAL,1961-1962, 6-8,C,26,78,2012,25.7948717949,312,701,.445,.000,.000,.000,156,208,.750,.000,0.0,.000,0.0,616,7.89743589744,110,1.41025641026,.000,0.0,.000,0.0,.000,0.0,290,780,10.0,
Jim Krebs,LAL,1962-1963, 6-8,C,27,79,1913,24.2151898734,272,627,.434,.000,.000,.000,115,154,.747,.000,0.0,.000,0.0,502,6.35443037975,87,1.10126582278,.000,0.0,.000,0.0,.000,0.0,256,659,8.3417721519,
Jim Krebs,LAL,1963-1964, 6-8,C,28,68,975,14.3382352941,134,357,.375,.000,.000,.000,65,85,.765,.000,0.0,.000,0.0,283,4.16176470588,49,0.720588235294,.000,0.0,.000,0.0,.000,0.0,166,333,4.89705882353,
