Player,Team,Season,Height,Position,Age,G,MIN,MINPG,FGM,FGA,FGP,TPM,TPA,TPP,FTM,FTA,FTP,ORB,ORBPG,DRB,DRBPG,TRB,TRBPG,AST,ASTPG,STL,STLPG,BLK,BLKPG,TO,TOPG,PF,PTS,PTSPG,
Jimmer Fredette,SAC,2011-2012, 6-2,PG,22,61,1135,18.606557377,172,446,.386,78,216,.361,40,48,.833,17,0.27868852459,56,0.918032786885,73,1.19672131148,108,1.77049180328,30,0.491803278689,3,0.0491803278689,67,1.09836065574,73,462,7.5737704918,
Jimmer Fredette,SAC,2012-2013, 6-2,SG,23,58,824,14.2068965517,142,342,.415,55,132,.417,77,86,.895,17,0.293103448276,43,0.741379310345,60,1.03448275862,80,1.37931034483,25,0.431034482759,3,0.051724137931,56,0.965517241379,51,416,7.1724137931,
