Player,Team,Season,Height,Position,Age,G,MIN,MINPG,FGM,FGA,FGP,TPM,TPA,TPP,FTM,FTA,FTP,ORB,ORBPG,DRB,DRBPG,TRB,TRBPG,AST,ASTPG,STL,STLPG,BLK,BLKPG,TO,TOPG,PF,PTS,PTSPG,
Jimmy Oliver,CLE,1991-1992, 6-5,SG,22,27,252,9.33333333333,39,98,.398,1,9,.111,17,22,.773,9,0.333333333333,18,0.666666666667,27,1.0,20,0.740740740741,9,0.333333333333,2,0.0740740740741,9,0.333333333333,22,96,3.55555555556,
Jimmy Oliver,BOS,1993-1994, 6-5,SG,24,44,540,12.2727272727,89,214,.416,13,32,.406,25,33,.758,8,0.181818181818,38,0.863636363636,46,1.04545454545,33,0.75,16,0.363636363636,1,0.0227272727273,21,0.477272727273,39,216,4.90909090909,
Jimmy Oliver,TOR,1996-1997, 6-5,SG,27,4,43,10.75,4,13,.308,1,6,.167,2,2,1.000,1,0.25,4,1.0,5,1.25,1,0.25,2,0.5,0,0.0,3,0.75,2,11,2.75,
Jimmy Oliver,WAS,1997-1998, 6-5,SG,28,1,10,10.0,2,4,.500,1,2,.500,0,0,.000,0,0.0,2,2.0,2,2.0,1,1.0,0,0.0,0,0.0,0,0.0,1,5,5.0,
Jimmy Oliver,PHO,1998-1999, 6-5,SG,29,2,11,5.5,1,3,.333,1,1,1.000,0,0,.000,0,0.0,0,0.0,0,0.0,0,0.0,0,0.0,0,0.0,0,0.0,2,3,1.5,
