Player,Team,Season,Height,Position,Age,G,MIN,MINPG,FGM,FGA,FGP,TPM,TPA,TPP,FTM,FTA,FTP,ORB,ORBPG,DRB,DRBPG,TRB,TRBPG,AST,ASTPG,STL,STLPG,BLK,BLKPG,TO,TOPG,PF,PTS,PTSPG,
Jiri Welsch,GSW,2002-2003, 6-7,SF,23,37,234,6.32432432432,19,75,.253,1,4,.250,22,29,.759,12,0.324324324324,16,0.432432432432,28,0.756756756757,27,0.72972972973,8,0.216216216216,2,0.0540540540541,19,0.513513513514,32,61,1.64864864865,
Jiri Welsch,BOS,2003-2004, 6-7,SG,24,81,2179,26.9012345679,262,612,.428,69,181,.381,153,206,.743,60,0.740740740741,236,2.91358024691,296,3.65432098765,183,2.25925925926,101,1.24691358025,7,0.0864197530864,129,1.59259259259,176,746,9.20987654321,
Jiri Welsch,TOT,2004-2005, 6-7,SG,25,71,1317,18.5492957746,149,371,.402,34,110,.309,129,169,.763,26,0.366197183099,141,1.98591549296,167,2.35211267606,103,1.45070422535,44,0.619718309859,5,0.0704225352113,73,1.02816901408,121,461,6.49295774648,
Jiri Welsch,BOS,2004-2005, 6-7,SG,25,55,1125,20.4545454545,137,320,.428,32,99,.323,109,141,.773,20,0.363636363636,119,2.16363636364,139,2.52727272727,84,1.52727272727,39,0.709090909091,5,0.0909090909091,58,1.05454545455,105,415,7.54545454545,
Jiri Welsch,CLE,2004-2005, 6-7,SF,25,16,192,12.0,12,51,.235,2,11,.182,20,28,.714,6,0.375,22,1.375,28,1.75,19,1.1875,5,0.3125,0,0.0,15,0.9375,16,46,2.875,
Jiri Welsch,MIL,2005-2006, 6-7,SF,26,58,866,14.9310344828,86,222,.387,14,49,.286,65,87,.747,22,0.379310344828,89,1.53448275862,111,1.91379310345,62,1.06896551724,34,0.586206896552,1,0.0172413793103,41,0.706896551724,65,251,4.3275862069,
