Player,Team,Season,Height,Position,Age,G,MIN,MINPG,FGM,FGA,FGP,TPM,TPA,TPP,FTM,FTA,FTP,ORB,ORBPG,DRB,DRBPG,TRB,TRBPG,AST,ASTPG,STL,STLPG,BLK,BLKPG,TO,TOPG,PF,PTS,PTSPG,
Jo Jo English,CHI,1992-1993, 6-4,SG,22,6,31,5.16666666667,3,10,.300,0,3,.000,0,2,.000,2,0.333333333333,4,0.666666666667,6,1.0,1,0.166666666667,3,0.5,2,0.333333333333,4,0.666666666667,5,6,1.0,
Jo Jo English,CHI,1993-1994, 6-4,SG,23,36,419,11.6388888889,56,129,.434,8,17,.471,10,21,.476,9,0.25,36,1.0,45,1.25,38,1.05555555556,8,0.222222222222,10,0.277777777778,36,1.0,61,130,3.61111111111,
Jo Jo English,CHI,1994-1995, 6-4,SG,24,8,127,15.875,15,39,.385,3,12,.250,10,13,.769,1,0.125,2,0.25,3,0.375,7,0.875,7,0.875,1,0.125,6,0.75,19,43,5.375,
