Player,Team,Season,Height,Position,Age,G,MIN,MINPG,FGM,FGA,FGP,TPM,TPA,TPP,FTM,FTA,FTP,ORB,ORBPG,DRB,DRBPG,TRB,TRBPG,AST,ASTPG,STL,STLPG,BLK,BLKPG,TO,TOPG,PF,PTS,PTSPG,
Joakim Noah,CHI,2007-2008, 6-11,C,22,74,1534,20.7297297297,177,367,.482,0,1,.000,134,194,.691,174,2.35135135135,242,3.27027027027,416,5.62162162162,84,1.13513513514,68,0.918918918919,64,0.864864864865,89,1.2027027027,173,488,6.59459459459,
Joakim Noah,CHI,2008-2009, 6-11,C,23,80,1938,24.225,207,372,.556,0,1,.000,123,182,.676,244,3.05,362,4.525,606,7.575,106,1.325,49,0.6125,110,1.375,82,1.025,238,537,6.7125,
Joakim Noah,CHI,2009-2010, 6-11,C,24,64,1925,30.078125,262,520,.504,0,0,.000,163,219,.744,220,3.4375,485,7.578125,705,11.015625,132,2.0625,32,0.5,100,1.5625,117,1.828125,198,687,10.734375,
Joakim Noah,CHI,2010-2011, 6-11,C,25,48,1576,32.8333333333,211,402,.525,0,1,.000,139,188,.739,182,3.79166666667,316,6.58333333333,498,10.375,107,2.22916666667,48,1.0,72,1.5,90,1.875,156,561,11.6875,
Joakim Noah,CHI,2011-2012, 6-11,C,26,64,1945,30.390625,249,490,.508,0,1,.000,154,206,.748,242,3.78125,387,6.046875,629,9.828125,160,2.5,41,0.640625,92,1.4375,92,1.4375,162,652,10.1875,
Joakim Noah,CHI,2012-2013, 6-11,C,27,60,2282,38.0333333333,276,593,.465,0,4,.000,165,219,.753,247,4.11666666667,442,7.36666666667,689,11.4833333333,246,4.1,75,1.25,133,2.21666666667,166,2.76666666667,173,717,11.95,
