Player,Team,Season,Height,Position,Age,G,MIN,MINPG,FGM,FGA,FGP,TPM,TPA,TPP,FTM,FTA,FTP,ORB,ORBPG,DRB,DRBPG,TRB,TRBPG,AST,ASTPG,STL,STLPG,BLK,BLKPG,TO,TOPG,PF,PTS,PTSPG,
Joe Kopicki,WSB,1982-1983, 6-9,PF,22,17,201,11.8235294118,23,51,.451,0,1,.000,21,25,.840,18,1.05882352941,44,2.58823529412,62,3.64705882353,9,0.529411764706,9,0.529411764706,2,0.117647058824,8,0.470588235294,21,67,3.94117647059,
Joe Kopicki,WSB,1983-1984, 6-9,PF,23,59,678,11.4915254237,64,132,.485,1,7,.143,91,112,.813,64,1.08474576271,102,1.72881355932,166,2.81355932203,46,0.779661016949,15,0.254237288136,5,0.0847457627119,39,0.661016949153,71,220,3.72881355932,
Joe Kopicki,DEN,1984-1985, 6-9,PF,24,42,308,7.33333333333,50,95,.526,2,3,.667,43,54,.796,29,0.690476190476,57,1.35714285714,86,2.04761904762,29,0.690476190476,13,0.309523809524,1,0.0238095238095,28,0.666666666667,58,145,3.45238095238,
