Player,Team,Season,Height,Position,Age,G,MIN,MINPG,FGM,FGA,FGP,TPM,TPA,TPP,FTM,FTA,FTP,ORB,ORBPG,DRB,DRBPG,TRB,TRBPG,AST,ASTPG,STL,STLPG,BLK,BLKPG,TO,TOPG,PF,PTS,PTSPG,
Joe Strawder,DET,1965-1966, 6-10,C,25,79,2180,27.5949367089,250,613,.408,.000,.000,.000,176,256,.688,.000,0.0,.000,0.0,820,10.3797468354,78,0.987341772152,.000,0.0,.000,0.0,.000,0.0,305,676,8.55696202532,
Joe Strawder,DET,1966-1967, 6-10,C,26,79,2156,27.2911392405,281,660,.426,.000,.000,.000,188,262,.718,.000,0.0,.000,0.0,791,10.0126582278,82,1.03797468354,.000,0.0,.000,0.0,.000,0.0,344,750,9.49367088608,
Joe Strawder,DET,1967-1968, 6-10,C,27,73,2029,27.7945205479,206,456,.452,.000,.000,.000,139,215,.647,.000,0.0,.000,0.0,685,9.38356164384,85,1.16438356164,.000,0.0,.000,0.0,.000,0.0,312,551,7.54794520548,
