Player,Team,Season,Height,Position,Age,G,MIN,MINPG,FGM,FGA,FGP,TPM,TPA,TPP,FTM,FTA,FTP,ORB,ORBPG,DRB,DRBPG,TRB,TRBPG,AST,ASTPG,STL,STLPG,BLK,BLKPG,TO,TOPG,PF,PTS,PTSPG,
Joe Hassett,SEA,1977-1978, 6-5,SG,22,48,404,8.41666666667,91,205,.444,.000,.000,.000,10,12,.833,14,0.291666666667,22,0.458333333333,36,0.75,41,0.854166666667,21,0.4375,0,0.0,34,0.708333333333,45,192,4.0,
Joe Hassett,SEA,1978-1979, 6-5,SG,23,55,463,8.41818181818,100,211,.474,.000,.000,.000,23,23,1.000,13,0.236363636364,32,0.581818181818,45,0.818181818182,42,0.763636363636,14,0.254545454545,4,0.0727272727273,32,0.581818181818,58,223,4.05454545455,
Joe Hassett,IND,1979-1980, 6-5,SG,24,74,1135,15.3378378378,215,509,.422,69,198,.348,24,29,.828,35,0.472972972973,59,0.797297297297,94,1.27027027027,104,1.40540540541,46,0.621621621622,8,0.108108108108,45,0.608108108108,85,523,7.06756756757,
Joe Hassett,TOT,1980-1981, 6-5,SG,25,41,714,17.4146341463,143,340,.421,53,156,.340,17,21,.810,24,0.585365853659,44,1.07317073171,68,1.65853658537,74,1.80487804878,13,0.317073170732,2,0.0487804878049,22,0.536585365854,65,356,8.68292682927,
Joe Hassett,DAL,1980-1981, 6-5,SG,25,17,280,16.4705882353,59,142,.415,10,40,.250,10,13,.769,11,0.647058823529,14,0.823529411765,25,1.47058823529,18,1.05882352941,5,0.294117647059,0,0.0,11,0.647058823529,21,138,8.11764705882,
Joe Hassett,GSW,1980-1981, 6-5,SG,25,24,434,18.0833333333,84,198,.424,43,116,.371,7,8,.875,13,0.541666666667,30,1.25,43,1.79166666667,56,2.33333333333,8,0.333333333333,2,0.0833333333333,11,0.458333333333,44,218,9.08333333333,
Joe Hassett,GSW,1981-1982, 6-5,SG,26,68,787,11.5735294118,144,382,.377,71,214,.332,31,37,.838,13,0.191176470588,40,0.588235294118,53,0.779411764706,104,1.52941176471,30,0.441176470588,3,0.0441176470588,36,0.529411764706,94,390,5.73529411765,
Joe Hassett,GSW,1982-1983, 6-5,SG,27,6,139,23.1666666667,19,44,.432,1,9,.111,0,0,.000,3,0.5,8,1.33333333333,11,1.83333333333,21,3.5,2,0.333333333333,0,0.0,9,1.5,14,39,6.5,
