Player,Team,Season,Height,Position,Age,G,MIN,MINPG,FGM,FGA,FGP,TPM,TPA,TPP,FTM,FTA,FTP,ORB,ORBPG,DRB,DRBPG,TRB,TRBPG,AST,ASTPG,STL,STLPG,BLK,BLKPG,TO,TOPG,PF,PTS,PTSPG,
Joe McNamee,ROC,1950-1951, 6-6,SF,24,60,.000,0.0,48,167,.287,.000,.000,.000,27,42,.643,.000,0.0,.000,0.0,101,1.68333333333,18,0.3,.000,0.0,.000,0.0,.000,0.0,88,123,2.05,
Joe McNamee,TOT,1951-1952, 6-6,,25,58,695,11.9827586207,68,222,.306,.000,.000,.000,30,50,.600,.000,0.0,.000,0.0,137,2.36206896552,40,0.689655172414,.000,0.0,.000,0.0,.000,0.0,108,166,2.86206896552,
