Player,Team,Season,Height,Position,Age,G,MIN,MINPG,FGM,FGA,FGP,TPM,TPA,TPP,FTM,FTA,FTP,ORB,ORBPG,DRB,DRBPG,TRB,TRBPG,AST,ASTPG,STL,STLPG,BLK,BLKPG,TO,TOPG,PF,PTS,PTSPG,
Joe Fulks,PHW,1946-1947, 6-5,PF,25,60,.000,0.0,475,1557,.305,.000,.000,.000,439,601,.730,.000,0.0,.000,0.0,.000,0.0,25,0.416666666667,.000,0.0,.000,0.0,.000,0.0,199,1389,23.15,
Joe Fulks,PHW,1947-1948, 6-5,PF,26,43,.000,0.0,326,1258,.259,.000,.000,.000,297,390,.762,.000,0.0,.000,0.0,.000,0.0,26,0.604651162791,.000,0.0,.000,0.0,.000,0.0,162,949,22.0697674419,
Joe Fulks,PHW,1948-1949, 6-5,PF,27,60,.000,0.0,529,1689,.313,.000,.000,.000,502,638,.787,.000,0.0,.000,0.0,.000,0.0,74,1.23333333333,.000,0.0,.000,0.0,.000,0.0,262,1560,26.0,
Joe Fulks,PHW,1949-1950, 6-5,PF,28,68,.000,0.0,336,1209,.278,.000,.000,.000,293,421,.696,.000,0.0,.000,0.0,.000,0.0,56,0.823529411765,.000,0.0,.000,0.0,.000,0.0,240,965,14.1911764706,
Joe Fulks,PHW,1950-1951, 6-5,PF,29,66,.000,0.0,429,1358,.316,.000,.000,.000,378,442,.855,.000,0.0,.000,0.0,523,7.92424242424,117,1.77272727273,.000,0.0,.000,0.0,.000,0.0,247,1236,18.7272727273,
Joe Fulks,PHW,1951-1952, 6-5,PF,30,61,1904,31.2131147541,336,1078,.312,.000,.000,.000,250,303,.825,.000,0.0,.000,0.0,368,6.03278688525,123,2.01639344262,.000,0.0,.000,0.0,.000,0.0,255,922,15.1147540984,
Joe Fulks,PHW,1952-1953, 6-5,PF,31,70,2085,29.7857142857,332,960,.346,.000,.000,.000,168,231,.727,.000,0.0,.000,0.0,387,5.52857142857,138,1.97142857143,.000,0.0,.000,0.0,.000,0.0,319,832,11.8857142857,
Joe Fulks,PHW,1953-1954, 6-5,PF,32,61,501,8.2131147541,61,229,.266,.000,.000,.000,28,49,.571,.000,0.0,.000,0.0,101,1.65573770492,28,0.459016393443,.000,0.0,.000,0.0,.000,0.0,90,150,2.45901639344,
