Player,Team,Season,Height,Position,Age,G,MIN,MINPG,FGM,FGA,FGP,TPM,TPA,TPP,FTM,FTA,FTP,ORB,ORBPG,DRB,DRBPG,TRB,TRBPG,AST,ASTPG,STL,STLPG,BLK,BLKPG,TO,TOPG,PF,PTS,PTSPG,
Joe Hamilton,TEX,1970-1971, 5-10,PG,22,84,2564,30.5238095238,500,1184,.422,85,285,.298,233,279,.835,96,1.14285714286,189,2.25,285,3.39285714286,365,4.34523809524,.000,0.0,.000,0.0,138,1.64285714286,279,1318,15.6904761905,
Joe Hamilton,DLC,1971-1972, 5-10,PG,23,82,1959,23.8902439024,317,791,.401,46,132,.348,201,256,.785,41,0.5,153,1.86585365854,194,2.36585365854,240,2.92682926829,.000,0.0,.000,0.0,110,1.34146341463,202,881,10.743902439,
Joe Hamilton,DLC,1972-1973, 5-10,PG,24,83,2359,28.421686747,370,902,.410,66,191,.346,209,262,.798,46,0.55421686747,169,2.03614457831,215,2.59036144578,325,3.9156626506,.000,0.0,.000,0.0,143,1.72289156627,247,1015,12.2289156627,
Joe Hamilton,TOT,1973-1974, 5-10,PG,25,73,1961,26.8630136986,331,834,.397,37,144,.257,117,143,.818,40,0.547945205479,125,1.71232876712,165,2.2602739726,242,3.31506849315,76,1.04109589041,5,0.0684931506849,112,1.53424657534,154,816,11.1780821918,
Joe Hamilton,SAA,1973-1974, 5-10,PG,25,43,1415,32.9069767442,228,584,.390,19,86,.221,92,110,.836,27,0.627906976744,89,2.06976744186,116,2.6976744186,162,3.76744186047,51,1.18604651163,1,0.0232558139535,82,1.90697674419,92,567,13.1860465116,
Joe Hamilton,KEN,1973-1974, 5-10,PG,25,30,546,18.2,103,250,.412,18,58,.310,25,33,.758,13,0.433333333333,36,1.2,49,1.63333333333,80,2.66666666667,25,0.833333333333,4,0.133333333333,30,1.0,62,249,8.3,
Joe Hamilton,KEN,1974-1975, 5-10,PG,26,9,124,13.7777777778,15,40,.375,3,5,.600,5,6,.833,2,0.222222222222,9,1.0,11,1.22222222222,21,2.33333333333,4,0.444444444444,0,0.0,9,1.0,13,38,4.22222222222,
Joe Hamilton,UTS,1975-1976, 5-10,PG,27,13,131,10.0769230769,31,78,.397,6,21,.286,9,13,.692,5,0.384615384615,9,0.692307692308,14,1.07692307692,15,1.15384615385,8,0.615384615385,0,0.0,6,0.461538461538,12,77,5.92307692308,
