Player,Team,Season,Height,Position,Age,G,MIN,MINPG,FGM,FGA,FGP,TPM,TPA,TPP,FTM,FTA,FTP,ORB,ORBPG,DRB,DRBPG,TRB,TRBPG,AST,ASTPG,STL,STLPG,BLK,BLKPG,TO,TOPG,PF,PTS,PTSPG,
Joe Ellis,SFW,1966-1967, 6-6,SF,22,41,333,8.12195121951,67,164,.409,.000,.000,.000,19,25,.760,.000,0.0,.000,0.0,112,2.73170731707,27,0.658536585366,.000,0.0,.000,0.0,.000,0.0,45,153,3.73170731707,
Joe Ellis,SFW,1967-1968, 6-6,SF,23,51,624,12.2352941176,111,302,.368,.000,.000,.000,32,50,.640,.000,0.0,.000,0.0,195,3.82352941176,37,0.725490196078,.000,0.0,.000,0.0,.000,0.0,83,254,4.98039215686,
Joe Ellis,SFW,1968-1969, 6-6,SF,24,74,1731,23.3918918919,371,939,.395,.000,.000,.000,147,201,.731,.000,0.0,.000,0.0,481,6.5,130,1.75675675676,.000,0.0,.000,0.0,.000,0.0,258,889,12.0135135135,
Joe Ellis,SFW,1969-1970, 6-6,SF,25,76,2380,31.3157894737,501,1223,.410,.000,.000,.000,200,270,.741,.000,0.0,.000,0.0,594,7.81578947368,139,1.82894736842,.000,0.0,.000,0.0,.000,0.0,281,1202,15.8157894737,
Joe Ellis,SFW,1970-1971, 6-6,SF,26,80,2275,28.4375,356,898,.396,.000,.000,.000,151,203,.744,.000,0.0,.000,0.0,511,6.3875,161,2.0125,.000,0.0,.000,0.0,.000,0.0,287,863,10.7875,
Joe Ellis,GSW,1971-1972, 6-6,SF,27,78,1462,18.7435897436,280,681,.411,.000,.000,.000,95,132,.720,.000,0.0,.000,0.0,389,4.98717948718,97,1.24358974359,.000,0.0,.000,0.0,.000,0.0,224,655,8.39743589744,
Joe Ellis,GSW,1972-1973, 6-6,PF,28,74,1054,14.2432432432,199,487,.409,.000,.000,.000,69,93,.742,.000,0.0,.000,0.0,282,3.81081081081,88,1.18918918919,.000,0.0,.000,0.0,.000,0.0,143,467,6.31081081081,
Joe Ellis,GSW,1973-1974, 6-6,SF,29,50,515,10.3,61,190,.321,.000,.000,.000,18,31,.581,37,0.74,85,1.7,122,2.44,37,0.74,33,0.66,9,0.18,.000,0.0,76,140,2.8,
