Player,Team,Season,Height,Position,Age,G,MIN,MINPG,FGM,FGA,FGP,TPM,TPA,TPP,FTM,FTA,FTP,ORB,ORBPG,DRB,DRBPG,TRB,TRBPG,AST,ASTPG,STL,STLPG,BLK,BLKPG,TO,TOPG,PF,PTS,PTSPG,
Joe DePre,NYA,1970-1971, 6-3,SG,23,72,1707,23.7083333333,250,488,.512,0,4,.000,132,172,.767,55,0.763888888889,120,1.66666666667,175,2.43055555556,138,1.91666666667,.000,0.0,.000,0.0,137,1.90277777778,262,632,8.77777777778,
Joe DePre,NYA,1971-1972, 6-3,SG,24,46,562,12.2173913043,79,201,.393,2,6,.333,34,54,.630,16,0.347826086957,33,0.717391304348,49,1.0652173913,45,0.978260869565,.000,0.0,.000,0.0,66,1.4347826087,80,194,4.21739130435,
Joe DePre,NYA,1972-1973, 6-3,SG,25,1,12,12.0,2,5,.400,0,0,.000,0,0,.000,2,2.0,0,0.0,2,2.0,2,2.0,.000,0.0,.000,0.0,0,0.0,1,4,4.0,
