Player,Team,Season,Height,Position,Age,G,MIN,MINPG,FGM,FGA,FGP,TPM,TPA,TPP,FTM,FTA,FTP,ORB,ORBPG,DRB,DRBPG,TRB,TRBPG,AST,ASTPG,STL,STLPG,BLK,BLKPG,TO,TOPG,PF,PTS,PTSPG,
Joe Alexander,MIL,2008-2009, 6-8,SF,22,59,716,12.1355932203,102,245,.416,16,46,.348,58,83,.699,44,0.745762711864,71,1.20338983051,115,1.94915254237,42,0.71186440678,15,0.254237288136,29,0.491525423729,52,0.881355932203,107,278,4.71186440678,
Joe Alexander,CHI,2009-2010, 6-8,SF,23,8,29,3.625,1,6,.167,0,1,.000,2,3,.667,2,0.25,3,0.375,5,0.625,2,0.25,1,0.125,1,0.125,0,0.0,9,4,0.5,
