Player,Team,Season,Height,Position,Age,G,MIN,MINPG,FGM,FGA,FGP,TPM,TPA,TPP,FTM,FTA,FTP,ORB,ORBPG,DRB,DRBPG,TRB,TRBPG,AST,ASTPG,STL,STLPG,BLK,BLKPG,TO,TOPG,PF,PTS,PTSPG,
Joe Crispin,TOT,2001-2002, 6-0,PG,22,21,156,7.42857142857,26,68,.382,15,39,.385,12,13,.923,2,0.0952380952381,9,0.428571428571,11,0.52380952381,26,1.2380952381,5,0.238095238095,0,0.0,10,0.47619047619,10,79,3.7619047619,
Joe Crispin,LAL,2001-2002, 6-0,PG,22,6,27,4.5,3,12,.250,0,4,.000,4,5,.800,0,0.0,1,0.166666666667,1,0.166666666667,2,0.333333333333,1,0.166666666667,0,0.0,1,0.166666666667,2,10,1.66666666667,
Joe Crispin,PHO,2001-2002, 6-0,PG,22,15,129,8.6,23,56,.411,15,35,.429,8,8,1.000,2,0.133333333333,8,0.533333333333,10,0.666666666667,24,1.6,4,0.266666666667,0,0.0,9,0.6,8,69,4.6,
