Player,Team,Season,Height,Position,Age,G,MIN,MINPG,FGM,FGA,FGP,TPM,TPA,TPP,FTM,FTA,FTP,ORB,ORBPG,DRB,DRBPG,TRB,TRBPG,AST,ASTPG,STL,STLPG,BLK,BLKPG,TO,TOPG,PF,PTS,PTSPG,
Joe Stephens,HOU,1996-1997, 6-7,PF,24,2,9,4.5,1,5,.200,1,3,.333,0,0,.000,2,1.0,1,0.5,3,1.5,0,0.0,3,1.5,0,0.0,3,1.5,3,3,1.5,
Joe Stephens,HOU,1997-1998, 6-7,SF,25,7,37,5.28571428571,10,28,.357,3,10,.300,4,6,.667,3,0.428571428571,3,0.428571428571,6,0.857142857143,1,0.142857142857,2,0.285714285714,0,0.0,2,0.285714285714,2,27,3.85714285714,
Joe Stephens,VAN,1999-2000, 6-7,SF,27,13,181,13.9230769231,19,51,.373,0,8,.000,3,4,.750,13,1.0,23,1.76923076923,36,2.76923076923,11,0.846153846154,7,0.538461538462,3,0.230769230769,6,0.461538461538,9,41,3.15384615385,
