Player,Team,Season,Height,Position,Age,G,MIN,MINPG,FGM,FGA,FGP,TPM,TPA,TPP,FTM,FTA,FTP,ORB,ORBPG,DRB,DRBPG,TRB,TRBPG,AST,ASTPG,STL,STLPG,BLK,BLKPG,TO,TOPG,PF,PTS,PTSPG,
Joe Ruklick,PHW,1959-1960, 6-9,PF,21,39,384,9.84615384615,85,214,.397,.000,.000,.000,26,36,.722,.000,0.0,.000,0.0,137,3.51282051282,24,0.615384615385,.000,0.0,.000,0.0,.000,0.0,70,196,5.02564102564,
Joe Ruklick,PHW,1960-1961, 6-9,PF,22,29,223,7.68965517241,43,120,.358,.000,.000,.000,8,13,.615,.000,0.0,.000,0.0,62,2.13793103448,10,0.344827586207,.000,0.0,.000,0.0,.000,0.0,38,94,3.24137931034,
Joe Ruklick,PHW,1961-1962, 6-9,PF,23,46,302,6.5652173913,48,147,.327,.000,.000,.000,12,26,.462,.000,0.0,.000,0.0,87,1.89130434783,14,0.304347826087,.000,0.0,.000,0.0,.000,0.0,56,108,2.34782608696,
