Player,Team,Season,Height,Position,Age,G,MIN,MINPG,FGM,FGA,FGP,TPM,TPA,TPP,FTM,FTA,FTP,ORB,ORBPG,DRB,DRBPG,TRB,TRBPG,AST,ASTPG,STL,STLPG,BLK,BLKPG,TO,TOPG,PF,PTS,PTSPG,
Joe Roberts,SYR,1960-1961, 6-6,SF,24,68,800,11.7647058824,130,351,.370,.000,.000,.000,62,104,.596,.000,0.0,.000,0.0,243,3.57352941176,43,0.632352941176,.000,0.0,.000,0.0,.000,0.0,125,322,4.73529411765,
Joe Roberts,SYR,1961-1962, 6-6,PF,25,80,1642,20.525,243,619,.393,.000,.000,.000,129,194,.665,.000,0.0,.000,0.0,538,6.725,50,0.625,.000,0.0,.000,0.0,.000,0.0,230,615,7.6875,
Joe Roberts,SYR,1962-1963, 6-6,PF,26,33,466,14.1212121212,73,196,.372,.000,.000,.000,35,51,.686,.000,0.0,.000,0.0,155,4.69696969697,16,0.484848484848,.000,0.0,.000,0.0,.000,0.0,66,181,5.48484848485,
Joe Roberts,KEN,1967-1968, 6-6,SF,31,37,564,15.2432432432,54,146,.370,1,3,.333,28,50,.560,.000,0.0,.000,0.0,139,3.75675675676,14,0.378378378378,.000,0.0,.000,0.0,30,0.810810810811,64,137,3.7027027027,
