Player,Team,Season,Height,Position,Age,G,MIN,MINPG,FGM,FGA,FGP,TPM,TPA,TPP,FTM,FTA,FTP,ORB,ORBPG,DRB,DRBPG,TRB,TRBPG,AST,ASTPG,STL,STLPG,BLK,BLKPG,TO,TOPG,PF,PTS,PTSPG,
Joe Holland,INO,1949-1950, 6-4,SF,24,64,.000,0.0,145,453,.320,.000,.000,.000,98,142,.690,.000,0.0,.000,0.0,.000,0.0,130,2.03125,.000,0.0,.000,0.0,.000,0.0,220,388,6.0625,
Joe Holland,INO,1950-1951, 6-4,SF,25,67,.000,0.0,196,594,.330,.000,.000,.000,78,137,.569,.000,0.0,.000,0.0,344,5.13432835821,150,2.23880597015,.000,0.0,.000,0.0,.000,0.0,228,470,7.01492537313,
Joe Holland,INO,1951-1952, 6-4,SF,26,55,737,13.4,93,265,.351,.000,.000,.000,40,69,.580,.000,0.0,.000,0.0,166,3.01818181818,47,0.854545454545,.000,0.0,.000,0.0,.000,0.0,90,226,4.10909090909,
