Player,Team,Season,Height,Position,Age,G,MIN,MINPG,FGM,FGA,FGP,TPM,TPA,TPP,FTM,FTA,FTP,ORB,ORBPG,DRB,DRBPG,TRB,TRBPG,AST,ASTPG,STL,STLPG,BLK,BLKPG,TO,TOPG,PF,PTS,PTSPG,
Joe Kennedy,SEA,1968-1969, 6-6,SF,22,72,1241,17.2361111111,174,441,.395,.000,.000,.000,98,124,.790,.000,0.0,.000,0.0,241,3.34722222222,60,0.833333333333,.000,0.0,.000,0.0,.000,0.0,158,446,6.19444444444,
Joe Kennedy,SEA,1969-1970, 6-6,SF,23,14,82,5.85714285714,3,34,.088,.000,.000,.000,2,2,1.000,.000,0.0,.000,0.0,20,1.42857142857,7,0.5,.000,0.0,.000,0.0,.000,0.0,7,8,0.571428571429,
Joe Kennedy,PTC,1970-1971, 6-6,SF,24,82,1382,16.8536585366,189,498,.380,0,2,.000,130,160,.813,148,1.80487804878,193,2.35365853659,341,4.15853658537,73,0.890243902439,.000,0.0,.000,0.0,97,1.18292682927,156,508,6.19512195122,
