Player,Team,Season,Height,Position,Age,G,MIN,MINPG,FGM,FGA,FGP,TPM,TPA,TPP,FTM,FTA,FTP,ORB,ORBPG,DRB,DRBPG,TRB,TRBPG,AST,ASTPG,STL,STLPG,BLK,BLKPG,TO,TOPG,PF,PTS,PTSPG,
Joe Binion,POR,1986-1987, 6-8,PF,25,11,51,4.63636363636,4,10,.400,0,0,.000,6,10,.600,8,0.727272727273,10,0.909090909091,18,1.63636363636,1,0.0909090909091,2,0.181818181818,2,0.181818181818,3,0.272727272727,5,14,1.27272727273,
