Player,Team,Season,Height,Position,Age,G,MIN,MINPG,FGM,FGA,FGP,TPM,TPA,TPP,FTM,FTA,FTP,ORB,ORBPG,DRB,DRBPG,TRB,TRBPG,AST,ASTPG,STL,STLPG,BLK,BLKPG,TO,TOPG,PF,PTS,PTSPG,
Joel Kramer,PHO,1978-1979, 6-7,PF,23,82,1401,17.0853658537,181,370,.489,.000,.000,.000,125,176,.710,134,1.63414634146,203,2.4756097561,337,4.10975609756,92,1.12195121951,45,0.548780487805,23,0.280487804878,98,1.19512195122,224,487,5.93902439024,
Joel Kramer,PHO,1979-1980, 6-7,C,24,54,711,13.1666666667,67,143,.469,0,1,.000,56,70,.800,49,0.907407407407,102,1.88888888889,151,2.7962962963,75,1.38888888889,26,0.481481481481,5,0.0925925925926,51,0.944444444444,104,190,3.51851851852,
Joel Kramer,PHO,1980-1981, 6-7,PF,25,82,1065,12.987804878,136,258,.527,0,1,.000,63,91,.692,77,0.939024390244,155,1.89024390244,232,2.82926829268,88,1.07317073171,35,0.426829268293,17,0.207317073171,67,0.817073170732,132,335,4.08536585366,
Joel Kramer,PHO,1981-1982, 6-7,PF,26,56,549,9.80357142857,55,133,.414,0,0,.000,33,42,.786,36,0.642857142857,72,1.28571428571,108,1.92857142857,51,0.910714285714,19,0.339285714286,11,0.196428571429,26,0.464285714286,62,143,2.55357142857,
Joel Kramer,PHO,1982-1983, 6-7,C,27,54,458,8.48148148148,44,104,.423,0,1,.000,14,16,.875,41,0.759259259259,47,0.87037037037,88,1.62962962963,37,0.685185185185,15,0.277777777778,6,0.111111111111,22,0.407407407407,63,102,1.88888888889,
