Player,Team,Season,Height,Position,Age,G,MIN,MINPG,FGM,FGA,FGP,TPM,TPA,TPP,FTM,FTA,FTP,ORB,ORBPG,DRB,DRBPG,TRB,TRBPG,AST,ASTPG,STL,STLPG,BLK,BLKPG,TO,TOPG,PF,PTS,PTSPG,
Joel Anthony,MIA,2007-2008, 6-9,PF,25,24,498,20.75,28,60,.467,0,0,.000,29,49,.592,38,1.58333333333,55,2.29166666667,93,3.875,3,0.125,9,0.375,31,1.29166666667,17,0.708333333333,55,85,3.54166666667,
Joel Anthony,MIA,2008-2009, 6-9,C,26,65,1048,16.1230769231,57,118,.483,0,0,.000,30,46,.652,89,1.36923076923,108,1.66153846154,197,3.03076923077,27,0.415384615385,20,0.307692307692,93,1.43076923077,41,0.630769230769,139,144,2.21538461538,
Joel Anthony,MIA,2009-2010, 6-9,C,27,80,1322,16.525,76,159,.478,0,0,.000,66,92,.717,123,1.5375,126,1.575,249,3.1125,12,0.15,20,0.25,109,1.3625,45,0.5625,158,218,2.725,
Joel Anthony,MIA,2010-2011, 6-9,C,28,75,1463,19.5066666667,53,99,.535,0,0,.000,47,73,.644,104,1.38666666667,162,2.16,266,3.54666666667,24,0.32,10,0.133333333333,93,1.24,36,0.48,194,153,2.04,
Joel Anthony,MIA,2011-2012, 6-9,C,29,64,1349,21.078125,85,152,.559,0,0,.000,49,71,.690,100,1.5625,150,2.34375,250,3.90625,9,0.140625,36,0.5625,84,1.3125,45,0.703125,126,219,3.421875,
Joel Anthony,MIA,2012-2013, 6-9,C,30,49,466,9.51020408163,27,55,.491,0,0,.000,15,23,.652,38,0.775510204082,52,1.0612244898,90,1.83673469388,10,0.204081632653,11,0.224489795918,33,0.673469387755,17,0.34693877551,41,69,1.40816326531,
