Player,Team,Season,Height,Position,Age,G,MIN,MINPG,FGM,FGA,FGP,TPM,TPA,TPP,FTM,FTA,FTP,ORB,ORBPG,DRB,DRBPG,TRB,TRBPG,AST,ASTPG,STL,STLPG,BLK,BLKPG,TO,TOPG,PF,PTS,PTSPG,
Joel Freeland,POR,2012-2013, 6-10,PF,25,36,305,8.47222222222,36,86,.419,0,0,.000,10,15,.667,29,0.805555555556,47,1.30555555556,76,2.11111111111,8,0.222222222222,8,0.222222222222,8,0.222222222222,14,0.388888888889,47,82,2.27777777778,
