Player,Team,Season,Height,Position,Age,G,MIN,MINPG,FGM,FGA,FGP,TPM,TPA,TPP,FTM,FTA,FTP,ORB,ORBPG,DRB,DRBPG,TRB,TRBPG,AST,ASTPG,STL,STLPG,BLK,BLKPG,TO,TOPG,PF,PTS,PTSPG,
Joey Graham,TOR,2005-2006, 6-7,SF,23,80,1581,19.7625,198,414,.478,29,87,.333,108,133,.812,57,0.7125,187,2.3375,244,3.05,60,0.75,37,0.4625,13,0.1625,92,1.15,228,533,6.6625,
Joey Graham,TOR,2006-2007, 6-7,SF,24,79,1319,16.6962025316,192,388,.495,9,31,.290,110,131,.840,55,0.696202531646,193,2.44303797468,248,3.13924050633,44,0.556962025316,30,0.379746835443,4,0.0506329113924,49,0.620253164557,161,503,6.36708860759,
Joey Graham,TOR,2007-2008, 6-7,SF,25,38,331,8.71052631579,49,113,.434,2,3,.667,38,45,.844,18,0.473684210526,49,1.28947368421,67,1.76315789474,15,0.394736842105,3,0.0789473684211,0,0.0,23,0.605263157895,47,138,3.63157894737,
Joey Graham,TOR,2008-2009, 6-7,SF,26,78,1541,19.7564102564,231,480,.481,3,16,.188,132,160,.825,95,1.21794871795,197,2.52564102564,292,3.74358974359,48,0.615384615385,35,0.448717948718,12,0.153846153846,74,0.948717948718,191,597,7.65384615385,
Joey Graham,DEN,2009-2010, 6-7,SF,27,63,759,12.0476190476,105,202,.520,2,13,.154,54,73,.740,39,0.619047619048,84,1.33333333333,123,1.95238095238,22,0.349206349206,23,0.365079365079,7,0.111111111111,43,0.68253968254,104,266,4.22222222222,
Joey Graham,CLE,2010-2011, 6-7,SF,28,39,586,15.0256410256,82,179,.458,9,30,.300,29,36,.806,8,0.205128205128,76,1.94871794872,84,2.15384615385,18,0.461538461538,6,0.153846153846,7,0.179487179487,28,0.717948717949,73,202,5.17948717949,
