Player,Team,Season,Height,Position,Age,G,MIN,MINPG,FGM,FGA,FGP,TPM,TPA,TPP,FTM,FTA,FTP,ORB,ORBPG,DRB,DRBPG,TRB,TRBPG,AST,ASTPG,STL,STLPG,BLK,BLKPG,TO,TOPG,PF,PTS,PTSPG,
Joey Dorsey,HOU,2008-2009, 6-8,PF,25,3,6,2.0,1,2,.500,0,0,.000,0,0,.000,0,0.0,1,0.333333333333,1,0.333333333333,1,0.333333333333,0,0.0,0,0.0,0,0.0,0,2,0.666666666667,
Joey Dorsey,TOT,2009-2010, 6-8,PF,26,15,106,7.06666666667,9,20,.450,0,0,.000,5,12,.417,16,1.06666666667,27,1.8,43,2.86666666667,2,0.133333333333,3,0.2,2,0.133333333333,6,0.4,21,23,1.53333333333,
Joey Dorsey,HOU,2009-2010, 6-8,PF,26,7,54,7.71428571429,5,11,.455,0,0,.000,1,2,.500,11,1.57142857143,14,2.0,25,3.57142857143,2,0.285714285714,2,0.285714285714,1,0.142857142857,4,0.571428571429,12,11,1.57142857143,
Joey Dorsey,SAC,2009-2010, 6-8,PF,26,8,52,6.5,4,9,.444,0,0,.000,4,10,.400,5,0.625,13,1.625,18,2.25,0,0.0,1,0.125,1,0.125,2,0.25,9,12,1.5,
Joey Dorsey,TOR,2010-2011, 6-8,C,27,43,522,12.1395348837,52,99,.525,0,0,.000,31,65,.477,79,1.83720930233,111,2.58139534884,190,4.41860465116,27,0.627906976744,24,0.558139534884,17,0.395348837209,39,0.906976744186,78,135,3.13953488372,
