Player,Team,Season,Height,Position,Age,G,MIN,MINPG,FGM,FGA,FGP,TPM,TPA,TPP,FTM,FTA,FTP,ORB,ORBPG,DRB,DRBPG,TRB,TRBPG,AST,ASTPG,STL,STLPG,BLK,BLKPG,TO,TOPG,PF,PTS,PTSPG,
Johnny Orr,TOT,1949-1950, 6-3,,22,34,.000,0.0,40,118,.339,.000,.000,.000,12,14,.857,.000,0.0,.000,0.0,.000,0.0,20,0.588235294118,.000,0.0,.000,0.0,.000,0.0,34,92,2.70588235294,
Johnny Orr,STB,1949-1950, 6-3,,22,21,.000,0.0,17,47,.362,.000,.000,.000,6,7,.857,.000,0.0,.000,0.0,.000,0.0,6,0.285714285714,.000,0.0,.000,0.0,.000,0.0,19,40,1.90476190476,
Johnny Orr,WAT,1949-1950, 6-3,,22,13,.000,0.0,23,71,.324,.000,.000,.000,6,7,.857,.000,0.0,.000,0.0,.000,0.0,14,1.07692307692,.000,0.0,.000,0.0,.000,0.0,15,52,4.0,
