Player,Team,Season,Height,Position,Age,G,MIN,MINPG,FGM,FGA,FGP,TPM,TPA,TPP,FTM,FTA,FTP,ORB,ORBPG,DRB,DRBPG,TRB,TRBPG,AST,ASTPG,STL,STLPG,BLK,BLKPG,TO,TOPG,PF,PTS,PTSPG,
Johnny Norlander,WSC,1946-1947, 6-3,,25,60,.000,0.0,223,698,.319,.000,.000,.000,180,276,.652,.000,0.0,.000,0.0,.000,0.0,50,0.833333333333,.000,0.0,.000,0.0,.000,0.0,122,626,10.4333333333,
Johnny Norlander,WSC,1947-1948, 6-3,,26,48,.000,0.0,167,543,.308,.000,.000,.000,135,182,.742,.000,0.0,.000,0.0,.000,0.0,44,0.916666666667,.000,0.0,.000,0.0,.000,0.0,102,469,9.77083333333,
Johnny Norlander,WSC,1948-1949, 6-3,,27,60,.000,0.0,164,454,.361,.000,.000,.000,116,171,.678,.000,0.0,.000,0.0,.000,0.0,86,1.43333333333,.000,0.0,.000,0.0,.000,0.0,124,444,7.4,
Johnny Norlander,WSC,1949-1950, 6-3,,28,40,.000,0.0,99,293,.338,.000,.000,.000,53,85,.624,.000,0.0,.000,0.0,.000,0.0,33,0.825,.000,0.0,.000,0.0,.000,0.0,71,251,6.275,
Johnny Norlander,WSC,1950-1951, 6-3,,29,9,.000,0.0,6,16,.375,.000,.000,.000,9,14,.643,.000,0.0,.000,0.0,9,1.0,5,0.555555555556,.000,0.0,.000,0.0,.000,0.0,14,21,2.33333333333,
