Player,Team,Season,Height,Position,Age,G,MIN,MINPG,FGM,FGA,FGP,TPM,TPA,TPP,FTM,FTA,FTP,ORB,ORBPG,DRB,DRBPG,TRB,TRBPG,AST,ASTPG,STL,STLPG,BLK,BLKPG,TO,TOPG,PF,PTS,PTSPG,
John Wetzel,LAL,1967-1968, 6-5,SF,23,38,434,11.4210526316,52,119,.437,.000,.000,.000,35,46,.761,.000,0.0,.000,0.0,84,2.21052631579,51,1.34210526316,.000,0.0,.000,0.0,.000,0.0,55,139,3.65789473684,
John Wetzel,PHO,1970-1971, 6-5,SG,26,70,1091,15.5857142857,124,288,.431,.000,.000,.000,83,101,.822,.000,0.0,.000,0.0,153,2.18571428571,114,1.62857142857,.000,0.0,.000,0.0,.000,0.0,156,331,4.72857142857,
John Wetzel,PHO,1971-1972, 6-5,SG,27,51,419,8.21568627451,31,82,.378,.000,.000,.000,24,30,.800,.000,0.0,.000,0.0,65,1.27450980392,56,1.09803921569,.000,0.0,.000,0.0,.000,0.0,71,86,1.6862745098,
John Wetzel,ATL,1972-1973, 6-5,SG,28,28,504,18.0,42,94,.447,.000,.000,.000,14,17,.824,.000,0.0,.000,0.0,58,2.07142857143,39,1.39285714286,.000,0.0,.000,0.0,.000,0.0,41,98,3.5,
John Wetzel,ATL,1973-1974, 6-5,SG,29,70,1232,17.6,107,252,.425,.000,.000,.000,41,57,.719,39,0.557142857143,131,1.87142857143,170,2.42857142857,138,1.97142857143,73,1.04285714286,19,0.271428571429,.000,0.0,147,255,3.64285714286,
John Wetzel,ATL,1974-1975, 6-5,SG,30,63,785,12.4603174603,87,204,.426,.000,.000,.000,68,77,.883,34,0.539682539683,80,1.26984126984,114,1.80952380952,77,1.22222222222,51,0.809523809524,8,0.126984126984,.000,0.0,108,242,3.84126984127,
John Wetzel,PHO,1975-1976, 6-5,SG,31,37,249,6.72972972973,22,46,.478,.000,.000,.000,20,24,.833,8,0.216216216216,30,0.810810810811,38,1.02702702703,19,0.513513513514,9,0.243243243243,3,0.0810810810811,.000,0.0,30,64,1.72972972973,
