Player,Team,Season,Height,Position,Age,G,MIN,MINPG,FGM,FGA,FGP,TPM,TPA,TPP,FTM,FTA,FTP,ORB,ORBPG,DRB,DRBPG,TRB,TRBPG,AST,ASTPG,STL,STLPG,BLK,BLKPG,TO,TOPG,PF,PTS,PTSPG,
John Fairchild,LAL,1965-1966, 6-8,SF,22,30,171,5.7,23,89,.258,.000,.000,.000,14,20,.700,.000,0.0,.000,0.0,45,1.5,11,0.366666666667,.000,0.0,.000,0.0,.000,0.0,33,60,2.0,
John Fairchild,ANA,1967-1968, 6-8,SF,24,62,1311,21.1451612903,271,620,.437,1,4,.250,135,200,.675,.000,0.0,.000,0.0,332,5.35483870968,63,1.01612903226,.000,0.0,.000,0.0,103,1.66129032258,155,678,10.935483871,
John Fairchild,TOT,1968-1969, 6-8,SF,25,63,717,11.380952381,113,294,.384,10,29,.345,89,127,.701,49,0.777777777778,80,1.26984126984,129,2.04761904762,37,0.587301587302,.000,0.0,.000,0.0,74,1.1746031746,98,325,5.15873015873,
John Fairchild,DNR,1968-1969, 6-8,SF,25,11,135,12.2727272727,12,34,.353,0,0,.000,16,24,.667,7,0.636363636364,11,1.0,18,1.63636363636,9,0.818181818182,.000,0.0,.000,0.0,15,1.36363636364,8,40,3.63636363636,
John Fairchild,INA,1968-1969, 6-8,SF,25,52,582,11.1923076923,101,260,.388,10,29,.345,73,103,.709,42,0.807692307692,69,1.32692307692,111,2.13461538462,28,0.538461538462,.000,0.0,.000,0.0,59,1.13461538462,90,285,5.48076923077,
John Fairchild,TOT,1969-1970, 6-8,SF,26,10,78,7.8,7,23,.304,3,5,.600,5,10,.500,6,0.6,11,1.1,17,1.7,4,0.4,.000,0.0,.000,0.0,8,0.8,18,22,2.2,
John Fairchild,INA,1969-1970, 6-8,SF,26,3,26,8.66666666667,1,6,.167,0,0,.000,1,2,.500,1,0.333333333333,8,2.66666666667,9,3.0,2,0.666666666667,.000,0.0,.000,0.0,1,0.333333333333,8,3,1.0,
John Fairchild,KEN,1969-1970, 6-8,SF,26,7,52,7.42857142857,6,17,.353,3,5,.600,4,8,.500,5,0.714285714286,3,0.428571428571,8,1.14285714286,2,0.285714285714,.000,0.0,.000,0.0,7,1.0,10,19,2.71428571429,
