Player,Team,Season,Height,Position,Age,G,MIN,MINPG,FGM,FGA,FGP,TPM,TPA,TPP,FTM,FTA,FTP,ORB,ORBPG,DRB,DRBPG,TRB,TRBPG,AST,ASTPG,STL,STLPG,BLK,BLKPG,TO,TOPG,PF,PTS,PTSPG,
John Coughran,GSW,1979-1980, 6-7,SF,28,24,160,6.66666666667,29,81,.358,2,9,.222,8,14,.571,2,0.0833333333333,17,0.708333333333,19,0.791666666667,12,0.5,7,0.291666666667,1,0.0416666666667,13,0.541666666667,24,68,2.83333333333,
