Player,Team,Season,Height,Position,Age,G,MIN,MINPG,FGM,FGA,FGP,TPM,TPA,TPP,FTM,FTA,FTP,ORB,ORBPG,DRB,DRBPG,TRB,TRBPG,AST,ASTPG,STL,STLPG,BLK,BLKPG,TO,TOPG,PF,PTS,PTSPG,
John Turner,HOU,1991-1992, 6-8,SF,24,42,345,8.21428571429,43,98,.439,0,0,.000,31,59,.525,38,0.904761904762,40,0.952380952381,78,1.85714285714,12,0.285714285714,6,0.142857142857,4,0.0952380952381,32,0.761904761905,40,117,2.78571428571,
