Player,Team,Season,Height,Position,Age,G,MIN,MINPG,FGM,FGA,FGP,TPM,TPA,TPP,FTM,FTA,FTP,ORB,ORBPG,DRB,DRBPG,TRB,TRBPG,AST,ASTPG,STL,STLPG,BLK,BLKPG,TO,TOPG,PF,PTS,PTSPG,
John Rudd,NYK,1978-1979, 6-7,SF,23,58,723,12.4655172414,59,133,.444,.000,.000,.000,66,93,.710,69,1.18965517241,98,1.68965517241,167,2.87931034483,35,0.603448275862,17,0.293103448276,8,0.137931034483,59,1.01724137931,95,184,3.1724137931,
