Player,Team,Season,Height,Position,Age,G,MIN,MINPG,FGM,FGA,FGP,TPM,TPA,TPP,FTM,FTA,FTP,ORB,ORBPG,DRB,DRBPG,TRB,TRBPG,AST,ASTPG,STL,STLPG,BLK,BLKPG,TO,TOPG,PF,PTS,PTSPG,
John Morton,CLE,1989-1990, 6-3,SG,22,37,402,10.8648648649,48,161,.298,7,30,.233,43,62,.694,7,0.189189189189,25,0.675675675676,32,0.864864864865,67,1.81081081081,18,0.486486486486,4,0.108108108108,51,1.37837837838,30,146,3.94594594595,
John Morton,CLE,1990-1991, 6-3,SF,23,66,1207,18.2878787879,120,274,.438,4,12,.333,113,139,.813,41,0.621212121212,62,0.939393939394,103,1.56060606061,243,3.68181818182,61,0.924242424242,18,0.272727272727,107,1.62121212121,112,357,5.40909090909,
John Morton,TOT,1991-1992, 6-3,SF,24,25,270,10.8,36,93,.387,2,16,.125,32,38,.842,6,0.24,20,0.8,26,1.04,32,1.28,13,0.52,1,0.04,28,1.12,23,106,4.24,
John Morton,CLE,1991-1992, 6-3,SG,24,4,54,13.5,3,12,.250,0,1,.000,8,9,.889,3,0.75,4,1.0,7,1.75,5,1.25,1,0.25,0,0.0,4,1.0,3,14,3.5,
John Morton,MIA,1991-1992, 6-3,SF,24,21,216,10.2857142857,33,81,.407,2,15,.133,24,29,.828,3,0.142857142857,16,0.761904761905,19,0.904761904762,27,1.28571428571,12,0.571428571429,1,0.047619047619,24,1.14285714286,20,92,4.38095238095,
