Player,Team,Season,Height,Position,Age,G,MIN,MINPG,FGM,FGA,FGP,TPM,TPA,TPP,FTM,FTA,FTP,ORB,ORBPG,DRB,DRBPG,TRB,TRBPG,AST,ASTPG,STL,STLPG,BLK,BLKPG,TO,TOPG,PF,PTS,PTSPG,
John Warren,NYK,1969-1970, 6-3,SG,22,44,272,6.18181818182,44,108,.407,.000,.000,.000,24,35,.686,.000,0.0,.000,0.0,40,0.909090909091,30,0.681818181818,.000,0.0,.000,0.0,.000,0.0,53,112,2.54545454545,
John Warren,CLE,1970-1971, 6-3,PG,23,82,2610,31.8292682927,380,899,.423,.000,.000,.000,180,217,.829,.000,0.0,.000,0.0,344,4.19512195122,347,4.23170731707,.000,0.0,.000,0.0,.000,0.0,299,940,11.4634146341,
John Warren,CLE,1971-1972, 6-3,SG,24,68,969,14.25,144,345,.417,.000,.000,.000,49,58,.845,.000,0.0,.000,0.0,133,1.95588235294,91,1.33823529412,.000,0.0,.000,0.0,.000,0.0,92,337,4.95588235294,
John Warren,CLE,1972-1973, 6-3,SG,25,40,290,7.25,54,111,.486,.000,.000,.000,18,19,.947,.000,0.0,.000,0.0,42,1.05,34,0.85,.000,0.0,.000,0.0,.000,0.0,45,126,3.15,
John Warren,CLE,1973-1974, 6-3,SG,26,69,790,11.4492753623,132,291,.454,.000,.000,.000,35,41,.854,42,0.608695652174,86,1.24637681159,128,1.85507246377,62,0.898550724638,27,0.391304347826,6,0.0869565217391,.000,0.0,117,299,4.33333333333,
