Player,Team,Season,Height,Position,Age,G,MIN,MINPG,FGM,FGA,FGP,TPM,TPA,TPP,FTM,FTA,FTP,ORB,ORBPG,DRB,DRBPG,TRB,TRBPG,AST,ASTPG,STL,STLPG,BLK,BLKPG,TO,TOPG,PF,PTS,PTSPG,
John Amaechi,CLE,1995-1996, 6-10,PF,25,28,357,12.75,29,70,.414,0,0,.000,19,33,.576,13,0.464285714286,39,1.39285714286,52,1.85714285714,9,0.321428571429,6,0.214285714286,11,0.392857142857,34,1.21428571429,49,77,2.75,
John Amaechi,ORL,1999-2000, 6-10,C,29,80,1684,21.05,306,700,.437,1,6,.167,223,291,.766,62,0.775,204,2.55,266,3.325,95,1.1875,35,0.4375,37,0.4625,139,1.7375,161,836,10.45,
John Amaechi,ORL,2000-2001, 6-10,C,30,82,1710,20.8536585366,237,592,.400,0,7,.000,176,279,.631,77,0.939024390244,191,2.32926829268,268,3.26829268293,74,0.90243902439,28,0.341463414634,29,0.353658536585,124,1.51219512195,175,650,7.92682926829,
John Amaechi,UTA,2001-2002, 6-10,PF,31,54,586,10.8518518519,54,166,.325,0,0,.000,67,105,.638,52,0.962962962963,57,1.05555555556,109,2.01851851852,29,0.537037037037,7,0.12962962963,10,0.185185185185,55,1.01851851852,64,175,3.24074074074,
John Amaechi,UTA,2002-2003, 6-10,C,32,50,474,9.48,37,118,.314,0,0,.000,25,52,.481,26,0.52,51,1.02,77,1.54,21,0.42,14,0.28,7,0.14,34,0.68,50,99,1.98,
