Player,Team,Season,Height,Position,Age,G,MIN,MINPG,FGM,FGA,FGP,TPM,TPA,TPP,FTM,FTA,FTP,ORB,ORBPG,DRB,DRBPG,TRB,TRBPG,AST,ASTPG,STL,STLPG,BLK,BLKPG,TO,TOPG,PF,PTS,PTSPG,
Johnny High,PHO,1979-1980, 6-3,PG,22,82,1121,13.6707317073,144,323,.446,1,7,.143,120,178,.674,69,0.841463414634,104,1.26829268293,173,2.10975609756,119,1.4512195122,71,0.865853658537,15,0.182926829268,123,1.5,172,409,4.98780487805,
Johnny High,PHO,1980-1981, 6-3,PG,23,81,1750,21.6049382716,246,576,.427,2,24,.083,183,264,.693,89,1.0987654321,139,1.71604938272,228,2.81481481481,202,2.49382716049,129,1.59259259259,26,0.320987654321,188,2.32098765432,251,677,8.35802469136,
Johnny High,PHO,1982-1983, 6-3,SG,25,82,1155,14.0853658537,100,217,.461,1,5,.200,63,136,.463,45,0.548780487805,105,1.28048780488,150,1.82926829268,153,1.86585365854,85,1.03658536585,34,0.414634146341,106,1.29268292683,205,264,3.21951219512,
Johnny High,PHO,1983-1984, 6-3,PG,26,29,512,17.6551724138,18,52,.346,0,2,.000,10,29,.345,16,0.551724137931,50,1.72413793103,66,2.27586206897,51,1.75862068966,40,1.37931034483,11,0.379310344828,38,1.31034482759,84,46,1.58620689655,
