Player,Team,Season,Height,Position,Age,G,MIN,MINPG,FGM,FGA,FGP,TPM,TPA,TPP,FTM,FTA,FTP,ORB,ORBPG,DRB,DRBPG,TRB,TRBPG,AST,ASTPG,STL,STLPG,BLK,BLKPG,TO,TOPG,PF,PTS,PTSPG,
John Jenkins,ATL,2012-2013, 6-4,SG,21,47,628,13.3617021277,84,203,.414,39,104,.375,35,43,.814,13,0.276595744681,51,1.08510638298,64,1.36170212766,32,0.68085106383,5,0.106382978723,8,0.170212765957,26,0.553191489362,30,242,5.14893617021,
