Player,Team,Season,Height,Position,Age,G,MIN,MINPG,FGM,FGA,FGP,TPM,TPA,TPP,FTM,FTA,FTP,ORB,ORBPG,DRB,DRBPG,TRB,TRBPG,AST,ASTPG,STL,STLPG,BLK,BLKPG,TO,TOPG,PF,PTS,PTSPG,
John Stroeder,MIL,1987-1988, 6-10,PF,29,41,271,6.60975609756,29,79,.367,0,2,.000,20,30,.667,24,0.585365853659,47,1.14634146341,71,1.73170731707,20,0.487804878049,3,0.0731707317073,12,0.292682926829,24,0.585365853659,48,78,1.90243902439,
John Stroeder,TOT,1988-1989, 6-10,PF,30,5,22,4.4,2,5,.400,0,0,.000,0,0,.000,5,1.0,9,1.8,14,2.8,3,0.6,0,0.0,2,0.4,3,0.6,3,4,0.8,
John Stroeder,SAS,1988-1989, 6-10,PF,30,1,2,2.0,0,0,.000,0,0,.000,0,0,.000,0,0.0,0,0.0,0,0.0,0,0.0,0,0.0,0,0.0,1,1.0,2,0,0.0,
John Stroeder,GSW,1988-1989, 6-10,PF,30,4,20,5.0,2,5,.400,0,0,.000,0,0,.000,5,1.25,9,2.25,14,3.5,3,0.75,0,0.0,2,0.5,2,0.5,1,4,1.0,
