Player,Team,Season,Height,Position,Age,G,MIN,MINPG,FGM,FGA,FGP,TPM,TPA,TPP,FTM,FTA,FTP,ORB,ORBPG,DRB,DRBPG,TRB,TRBPG,AST,ASTPG,STL,STLPG,BLK,BLKPG,TO,TOPG,PF,PTS,PTSPG,
John Hargis,AND,1949-1950, 6-2,,29,60,.000,0.0,223,550,.405,.000,.000,.000,197,277,.711,.000,0.0,.000,0.0,.000,0.0,102,1.7,.000,0.0,.000,0.0,.000,0.0,170,643,10.7166666667,
John Hargis,TOT,1950-1951, 6-2,,30,29,.000,0.0,48,127,.378,.000,.000,.000,27,42,.643,.000,0.0,.000,0.0,66,2.27586206897,25,0.862068965517,.000,0.0,.000,0.0,.000,0.0,58,123,4.24137931034,
John Hargis,FTW,1950-1951, 6-2,,30,14,.000,0.0,25,66,.379,.000,.000,.000,17,24,.708,.000,0.0,.000,0.0,30,2.14285714286,9,0.642857142857,.000,0.0,.000,0.0,.000,0.0,25,67,4.78571428571,
John Hargis,TRI,1950-1951, 6-2,,30,15,.000,0.0,23,61,.377,.000,.000,.000,10,18,.556,.000,0.0,.000,0.0,36,2.4,16,1.06666666667,.000,0.0,.000,0.0,.000,0.0,33,56,3.73333333333,
