Player,Team,Season,Height,Position,Age,G,MIN,MINPG,FGM,FGA,FGP,TPM,TPA,TPP,FTM,FTA,FTP,ORB,ORBPG,DRB,DRBPG,TRB,TRBPG,AST,ASTPG,STL,STLPG,BLK,BLKPG,TO,TOPG,PF,PTS,PTSPG,
John Tschogl,ATL,1972-1973, 6-6,SF,22,10,94,9.4,14,40,.350,.000,.000,.000,2,4,.500,.000,0.0,.000,0.0,21,2.1,6,0.6,.000,0.0,.000,0.0,.000,0.0,25,30,3.0,
John Tschogl,ATL,1973-1974, 6-6,SF,23,64,499,7.796875,59,166,.355,.000,.000,.000,10,17,.588,33,0.515625,43,0.671875,76,1.1875,33,0.515625,17,0.265625,20,0.3125,.000,0.0,69,128,2.0,
John Tschogl,PHI,1974-1975, 6-6,SF,24,39,623,15.9743589744,53,148,.358,.000,.000,.000,13,22,.591,52,1.33333333333,59,1.51282051282,111,2.84615384615,30,0.769230769231,25,0.641025641026,25,0.641025641026,.000,0.0,80,119,3.05128205128,
