Player,Team,Season,Height,Position,Age,G,MIN,MINPG,FGM,FGA,FGP,TPM,TPA,TPP,FTM,FTA,FTP,ORB,ORBPG,DRB,DRBPG,TRB,TRBPG,AST,ASTPG,STL,STLPG,BLK,BLKPG,TO,TOPG,PF,PTS,PTSPG,
John Abramovic,PIT,1946-1947, 6-3,,27,47,.000,0.0,202,834,.242,.000,.000,.000,123,178,.691,.000,0.0,.000,0.0,.000,0.0,35,0.744680851064,.000,0.0,.000,0.0,.000,0.0,161,527,11.2127659574,
John Abramovic,TOT,1947-1948, 6-3,,28,9,.000,0.0,1,21,.048,.000,.000,.000,4,7,.571,.000,0.0,.000,0.0,.000,0.0,2,0.222222222222,.000,0.0,.000,0.0,.000,0.0,10,6,0.666666666667,
John Abramovic,STB,1947-1948, 6-3,,28,4,.000,0.0,1,10,.100,.000,.000,.000,2,4,.500,.000,0.0,.000,0.0,.000,0.0,1,0.25,.000,0.0,.000,0.0,.000,0.0,5,4,1.0,
John Abramovic,BLB,1947-1948, 6-3,,28,5,.000,0.0,0,11,.000,.000,.000,.000,2,3,.667,.000,0.0,.000,0.0,.000,0.0,1,0.2,.000,0.0,.000,0.0,.000,0.0,5,2,0.4,
