Player,Team,Season,Height,Position,Age,G,MIN,MINPG,FGM,FGA,FGP,TPM,TPA,TPP,FTM,FTA,FTP,ORB,ORBPG,DRB,DRBPG,TRB,TRBPG,AST,ASTPG,STL,STLPG,BLK,BLKPG,TO,TOPG,PF,PTS,PTSPG,
Johnny Macknowski,SYR,1949-1950, 6-0,,27,59,.000,0.0,154,463,.333,.000,.000,.000,131,178,.736,.000,0.0,.000,0.0,.000,0.0,65,1.10169491525,.000,0.0,.000,0.0,.000,0.0,128,439,7.4406779661,
Johnny Macknowski,SYR,1950-1951, 6-0,,28,58,.000,0.0,131,435,.301,.000,.000,.000,122,170,.718,.000,0.0,.000,0.0,110,1.89655172414,69,1.18965517241,.000,0.0,.000,0.0,.000,0.0,134,384,6.62068965517,
