Player,Team,Season,Height,Position,Age,G,MIN,MINPG,FGM,FGA,FGP,TPM,TPA,TPP,FTM,FTA,FTP,ORB,ORBPG,DRB,DRBPG,TRB,TRBPG,AST,ASTPG,STL,STLPG,BLK,BLKPG,TO,TOPG,PF,PTS,PTSPG,
John Duren,UTA,1980-1981, 6-3,PG,22,40,458,11.45,33,101,.327,0,1,.000,5,9,.556,8,0.2,27,0.675,35,0.875,54,1.35,18,0.45,2,0.05,37,0.925,54,71,1.775,
John Duren,UTA,1981-1982, 6-3,PG,23,79,1056,13.3670886076,121,268,.451,3,11,.273,27,37,.730,14,0.177215189873,70,0.886075949367,84,1.06329113924,157,1.98734177215,20,0.253164556962,4,0.0506329113924,72,0.911392405063,143,272,3.44303797468,
John Duren,IND,1982-1983, 6-3,PG,24,82,1433,17.4756097561,163,360,.453,0,13,.000,43,54,.796,38,0.463414634146,69,0.841463414634,107,1.30487804878,200,2.43902439024,66,0.80487804878,5,0.0609756097561,96,1.17073170732,203,369,4.5,
