Player,Team,Season,Height,Position,Age,G,MIN,MINPG,FGM,FGA,FGP,TPM,TPA,TPP,FTM,FTA,FTP,ORB,ORBPG,DRB,DRBPG,TRB,TRBPG,AST,ASTPG,STL,STLPG,BLK,BLKPG,TO,TOPG,PF,PTS,PTSPG,
Johnny Ezersky,PRO,1947-1948, 6-3,,,25,.000,0.0,95,376,.253,.000,.000,.000,63,104,.606,.000,0.0,.000,0.0,.000,0.0,16,0.64,.000,0.0,.000,0.0,.000,0.0,62,253,10.12,
Johnny Ezersky,TOT,1948-1949, 6-3,,,56,.000,0.0,128,407,.314,.000,.000,.000,109,160,.681,.000,0.0,.000,0.0,.000,0.0,67,1.19642857143,.000,0.0,.000,0.0,.000,0.0,98,365,6.51785714286,
Johnny Ezersky,PRO,1948-1949, 6-3,,,11,.000,0.0,16,73,.219,.000,.000,.000,21,25,.840,.000,0.0,.000,0.0,.000,0.0,11,1.0,.000,0.0,.000,0.0,.000,0.0,13,53,4.81818181818,
Johnny Ezersky,BLB,1948-1949, 6-3,,,27,.000,0.0,44,149,.295,.000,.000,.000,39,55,.709,.000,0.0,.000,0.0,.000,0.0,27,1.0,.000,0.0,.000,0.0,.000,0.0,36,127,4.7037037037,
Johnny Ezersky,BOS,1948-1949, 6-3,,,18,.000,0.0,68,185,.368,.000,.000,.000,49,80,.613,.000,0.0,.000,0.0,.000,0.0,29,1.61111111111,.000,0.0,.000,0.0,.000,0.0,49,185,10.2777777778,
Johnny Ezersky,TOT,1949-1950, 6-3,,,54,.000,0.0,143,487,.294,.000,.000,.000,127,183,.694,.000,0.0,.000,0.0,.000,0.0,86,1.59259259259,.000,0.0,.000,0.0,.000,0.0,139,413,7.64814814815,
Johnny Ezersky,BLB,1949-1950, 6-3,,,38,.000,0.0,107,351,.305,.000,.000,.000,92,132,.697,.000,0.0,.000,0.0,.000,0.0,64,1.68421052632,.000,0.0,.000,0.0,.000,0.0,100,306,8.05263157895,
Johnny Ezersky,BOS,1949-1950, 6-3,,,16,.000,0.0,36,136,.265,.000,.000,.000,35,51,.686,.000,0.0,.000,0.0,.000,0.0,22,1.375,.000,0.0,.000,0.0,.000,0.0,39,107,6.6875,
