Player,Team,Season,Height,Position,Age,G,MIN,MINPG,FGM,FGA,FGP,TPM,TPA,TPP,FTM,FTA,FTP,ORB,ORBPG,DRB,DRBPG,TRB,TRBPG,AST,ASTPG,STL,STLPG,BLK,BLKPG,TO,TOPG,PF,PTS,PTSPG,
Johnny Horan,TOT,1955-1956, 6-8,,23,19,93,4.89473684211,12,42,.286,.000,.000,.000,10,11,.909,.000,0.0,.000,0.0,10,0.526315789474,2,0.105263157895,.000,0.0,.000,0.0,.000,0.0,21,34,1.78947368421,
Johnny Horan,FTW,1955-1956, 6-8,,23,7,43,6.14285714286,8,26,.308,.000,.000,.000,6,6,1.000,.000,0.0,.000,0.0,4,0.571428571429,1,0.142857142857,.000,0.0,.000,0.0,.000,0.0,14,22,3.14285714286,
Johnny Horan,MNL,1955-1956, 6-8,,23,12,50,4.16666666667,4,16,.250,.000,.000,.000,4,5,.800,.000,0.0,.000,0.0,6,0.5,1,0.0833333333333,.000,0.0,.000,0.0,.000,0.0,7,12,1.0,
