Player,Team,Season,Height,Position,Age,G,MIN,MINPG,FGM,FGA,FGP,TPM,TPA,TPP,FTM,FTA,FTP,ORB,ORBPG,DRB,DRBPG,TRB,TRBPG,AST,ASTPG,STL,STLPG,BLK,BLKPG,TO,TOPG,PF,PTS,PTSPG,
Johnny McCarthy,ROC,1956-1957, 6-1,PG,22,72,1560,21.6666666667,173,460,.376,.000,.000,.000,130,193,.674,.000,0.0,.000,0.0,201,2.79166666667,107,1.48611111111,.000,0.0,.000,0.0,.000,0.0,130,476,6.61111111111,
Johnny McCarthy,CIN,1958-1959, 6-1,PG,24,47,1827,38.8723404255,245,657,.373,.000,.000,.000,116,174,.667,.000,0.0,.000,0.0,227,4.82978723404,225,4.78723404255,.000,0.0,.000,0.0,.000,0.0,158,606,12.8936170213,
Johnny McCarthy,STL,1959-1960, 6-1,SG,25,75,2383,31.7733333333,240,730,.329,.000,.000,.000,149,226,.659,.000,0.0,.000,0.0,301,4.01333333333,328,4.37333333333,.000,0.0,.000,0.0,.000,0.0,233,629,8.38666666667,
Johnny McCarthy,STL,1960-1961, 6-1,PG,26,79,2519,31.8860759494,266,746,.357,.000,.000,.000,122,226,.540,.000,0.0,.000,0.0,325,4.11392405063,430,5.44303797468,.000,0.0,.000,0.0,.000,0.0,272,654,8.27848101266,
Johnny McCarthy,STL,1961-1962, 6-1,PG,27,15,333,22.2,18,73,.247,.000,.000,.000,12,27,.444,.000,0.0,.000,0.0,56,3.73333333333,70,4.66666666667,.000,0.0,.000,0.0,.000,0.0,50,48,3.2,
Johnny McCarthy,BOS,1963-1964, 6-1,PG,29,28,206,7.35714285714,16,48,.333,.000,.000,.000,5,13,.385,.000,0.0,.000,0.0,35,1.25,24,0.857142857143,.000,0.0,.000,0.0,.000,0.0,42,37,1.32142857143,
