Player,Team,Season,Height,Position,Age,G,MIN,MINPG,FGM,FGA,FGP,TPM,TPA,TPP,FTM,FTA,FTP,ORB,ORBPG,DRB,DRBPG,TRB,TRBPG,AST,ASTPG,STL,STLPG,BLK,BLKPG,TO,TOPG,PF,PTS,PTSPG,
John Brown,ATL,1973-1974, 6-7,SF,22,77,1715,22.2727272727,277,632,.438,.000,.000,.000,163,217,.751,177,2.2987012987,264,3.42857142857,441,5.72727272727,114,1.48051948052,29,0.376623376623,16,0.207792207792,.000,0.0,239,717,9.31168831169,
John Brown,ATL,1974-1975, 6-7,SF,23,73,1986,27.2054794521,315,684,.461,.000,.000,.000,185,250,.740,180,2.46575342466,254,3.47945205479,434,5.94520547945,133,1.82191780822,54,0.739726027397,15,0.205479452055,.000,0.0,228,815,11.1643835616,
John Brown,ATL,1975-1976, 6-7,PF,24,75,1758,23.44,215,486,.442,.000,.000,.000,162,209,.775,146,1.94666666667,257,3.42666666667,403,5.37333333333,126,1.68,45,0.6,16,0.213333333333,.000,0.0,235,592,7.89333333333,
John Brown,ATL,1976-1977, 6-7,SF,25,77,1405,18.2467532468,160,350,.457,.000,.000,.000,121,150,.807,75,0.974025974026,161,2.09090909091,236,3.06493506494,103,1.33766233766,46,0.597402597403,7,0.0909090909091,.000,0.0,217,441,5.72727272727,
John Brown,ATL,1977-1978, 6-7,SF,26,75,1594,21.2533333333,192,405,.474,.000,.000,.000,165,200,.825,137,1.82666666667,166,2.21333333333,303,4.04,105,1.4,55,0.733333333333,8,0.106666666667,116,1.54666666667,280,549,7.32,
John Brown,CHI,1978-1979, 6-7,SF,27,77,1265,16.4285714286,152,317,.479,.000,.000,.000,84,98,.857,83,1.07792207792,155,2.01298701299,238,3.09090909091,104,1.35064935065,18,0.233766233766,10,0.12987012987,89,1.15584415584,180,388,5.03896103896,
John Brown,TOT,1979-1980, 6-7,SF,28,32,385,12.03125,37,105,.352,0,0,.000,38,48,.792,26,0.8125,45,1.40625,71,2.21875,18,0.5625,3,0.09375,4,0.125,29,0.90625,70,112,3.5,
John Brown,UTA,1979-1980, 6-7,SF,28,4,24,6.0,0,7,.000,0,0,.000,4,4,1.000,5,1.25,4,1.0,9,2.25,4,1.0,0,0.0,0,0.0,5,1.25,4,4,1.0,
John Brown,ATL,1979-1980, 6-7,SF,28,28,361,12.8928571429,37,98,.378,0,0,.000,34,44,.773,21,0.75,41,1.46428571429,62,2.21428571429,14,0.5,3,0.107142857143,4,0.142857142857,24,0.857142857143,66,108,3.85714285714,
