Player,Team,Season,Height,Position,Age,G,MIN,MINPG,FGM,FGA,FGP,TPM,TPA,TPP,FTM,FTA,FTP,ORB,ORBPG,DRB,DRBPG,TRB,TRBPG,AST,ASTPG,STL,STLPG,BLK,BLKPG,TO,TOPG,PF,PTS,PTSPG,
John Henson,MIL,2012-2013, 6-11,PF,22,49,587,11.9795918367,119,247,.482,0,3,.000,42,80,.525,73,1.48979591837,123,2.51020408163,196,4.0,21,0.428571428571,10,0.204081632653,24,0.489795918367,33,0.673469387755,68,280,5.71428571429,
