Player,Team,Season,Height,Position,Age,G,MIN,MINPG,FGM,FGA,FGP,TPM,TPA,TPP,FTM,FTA,FTP,ORB,ORBPG,DRB,DRBPG,TRB,TRBPG,AST,ASTPG,STL,STLPG,BLK,BLKPG,TO,TOPG,PF,PTS,PTSPG,
John Mandic,INJ,1948-1949, 6-4,,29,56,.000,0.0,97,302,.321,.000,.000,.000,75,115,.652,.000,0.0,.000,0.0,.000,0.0,80,1.42857142857,.000,0.0,.000,0.0,.000,0.0,151,269,4.80357142857,
John Mandic,TOT,1949-1950, 6-4,,30,25,.000,0.0,22,75,.293,.000,.000,.000,22,32,.688,.000,0.0,.000,0.0,.000,0.0,8,0.32,.000,0.0,.000,0.0,.000,0.0,54,66,2.64,
John Mandic,WSC,1949-1950, 6-4,,30,22,.000,0.0,21,65,.323,.000,.000,.000,20,30,.667,.000,0.0,.000,0.0,.000,0.0,7,0.318181818182,.000,0.0,.000,0.0,.000,0.0,47,62,2.81818181818,
John Mandic,BLB,1949-1950, 6-4,,30,3,.000,0.0,1,10,.100,.000,.000,.000,2,2,1.000,.000,0.0,.000,0.0,.000,0.0,1,0.333333333333,.000,0.0,.000,0.0,.000,0.0,7,4,1.33333333333,
