Player,Team,Season,Height,Position,Age,G,MIN,MINPG,FGM,FGA,FGP,TPM,TPA,TPP,FTM,FTA,FTP,ORB,ORBPG,DRB,DRBPG,TRB,TRBPG,AST,ASTPG,STL,STLPG,BLK,BLKPG,TO,TOPG,PF,PTS,PTSPG,
John Shasky,MIA,1988-1989, 6-11,C,24,65,944,14.5230769231,121,248,.488,0,2,.000,115,167,.689,96,1.47692307692,136,2.09230769231,232,3.56923076923,22,0.338461538462,14,0.215384615385,13,0.2,46,0.707692307692,94,357,5.49230769231,
John Shasky,GSW,1989-1990, 6-11,C,25,14,51,3.64285714286,4,14,.286,0,0,.000,2,6,.333,4,0.285714285714,9,0.642857142857,13,0.928571428571,1,0.0714285714286,1,0.0714285714286,2,0.142857142857,2,0.142857142857,10,10,0.714285714286,
John Shasky,DAL,1990-1991, 6-11,C,26,57,510,8.94736842105,51,116,.440,0,0,.000,48,79,.608,58,1.01754385965,76,1.33333333333,134,2.35087719298,11,0.19298245614,14,0.245614035088,20,0.350877192982,27,0.473684210526,75,150,2.63157894737,
