Player,Team,Season,Height,Position,Age,G,MIN,MINPG,FGM,FGA,FGP,TPM,TPA,TPP,FTM,FTA,FTP,ORB,ORBPG,DRB,DRBPG,TRB,TRBPG,AST,ASTPG,STL,STLPG,BLK,BLKPG,TO,TOPG,PF,PTS,PTSPG,
Johnny Taylor,ORL,1997-1998, 6-9,SF,23,12,108,9.0,13,37,.351,1,2,.500,11,16,.688,4,0.333333333333,9,0.75,13,1.08333333333,1,0.0833333333333,3,0.25,2,0.166666666667,8,0.666666666667,22,38,3.16666666667,
Johnny Taylor,DEN,1998-1999, 6-9,SF,24,36,724,20.1111111111,82,198,.414,26,68,.382,17,23,.739,30,0.833333333333,71,1.97222222222,101,2.80555555556,24,0.666666666667,28,0.777777777778,17,0.472222222222,34,0.944444444444,97,207,5.75,
Johnny Taylor,TOT,1999-2000, 6-9,SF,25,6,34,5.66666666667,5,14,.357,1,1,1.000,0,0,.000,2,0.333333333333,4,0.666666666667,6,1.0,1,0.166666666667,1,0.166666666667,1,0.166666666667,2,0.333333333333,5,11,1.83333333333,
Johnny Taylor,DEN,1999-2000, 6-9,SF,25,1,5,5.0,0,2,.000,0,0,.000,0,0,.000,0,0.0,1,1.0,1,1.0,0,0.0,0,0.0,0,0.0,0,0.0,1,0,0.0,
Johnny Taylor,ORL,1999-2000, 6-9,SF,25,5,29,5.8,5,12,.417,1,1,1.000,0,0,.000,2,0.4,3,0.6,5,1.0,1,0.2,1,0.2,1,0.2,2,0.4,4,11,2.2,
