Player,Team,Season,Height,Position,Age,G,MIN,MINPG,FGM,FGA,FGP,TPM,TPA,TPP,FTM,FTA,FTP,ORB,ORBPG,DRB,DRBPG,TRB,TRBPG,AST,ASTPG,STL,STLPG,BLK,BLKPG,TO,TOPG,PF,PTS,PTSPG,
John Beasley,DLC,1967-1968, 6-9,C,23,77,2840,36.8831168831,622,1264,.492,0,2,.000,271,322,.842,278,3.61038961039,704,9.14285714286,982,12.7532467532,112,1.45454545455,.000,0.0,.000,0.0,107,1.38961038961,245,1515,19.6753246753,
John Beasley,DLC,1968-1969, 6-9,PF,24,78,3050,39.1025641026,585,1200,.488,3,10,.300,332,402,.826,248,3.17948717949,582,7.46153846154,830,10.641025641,110,1.41025641026,.000,0.0,.000,0.0,136,1.74358974359,259,1505,19.2948717949,
John Beasley,DLC,1969-1970, 6-9,PF,25,84,3066,36.5,626,1254,.499,3,8,.375,284,347,.818,303,3.60714285714,703,8.36904761905,1006,11.9761904762,132,1.57142857143,.000,0.0,.000,0.0,175,2.08333333333,278,1539,18.3214285714,
John Beasley,TEX,1970-1971, 6-9,PF,26,83,2691,32.421686747,532,1070,.497,16,58,.276,236,285,.828,303,3.65060240964,462,5.56626506024,765,9.21686746988,147,1.77108433735,.000,0.0,.000,0.0,109,1.31325301205,206,1316,15.8554216867,
John Beasley,TOT,1971-1972, 6-9,PF,27,70,885,12.6428571429,132,284,.465,8,25,.320,61,75,.813,100,1.42857142857,190,2.71428571429,290,4.14285714286,39,0.557142857143,.000,0.0,.000,0.0,36,0.514285714286,107,333,4.75714285714,
John Beasley,DLC,1971-1972, 6-9,PF,27,12,268,22.3333333333,42,85,.494,0,2,.000,24,29,.828,30,2.5,60,5.0,90,7.5,13,1.08333333333,.000,0.0,.000,0.0,12,1.0,26,108,9.0,
John Beasley,UTS,1971-1972, 6-9,PF,27,58,617,10.6379310345,90,199,.452,8,23,.348,37,46,.804,70,1.20689655172,130,2.24137931034,200,3.44827586207,26,0.448275862069,.000,0.0,.000,0.0,24,0.413793103448,81,225,3.87931034483,
John Beasley,UTS,1972-1973, 6-9,PF,28,71,934,13.1549295775,214,417,.513,29,89,.326,62,70,.886,82,1.15492957746,182,2.56338028169,264,3.71830985915,43,0.605633802817,.000,0.0,.000,0.0,39,0.549295774648,142,519,7.30985915493,
John Beasley,UTS,1973-1974, 6-9,PF,29,43,481,11.1860465116,75,181,.414,22,64,.344,10,11,.909,45,1.04651162791,75,1.74418604651,120,2.79069767442,19,0.441860465116,7,0.162790697674,10,0.232558139535,21,0.488372093023,57,182,4.23255813953,
