Player,Team,Season,Height,Position,Age,G,MIN,MINPG,FGM,FGA,FGP,TPM,TPA,TPP,FTM,FTA,FTP,ORB,ORBPG,DRB,DRBPG,TRB,TRBPG,AST,ASTPG,STL,STLPG,BLK,BLKPG,TO,TOPG,PF,PTS,PTSPG,
Johnny Rogers,SAC,1986-1987, 6-10,PF,23,45,468,10.4,90,185,.486,0,5,.000,9,15,.600,30,0.666666666667,47,1.04444444444,77,1.71111111111,26,0.577777777778,9,0.2,8,0.177777777778,20,0.444444444444,66,189,4.2,
Johnny Rogers,CLE,1987-1988, 6-10,PF,24,24,168,7.0,26,61,.426,0,2,.000,10,13,.769,8,0.333333333333,19,0.791666666667,27,1.125,3,0.125,4,0.166666666667,3,0.125,10,0.416666666667,23,62,2.58333333333,
