Player,Team,Season,Height,Position,Age,G,MIN,MINPG,FGM,FGA,FGP,TPM,TPA,TPP,FTM,FTA,FTP,ORB,ORBPG,DRB,DRBPG,TRB,TRBPG,AST,ASTPG,STL,STLPG,BLK,BLKPG,TO,TOPG,PF,PTS,PTSPG,
John Schweitz,SEA,1984-1985, 6-6,SG,24,19,110,5.78947368421,25,74,.338,0,4,.000,7,10,.700,6,0.315789473684,15,0.789473684211,21,1.10526315789,18,0.947368421053,0,0.0,1,0.0526315789474,14,0.736842105263,12,57,3.0,
John Schweitz,DET,1986-1987, 6-6,SG,26,3,7,2.33333333333,0,1,.000,0,0,.000,0,0,.000,0,0.0,1,0.333333333333,1,0.333333333333,0,0.0,0,0.0,0,0.0,2,0.666666666667,2,0,0.0,
