Player,Team,Season,Height,Position,Age,G,MIN,MINPG,FGM,FGA,FGP,TPM,TPA,TPP,FTM,FTA,FTP,ORB,ORBPG,DRB,DRBPG,TRB,TRBPG,AST,ASTPG,STL,STLPG,BLK,BLKPG,TO,TOPG,PF,PTS,PTSPG,
Johnny Austin,BAL,1966-1967, 6-0,SG,22,4,61,15.25,5,22,.227,.000,.000,.000,13,16,.813,.000,0.0,.000,0.0,7,1.75,4,1.0,.000,0.0,.000,0.0,.000,0.0,12,23,5.75,
Johnny Austin,NJA,1967-1968, 6-0,SG,23,41,692,16.8780487805,108,279,.387,0,11,.000,101,140,.721,.000,0.0,.000,0.0,64,1.56097560976,58,1.41463414634,.000,0.0,.000,0.0,57,1.39024390244,110,317,7.73170731707,
