Player,Team,Season,Height,Position,Age,G,MIN,MINPG,FGM,FGA,FGP,TPM,TPA,TPP,FTM,FTA,FTP,ORB,ORBPG,DRB,DRBPG,TRB,TRBPG,AST,ASTPG,STL,STLPG,BLK,BLKPG,TO,TOPG,PF,PTS,PTSPG,
John Garris,CLE,1983-1984, 6-8,PF,24,33,267,8.09090909091,52,102,.510,0,0,.000,27,34,.794,35,1.06060606061,42,1.27272727273,77,2.33333333333,10,0.30303030303,8,0.242424242424,6,0.181818181818,11,0.333333333333,40,131,3.9696969697,
