Player,Team,Season,Height,Position,Age,G,MIN,MINPG,FGM,FGA,FGP,TPM,TPA,TPP,FTM,FTA,FTP,ORB,ORBPG,DRB,DRBPG,TRB,TRBPG,AST,ASTPG,STL,STLPG,BLK,BLKPG,TO,TOPG,PF,PTS,PTSPG,
John Wall,WAS,2010-2011, 6-4,PG,20,69,2606,37.768115942,398,972,.409,34,115,.296,301,393,.766,35,0.507246376812,282,4.08695652174,317,4.59420289855,574,8.31884057971,121,1.75362318841,35,0.507246376812,261,3.78260869565,175,1131,16.3913043478,
John Wall,WAS,2011-2012, 6-4,PG,21,66,2386,36.1515151515,378,894,.423,3,42,.071,317,402,.789,48,0.727272727273,252,3.81818181818,300,4.54545454545,530,8.0303030303,95,1.43939393939,57,0.863636363636,255,3.86363636364,137,1076,16.303030303,
John Wall,WAS,2012-2013, 6-4,PG,22,30,921,30.7,163,387,.421,3,20,.150,116,140,.829,16,0.533333333333,87,2.9,103,3.43333333333,222,7.4,38,1.26666666667,25,0.833333333333,107,3.56666666667,71,445,14.8333333333,
