Player,Team,Season,Height,Position,Age,G,MIN,MINPG,FGM,FGA,FGP,TPM,TPA,TPP,FTM,FTA,FTP,ORB,ORBPG,DRB,DRBPG,TRB,TRBPG,AST,ASTPG,STL,STLPG,BLK,BLKPG,TO,TOPG,PF,PTS,PTSPG,
Johnny Baum,CHI,1969-1970, 6-5,SF,23,3,13,4.33333333333,3,11,.273,.000,.000,.000,0,0,.000,.000,0.0,.000,0.0,4,1.33333333333,0,0.0,.000,0.0,.000,0.0,.000,0.0,1,6,2.0,
Johnny Baum,CHI,1970-1971, 6-5,SF,24,62,543,8.75806451613,123,293,.420,.000,.000,.000,40,58,.690,.000,0.0,.000,0.0,125,2.01612903226,31,0.5,.000,0.0,.000,0.0,.000,0.0,55,286,4.61290322581,
Johnny Baum,NYA,1971-1972, 6-5,SF,25,44,551,12.5227272727,103,170,.606,0,0,.000,41,52,.788,54,1.22727272727,81,1.84090909091,135,3.06818181818,17,0.386363636364,.000,0.0,.000,0.0,24,0.545454545455,75,247,5.61363636364,
Johnny Baum,NYA,1972-1973, 6-5,SF,26,75,1071,14.28,221,438,.505,0,2,.000,107,143,.748,75,1.0,126,1.68,201,2.68,31,0.413333333333,.000,0.0,.000,0.0,76,1.01333333333,99,549,7.32,
Johnny Baum,TOT,1973-1974, 6-5,SF,27,60,1219,20.3166666667,180,400,.450,0,0,.000,50,61,.820,81,1.35,120,2.0,201,3.35,62,1.03333333333,36,0.6,16,0.266666666667,47,0.783333333333,101,410,6.83333333333,
Johnny Baum,MMT,1973-1974, 6-5,SF,27,47,1106,23.5319148936,163,364,.448,0,0,.000,48,57,.842,69,1.46808510638,107,2.27659574468,176,3.74468085106,60,1.27659574468,30,0.63829787234,14,0.297872340426,41,0.872340425532,84,374,7.95744680851,
Johnny Baum,INA,1973-1974, 6-5,SF,27,13,113,8.69230769231,17,36,.472,0,0,.000,2,4,.500,12,0.923076923077,13,1.0,25,1.92307692308,2,0.153846153846,6,0.461538461538,2,0.153846153846,6,0.461538461538,17,36,2.76923076923,
