Player,Team,Season,Height,Position,Age,G,MIN,MINPG,FGM,FGA,FGP,TPM,TPA,TPP,FTM,FTA,FTP,ORB,ORBPG,DRB,DRBPG,TRB,TRBPG,AST,ASTPG,STL,STLPG,BLK,BLKPG,TO,TOPG,PF,PTS,PTSPG,
John Oldham,FTW,1949-1950, 6-3,,26,59,.000,0.0,127,426,.298,.000,.000,.000,103,145,.710,.000,0.0,.000,0.0,.000,0.0,99,1.67796610169,.000,0.0,.000,0.0,.000,0.0,192,357,6.05084745763,
John Oldham,FTW,1950-1951, 6-3,,27,68,.000,0.0,199,597,.333,.000,.000,.000,171,292,.586,.000,0.0,.000,0.0,242,3.55882352941,127,1.86764705882,.000,0.0,.000,0.0,.000,0.0,242,569,8.36764705882,
