Player,Team,Season,Height,Position,Age,G,MIN,MINPG,FGM,FGA,FGP,TPM,TPA,TPP,FTM,FTA,FTP,ORB,ORBPG,DRB,DRBPG,TRB,TRBPG,AST,ASTPG,STL,STLPG,BLK,BLKPG,TO,TOPG,PF,PTS,PTSPG,
Jon Leuer,MIL,2011-2012, 6-10,PF,22,46,555,12.0652173913,97,191,.508,3,9,.333,21,28,.750,45,0.978260869565,75,1.63043478261,120,2.60869565217,25,0.54347826087,14,0.304347826087,17,0.369565217391,18,0.391304347826,67,218,4.73913043478,
Jon Leuer,TOT,2012-2013, 6-10,C,23,19,149,7.84210526316,18,42,.429,0,3,.000,3,10,.300,11,0.578947368421,16,0.842105263158,27,1.42105263158,6,0.315789473684,5,0.263157894737,0,0.0,7,0.368421052632,18,39,2.05263157895,
Jon Leuer,CLE,2012-2013, 6-10,C,23,9,91,10.1111111111,10,28,.357,0,3,.000,2,6,.333,5,0.555555555556,8,0.888888888889,13,1.44444444444,5,0.555555555556,2,0.222222222222,0,0.0,5,0.555555555556,11,22,2.44444444444,
Jon Leuer,MEM,2012-2013, 6-10,,23,10,58,5.8,8,14,.571,0,0,.000,1,4,.250,6,0.6,8,0.8,14,1.4,1,0.1,3,0.3,0,0.0,2,0.2,7,17,1.7,
