Player,Team,Season,Height,Position,Age,G,MIN,MINPG,FGM,FGA,FGP,TPM,TPA,TPP,FTM,FTA,FTP,ORB,ORBPG,DRB,DRBPG,TRB,TRBPG,AST,ASTPG,STL,STLPG,BLK,BLKPG,TO,TOPG,PF,PTS,PTSPG,
Jon Sundvold,SEA,1983-1984, 6-2,PG,22,73,1284,17.5890410959,217,488,.445,9,37,.243,64,72,.889,23,0.315068493151,68,0.931506849315,91,1.24657534247,239,3.27397260274,29,0.397260273973,1,0.013698630137,81,1.1095890411,81,507,6.94520547945,
Jon Sundvold,SEA,1984-1985, 6-2,PG,23,73,1150,15.7534246575,170,400,.425,12,38,.316,48,59,.814,17,0.232876712329,53,0.72602739726,70,0.958904109589,206,2.82191780822,36,0.493150684932,1,0.013698630137,85,1.16438356164,87,400,5.47945205479,
Jon Sundvold,SAS,1985-1986, 6-2,PG,24,70,1150,16.4285714286,220,476,.462,21,60,.350,39,48,.813,22,0.314285714286,58,0.828571428571,80,1.14285714286,261,3.72857142857,34,0.485714285714,0,0.0,85,1.21428571429,110,500,7.14285714286,
Jon Sundvold,SAS,1986-1987, 6-2,PG,25,76,1765,23.2236842105,365,751,.486,50,149,.336,70,84,.833,20,0.263157894737,78,1.02631578947,98,1.28947368421,315,4.14473684211,35,0.460526315789,0,0.0,97,1.27631578947,109,850,11.1842105263,
Jon Sundvold,SAS,1987-1988, 6-2,PG,26,52,1024,19.6923076923,176,379,.464,26,64,.406,43,48,.896,14,0.269230769231,34,0.653846153846,48,0.923076923077,183,3.51923076923,27,0.519230769231,2,0.0384615384615,57,1.09615384615,54,421,8.09615384615,
Jon Sundvold,MIA,1988-1989, 6-2,SG,27,68,1338,19.6764705882,307,675,.455,48,92,.522,47,57,.825,18,0.264705882353,69,1.01470588235,87,1.27941176471,137,2.01470588235,27,0.397058823529,1,0.0147058823529,87,1.27941176471,78,709,10.4264705882,
Jon Sundvold,MIA,1989-1990, 6-2,SG,28,63,867,13.7619047619,148,363,.408,44,100,.440,44,52,.846,15,0.238095238095,56,0.888888888889,71,1.12698412698,102,1.61904761905,25,0.396825396825,0,0.0,52,0.825396825397,69,384,6.09523809524,
Jon Sundvold,MIA,1990-1991, 6-2,SG,29,24,225,9.375,43,107,.402,15,35,.429,11,11,1.000,3,0.125,6,0.25,9,0.375,24,1.0,7,0.291666666667,0,0.0,16,0.666666666667,11,112,4.66666666667,
Jon Sundvold,MIA,1991-1992, 6-2,PG,30,3,8,2.66666666667,1,3,.333,1,1,1.000,0,0,.000,0,0.0,0,0.0,0,0.0,2,0.666666666667,0,0.0,0,0.0,0,0.0,2,3,1.0,
