Player,Team,Season,Height,Position,Age,G,MIN,MINPG,FGM,FGA,FGP,TPM,TPA,TPP,FTM,FTA,FTP,ORB,ORBPG,DRB,DRBPG,TRB,TRBPG,AST,ASTPG,STL,STLPG,BLK,BLKPG,TO,TOPG,PF,PTS,PTSPG,
Jonathan Bender,IND,1999-2000, 6-11,SF,19,24,130,5.41666666667,23,70,.329,2,12,.167,16,24,.667,4,0.166666666667,17,0.708333333333,21,0.875,3,0.125,1,0.0416666666667,5,0.208333333333,7,0.291666666667,18,64,2.66666666667,
Jonathan Bender,IND,2000-2001, 6-11,SF,20,59,574,9.72881355932,66,186,.355,11,41,.268,50,68,.735,14,0.237288135593,60,1.01694915254,74,1.25423728814,32,0.542372881356,7,0.118644067797,28,0.474576271186,42,0.71186440678,73,193,3.27118644068,
Jonathan Bender,IND,2001-2002, 6-11,SF,21,78,1647,21.1153846154,198,460,.430,45,125,.360,140,181,.773,64,0.820512820513,180,2.30769230769,244,3.12820512821,62,0.794871794872,19,0.24358974359,49,0.628205128205,96,1.23076923077,147,581,7.44871794872,
Jonathan Bender,IND,2002-2003, 6-11,SF,22,46,819,17.8043478261,112,254,.441,19,53,.358,60,84,.714,42,0.913043478261,91,1.97826086957,133,2.89130434783,42,0.913043478261,8,0.173913043478,56,1.21739130435,42,0.913043478261,86,303,6.58695652174,
Jonathan Bender,IND,2003-2004, 6-11,SF,23,21,271,12.9047619048,50,106,.472,9,22,.409,39,47,.830,9,0.428571428571,31,1.47619047619,40,1.90476190476,9,0.428571428571,5,0.238095238095,11,0.52380952381,33,1.57142857143,23,148,7.04761904762,
Jonathan Bender,IND,2004-2005, 6-11,SF,24,7,93,13.2857142857,16,40,.400,1,5,.200,3,6,.500,5,0.714285714286,9,1.28571428571,14,2.0,4,0.571428571429,1,0.142857142857,2,0.285714285714,10,1.42857142857,9,36,5.14285714286,
Jonathan Bender,IND,2005-2006, 6-11,SF,25,2,21,10.5,4,5,.800,0,0,.000,2,2,1.000,0,0.0,4,2.0,4,2.0,2,1.0,0,0.0,1,0.5,0,0.0,2,10,5.0,
Jonathan Bender,NYK,2009-2010, 6-11,SF,29,25,292,11.68,40,100,.400,14,39,.359,24,26,.923,15,0.6,37,1.48,52,2.08,16,0.64,2,0.08,17,0.68,28,1.12,33,118,4.72,
