Player,Team,Season,Height,Position,Age,G,MIN,MINPG,FGM,FGA,FGP,TPM,TPA,TPP,FTM,FTA,FTP,ORB,ORBPG,DRB,DRBPG,TRB,TRBPG,AST,ASTPG,STL,STLPG,BLK,BLKPG,TO,TOPG,PF,PTS,PTSPG,
Jordan Hamilton,DEN,2011-2012, 6-7,SF,21,26,258,9.92307692308,48,111,.432,17,47,.362,2,5,.400,11,0.423076923077,51,1.96153846154,62,2.38461538462,20,0.769230769231,4,0.153846153846,3,0.115384615385,16,0.615384615385,15,115,4.42307692308,
Jordan Hamilton,DEN,2012-2013, 6-7,SF,22,35,366,10.4571428571,76,181,.420,26,68,.382,11,23,.478,26,0.742857142857,60,1.71428571429,86,2.45714285714,21,0.6,15,0.428571428571,8,0.228571428571,18,0.514285714286,24,189,5.4,
