Player,Team,Season,Height,Position,Age,G,MIN,MINPG,FGM,FGA,FGP,TPM,TPA,TPP,FTM,FTA,FTP,ORB,ORBPG,DRB,DRBPG,TRB,TRBPG,AST,ASTPG,STL,STLPG,BLK,BLKPG,TO,TOPG,PF,PTS,PTSPG,
Jordan Hill,TOT,2009-2010, 6-10,PF,22,47,624,13.2765957447,99,201,.493,0,2,.000,46,68,.676,76,1.6170212766,99,2.10638297872,175,3.72340425532,20,0.425531914894,14,0.297872340426,21,0.446808510638,30,0.63829787234,92,244,5.1914893617,
Jordan Hill,NYK,2009-2010, 6-10,PF,22,24,252,10.5,41,92,.446,0,2,.000,15,21,.714,32,1.33333333333,29,1.20833333333,61,2.54166666667,7,0.291666666667,10,0.416666666667,9,0.375,12,0.5,37,97,4.04166666667,
Jordan Hill,HOU,2009-2010, 6-10,PF,22,23,372,16.1739130435,58,109,.532,0,0,.000,31,47,.660,44,1.91304347826,70,3.04347826087,114,4.95652173913,13,0.565217391304,4,0.173913043478,12,0.521739130435,18,0.782608695652,55,147,6.39130434783,
Jordan Hill,HOU,2010-2011, 6-10,C,23,72,1125,15.625,173,352,.491,0,2,.000,60,85,.706,128,1.77777777778,178,2.47222222222,306,4.25,29,0.402777777778,14,0.194444444444,52,0.722222222222,62,0.861111111111,157,406,5.63888888889,
Jordan Hill,TOT,2011-2012, 6-10,C,24,39,551,14.1282051282,82,165,.497,0,3,.000,30,47,.638,61,1.5641025641,125,3.20512820513,186,4.76923076923,16,0.410256410256,14,0.358974358974,27,0.692307692308,31,0.794871794872,71,194,4.97435897436,
Jordan Hill,HOU,2011-2012, 6-10,C,24,32,469,14.65625,68,135,.504,0,3,.000,25,39,.641,47,1.46875,108,3.375,155,4.84375,14,0.4375,9,0.28125,21,0.65625,24,0.75,60,161,5.03125,
Jordan Hill,LAL,2011-2012, 6-10,C,24,7,82,11.7142857143,14,30,.467,0,0,.000,5,8,.625,14,2.0,17,2.42857142857,31,4.42857142857,2,0.285714285714,5,0.714285714286,6,0.857142857143,7,1.0,11,33,4.71428571429,
Jordan Hill,LAL,2012-2013, 6-10,PF,25,29,458,15.7931034483,77,155,.497,0,2,.000,40,61,.656,82,2.8275862069,84,2.89655172414,166,5.72413793103,13,0.448275862069,8,0.275862068966,19,0.655172413793,26,0.896551724138,55,194,6.68965517241,
