Player,Team,Season,Height,Position,Age,G,MIN,MINPG,FGM,FGA,FGP,TPM,TPA,TPP,FTM,FTA,FTP,ORB,ORBPG,DRB,DRBPG,TRB,TRBPG,AST,ASTPG,STL,STLPG,BLK,BLKPG,TO,TOPG,PF,PTS,PTSPG,
Jordan Crawford,TOT,2010-2011, 6-4,SG,22,42,1027,24.4523809524,192,500,.384,33,128,.258,73,84,.869,31,0.738095238095,74,1.7619047619,105,2.5,117,2.78571428571,39,0.928571428571,3,0.0714285714286,83,1.97619047619,63,490,11.6666666667,
Jordan Crawford,ATL,2010-2011, 6-4,SG,22,16,160,10.0,27,77,.351,9,27,.333,4,6,.667,9,0.5625,19,1.1875,28,1.75,15,0.9375,3,0.1875,0,0.0,15,0.9375,13,67,4.1875,
Jordan Crawford,WAS,2010-2011, 6-4,SG,22,26,867,33.3461538462,165,423,.390,24,101,.238,69,78,.885,22,0.846153846154,55,2.11538461538,77,2.96153846154,102,3.92307692308,36,1.38461538462,3,0.115384615385,68,2.61538461538,50,423,16.2692307692,
Jordan Crawford,WAS,2011-2012, 6-4,SG,23,64,1753,27.390625,349,872,.400,79,273,.289,161,203,.793,44,0.6875,124,1.9375,168,2.625,190,2.96875,59,0.921875,5,0.078125,141,2.203125,111,938,14.65625,
Jordan Crawford,TOT,2012-2013, 6-4,PG,24,53,1289,24.320754717,236,567,.416,66,193,.342,99,121,.818,32,0.603773584906,128,2.41509433962,160,3.01886792453,169,3.18867924528,29,0.547169811321,6,0.11320754717,108,2.03773584906,76,637,12.0188679245,
Jordan Crawford,WAS,2012-2013, 6-4,PG,24,43,1127,26.2093023256,211,508,.415,59,171,.345,87,106,.821,31,0.720930232558,104,2.41860465116,135,3.13953488372,157,3.6511627907,27,0.627906976744,5,0.116279069767,97,2.25581395349,61,568,13.2093023256,
Jordan Crawford,BOS,2012-2013, 6-4,,24,10,162,16.2,25,59,.424,7,22,.318,12,15,.800,1,0.1,24,2.4,25,2.5,12,1.2,2,0.2,1,0.1,11,1.1,15,69,6.9,
