Player,Team,Season,Height,Position,Age,G,MIN,MINPG,FGM,FGA,FGP,TPM,TPA,TPP,FTM,FTA,FTP,ORB,ORBPG,DRB,DRBPG,TRB,TRBPG,AST,ASTPG,STL,STLPG,BLK,BLKPG,TO,TOPG,PF,PTS,PTSPG,
Jose Barea,DAL,2006-2007, 6-0,PG,22,33,191,5.78787878788,28,78,.359,6,21,.286,16,24,.667,7,0.212121212121,18,0.545454545455,25,0.757575757576,24,0.727272727273,1,0.030303030303,1,0.030303030303,14,0.424242424242,19,78,2.36363636364,
Jose Barea,DAL,2007-2008, 6-0,PG,23,44,460,10.4545454545,71,170,.418,21,54,.389,28,35,.800,4,0.0909090909091,43,0.977272727273,47,1.06818181818,58,1.31818181818,14,0.318181818182,1,0.0227272727273,35,0.795454545455,48,191,4.34090909091,
Jose Barea,DAL,2008-2009, 6-0,SG,24,79,1600,20.253164557,246,557,.442,55,154,.357,70,93,.753,36,0.455696202532,141,1.78481012658,177,2.24050632911,269,3.40506329114,37,0.46835443038,5,0.0632911392405,105,1.32911392405,121,617,7.81012658228,
Jose Barea,DAL,2009-2010, 6-0,PG,25,78,1546,19.8205128205,232,527,.440,56,157,.357,76,90,.844,17,0.217948717949,129,1.65384615385,146,1.87179487179,258,3.30769230769,35,0.448717948718,6,0.0769230769231,102,1.30769230769,119,596,7.64102564103,
Jose Barea,DAL,2010-2011, 6-0,PG,26,81,1669,20.6049382716,285,649,.439,66,189,.349,133,157,.847,29,0.358024691358,130,1.6049382716,159,1.96296296296,317,3.91358024691,30,0.37037037037,1,0.0123456790123,136,1.67901234568,136,769,9.49382716049,
Jose Barea,MIN,2011-2012, 6-0,PG,27,41,1032,25.1707317073,167,418,.400,53,143,.371,76,98,.776,14,0.341463414634,100,2.43902439024,114,2.78048780488,232,5.65853658537,21,0.512195121951,0,0.0,103,2.51219512195,61,463,11.2926829268,
Jose Barea,MIN,2012-2013, 6-0,PG,28,54,1280,23.7037037037,230,568,.405,70,198,.354,80,99,.808,26,0.481481481481,136,2.51851851852,162,3.0,224,4.14814814815,27,0.5,0,0.0,108,2.0,104,610,11.2962962963,
