Player,Team,Season,Height,Position,Age,G,MIN,MINPG,FGM,FGA,FGP,TPM,TPA,TPP,FTM,FTA,FTP,ORB,ORBPG,DRB,DRBPG,TRB,TRBPG,AST,ASTPG,STL,STLPG,BLK,BLKPG,TO,TOPG,PF,PTS,PTSPG,
Joseph Forte,BOS,2001-2002, 6-4,SG,20,8,39,4.875,1,12,.083,0,3,.000,4,4,1.000,1,0.125,5,0.625,6,0.75,6,0.75,2,0.25,0,0.0,3,0.375,1,6,0.75,
Joseph Forte,SEA,2002-2003, 6-4,SG,21,17,86,5.05882352941,10,35,.286,0,3,.000,4,6,.667,4,0.235294117647,7,0.411764705882,11,0.647058823529,11,0.647058823529,4,0.235294117647,0,0.0,10,0.588235294118,6,24,1.41176470588,
