Player,Team,Season,Height,Position,Age,G,MIN,MINPG,FGM,FGA,FGP,TPM,TPA,TPP,FTM,FTA,FTP,ORB,ORBPG,DRB,DRBPG,TRB,TRBPG,AST,ASTPG,STL,STLPG,BLK,BLKPG,TO,TOPG,PF,PTS,PTSPG,
Josh Davis,ATL,2003-2004, 6-8,PF,23,4,23,5.75,2,5,.400,0,2,.000,1,1,1.000,1,0.25,4,1.0,5,1.25,0,0.0,0,0.0,0,0.0,2,0.5,3,5,1.25,
Josh Davis,PHI,2004-2005, 6-8,PF,24,42,328,7.80952380952,42,111,.378,19,53,.358,14,17,.824,29,0.690476190476,50,1.19047619048,79,1.88095238095,12,0.285714285714,8,0.190476190476,4,0.0952380952381,15,0.357142857143,45,117,2.78571428571,
Josh Davis,TOT,2005-2006, 6-8,PF,25,6,17,2.83333333333,2,7,.286,0,2,.000,2,3,.667,3,0.5,1,0.166666666667,4,0.666666666667,1,0.166666666667,2,0.333333333333,0,0.0,1,0.166666666667,3,6,1.0,
Josh Davis,MIL,2005-2006, 6-8,PF,25,4,12,3.0,1,4,.250,0,1,.000,0,0,.000,2,0.5,1,0.25,3,0.75,1,0.25,1,0.25,0,0.0,1,0.25,2,2,0.5,
Josh Davis,HOU,2005-2006, 6-8,PF,25,1,0,0.0,0,0,.000,0,0,.000,0,0,.000,0,0.0,0,0.0,0,0.0,0,0.0,0,0.0,0,0.0,0,0.0,1,0,0.0,
Josh Davis,PHO,2005-2006, 6-8,PF,25,1,5,5.0,1,3,.333,0,1,.000,2,3,.667,1,1.0,0,0.0,1,1.0,0,0.0,1,1.0,0,0.0,0,0.0,0,4,4.0,
Josh Davis,MEM,2011-2012, 6-8,PF,31,15,130,8.66666666667,10,27,.370,4,13,.308,4,8,.500,16,1.06666666667,11,0.733333333333,27,1.8,6,0.4,7,0.466666666667,1,0.0666666666667,3,0.2,19,28,1.86666666667,
