Player,Team,Season,Height,Position,Age,G,MIN,MINPG,FGM,FGA,FGP,TPM,TPA,TPP,FTM,FTA,FTP,ORB,ORBPG,DRB,DRBPG,TRB,TRBPG,AST,ASTPG,STL,STLPG,BLK,BLKPG,TO,TOPG,PF,PTS,PTSPG,
Josh Powell,DAL,2005-2006, 6-9,PF,23,37,429,11.5945945946,37,81,.457,0,0,.000,36,45,.800,28,0.756756756757,53,1.43243243243,81,2.18918918919,9,0.243243243243,7,0.189189189189,4,0.108108108108,22,0.594594594595,52,110,2.97297297297,
Josh Powell,TOT,2006-2007, 6-9,PF,24,37,353,9.54054054054,43,93,.462,0,0,.000,30,42,.714,24,0.648648648649,64,1.72972972973,88,2.37837837838,21,0.567567567568,5,0.135135135135,12,0.324324324324,29,0.783783783784,61,116,3.13513513514,
Josh Powell,IND,2006-2007, 6-9,PF,24,7,64,9.14285714286,2,15,.133,0,0,.000,8,12,.667,7,1.0,12,1.71428571429,19,2.71428571429,3,0.428571428571,0,0.0,0,0.0,5,0.714285714286,18,12,1.71428571429,
Josh Powell,GSW,2006-2007, 6-9,PF,24,30,289,9.63333333333,41,78,.526,0,0,.000,22,30,.733,17,0.566666666667,52,1.73333333333,69,2.3,18,0.6,5,0.166666666667,12,0.4,24,0.8,43,104,3.46666666667,
Josh Powell,LAC,2007-2008, 6-9,C,25,64,1228,19.1875,145,315,.460,0,3,.000,63,87,.724,115,1.796875,216,3.375,331,5.171875,47,0.734375,14,0.21875,23,0.359375,65,1.015625,130,353,5.515625,
Josh Powell,LAL,2008-2009, 6-9,PF,26,60,703,11.7166666667,106,239,.444,0,0,.000,38,50,.760,71,1.18333333333,105,1.75,176,2.93333333333,27,0.45,9,0.15,17,0.283333333333,51,0.85,98,250,4.16666666667,
Josh Powell,LAL,2009-2010, 6-9,PF,27,63,581,9.22222222222,71,194,.366,7,16,.438,20,31,.645,44,0.698412698413,72,1.14285714286,116,1.84126984127,35,0.555555555556,9,0.142857142857,6,0.0952380952381,33,0.52380952381,71,169,2.68253968254,
Josh Powell,ATL,2010-2011, 6-9,PF,28,54,653,12.0925925926,94,208,.452,0,1,.000,36,45,.800,49,0.907407407407,86,1.59259259259,135,2.5,22,0.407407407407,5,0.0925925925926,5,0.0925925925926,53,0.981481481481,78,224,4.14814814815,
