Player,Team,Season,Height,Position,Age,G,MIN,MINPG,FGM,FGA,FGP,TPM,TPA,TPP,FTM,FTA,FTP,ORB,ORBPG,DRB,DRBPG,TRB,TRBPG,AST,ASTPG,STL,STLPG,BLK,BLKPG,TO,TOPG,PF,PTS,PTSPG,
Josh Harrellson,NYK,2011-2012, 6-10,PF,22,37,540,14.5945945946,63,149,.423,20,59,.339,16,26,.615,47,1.27027027027,97,2.62162162162,144,3.89189189189,11,0.297297297297,23,0.621621621622,20,0.540540540541,20,0.540540540541,48,162,4.37837837838,
Josh Harrellson,MIA,2012-2013, 6-10,C,23,6,31,5.16666666667,4,9,.444,1,5,.200,1,2,.500,3,0.5,4,0.666666666667,7,1.16666666667,0,0.0,1,0.166666666667,1,0.166666666667,3,0.5,4,10,1.66666666667,
