Player,Team,Season,Height,Position,Age,G,MIN,MINPG,FGM,FGA,FGP,TPM,TPA,TPP,FTM,FTA,FTP,ORB,ORBPG,DRB,DRBPG,TRB,TRBPG,AST,ASTPG,STL,STLPG,BLK,BLKPG,TO,TOPG,PF,PTS,PTSPG,
Josh Childress,ATL,2004-2005, 6-8,SG,21,80,2376,29.7,302,642,.470,13,56,.232,190,231,.823,195,2.4375,287,3.5875,482,6.025,151,1.8875,74,0.925,35,0.4375,106,1.325,184,807,10.0875,
Josh Childress,ATL,2005-2006, 6-8,SF,22,74,2249,30.3918918919,278,504,.552,32,65,.492,154,201,.766,134,1.81081081081,253,3.41891891892,387,5.22972972973,131,1.77027027027,86,1.16216216216,39,0.527027027027,101,1.36486486486,184,742,10.027027027,
Josh Childress,ATL,2006-2007, 6-8,SG,23,55,2024,36.8,261,518,.504,26,77,.338,167,210,.795,123,2.23636363636,217,3.94545454545,340,6.18181818182,127,2.30909090909,58,1.05454545455,36,0.654545454545,80,1.45454545455,118,715,13.0,
Josh Childress,ATL,2007-2008, 6-8,SF,24,76,2274,29.9210526316,327,573,.571,22,60,.367,222,275,.807,174,2.28947368421,199,2.61842105263,373,4.90789473684,117,1.53947368421,71,0.934210526316,43,0.565789473684,98,1.28947368421,129,898,11.8157894737,
Josh Childress,PHO,2010-2011, 6-8,SG,27,54,894,16.5555555556,121,214,.565,1,16,.063,29,59,.492,69,1.27777777778,86,1.59259259259,155,2.87037037037,42,0.777777777778,33,0.611111111111,23,0.425925925926,44,0.814814814815,68,272,5.03703703704,
Josh Childress,PHO,2011-2012, 6-8,SF,28,34,491,14.4411764706,48,99,.485,4,24,.167,0,2,.000,31,0.911764705882,64,1.88235294118,95,2.79411764706,34,1.0,14,0.411764705882,6,0.176470588235,9,0.264705882353,38,100,2.94117647059,
Josh Childress,BRK,2012-2013, 6-8,SF,29,14,100,7.14285714286,6,21,.286,1,3,.333,1,2,.500,6,0.428571428571,9,0.642857142857,15,1.07142857143,5,0.357142857143,2,0.142857142857,2,0.142857142857,0,0.0,3,14,1.0,
