Player,Team,Season,Height,Position,Age,G,MIN,MINPG,FGM,FGA,FGP,TPM,TPA,TPP,FTM,FTA,FTP,ORB,ORBPG,DRB,DRBPG,TRB,TRBPG,AST,ASTPG,STL,STLPG,BLK,BLKPG,TO,TOPG,PF,PTS,PTSPG,
Josh Boone,NJN,2006-2007, 6-10,PF,22,61,669,10.9672131148,99,171,.579,0,0,.000,56,103,.544,64,1.04918032787,112,1.83606557377,176,2.88524590164,10,0.16393442623,11,0.180327868852,21,0.344262295082,33,0.540983606557,94,254,4.16393442623,
Josh Boone,NJN,2007-2008, 6-10,PF,23,70,1773,25.3285714286,238,434,.548,0,0,.000,99,217,.456,192,2.74285714286,317,4.52857142857,509,7.27142857143,55,0.785714285714,36,0.514285714286,61,0.871428571429,68,0.971428571429,155,575,8.21428571429,
Josh Boone,NJN,2008-2009, 6-10,C,24,62,995,16.0483870968,113,214,.528,0,0,.000,32,85,.376,104,1.67741935484,154,2.48387096774,258,4.16129032258,31,0.5,22,0.354838709677,48,0.774193548387,31,0.5,106,258,4.16129032258,
Josh Boone,NJN,2009-2010, 6-10,PF,25,63,1045,16.5873015873,117,223,.525,0,0,.000,19,58,.328,124,1.96825396825,191,3.03174603175,315,5.0,29,0.460317460317,30,0.47619047619,48,0.761904761905,37,0.587301587302,111,253,4.01587301587,
