Player,Team,Season,Height,Position,Age,G,MIN,MINPG,FGM,FGA,FGP,TPM,TPA,TPP,FTM,FTA,FTP,ORB,ORBPG,DRB,DRBPG,TRB,TRBPG,AST,ASTPG,STL,STLPG,BLK,BLKPG,TO,TOPG,PF,PTS,PTSPG,
Josh Smith,ATL,2004-2005, 6-9,SF,19,74,2050,27.7027027027,274,602,.455,4,23,.174,163,237,.688,147,1.98648648649,310,4.18918918919,457,6.17567567568,127,1.71621621622,59,0.797297297297,144,1.94594594595,135,1.82432432432,157,715,9.66216216216,
Josh Smith,ATL,2005-2006, 6-9,SF,20,80,2559,31.9875,329,774,.425,34,110,.309,210,292,.719,176,2.2,355,4.4375,531,6.6375,191,2.3875,64,0.8,208,2.6,162,2.025,260,902,11.275,
Josh Smith,ATL,2006-2007, 6-9,SF,21,72,2647,36.7638888889,436,993,.439,38,152,.250,268,387,.693,165,2.29166666667,456,6.33333333333,621,8.625,236,3.27777777778,101,1.40277777778,207,2.875,227,3.15277777778,241,1178,16.3611111111,
Josh Smith,ATL,2007-2008, 6-9,PF,22,81,2873,35.4691358025,518,1133,.457,25,99,.253,333,469,.710,161,1.98765432099,506,6.24691358025,667,8.23456790123,272,3.35802469136,123,1.51851851852,227,2.8024691358,245,3.02469135802,269,1394,17.2098765432,
Josh Smith,ATL,2008-2009, 6-9,PF,23,69,2421,35.0869565217,418,849,.492,26,87,.299,211,359,.588,134,1.94202898551,364,5.27536231884,498,7.21739130435,169,2.44927536232,94,1.36231884058,111,1.60869565217,161,2.33333333333,184,1073,15.5507246377,
Josh Smith,ATL,2009-2010, 6-9,PF,24,81,2871,35.4444444444,504,999,.505,0,7,.000,261,422,.618,223,2.75308641975,482,5.95061728395,705,8.7037037037,342,4.22222222222,130,1.6049382716,173,2.13580246914,198,2.44444444444,240,1269,15.6666666667,
Josh Smith,ATL,2010-2011, 6-9,PF,25,77,2645,34.3506493506,497,1041,.477,51,154,.331,229,316,.725,134,1.74025974026,523,6.79220779221,657,8.53246753247,255,3.31168831169,99,1.28571428571,120,1.55844155844,197,2.55844155844,217,1274,16.5454545455,
Josh Smith,ATL,2011-2012, 6-9,PF,26,66,2329,35.2878787879,504,1101,.458,28,109,.257,203,322,.630,136,2.06060606061,496,7.51515151515,632,9.57575757576,257,3.89393939394,93,1.40909090909,115,1.74242424242,164,2.48484848485,172,1239,18.7727272727,
Josh Smith,ATL,2012-2013, 6-9,PF,27,60,2144,35.7333333333,433,948,.457,51,158,.323,117,236,.496,107,1.78333333333,404,6.73333333333,511,8.51666666667,254,4.23333333333,70,1.16666666667,115,1.91666666667,186,3.1,147,1034,17.2333333333,
