Player,Team,Season,Height,Position,Age,G,MIN,MINPG,FGM,FGA,FGP,TPM,TPA,TPP,FTM,FTA,FTP,ORB,ORBPG,DRB,DRBPG,TRB,TRBPG,AST,ASTPG,STL,STLPG,BLK,BLKPG,TO,TOPG,PF,PTS,PTSPG,
Josh Selby,MEM,2011-2012, 6-2,PG,20,28,237,8.46428571429,25,72,.347,2,15,.133,11,14,.786,2,0.0714285714286,13,0.464285714286,15,0.535714285714,30,1.07142857143,7,0.25,0,0.0,29,1.03571428571,17,63,2.25,
Josh Selby,MEM,2012-2013, 6-2,PG,21,10,59,5.9,6,22,.273,1,6,.167,7,11,.636,0,0.0,5,0.5,5,0.5,4,0.4,2,0.2,0,0.0,7,0.7,7,20,2.0,
