Player,Team,Season,Height,Position,Age,G,MIN,MINPG,FGM,FGA,FGP,TPM,TPA,TPP,FTM,FTA,FTP,ORB,ORBPG,DRB,DRBPG,TRB,TRBPG,AST,ASTPG,STL,STLPG,BLK,BLKPG,TO,TOPG,PF,PTS,PTSPG,
Julian Hammond,DNR,1967-1968, 6-5,SF,24,74,1364,18.4324324324,224,458,.489,0,0,.000,143,209,.684,.000,0.0,.000,0.0,327,4.41891891892,62,0.837837837838,.000,0.0,.000,0.0,98,1.32432432432,112,591,7.98648648649,
Julian Hammond,DNR,1968-1969, 6-5,SF,25,78,2335,29.9358974359,329,601,.547,0,0,.000,165,253,.652,266,3.41025641026,334,4.28205128205,600,7.69230769231,124,1.58974358974,.000,0.0,.000,0.0,152,1.94871794872,213,823,10.5512820513,
Julian Hammond,DNR,1969-1970, 6-5,SF,26,69,1847,26.768115942,329,660,.498,0,1,.000,169,243,.695,204,2.95652173913,267,3.86956521739,471,6.82608695652,109,1.57971014493,.000,0.0,.000,0.0,158,2.28985507246,183,827,11.9855072464,
Julian Hammond,DNR,1970-1971, 6-5,SF,27,83,2082,25.0843373494,435,834,.522,0,0,.000,273,375,.728,238,2.86746987952,285,3.43373493976,523,6.30120481928,97,1.1686746988,.000,0.0,.000,0.0,180,2.1686746988,189,1143,13.7710843373,
Julian Hammond,DNR,1971-1972, 6-5,SF,28,25,411,16.44,66,140,.471,0,0,.000,31,50,.620,48,1.92,67,2.68,115,4.6,29,1.16,.000,0.0,.000,0.0,30,1.2,47,163,6.52,
