Player,Team,Season,Height,Position,Age,G,MIN,MINPG,FGM,FGA,FGP,TPM,TPA,TPP,FTM,FTA,FTP,ORB,ORBPG,DRB,DRBPG,TRB,TRBPG,AST,ASTPG,STL,STLPG,BLK,BLKPG,TO,TOPG,PF,PTS,PTSPG,
Julius Hodge,DEN,2005-2006, 6-7,SG,22,14,33,2.35714285714,5,13,.385,0,0,.000,3,8,.375,5,0.357142857143,2,0.142857142857,7,0.5,6,0.428571428571,2,0.142857142857,0,0.0,8,0.571428571429,7,13,0.928571428571,
Julius Hodge,TOT,2006-2007, 6-7,SG,23,9,65,7.22222222222,6,12,.500,0,0,.000,3,4,.750,2,0.222222222222,6,0.666666666667,8,0.888888888889,12,1.33333333333,4,0.444444444444,0,0.0,3,0.333333333333,6,15,1.66666666667,
Julius Hodge,DEN,2006-2007, 6-7,SG,23,4,37,9.25,2,5,.400,0,0,.000,2,2,1.000,1,0.25,2,0.5,3,0.75,10,2.5,3,0.75,0,0.0,1,0.25,3,6,1.5,
Julius Hodge,MIL,2006-2007, 6-7,SG,23,5,28,5.6,4,7,.571,0,0,.000,1,2,.500,1,0.2,4,0.8,5,1.0,2,0.4,1,0.2,0,0.0,2,0.4,3,9,1.8,
