Player,Team,Season,Height,Position,Age,G,MIN,MINPG,FGM,FGA,FGP,TPM,TPA,TPP,FTM,FTA,FTP,ORB,ORBPG,DRB,DRBPG,TRB,TRBPG,AST,ASTPG,STL,STLPG,BLK,BLKPG,TO,TOPG,PF,PTS,PTSPG,
Julian Wright,NOH,2007-2008, 6-8,SF,20,57,640,11.2280701754,90,169,.533,10,24,.417,33,52,.635,33,0.578947368421,84,1.47368421053,117,2.05263157895,40,0.701754385965,29,0.508771929825,12,0.210526315789,34,0.59649122807,43,223,3.91228070175,
Julian Wright,NOH,2008-2009, 6-8,SF,21,54,772,14.2962962963,109,234,.466,2,21,.095,17,30,.567,46,0.851851851852,106,1.96296296296,152,2.81481481481,43,0.796296296296,35,0.648148148148,19,0.351851851852,43,0.796296296296,49,237,4.38888888889,
Julian Wright,NOH,2009-2010, 6-8,SF,22,68,871,12.8088235294,116,232,.500,2,6,.333,25,41,.610,58,0.852941176471,86,1.26470588235,144,2.11764705882,41,0.602941176471,29,0.426470588235,18,0.264705882353,44,0.647058823529,45,259,3.80882352941,
Julian Wright,TOR,2010-2011, 6-8,SF,23,52,766,14.7307692308,82,160,.513,2,10,.200,22,43,.512,47,0.903846153846,71,1.36538461538,118,2.26923076923,58,1.11538461538,39,0.75,20,0.384615384615,43,0.826923076923,45,188,3.61538461538,
