Player,Team,Season,Height,Position,Age,G,MIN,MINPG,FGM,FGA,FGP,TPM,TPA,TPP,FTM,FTA,FTP,ORB,ORBPG,DRB,DRBPG,TRB,TRBPG,AST,ASTPG,STL,STLPG,BLK,BLKPG,TO,TOPG,PF,PTS,PTSPG,
Julius Keye,DNR,1969-1970, 6-10,C,23,77,1641,21.3116883117,245,618,.396,0,7,.000,116,193,.601,188,2.44155844156,342,4.44155844156,530,6.88311688312,47,0.61038961039,.000,0.0,.000,0.0,99,1.28571428571,209,606,7.87012987013,
Julius Keye,DNR,1970-1971, 6-10,C,24,83,3634,43.7831325301,505,1182,.427,0,0,.000,212,317,.669,370,4.4578313253,1084,13.0602409639,1454,17.5180722892,140,1.68674698795,.000,0.0,.000,0.0,215,2.59036144578,317,1222,14.7228915663,
Julius Keye,DNR,1971-1972, 6-10,PF,25,84,2557,30.4404761905,192,476,.403,0,2,.000,108,174,.621,315,3.75,667,7.94047619048,982,11.6904761905,153,1.82142857143,.000,0.0,.000,0.0,139,1.65476190476,346,492,5.85714285714,
Julius Keye,DNR,1972-1973, 6-10,PF,26,83,3016,36.3373493976,163,375,.435,3,8,.375,130,233,.558,275,3.31325301205,617,7.43373493976,892,10.7469879518,180,2.1686746988,.000,0.0,226,2.72289156627,134,1.61445783133,269,459,5.53012048193,
Julius Keye,DNR,1973-1974, 6-10,PF,27,79,2595,32.8481012658,147,329,.447,1,5,.200,57,84,.679,225,2.84810126582,464,5.87341772152,689,8.72151898734,135,1.70886075949,40,0.506329113924,149,1.88607594937,87,1.10126582278,240,352,4.45569620253,
Julius Keye,MMS,1974-1975, 6-10,PF,28,12,233,19.4166666667,12,47,.255,0,0,.000,6,8,.750,16,1.33333333333,39,3.25,55,4.58333333333,2,0.166666666667,4,0.333333333333,5,0.416666666667,8,0.666666666667,26,30,2.5,
