Player,Team,Season,Height,Position,Age,G,MIN,MINPG,FGM,FGA,FGP,TPM,TPA,TPP,FTM,FTA,FTP,ORB,ORBPG,DRB,DRBPG,TRB,TRBPG,AST,ASTPG,STL,STLPG,BLK,BLKPG,TO,TOPG,PF,PTS,PTSPG,
Jumaine Jones,PHI,1999-2000, 6-8,SF,20,33,138,4.18181818182,22,58,.379,2,4,.500,11,18,.611,16,0.484848484848,22,0.666666666667,38,1.15151515152,5,0.151515151515,6,0.181818181818,5,0.151515151515,14,0.424242424242,10,57,1.72727272727,
Jumaine Jones,PHI,2000-2001, 6-8,SF,21,65,866,13.3230769231,122,275,.444,20,60,.333,40,53,.755,63,0.969230769231,126,1.93846153846,189,2.90769230769,32,0.492307692308,30,0.461538461538,15,0.230769230769,39,0.6,68,304,4.67692307692,
Jumaine Jones,CLE,2001-2002, 6-8,PF,22,81,2142,26.4444444444,287,640,.448,52,168,.310,45,68,.662,125,1.54320987654,365,4.50617283951,490,6.04938271605,116,1.43209876543,75,0.925925925926,46,0.567901234568,79,0.975308641975,184,671,8.28395061728,
Jumaine Jones,CLE,2002-2003, 6-8,SF,23,80,2204,27.55,308,710,.434,111,314,.354,57,83,.687,106,1.325,299,3.7375,405,5.0625,112,1.4,67,0.8375,22,0.275,107,1.3375,176,784,9.8,
Jumaine Jones,BOS,2003-2004, 6-8,SG,24,42,373,8.88095238095,33,96,.344,13,44,.295,14,23,.609,24,0.571428571429,44,1.04761904762,68,1.61904761905,14,0.333333333333,12,0.285714285714,9,0.214285714286,19,0.452380952381,48,93,2.21428571429,
Jumaine Jones,LAL,2004-2005, 6-8,SF,25,76,1830,24.0789473684,210,486,.432,102,261,.391,55,75,.733,107,1.40789473684,291,3.82894736842,398,5.23684210526,65,0.855263157895,44,0.578947368421,24,0.315789473684,49,0.644736842105,165,577,7.59210526316,
Jumaine Jones,CHA,2005-2006, 6-8,PF,26,76,2089,27.4868421053,298,736,.405,115,335,.343,88,121,.727,105,1.38157894737,271,3.56578947368,376,4.94736842105,63,0.828947368421,68,0.894736842105,22,0.289473684211,74,0.973684210526,200,799,10.5131578947,
Jumaine Jones,PHO,2006-2007, 6-8,SF,27,18,138,7.66666666667,14,51,.275,10,32,.313,2,2,1.000,6,0.333333333333,17,0.944444444444,23,1.27777777778,1,0.0555555555556,5,0.277777777778,1,0.0555555555556,7,0.388888888889,19,40,2.22222222222,
