Player,Team,Season,Height,Position,Age,G,MIN,MINPG,FGM,FGA,FGP,TPM,TPA,TPP,FTM,FTA,FTP,ORB,ORBPG,DRB,DRBPG,TRB,TRBPG,AST,ASTPG,STL,STLPG,BLK,BLKPG,TO,TOPG,PF,PTS,PTSPG,
Junior Harrington,DEN,2002-2003, 6-4,PG,22,82,2003,24.4268292683,169,467,.362,7,28,.250,73,112,.652,44,0.536585365854,206,2.51219512195,250,3.0487804878,277,3.37804878049,80,0.975609756098,15,0.182926829268,157,1.91463414634,250,418,5.09756097561,
Junior Harrington,NOH,2004-2005, 6-4,SG,24,29,550,18.9655172414,64,178,.360,6,19,.316,29,35,.829,13,0.448275862069,50,1.72413793103,63,2.1724137931,62,2.13793103448,25,0.862068965517,5,0.172413793103,41,1.41379310345,72,163,5.62068965517,
Junior Harrington,MEM,2006-2007, 6-4,PG,26,29,543,18.724137931,57,137,.416,7,26,.269,31,46,.674,12,0.413793103448,56,1.93103448276,68,2.34482758621,89,3.06896551724,21,0.724137931034,5,0.172413793103,52,1.79310344828,79,152,5.24137931034,
