Player,Team,Season,Height,Position,Age,G,MIN,MINPG,FGM,FGA,FGP,TPM,TPA,TPP,FTM,FTA,FTP,ORB,ORBPG,DRB,DRBPG,TRB,TRBPG,AST,ASTPG,STL,STLPG,BLK,BLKPG,TO,TOPG,PF,PTS,PTSPG,
Justin Williams,SAC,2006-2007, 6-10,C,22,26,333,12.8076923077,54,88,.614,0,1,.000,23,63,.365,51,1.96153846154,64,2.46153846154,115,4.42307692308,2,0.0769230769231,5,0.192307692308,16,0.615384615385,15,0.576923076923,51,131,5.03846153846,
Justin Williams,TOT,2007-2008, 6-10,C,23,23,123,5.34782608696,13,29,.448,0,0,.000,8,26,.308,20,0.869565217391,29,1.26086956522,49,2.13043478261,0,0.0,5,0.217391304348,5,0.217391304348,4,0.173913043478,17,34,1.47826086957,
Justin Williams,SAC,2007-2008, 6-10,C,23,22,117,5.31818181818,12,26,.462,0,0,.000,7,22,.318,19,0.863636363636,29,1.31818181818,48,2.18181818182,0,0.0,5,0.227272727273,5,0.227272727273,3,0.136363636364,14,31,1.40909090909,
Justin Williams,HOU,2007-2008, 6-10,C,23,1,6,6.0,1,3,.333,0,0,.000,1,4,.250,1,1.0,0,0.0,1,1.0,0,0.0,0,0.0,0,0.0,1,1.0,3,3,3.0,
