Player,Team,Season,Height,Position,Age,G,MIN,MINPG,FGM,FGA,FGP,TPM,TPA,TPP,FTM,FTA,FTP,ORB,ORBPG,DRB,DRBPG,TRB,TRBPG,AST,ASTPG,STL,STLPG,BLK,BLKPG,TO,TOPG,PF,PTS,PTSPG,
Justin Reed,BOS,2004-2005, 6-8,SF,23,23,121,5.26086956522,15,29,.517,0,3,.000,11,15,.733,8,0.347826086957,8,0.347826086957,16,0.695652173913,10,0.434782608696,3,0.130434782609,1,0.0434782608696,5,0.217391304348,12,41,1.78260869565,
Justin Reed,TOT,2005-2006, 6-8,SF,24,72,997,13.8472222222,119,295,.403,0,1,.000,87,120,.725,53,0.736111111111,71,0.986111111111,124,1.72222222222,41,0.569444444444,23,0.319444444444,15,0.208333333333,52,0.722222222222,163,325,4.51388888889,
Justin Reed,BOS,2005-2006, 6-8,SF,24,32,291,9.09375,25,74,.338,0,0,.000,25,40,.625,13,0.40625,16,0.5,29,0.90625,7,0.21875,5,0.15625,4,0.125,15,0.46875,45,75,2.34375,
Justin Reed,MIN,2005-2006, 6-8,SF,24,40,706,17.65,94,221,.425,0,1,.000,62,80,.775,40,1.0,55,1.375,95,2.375,34,0.85,18,0.45,11,0.275,37,0.925,118,250,6.25,
Justin Reed,MIN,2006-2007, 6-8,PF,25,41,318,7.75609756098,40,107,.374,0,0,.000,26,30,.867,15,0.365853658537,31,0.756097560976,46,1.12195121951,17,0.414634146341,5,0.121951219512,3,0.0731707317073,22,0.536585365854,44,106,2.58536585366,
