Player,Team,Season,Height,Position,Age,G,MIN,MINPG,FGM,FGA,FGP,TPM,TPA,TPP,FTM,FTA,FTP,ORB,ORBPG,DRB,DRBPG,TRB,TRBPG,AST,ASTPG,STL,STLPG,BLK,BLKPG,TO,TOPG,PF,PTS,PTSPG,
Justin Dentmon,TOT,2011-2012, 5-11,PG,26,6,91,15.1666666667,10,28,.357,2,14,.143,4,6,.667,0,0.0,8,1.33333333333,8,1.33333333333,10,1.66666666667,2,0.333333333333,0,0.0,7,1.16666666667,10,26,4.33333333333,
Justin Dentmon,SAS,2011-2012, 5-11,PG,26,2,19,9.5,2,6,.333,0,4,.000,0,0,.000,0,0.0,1,0.5,1,0.5,1,0.5,1,0.5,0,0.0,1,0.5,2,4,2.0,
Justin Dentmon,TOR,2011-2012, 5-11,PG,26,4,72,18.0,8,22,.364,2,10,.200,4,6,.667,0,0.0,7,1.75,7,1.75,9,2.25,1,0.25,0,0.0,6,1.5,8,22,5.5,
