Player,Team,Season,Height,Position,Age,G,MIN,MINPG,FGM,FGA,FGP,TPM,TPA,TPP,FTM,FTA,FTP,ORB,ORBPG,DRB,DRBPG,TRB,TRBPG,AST,ASTPG,STL,STLPG,BLK,BLKPG,TO,TOPG,PF,PTS,PTSPG,
Justus Thigpen,PTP,1969-1970, 6-1,SG,22,3,58,19.3333333333,5,19,.263,0,0,.000,1,3,.333,4,1.33333333333,4,1.33333333333,8,2.66666666667,4,1.33333333333,.000,0.0,.000,0.0,1,0.333333333333,14,11,3.66666666667,
Justus Thigpen,DET,1972-1973, 6-1,SG,25,18,99,5.5,23,57,.404,.000,.000,.000,0,0,.000,.000,0.0,.000,0.0,9,0.5,8,0.444444444444,.000,0.0,.000,0.0,.000,0.0,18,46,2.55555555556,
Justus Thigpen,KCO,1973-1974, 6-1,SG,26,1,2,2.0,1,3,.333,.000,.000,.000,0,0,.000,1,1.0,0,0.0,1,1.0,0,0.0,0,0.0,0,0.0,.000,0.0,0,2,2.0,
