Player,Team,Season,Height,Position,Age,G,MIN,MINPG,FGM,FGA,FGP,TPM,TPA,TPP,FTM,FTA,FTP,ORB,ORBPG,DRB,DRBPG,TRB,TRBPG,AST,ASTPG,STL,STLPG,BLK,BLKPG,TO,TOPG,PF,PTS,PTSPG,
K.C. Jones,BOS,1958-1959, 6-1,PG,26,49,609,12.4285714286,65,192,.339,.000,.000,.000,41,68,.603,.000,0.0,.000,0.0,127,2.59183673469,70,1.42857142857,.000,0.0,.000,0.0,.000,0.0,58,171,3.48979591837,
K.C. Jones,BOS,1959-1960, 6-1,PG,27,74,1274,17.2162162162,169,414,.408,.000,.000,.000,128,170,.753,.000,0.0,.000,0.0,199,2.68918918919,189,2.55405405405,.000,0.0,.000,0.0,.000,0.0,109,466,6.2972972973,
K.C. Jones,BOS,1960-1961, 6-1,PG,28,78,1605,20.5769230769,203,601,.338,.000,.000,.000,186,280,.664,.000,0.0,.000,0.0,279,3.57692307692,253,3.24358974359,.000,0.0,.000,0.0,.000,0.0,190,592,7.58974358974,
K.C. Jones,BOS,1961-1962, 6-1,PG,29,80,2054,25.675,294,724,.406,.000,.000,.000,147,232,.634,.000,0.0,.000,0.0,298,3.725,343,4.2875,.000,0.0,.000,0.0,.000,0.0,206,735,9.1875,
K.C. Jones,BOS,1962-1963, 6-1,PG,30,79,1945,24.6202531646,230,591,.389,.000,.000,.000,112,177,.633,.000,0.0,.000,0.0,263,3.32911392405,317,4.01265822785,.000,0.0,.000,0.0,.000,0.0,221,572,7.24050632911,
K.C. Jones,BOS,1963-1964, 6-1,PG,31,80,2424,30.3,283,722,.392,.000,.000,.000,88,168,.524,.000,0.0,.000,0.0,372,4.65,407,5.0875,.000,0.0,.000,0.0,.000,0.0,253,654,8.175,
K.C. Jones,BOS,1964-1965, 6-1,PG,32,78,2434,31.2051282051,253,639,.396,.000,.000,.000,143,227,.630,.000,0.0,.000,0.0,318,4.07692307692,437,5.60256410256,.000,0.0,.000,0.0,.000,0.0,263,649,8.32051282051,
K.C. Jones,BOS,1965-1966, 6-1,PG,33,80,2710,33.875,240,619,.388,.000,.000,.000,209,303,.690,.000,0.0,.000,0.0,304,3.8,503,6.2875,.000,0.0,.000,0.0,.000,0.0,243,689,8.6125,
K.C. Jones,BOS,1966-1967, 6-1,PG,34,78,2446,31.358974359,182,459,.397,.000,.000,.000,119,189,.630,.000,0.0,.000,0.0,239,3.0641025641,389,4.98717948718,.000,0.0,.000,0.0,.000,0.0,273,483,6.19230769231,
