Player,Team,Season,Height,Position,Age,G,MIN,MINPG,FGM,FGA,FGP,TPM,TPA,TPP,FTM,FTA,FTP,ORB,ORBPG,DRB,DRBPG,TRB,TRBPG,AST,ASTPG,STL,STLPG,BLK,BLKPG,TO,TOPG,PF,PTS,PTSPG,
Kaniel Dickens,POR,2003-2004, 6-8,PF,25,3,12,4.0,3,3,1.000,0,0,.000,1,2,.500,2,0.666666666667,0,0.0,2,0.666666666667,0,0.0,0,0.0,0,0.0,1,0.333333333333,3,7,2.33333333333,
Kaniel Dickens,NJN,2004-2005, 6-8,SF,26,11,61,5.54545454545,4,14,.286,3,9,.333,2,2,1.000,3,0.272727272727,6,0.545454545455,9,0.818181818182,1,0.0909090909091,2,0.181818181818,1,0.0909090909091,2,0.181818181818,5,13,1.18181818182,
Kaniel Dickens,CLE,2007-2008, 6-8,PF,29,5,12,2.4,1,3,.333,0,0,.000,0,0,.000,0,0.0,1,0.2,1,0.2,1,0.2,0,0.0,1,0.2,0,0.0,1,2,0.4,
