Player,Team,Season,Height,Position,Age,G,MIN,MINPG,FGM,FGA,FGP,TPM,TPA,TPP,FTM,FTA,FTP,ORB,ORBPG,DRB,DRBPG,TRB,TRBPG,AST,ASTPG,STL,STLPG,BLK,BLKPG,TO,TOPG,PF,PTS,PTSPG,
Kawhi Leonard,SAS,2011-2012, 6-7,SF,20,64,1534,23.96875,199,404,.493,41,109,.376,68,88,.773,104,1.625,223,3.484375,327,5.109375,70,1.09375,85,1.328125,24,0.375,44,0.6875,88,507,7.921875,
Kawhi Leonard,SAS,2012-2013, 6-7,SF,21,44,1325,30.1136363636,186,378,.492,51,139,.367,74,88,.841,35,0.795454545455,202,4.59090909091,237,5.38636363636,60,1.36363636364,78,1.77272727273,22,0.5,45,1.02272727273,79,497,11.2954545455,
