Player,Team,Season,Height,Position,Age,G,MIN,MINPG,FGM,FGA,FGP,TPM,TPA,TPP,FTM,FTA,FTP,ORB,ORBPG,DRB,DRBPG,TRB,TRBPG,AST,ASTPG,STL,STLPG,BLK,BLKPG,TO,TOPG,PF,PTS,PTSPG,
Kedrick Brown,BOS,2001-2002, 6-7,SF,20,29,245,8.44827586207,23,70,.329,5,27,.185,12,20,.600,11,0.379310344828,39,1.34482758621,50,1.72413793103,15,0.51724137931,18,0.620689655172,7,0.241379310345,7,0.241379310345,18,63,2.1724137931,
Kedrick Brown,BOS,2002-2003, 6-7,SF,21,51,666,13.0588235294,61,171,.357,3,39,.077,20,32,.625,45,0.882352941176,95,1.86274509804,140,2.74509803922,20,0.392156862745,34,0.666666666667,13,0.254901960784,23,0.450980392157,68,145,2.8431372549,
Kedrick Brown,TOT,2003-2004, 6-7,SF,22,55,969,17.6181818182,117,254,.461,38,99,.384,17,27,.630,41,0.745454545455,105,1.90909090909,146,2.65454545455,64,1.16363636364,30,0.545454545455,7,0.127272727273,29,0.527272727273,80,289,5.25454545455,
Kedrick Brown,BOS,2003-2004, 6-7,SF,22,21,408,19.4285714286,45,99,.455,12,32,.375,8,13,.615,18,0.857142857143,50,2.38095238095,68,3.2380952381,25,1.19047619048,17,0.809523809524,2,0.0952380952381,12,0.571428571429,38,110,5.2380952381,
Kedrick Brown,CLE,2003-2004, 6-7,SF,22,34,561,16.5,72,155,.465,26,67,.388,9,14,.643,23,0.676470588235,55,1.61764705882,78,2.29411764706,39,1.14705882353,13,0.382352941176,5,0.147058823529,17,0.5,42,179,5.26470588235,
Kedrick Brown,PHI,2004-2005, 6-7,SF,23,8,55,6.875,2,6,.333,0,3,.000,8,10,.800,1,0.125,10,1.25,11,1.375,4,0.5,3,0.375,1,0.125,5,0.625,4,12,1.5,
