Player,Team,Season,Height,Position,Age,G,MIN,MINPG,FGM,FGA,FGP,TPM,TPA,TPP,FTM,FTA,FTP,ORB,ORBPG,DRB,DRBPG,TRB,TRBPG,AST,ASTPG,STL,STLPG,BLK,BLKPG,TO,TOPG,PF,PTS,PTSPG,
Keith Herron,ATL,1978-1979, 6-6,SG,22,14,81,5.78571428571,14,48,.292,.000,.000,.000,12,13,.923,4,0.285714285714,6,0.428571428571,10,0.714285714286,3,0.214285714286,6,0.428571428571,2,0.142857142857,5,0.357142857143,11,40,2.85714285714,
Keith Herron,DET,1980-1981, 6-6,SG,24,80,2270,28.375,432,954,.453,2,11,.182,228,267,.854,98,1.225,113,1.4125,211,2.6375,148,1.85,91,1.1375,26,0.325,153,1.9125,154,1094,13.675,
Keith Herron,CLE,1981-1982, 6-6,SG,25,30,269,8.96666666667,39,106,.368,0,1,.000,7,8,.875,10,0.333333333333,11,0.366666666667,21,0.7,23,0.766666666667,8,0.266666666667,2,0.0666666666667,12,0.4,25,85,2.83333333333,
