Player,Team,Season,Height,Position,Age,G,MIN,MINPG,FGM,FGA,FGP,TPM,TPA,TPP,FTM,FTA,FTP,ORB,ORBPG,DRB,DRBPG,TRB,TRBPG,AST,ASTPG,STL,STLPG,BLK,BLKPG,TO,TOPG,PF,PTS,PTSPG,
Keith Edmonson,ATL,1982-1983, 6-5,SG,22,32,309,9.65625,48,139,.345,0,2,.000,16,27,.593,20,0.625,19,0.59375,39,1.21875,22,0.6875,11,0.34375,6,0.1875,20,0.625,41,112,3.5,
Keith Edmonson,TOT,1983-1984, 6-5,SG,23,55,622,11.3090909091,158,321,.492,0,0,.000,94,126,.746,46,0.836363636364,42,0.763636363636,88,1.6,34,0.618181818182,26,0.472727272727,7,0.127272727273,61,1.10909090909,83,410,7.45454545455,
Keith Edmonson,SAS,1983-1984, 6-5,SG,23,40,521,13.025,135,274,.493,0,0,.000,76,101,.752,40,1.0,30,0.75,70,1.75,27,0.675,22,0.55,6,0.15,45,1.125,67,346,8.65,
Keith Edmonson,DEN,1983-1984, 6-5,SG,23,15,101,6.73333333333,23,47,.489,0,0,.000,18,25,.720,6,0.4,12,0.8,18,1.2,7,0.466666666667,4,0.266666666667,1,0.0666666666667,16,1.06666666667,16,64,4.26666666667,
