Player,Team,Season,Height,Position,Age,G,MIN,MINPG,FGM,FGA,FGP,TPM,TPA,TPP,FTM,FTA,FTP,ORB,ORBPG,DRB,DRBPG,TRB,TRBPG,AST,ASTPG,STL,STLPG,BLK,BLKPG,TO,TOPG,PF,PTS,PTSPG,
Keith Jennings,GSW,1992-1993, 5-7,PG,24,8,136,17.0,25,42,.595,5,9,.556,14,18,.778,2,0.25,9,1.125,11,1.375,23,2.875,4,0.5,0,0.0,7,0.875,18,69,8.625,
Keith Jennings,GSW,1993-1994, 5-7,PG,25,76,1097,14.4342105263,138,342,.404,56,151,.371,100,120,.833,16,0.210526315789,73,0.960526315789,89,1.17105263158,218,2.86842105263,65,0.855263157895,0,0.0,74,0.973684210526,62,432,5.68421052632,
Keith Jennings,GSW,1994-1995, 5-7,PG,26,80,1722,21.525,190,425,.447,75,204,.368,134,153,.876,26,0.325,122,1.525,148,1.85,373,4.6625,95,1.1875,2,0.025,120,1.5,133,589,7.3625,
