Player,Team,Season,Height,Position,Age,G,MIN,MINPG,FGM,FGA,FGP,TPM,TPA,TPP,FTM,FTA,FTP,ORB,ORBPG,DRB,DRBPG,TRB,TRBPG,AST,ASTPG,STL,STLPG,BLK,BLKPG,TO,TOPG,PF,PTS,PTSPG,
Keith Smith,MIL,1986-1987, 6-3,SG,22,42,461,10.9761904762,57,150,.380,3,9,.333,21,28,.750,13,0.309523809524,19,0.452380952381,32,0.761904761905,43,1.02380952381,25,0.595238095238,3,0.0714285714286,30,0.714285714286,74,138,3.28571428571,
