Player,Team,Season,Height,Position,Age,G,MIN,MINPG,FGM,FGA,FGP,TPM,TPA,TPP,FTM,FTA,FTP,ORB,ORBPG,DRB,DRBPG,TRB,TRBPG,AST,ASTPG,STL,STLPG,BLK,BLKPG,TO,TOPG,PF,PTS,PTSPG,
Keith Askins,MIA,1990-1991, 6-7,SF,23,39,266,6.82051282051,34,81,.420,6,25,.240,12,25,.480,30,0.769230769231,38,0.974358974359,68,1.74358974359,19,0.487179487179,16,0.410256410256,13,0.333333333333,11,0.282051282051,46,86,2.20512820513,
Keith Askins,MIA,1991-1992, 6-7,SF,24,59,843,14.2881355932,84,205,.410,25,73,.342,26,37,.703,65,1.10169491525,77,1.30508474576,142,2.40677966102,38,0.64406779661,40,0.677966101695,15,0.254237288136,47,0.796610169492,109,219,3.71186440678,
Keith Askins,MIA,1992-1993, 6-7,SF,25,69,935,13.5507246377,88,213,.413,22,65,.338,29,40,.725,74,1.07246376812,124,1.79710144928,198,2.86956521739,31,0.449275362319,31,0.449275362319,29,0.420289855072,37,0.536231884058,141,227,3.28985507246,
Keith Askins,MIA,1993-1994, 6-7,SF,26,37,319,8.62162162162,36,88,.409,4,21,.190,9,10,.900,33,0.891891891892,49,1.32432432432,82,2.21621621622,13,0.351351351351,11,0.297297297297,1,0.027027027027,21,0.567567567568,57,85,2.2972972973,
Keith Askins,MIA,1994-1995, 6-7,SF,27,50,854,17.08,81,207,.391,21,78,.269,46,57,.807,86,1.72,112,2.24,198,3.96,39,0.78,35,0.7,17,0.34,25,0.5,109,229,4.58,
Keith Askins,MIA,1995-1996, 6-7,SF,28,75,1897,25.2933333333,157,391,.402,99,237,.418,45,57,.789,113,1.50666666667,211,2.81333333333,324,4.32,121,1.61333333333,48,0.64,61,0.813333333333,82,1.09333333333,271,458,6.10666666667,
Keith Askins,MIA,1996-1997, 6-7,SF,29,78,1773,22.7307692308,138,319,.433,69,172,.401,39,58,.672,86,1.10256410256,185,2.37179487179,271,3.47435897436,75,0.961538461538,53,0.679487179487,19,0.24358974359,59,0.75641025641,196,384,4.92307692308,
Keith Askins,MIA,1997-1998, 6-7,SF,30,46,681,14.8043478261,39,122,.320,21,74,.284,12,19,.632,28,0.608695652174,73,1.58695652174,101,2.19565217391,29,0.630434782609,27,0.586956521739,12,0.260869565217,26,0.565217391304,107,111,2.41304347826,
Keith Askins,MIA,1998-1999, 6-7,SF,31,33,415,12.5757575758,20,62,.323,8,29,.276,5,8,.625,10,0.30303030303,34,1.0303030303,44,1.33333333333,10,0.30303030303,17,0.515151515152,3,0.0909090909091,13,0.393939393939,58,53,1.60606060606,
