Player,Team,Season,Height,Position,Age,G,MIN,MINPG,FGM,FGA,FGP,TPM,TPA,TPP,FTM,FTA,FTP,ORB,ORBPG,DRB,DRBPG,TRB,TRBPG,AST,ASTPG,STL,STLPG,BLK,BLKPG,TO,TOPG,PF,PTS,PTSPG,
Keith McLeod,MIN,2003-2004, 6-2,PG,24,33,391,11.8484848485,27,82,.329,1,10,.100,33,43,.767,5,0.151515151515,29,0.878787878788,34,1.0303030303,59,1.78787878788,16,0.484848484848,1,0.030303030303,29,0.878787878788,39,88,2.66666666667,
Keith McLeod,UTA,2004-2005, 6-2,PG,25,53,1382,26.0754716981,143,408,.350,18,72,.250,112,146,.767,20,0.377358490566,93,1.75471698113,113,2.1320754717,236,4.45283018868,63,1.18867924528,12,0.22641509434,99,1.8679245283,138,416,7.84905660377,
Keith McLeod,UTA,2005-2006, 6-2,PG,26,66,1232,18.6666666667,120,340,.353,24,82,.293,106,133,.797,11,0.166666666667,67,1.01515151515,78,1.18181818182,151,2.28787878788,42,0.636363636364,9,0.136363636364,76,1.15151515152,131,370,5.60606060606,
Keith McLeod,TOT,2006-2007, 6-2,PG,27,48,718,14.9583333333,73,188,.388,16,45,.356,69,78,.885,4,0.0833333333333,39,0.8125,43,0.895833333333,90,1.875,24,0.5,5,0.104166666667,46,0.958333333333,51,231,4.8125,
Keith McLeod,GSW,2006-2007, 6-2,PG,27,26,379,14.5769230769,41,105,.390,9,23,.391,47,53,.887,3,0.115384615385,18,0.692307692308,21,0.807692307692,45,1.73076923077,17,0.653846153846,3,0.115384615385,23,0.884615384615,21,138,5.30769230769,
Keith McLeod,IND,2006-2007, 6-2,PG,27,22,339,15.4090909091,32,83,.386,7,22,.318,22,25,.880,1,0.0454545454545,21,0.954545454545,22,1.0,45,2.04545454545,7,0.318181818182,2,0.0909090909091,23,1.04545454545,30,93,4.22727272727,
