Player,Team,Season,Height,Position,Age,G,MIN,MINPG,FGM,FGA,FGP,TPM,TPA,TPP,FTM,FTA,FTP,ORB,ORBPG,DRB,DRBPG,TRB,TRBPG,AST,ASTPG,STL,STLPG,BLK,BLKPG,TO,TOPG,PF,PTS,PTSPG,
Keith Swagerty,HSM,1968-1969, 6-7,PF,23,77,2447,31.7792207792,362,883,.410,0,5,.000,256,421,.608,326,4.23376623377,496,6.44155844156,822,10.6753246753,92,1.19480519481,.000,0.0,.000,0.0,112,1.45454545455,238,980,12.7272727273,
Keith Swagerty,KEN,1969-1970, 6-7,PF,24,3,30,10.0,2,9,.222,0,1,.000,3,3,1.000,1,0.333333333333,5,1.66666666667,6,2.0,3,1.0,.000,0.0,.000,0.0,2,0.666666666667,4,7,2.33333333333,
