Player,Team,Season,Height,Position,Age,G,MIN,MINPG,FGM,FGA,FGP,TPM,TPA,TPP,FTM,FTA,FTP,ORB,ORBPG,DRB,DRBPG,TRB,TRBPG,AST,ASTPG,STL,STLPG,BLK,BLKPG,TO,TOPG,PF,PTS,PTSPG,
Kelvin Upshaw,TOT,1988-1989, 6-2,SG,26,32,617,19.28125,99,212,.467,3,15,.200,18,26,.692,10,0.3125,39,1.21875,49,1.53125,117,3.65625,26,0.8125,3,0.09375,55,1.71875,80,219,6.84375,
Kelvin Upshaw,MIA,1988-1989, 6-2,SG,26,9,144,16.0,26,63,.413,1,5,.200,4,6,.667,4,0.444444444444,9,1.0,13,1.44444444444,20,2.22222222222,7,0.777777777778,0,0.0,13,1.44444444444,18,57,6.33333333333,
Kelvin Upshaw,BOS,1988-1989, 6-2,SG,26,23,473,20.5652173913,73,149,.490,2,10,.200,14,20,.700,6,0.260869565217,30,1.30434782609,36,1.5652173913,97,4.21739130435,19,0.826086956522,3,0.130434782609,42,1.82608695652,62,162,7.04347826087,
Kelvin Upshaw,TOT,1989-1990, 6-2,SG,27,40,387,9.675,64,146,.438,4,15,.267,28,37,.757,9,0.225,32,0.8,41,1.025,54,1.35,27,0.675,1,0.025,27,0.675,53,160,4.0,
Kelvin Upshaw,BOS,1989-1990, 6-2,SG,27,14,131,9.35714285714,12,39,.308,2,5,.400,4,6,.667,3,0.214285714286,10,0.714285714286,13,0.928571428571,28,2.0,2,0.142857142857,1,0.0714285714286,12,0.857142857143,19,30,2.14285714286,
Kelvin Upshaw,DAL,1989-1990, 6-2,SG,27,3,4,1.33333333333,1,3,.333,0,1,.000,0,0,.000,0,0.0,0,0.0,0,0.0,0,0.0,0,0.0,0,0.0,0,0.0,0,2,0.666666666667,
Kelvin Upshaw,GSW,1989-1990, 6-2,SG,27,23,252,10.9565217391,51,104,.490,2,9,.222,24,31,.774,6,0.260869565217,22,0.95652173913,28,1.21739130435,26,1.13043478261,25,1.08695652174,0,0.0,15,0.652173913043,34,128,5.5652173913,
Kelvin Upshaw,DAL,1990-1991, 6-2,SG,28,48,514,10.7083333333,104,231,.450,7,29,.241,55,64,.859,20,0.416666666667,35,0.729166666667,55,1.14583333333,86,1.79166666667,28,0.583333333333,5,0.104166666667,39,0.8125,77,270,5.625,
