Player,Team,Season,Height,Position,Age,G,MIN,MINPG,FGM,FGA,FGP,TPM,TPA,TPP,FTM,FTA,FTP,ORB,ORBPG,DRB,DRBPG,TRB,TRBPG,AST,ASTPG,STL,STLPG,BLK,BLKPG,TO,TOPG,PF,PTS,PTSPG,
Ken Charles,BUF,1973-1974, 6-3,SG,22,59,693,11.7457627119,88,185,.476,.000,.000,.000,53,79,.671,25,0.423728813559,40,0.677966101695,65,1.10169491525,54,0.915254237288,31,0.525423728814,10,0.169491525424,.000,0.0,91,229,3.8813559322,
Ken Charles,BUF,1974-1975, 6-3,SG,23,79,1690,21.3924050633,240,515,.466,.000,.000,.000,120,146,.822,68,0.860759493671,96,1.21518987342,164,2.07594936709,171,2.16455696203,87,1.10126582278,20,0.253164556962,.000,0.0,165,600,7.59493670886,
Ken Charles,BUF,1975-1976, 6-3,SG,24,81,2247,27.7407407407,328,719,.456,.000,.000,.000,161,205,.785,58,0.716049382716,161,1.98765432099,219,2.7037037037,204,2.51851851852,123,1.51851851852,48,0.592592592593,.000,0.0,257,817,10.0864197531,
Ken Charles,ATL,1976-1977, 6-3,SG,25,82,2487,30.3292682927,354,855,.414,.000,.000,.000,205,256,.801,41,0.5,127,1.5487804878,168,2.0487804878,295,3.59756097561,141,1.71951219512,45,0.548780487805,.000,0.0,240,913,11.1341463415,
Ken Charles,ATL,1977-1978, 6-3,SG,26,21,520,24.7619047619,73,184,.397,.000,.000,.000,42,50,.840,6,0.285714285714,18,0.857142857143,24,1.14285714286,82,3.90476190476,25,1.19047619048,5,0.238095238095,37,1.7619047619,53,188,8.95238095238,
