Player,Team,Season,Height,Position,Age,G,MIN,MINPG,FGM,FGA,FGP,TPM,TPA,TPP,FTM,FTA,FTP,ORB,ORBPG,DRB,DRBPG,TRB,TRBPG,AST,ASTPG,STL,STLPG,BLK,BLKPG,TO,TOPG,PF,PTS,PTSPG,
Ken Murray,TOT,1950-1951, 6-2,,22,66,.000,0.0,301,887,.339,.000,.000,.000,248,332,.747,.000,0.0,.000,0.0,355,5.37878787879,202,3.06060606061,.000,0.0,.000,0.0,.000,0.0,164,850,12.8787878788,
Ken Murray,FTW,1953-1954, 6-2,SG,25,49,528,10.7755102041,53,195,.272,.000,.000,.000,43,60,.717,.000,0.0,.000,0.0,65,1.32653061224,56,1.14285714286,.000,0.0,.000,0.0,.000,0.0,60,149,3.04081632653,
Ken Murray,TOT,1954-1955, 6-2,,26,66,1590,24.0909090909,187,535,.350,.000,.000,.000,98,129,.760,.000,0.0,.000,0.0,179,2.71212121212,224,3.39393939394,.000,0.0,.000,0.0,.000,0.0,126,472,7.15151515152,
