Player,Team,Season,Height,Position,Age,G,MIN,MINPG,FGM,FGA,FGP,TPM,TPA,TPP,FTM,FTA,FTP,ORB,ORBPG,DRB,DRBPG,TRB,TRBPG,AST,ASTPG,STL,STLPG,BLK,BLKPG,TO,TOPG,PF,PTS,PTSPG,
Ken Durrett,CIN,1971-1972, 6-7,SF,23,19,233,12.2631578947,31,79,.392,.000,.000,.000,21,28,.750,.000,0.0,.000,0.0,39,2.05263157895,14,0.736842105263,.000,0.0,.000,0.0,.000,0.0,41,83,4.36842105263,
Ken Durrett,KCO,1972-1973, 6-7,SF,24,8,65,8.125,8,21,.381,.000,.000,.000,6,8,.750,.000,0.0,.000,0.0,14,1.75,3,0.375,.000,0.0,.000,0.0,.000,0.0,16,22,2.75,
Ken Durrett,KCO,1973-1974, 6-7,SF,25,45,462,10.2666666667,86,176,.489,.000,.000,.000,42,69,.609,28,0.622222222222,50,1.11111111111,78,1.73333333333,19,0.422222222222,13,0.288888888889,5,0.111111111111,.000,0.0,68,214,4.75555555556,
Ken Durrett,TOT,1974-1975, 6-7,SF,26,48,445,9.27083333333,67,166,.404,.000,.000,.000,31,52,.596,35,0.729166666667,67,1.39583333333,102,2.125,18,0.375,9,0.1875,8,0.166666666667,.000,0.0,72,165,3.4375,
Ken Durrett,KCO,1974-1975, 6-7,SF,26,21,175,8.33333333333,32,78,.410,.000,.000,.000,11,20,.550,14,0.666666666667,26,1.2380952381,40,1.90476190476,8,0.380952380952,5,0.238095238095,4,0.190476190476,.000,0.0,30,75,3.57142857143,
Ken Durrett,PHI,1974-1975, 6-7,SF,26,27,270,10.0,35,88,.398,.000,.000,.000,20,32,.625,21,0.777777777778,41,1.51851851852,62,2.2962962963,10,0.37037037037,4,0.148148148148,4,0.148148148148,.000,0.0,42,90,3.33333333333,
