Player,Team,Season,Height,Position,Age,G,MIN,MINPG,FGM,FGA,FGP,TPM,TPA,TPP,FTM,FTA,FTP,ORB,ORBPG,DRB,DRBPG,TRB,TRBPG,AST,ASTPG,STL,STLPG,BLK,BLKPG,TO,TOPG,PF,PTS,PTSPG,
Kendall Rhine,KEN,1967-1968, 6-10,C,24,52,552,10.6153846154,50,158,.316,0,1,.000,27,56,.482,.000,0.0,.000,0.0,235,4.51923076923,31,0.596153846154,.000,0.0,.000,0.0,36,0.692307692308,120,127,2.44230769231,
Kendall Rhine,HSM,1968-1969, 6-10,C,25,73,2116,28.9863013699,255,629,.405,0,1,.000,149,265,.562,307,4.20547945205,497,6.80821917808,804,11.0136986301,150,2.05479452055,.000,0.0,.000,0.0,119,1.6301369863,321,659,9.02739726027,
