Player,Team,Season,Height,Position,Age,G,MIN,MINPG,FGM,FGA,FGP,TPM,TPA,TPP,FTM,FTA,FTP,ORB,ORBPG,DRB,DRBPG,TRB,TRBPG,AST,ASTPG,STL,STLPG,BLK,BLKPG,TO,TOPG,PF,PTS,PTSPG,
Kenny Satterfield,DEN,2001-2002, 6-2,PG,20,36,560,15.5555555556,73,199,.367,7,27,.259,36,46,.783,17,0.472222222222,35,0.972222222222,52,1.44444444444,108,3.0,31,0.861111111111,1,0.0277777777778,53,1.47222222222,43,189,5.25,
Kenny Satterfield,TOT,2002-2003, 6-2,PG,21,39,502,12.8717948718,55,183,.301,5,28,.179,17,25,.680,16,0.410256410256,27,0.692307692308,43,1.10256410256,68,1.74358974359,20,0.512820512821,2,0.0512820512821,43,1.10256410256,36,132,3.38461538462,
Kenny Satterfield,DEN,2002-2003, 6-2,PG,21,22,420,19.0909090909,51,165,.309,5,28,.179,16,23,.696,12,0.545454545455,23,1.04545454545,35,1.59090909091,53,2.40909090909,18,0.818181818182,2,0.0909090909091,36,1.63636363636,30,123,5.59090909091,
Kenny Satterfield,PHI,2002-2003, 6-2,PG,21,17,82,4.82352941176,4,18,.222,0,0,.000,1,2,.500,4,0.235294117647,4,0.235294117647,8,0.470588235294,15,0.882352941176,2,0.117647058824,0,0.0,7,0.411764705882,6,9,0.529411764706,
