Player,Team,Season,Height,Position,Age,G,MIN,MINPG,FGM,FGA,FGP,TPM,TPA,TPP,FTM,FTA,FTP,ORB,ORBPG,DRB,DRBPG,TRB,TRBPG,AST,ASTPG,STL,STLPG,BLK,BLKPG,TO,TOPG,PF,PTS,PTSPG,
Kenny Higgs,CLE,1978-1979, 6-0,PG,24,68,1050,15.4411764706,127,279,.455,.000,.000,.000,85,111,.766,18,0.264705882353,84,1.23529411765,102,1.5,141,2.07352941176,66,0.970588235294,11,0.161764705882,47,0.691176470588,176,339,4.98529411765,
Kenny Higgs,DEN,1980-1981, 6-0,PG,26,72,1689,23.4583333333,209,474,.441,4,34,.118,140,172,.814,24,0.333333333333,121,1.68055555556,145,2.01388888889,408,5.66666666667,101,1.40277777778,6,0.0833333333333,166,2.30555555556,243,562,7.80555555556,
Kenny Higgs,DEN,1981-1982, 6-0,PG,27,76,1696,22.3157894737,202,468,.432,4,21,.190,161,197,.817,23,0.302631578947,121,1.59210526316,144,1.89473684211,395,5.19736842105,72,0.947368421053,6,0.0789473684211,156,2.05263157895,263,569,7.48684210526,
