Player,Team,Season,Height,Position,Age,G,MIN,MINPG,FGM,FGA,FGP,TPM,TPA,TPP,FTM,FTA,FTP,ORB,ORBPG,DRB,DRBPG,TRB,TRBPG,AST,ASTPG,STL,STLPG,BLK,BLKPG,TO,TOPG,PF,PTS,PTSPG,
Kenny Rollins,CHS,1948-1949, 6-0,PG,25,59,.000,0.0,144,520,.277,.000,.000,.000,77,104,.740,.000,0.0,.000,0.0,.000,0.0,167,2.83050847458,.000,0.0,.000,0.0,.000,0.0,150,365,6.18644067797,
Kenny Rollins,CHS,1949-1950, 6-0,PG,26,66,.000,0.0,144,421,.342,.000,.000,.000,66,89,.742,.000,0.0,.000,0.0,.000,0.0,131,1.98484848485,.000,0.0,.000,0.0,.000,0.0,129,354,5.36363636364,
Kenny Rollins,BOS,1952-1953, 6-0,PG,29,43,426,9.90697674419,38,115,.330,.000,.000,.000,22,27,.815,.000,0.0,.000,0.0,45,1.04651162791,46,1.06976744186,.000,0.0,.000,0.0,.000,0.0,63,98,2.27906976744,
