Player,Team,Season,Height,Position,Age,G,MIN,MINPG,FGM,FGA,FGP,TPM,TPA,TPP,FTM,FTA,FTP,ORB,ORBPG,DRB,DRBPG,TRB,TRBPG,AST,ASTPG,STL,STLPG,BLK,BLKPG,TO,TOPG,PF,PTS,PTSPG,
Kenneth Faried,DEN,2011-2012, 6-8,PF,22,46,1037,22.5434782609,181,309,.586,0,0,.000,109,164,.665,142,3.08695652174,210,4.5652173913,352,7.65217391304,36,0.782608695652,34,0.739130434783,47,1.02173913043,54,1.17391304348,116,471,10.2391304348,
Kenneth Faried,DEN,2012-2013, 6-8,PF,23,66,1900,28.7878787879,321,586,.548,0,0,.000,140,226,.619,225,3.40909090909,409,6.19696969697,634,9.60606060606,68,1.0303030303,74,1.12121212121,60,0.909090909091,95,1.43939393939,201,782,11.8484848485,
