Player,Team,Season,Height,Position,Age,G,MIN,MINPG,FGM,FGA,FGP,TPM,TPA,TPP,FTM,FTA,FTP,ORB,ORBPG,DRB,DRBPG,TRB,TRBPG,AST,ASTPG,STL,STLPG,BLK,BLKPG,TO,TOPG,PF,PTS,PTSPG,
Kenny Williams,IND,1990-1991, 6-9,PF,21,75,527,7.02666666667,93,179,.520,0,3,.000,34,50,.680,56,0.746666666667,75,1.0,131,1.74666666667,31,0.413333333333,11,0.146666666667,31,0.413333333333,41,0.546666666667,81,220,2.93333333333,
Kenny Williams,IND,1991-1992, 6-9,SF,22,60,565,9.41666666667,113,218,.518,0,4,.000,26,43,.605,64,1.06666666667,65,1.08333333333,129,2.15,40,0.666666666667,20,0.333333333333,41,0.683333333333,22,0.366666666667,99,252,4.2,
Kenny Williams,IND,1992-1993, 6-9,SF,23,57,844,14.8070175439,150,282,.532,0,3,.000,48,68,.706,102,1.78947368421,126,2.21052631579,228,4.0,38,0.666666666667,21,0.368421052632,45,0.789473684211,28,0.491228070175,87,348,6.10526315789,
Kenny Williams,IND,1993-1994, 6-9,SF,24,68,982,14.4411764706,191,391,.488,0,4,.000,45,64,.703,93,1.36764705882,112,1.64705882353,205,3.01470588235,52,0.764705882353,24,0.352941176471,49,0.720588235294,45,0.661764705882,99,427,6.27941176471,
