Player,Team,Season,Height,Position,Age,G,MIN,MINPG,FGM,FGA,FGP,TPM,TPA,TPP,FTM,FTA,FTP,ORB,ORBPG,DRB,DRBPG,TRB,TRBPG,AST,ASTPG,STL,STLPG,BLK,BLKPG,TO,TOPG,PF,PTS,PTSPG,
Kenny Green,TOT,1985-1986, 6-6,SF,21,41,453,11.0487804878,83,192,.432,0,1,.000,35,49,.714,27,0.658536585366,46,1.12195121951,73,1.78048780488,9,0.219512195122,5,0.121951219512,9,0.219512195122,35,0.853658536585,53,201,4.90243902439,
Kenny Green,WSB,1985-1986, 6-6,SF,21,20,221,11.05,44,101,.436,0,1,.000,21,26,.808,17,0.85,21,1.05,38,1.9,3,0.15,4,0.2,7,0.35,17,0.85,26,109,5.45,
Kenny Green,PHI,1985-1986, 6-6,SF,21,21,232,11.0476190476,39,91,.429,0,0,.000,14,23,.609,10,0.47619047619,25,1.19047619048,35,1.66666666667,6,0.285714285714,1,0.047619047619,2,0.0952380952381,18,0.857142857143,27,92,4.38095238095,
Kenny Green,PHI,1986-1987, 6-6,SF,22,19,172,9.05263157895,25,70,.357,0,0,.000,14,19,.737,6,0.315789473684,22,1.15789473684,28,1.47368421053,7,0.368421052632,4,0.210526315789,2,0.105263157895,15,0.789473684211,8,64,3.36842105263,
