Player,Team,Season,Height,Position,Age,G,MIN,MINPG,FGM,FGA,FGP,TPM,TPA,TPP,FTM,FTA,FTP,ORB,ORBPG,DRB,DRBPG,TRB,TRBPG,AST,ASTPG,STL,STLPG,BLK,BLKPG,TO,TOPG,PF,PTS,PTSPG,
Kenny Walker,NYK,1986-1987, 6-8,SF,22,68,1719,25.2794117647,285,581,.491,0,4,.000,140,185,.757,118,1.73529411765,220,3.23529411765,338,4.97058823529,75,1.10294117647,49,0.720588235294,49,0.720588235294,75,1.10294117647,236,710,10.4411764706,
Kenny Walker,NYK,1987-1988, 6-8,SF,23,82,2139,26.0853658537,344,728,.473,0,1,.000,138,178,.775,192,2.34146341463,197,2.40243902439,389,4.74390243902,86,1.0487804878,63,0.768292682927,59,0.719512195122,83,1.01219512195,290,826,10.0731707317,
Kenny Walker,NYK,1988-1989, 6-8,SF,24,79,1163,14.7215189873,174,356,.489,5,20,.250,66,85,.776,101,1.27848101266,129,1.63291139241,230,2.91139240506,36,0.455696202532,41,0.518987341772,45,0.569620253165,44,0.556962025316,190,419,5.30379746835,
Kenny Walker,NYK,1989-1990, 6-8,PF,25,68,1595,23.4558823529,204,384,.531,2,5,.400,125,173,.723,131,1.92647058824,212,3.11764705882,343,5.04411764706,49,0.720588235294,33,0.485294117647,52,0.764705882353,60,0.882352941176,178,535,7.86764705882,
Kenny Walker,NYK,1990-1991, 6-8,SF,26,54,771,14.2777777778,83,191,.435,0,1,.000,64,82,.780,63,1.16666666667,94,1.74074074074,157,2.90740740741,13,0.240740740741,18,0.333333333333,30,0.555555555556,30,0.555555555556,92,230,4.25925925926,
Kenny Walker,WSB,1993-1994, 6-8,SF,29,73,1397,19.1369863014,132,274,.482,0,3,.000,87,125,.696,118,1.61643835616,171,2.34246575342,289,3.95890410959,33,0.452054794521,26,0.356164383562,59,0.808219178082,44,0.602739726027,156,351,4.80821917808,
Kenny Walker,WSB,1994-1995, 6-8,SF,30,24,266,11.0833333333,18,42,.429,0,0,.000,21,28,.750,19,0.791666666667,28,1.16666666667,47,1.95833333333,7,0.291666666667,5,0.208333333333,5,0.208333333333,15,0.625,42,57,2.375,
