Player,Team,Season,Height,Position,Age,G,MIN,MINPG,FGM,FGA,FGP,TPM,TPA,TPP,FTM,FTA,FTP,ORB,ORBPG,DRB,DRBPG,TRB,TRBPG,AST,ASTPG,STL,STLPG,BLK,BLKPG,TO,TOPG,PF,PTS,PTSPG,
Kenny Battle,PHO,1989-1990, 6-6,SG,25,59,729,12.3559322034,93,170,.547,1,4,.250,55,82,.671,44,0.745762711864,80,1.35593220339,124,2.10169491525,38,0.64406779661,35,0.593220338983,11,0.186440677966,32,0.542372881356,94,242,4.10169491525,
Kenny Battle,TOT,1990-1991, 6-6,SG,26,56,945,16.875,133,282,.472,3,24,.125,70,93,.753,83,1.48214285714,93,1.66071428571,176,3.14285714286,62,1.10714285714,60,1.07142857143,18,0.321428571429,53,0.946428571429,108,339,6.05357142857,
Kenny Battle,PHO,1990-1991, 6-6,SG,26,16,263,16.4375,38,86,.442,0,2,.000,20,29,.690,21,1.3125,32,2.0,53,3.3125,15,0.9375,19,1.1875,6,0.375,17,1.0625,25,96,6.0,
Kenny Battle,DEN,1990-1991, 6-6,SG,26,40,682,17.05,95,196,.485,3,22,.136,50,64,.781,62,1.55,61,1.525,123,3.075,47,1.175,41,1.025,12,0.3,36,0.9,83,243,6.075,
Kenny Battle,TOT,1991-1992, 6-6,SG,27,16,92,5.75,11,17,.647,0,1,.000,10,12,.833,4,0.25,12,0.75,16,1.0,4,0.25,2,0.125,2,0.125,4,0.25,10,32,2.0,
Kenny Battle,BOS,1991-1992, 6-6,SG,27,8,46,5.75,3,4,.750,0,0,.000,8,8,1.000,3,0.375,6,0.75,9,1.125,0,0.0,1,0.125,0,0.0,2,0.25,4,14,1.75,
Kenny Battle,GSW,1991-1992, 6-6,SG,27,8,46,5.75,8,13,.615,0,1,.000,2,4,.500,1,0.125,6,0.75,7,0.875,4,0.5,1,0.125,2,0.25,2,0.25,6,18,2.25,
Kenny Battle,BOS,1992-1993, 6-6,SG,28,3,29,9.66666666667,6,13,.462,0,1,.000,2,2,1.000,7,2.33333333333,4,1.33333333333,11,3.66666666667,2,0.666666666667,1,0.333333333333,0,0.0,2,0.666666666667,2,14,4.66666666667,
