Player,Team,Season,Height,Position,Age,G,MIN,MINPG,FGM,FGA,FGP,TPM,TPA,TPP,FTM,FTA,FTP,ORB,ORBPG,DRB,DRBPG,TRB,TRBPG,AST,ASTPG,STL,STLPG,BLK,BLKPG,TO,TOPG,PF,PTS,PTSPG,
Kenny McIntosh,CHI,1971-1972, 6-7,SF,23,43,405,9.41860465116,57,168,.339,.000,.000,.000,21,44,.477,.000,0.0,.000,0.0,89,2.06976744186,18,0.418604651163,.000,0.0,.000,0.0,.000,0.0,41,135,3.13953488372,
Kenny McIntosh,TOT,1972-1973, 6-7,SF,24,59,1138,19.2881355932,115,341,.337,.000,.000,.000,40,67,.597,.000,0.0,.000,0.0,231,3.91525423729,54,0.915254237288,.000,0.0,.000,0.0,.000,0.0,102,270,4.57627118644,
Kenny McIntosh,CHI,1972-1973, 6-7,SF,24,3,33,11.0,8,13,.615,.000,.000,.000,0,2,.000,.000,0.0,.000,0.0,9,3.0,1,0.333333333333,.000,0.0,.000,0.0,.000,0.0,4,16,5.33333333333,
Kenny McIntosh,SEA,1972-1973, 6-7,SF,24,56,1105,19.7321428571,107,328,.326,.000,.000,.000,40,65,.615,.000,0.0,.000,0.0,222,3.96428571429,53,0.946428571429,.000,0.0,.000,0.0,.000,0.0,98,254,4.53571428571,
Kenny McIntosh,SEA,1973-1974, 6-7,SF,25,69,2056,29.7971014493,223,573,.389,.000,.000,.000,65,107,.607,111,1.60869565217,250,3.6231884058,361,5.23188405797,94,1.36231884058,52,0.753623188406,29,0.420289855072,.000,0.0,178,511,7.40579710145,
Kenny McIntosh,SEA,1974-1975, 6-7,SF,26,6,101,16.8333333333,6,29,.207,.000,.000,.000,6,9,.667,6,1.0,9,1.5,15,2.5,7,1.16666666667,4,0.666666666667,3,0.5,.000,0.0,12,18,3.0,
