Player,Team,Season,Height,Position,Age,G,MIN,MINPG,FGM,FGA,FGP,TPM,TPA,TPP,FTM,FTA,FTP,ORB,ORBPG,DRB,DRBPG,TRB,TRBPG,AST,ASTPG,STL,STLPG,BLK,BLKPG,TO,TOPG,PF,PTS,PTSPG,
Kent Bazemore,GSW,2012-2013, 6-5,SG,23,46,200,4.34782608696,28,81,.346,6,21,.286,19,32,.594,5,0.108695652174,15,0.326086956522,20,0.434782608696,16,0.347826086957,10,0.217391304348,3,0.0652173913043,11,0.239130434783,22,81,1.76086956522,
