Player,Team,Season,Height,Position,Age,G,MIN,MINPG,FGM,FGA,FGP,TPM,TPA,TPP,FTM,FTA,FTP,ORB,ORBPG,DRB,DRBPG,TRB,TRBPG,AST,ASTPG,STL,STLPG,BLK,BLKPG,TO,TOPG,PF,PTS,PTSPG,
Kevin O'Shea,MNL,1950-1951, 6-2,,25,63,.000,0.0,87,267,.326,.000,.000,.000,97,134,.724,.000,0.0,.000,0.0,125,1.98412698413,100,1.5873015873,.000,0.0,.000,0.0,.000,0.0,99,271,4.30158730159,
Kevin O'Shea,TOT,1951-1952, 6-2,PG,26,65,1725,26.5384615385,153,466,.328,.000,.000,.000,144,210,.686,.000,0.0,.000,0.0,201,3.09230769231,171,2.63076923077,.000,0.0,.000,0.0,.000,0.0,175,450,6.92307692308,
Kevin O'Shea,MLH,1951-1952, 6-2,,26,43,1077,25.0465116279,92,301,.306,.000,.000,.000,74,113,.655,.000,0.0,.000,0.0,122,2.83720930233,101,2.3488372093,.000,0.0,.000,0.0,.000,0.0,112,258,6.0,
Kevin O'Shea,BLB,1951-1952, 6-2,PG,26,22,648,29.4545454545,61,165,.370,.000,.000,.000,70,97,.722,.000,0.0,.000,0.0,79,3.59090909091,70,3.18181818182,.000,0.0,.000,0.0,.000,0.0,63,192,8.72727272727,
Kevin O'Shea,BLB,1952-1953, 6-2,SG,27,46,643,13.9782608696,71,189,.376,.000,.000,.000,48,81,.593,.000,0.0,.000,0.0,76,1.65217391304,87,1.89130434783,.000,0.0,.000,0.0,.000,0.0,82,190,4.13043478261,
