Player,Team,Season,Height,Position,Age,G,MIN,MINPG,FGM,FGA,FGP,TPM,TPA,TPP,FTM,FTA,FTP,ORB,ORBPG,DRB,DRBPG,TRB,TRBPG,AST,ASTPG,STL,STLPG,BLK,BLKPG,TO,TOPG,PF,PTS,PTSPG,
Kevin McKenna,LAL,1981-1982, 6-5,SG,23,36,237,6.58333333333,28,87,.322,0,2,.000,11,17,.647,18,0.5,11,0.305555555556,29,0.805555555556,14,0.388888888889,10,0.277777777778,2,0.0555555555556,20,0.555555555556,45,67,1.86111111111,
Kevin McKenna,IND,1983-1984, 6-5,SG,25,61,923,15.131147541,152,371,.410,3,17,.176,80,98,.816,30,0.491803278689,65,1.06557377049,95,1.55737704918,114,1.86885245902,46,0.754098360656,5,0.0819672131148,62,1.01639344262,133,387,6.34426229508,
Kevin McKenna,NJN,1984-1985, 6-5,SG,26,29,535,18.4482758621,61,134,.455,5,13,.385,38,43,.884,20,0.689655172414,29,1.0,49,1.68965517241,58,2.0,30,1.03448275862,7,0.241379310345,32,1.10344827586,63,165,5.68965517241,
Kevin McKenna,WSB,1985-1986, 6-5,SG,27,30,430,14.3333333333,61,166,.367,27,75,.360,25,30,.833,9,0.3,27,0.9,36,1.2,23,0.766666666667,29,0.966666666667,2,0.0666666666667,18,0.6,54,174,5.8,
Kevin McKenna,NJN,1986-1987, 6-5,SG,28,56,942,16.8214285714,153,337,.454,52,124,.419,43,57,.754,21,0.375,56,1.0,77,1.375,93,1.66071428571,54,0.964285714286,7,0.125,53,0.946428571429,141,401,7.16071428571,
Kevin McKenna,NJN,1987-1988, 6-5,SG,29,31,393,12.6774193548,43,109,.394,16,50,.320,24,25,.960,4,0.129032258065,27,0.870967741935,31,1.0,40,1.29032258065,15,0.483870967742,2,0.0645161290323,19,0.612903225806,55,126,4.06451612903,
