Player,Team,Season,Height,Position,Age,G,MIN,MINPG,FGM,FGA,FGP,TPM,TPA,TPP,FTM,FTA,FTP,ORB,ORBPG,DRB,DRBPG,TRB,TRBPG,AST,ASTPG,STL,STLPG,BLK,BLKPG,TO,TOPG,PF,PTS,PTSPG,
Kevin Durant,SEA,2007-2008, 6-9,SG,19,80,2768,34.6,587,1366,.430,59,205,.288,391,448,.873,70,0.875,278,3.475,348,4.35,192,2.4,78,0.975,75,0.9375,232,2.9,122,1624,20.3,
Kevin Durant,OKC,2008-2009, 6-9,SF,20,74,2885,38.9864864865,661,1390,.476,97,230,.422,452,524,.863,77,1.04054054054,405,5.47297297297,482,6.51351351351,205,2.77027027027,96,1.2972972973,53,0.716216216216,225,3.04054054054,134,1871,25.2837837838,
Kevin Durant,OKC,2009-2010, 6-9,SF,21,82,3239,39.5,794,1668,.476,128,351,.365,756,840,.900,105,1.28048780488,518,6.31707317073,623,7.59756097561,231,2.81707317073,112,1.36585365854,84,1.0243902439,271,3.30487804878,171,2472,30.1463414634,
Kevin Durant,OKC,2010-2011, 6-9,SF,22,78,3038,38.9487179487,711,1538,.462,145,414,.350,594,675,.880,57,0.730769230769,476,6.10256410256,533,6.83333333333,214,2.74358974359,88,1.12820512821,76,0.974358974359,218,2.79487179487,159,2161,27.7051282051,
Kevin Durant,OKC,2011-2012, 6-9,SF,23,66,2546,38.5757575758,643,1297,.496,133,344,.387,431,501,.860,40,0.606060606061,487,7.37878787879,527,7.98484848485,231,3.5,88,1.33333333333,77,1.16666666667,248,3.75757575758,133,1850,28.0303030303,
Kevin Durant,OKC,2012-2013, 6-9,SF,24,65,2501,38.4769230769,585,1158,.505,117,282,.415,552,607,.909,33,0.507692307692,480,7.38461538462,513,7.89230769231,299,4.6,95,1.46153846154,81,1.24615384615,218,3.35384615385,119,1839,28.2923076923,
