Player,Team,Season,Height,Position,Age,G,MIN,MINPG,FGM,FGA,FGP,TPM,TPA,TPP,FTM,FTA,FTP,ORB,ORBPG,DRB,DRBPG,TRB,TRBPG,AST,ASTPG,STL,STLPG,BLK,BLKPG,TO,TOPG,PF,PTS,PTSPG,
Kevin Burleson,CHA,2005-2006, 6-3,PG,26,39,340,8.71794871795,22,88,.250,10,54,.185,16,17,.941,4,0.102564102564,22,0.564102564103,26,0.666666666667,48,1.23076923077,26,0.666666666667,2,0.0512820512821,25,0.641025641026,63,70,1.79487179487,
