Player,Team,Season,Height,Position,Age,G,MIN,MINPG,FGM,FGA,FGP,TPM,TPA,TPP,FTM,FTA,FTP,ORB,ORBPG,DRB,DRBPG,TRB,TRBPG,AST,ASTPG,STL,STLPG,BLK,BLKPG,TO,TOPG,PF,PTS,PTSPG,
Kevin Joyce,INA,1973-1974, 6-3,SG,22,56,987,17.625,171,432,.396,5,27,.185,64,78,.821,33,0.589285714286,59,1.05357142857,92,1.64285714286,128,2.28571428571,32,0.571428571429,8,0.142857142857,80,1.42857142857,86,411,7.33928571429,
Kevin Joyce,INA,1974-1975, 6-3,SG,23,81,2828,34.9135802469,530,1245,.426,8,42,.190,142,180,.789,60,0.740740740741,103,1.27160493827,163,2.01234567901,322,3.97530864198,107,1.32098765432,23,0.283950617284,151,1.86419753086,259,1210,14.9382716049,
Kevin Joyce,TOT,1975-1976, 6-3,SG,24,43,916,21.3023255814,114,311,.367,2,12,.167,55,74,.743,7,0.162790697674,42,0.976744186047,49,1.13953488372,130,3.02325581395,31,0.720930232558,3,0.0697674418605,91,2.11627906977,96,285,6.62790697674,
Kevin Joyce,SDS,1975-1976, 6-3,PG,24,9,266,29.5555555556,36,108,.333,1,5,.200,22,32,.688,1,0.111111111111,6,0.666666666667,7,0.777777777778,47,5.22222222222,12,1.33333333333,0,0.0,34,3.77777777778,21,95,10.5555555556,
Kevin Joyce,KEN,1975-1976, 6-3,SG,24,34,650,19.1176470588,78,203,.384,1,7,.143,33,42,.786,6,0.176470588235,36,1.05882352941,42,1.23529411765,83,2.44117647059,19,0.558823529412,3,0.0882352941176,57,1.67647058824,75,190,5.58823529412,
