Player,Team,Season,Height,Position,Age,G,MIN,MINPG,FGM,FGA,FGP,TPM,TPA,TPP,FTM,FTA,FTP,ORB,ORBPG,DRB,DRBPG,TRB,TRBPG,AST,ASTPG,STL,STLPG,BLK,BLKPG,TO,TOPG,PF,PTS,PTSPG,
Kevin Stacom,BOS,1974-1975, 6-3,SG,23,61,447,7.32786885246,72,159,.453,.000,.000,.000,29,33,.879,30,0.491803278689,25,0.409836065574,55,0.901639344262,49,0.803278688525,11,0.180327868852,3,0.0491803278689,.000,0.0,65,173,2.83606557377,
Kevin Stacom,BOS,1975-1976, 6-3,SG,24,77,1114,14.4675324675,170,387,.439,.000,.000,.000,68,91,.747,62,0.805194805195,99,1.28571428571,161,2.09090909091,128,1.66233766234,23,0.298701298701,5,0.0649350649351,.000,0.0,117,408,5.2987012987,
Kevin Stacom,BOS,1976-1977, 6-3,SG,25,79,1051,13.3037974684,179,438,.409,.000,.000,.000,46,58,.793,40,0.506329113924,57,0.721518987342,97,1.22784810127,117,1.48101265823,19,0.240506329114,3,0.0379746835443,.000,0.0,65,404,5.11392405063,
Kevin Stacom,BOS,1977-1978, 6-3,SG,26,55,1006,18.2909090909,206,484,.426,.000,.000,.000,54,71,.761,26,0.472727272727,80,1.45454545455,106,1.92727272727,111,2.01818181818,28,0.509090909091,3,0.0545454545455,69,1.25454545455,60,466,8.47272727273,
Kevin Stacom,TOT,1978-1979, 6-3,SG,27,68,831,12.2205882353,128,342,.374,.000,.000,.000,44,60,.733,30,0.441176470588,55,0.808823529412,85,1.25,112,1.64705882353,29,0.426470588235,1,0.0147058823529,80,1.17647058824,47,300,4.41176470588,
Kevin Stacom,IND,1978-1979, 6-3,SG,27,44,571,12.9772727273,76,209,.364,.000,.000,.000,31,41,.756,20,0.454545454545,41,0.931818181818,61,1.38636363636,77,1.75,14,0.318181818182,1,0.0227272727273,54,1.22727272727,29,183,4.15909090909,
Kevin Stacom,BOS,1978-1979, 6-3,SG,27,24,260,10.8333333333,52,133,.391,.000,.000,.000,13,19,.684,10,0.416666666667,14,0.583333333333,24,1.0,35,1.45833333333,15,0.625,0,0.0,26,1.08333333333,18,117,4.875,
Kevin Stacom,MIL,1981-1982, 6-3,SG,30,7,90,12.8571428571,14,34,.412,1,2,.500,1,2,.500,2,0.285714285714,5,0.714285714286,7,1.0,7,1.0,1,0.142857142857,0,0.0,9,1.28571428571,6,30,4.28571428571,
