Player,Team,Season,Height,Position,Age,G,MIN,MINPG,FGM,FGA,FGP,TPM,TPA,TPP,FTM,FTA,FTP,ORB,ORBPG,DRB,DRBPG,TRB,TRBPG,AST,ASTPG,STL,STLPG,BLK,BLKPG,TO,TOPG,PF,PTS,PTSPG,
Kevin Pritchard,GSW,1990-1991, 6-3,PG,23,62,773,12.4677419355,88,229,.384,5,31,.161,62,77,.805,16,0.258064516129,49,0.790322580645,65,1.04838709677,81,1.3064516129,30,0.483870967742,8,0.129032258065,59,0.951612903226,104,243,3.91935483871,
Kevin Pritchard,BOS,1991-1992, 6-3,PG,24,11,136,12.3636363636,16,34,.471,0,3,.000,14,18,.778,1,0.0909090909091,10,0.909090909091,11,1.0,30,2.72727272727,3,0.272727272727,4,0.363636363636,11,1.0,17,46,4.18181818182,
Kevin Pritchard,TOT,1994-1995, 6-3,PG,27,19,194,10.2105263158,13,32,.406,2,8,.250,16,21,.762,0,0.0,12,0.631578947368,12,0.631578947368,34,1.78947368421,2,0.105263157895,1,0.0526315789474,12,0.631578947368,22,44,2.31578947368,
Kevin Pritchard,PHI,1994-1995, 6-3,PG,27,5,36,7.2,0,3,.000,0,3,.000,1,4,.250,0,0.0,1,0.2,1,0.2,11,2.2,0,0.0,0,0.0,5,1.0,3,1,0.2,
Kevin Pritchard,MIA,1994-1995, 6-3,PG,27,14,158,11.2857142857,13,29,.448,2,5,.400,15,17,.882,0,0.0,11,0.785714285714,11,0.785714285714,23,1.64285714286,2,0.142857142857,1,0.0714285714286,7,0.5,19,43,3.07142857143,
Kevin Pritchard,WSB,1995-1996, 6-3,PG,28,2,22,11.0,2,3,.667,1,1,1.000,2,3,.667,0,0.0,2,1.0,2,1.0,7,3.5,2,1.0,0,0.0,0,0.0,3,7,3.5,
