Player,Team,Season,Height,Position,Age,G,MIN,MINPG,FGM,FGA,FGP,TPM,TPA,TPP,FTM,FTA,FTP,ORB,ORBPG,DRB,DRBPG,TRB,TRBPG,AST,ASTPG,STL,STLPG,BLK,BLKPG,TO,TOPG,PF,PTS,PTSPG,
Kevin Lynch,CHH,1991-1992, 6-5,SG,23,55,819,14.8909090909,93,223,.417,3,8,.375,35,46,.761,30,0.545454545455,55,1.0,85,1.54545454545,83,1.50909090909,37,0.672727272727,9,0.163636363636,44,0.8,107,224,4.07272727273,
Kevin Lynch,CHH,1992-1993, 6-5,SG,24,40,324,8.1,30,59,.508,0,1,.000,26,38,.684,12,0.3,23,0.575,35,0.875,25,0.625,11,0.275,6,0.15,24,0.6,44,86,2.15,
