Player,Team,Season,Height,Position,Age,G,MIN,MINPG,FGM,FGA,FGP,TPM,TPA,TPP,FTM,FTA,FTP,ORB,ORBPG,DRB,DRBPG,TRB,TRBPG,AST,ASTPG,STL,STLPG,BLK,BLKPG,TO,TOPG,PF,PTS,PTSPG,
Kevin Henderson,GSW,1986-1987, 6-4,PG,22,5,45,9.0,3,8,.375,0,0,.000,2,2,1.000,1,0.2,2,0.4,3,0.6,11,2.2,1,0.2,0,0.0,4,0.8,9,8,1.6,
Kevin Henderson,TOT,1987-1988, 6-4,SG,23,17,190,11.1764705882,21,53,.396,0,1,.000,15,26,.577,9,0.529411764706,12,0.705882352941,21,1.23529411765,23,1.35294117647,8,0.470588235294,0,0.0,17,1.0,26,57,3.35294117647,
Kevin Henderson,GSW,1987-1988, 6-4,SG,23,12,170,14.1666666667,19,48,.396,0,1,.000,10,14,.714,6,0.5,11,0.916666666667,17,1.41666666667,21,1.75,8,0.666666666667,0,0.0,15,1.25,24,48,4.0,
Kevin Henderson,CLE,1987-1988, 6-4,SG,23,5,20,4.0,2,5,.400,0,0,.000,5,12,.417,3,0.6,1,0.2,4,0.8,2,0.4,0,0.0,0,0.0,2,0.4,2,9,1.8,
