Player,Team,Season,Height,Position,Age,G,MIN,MINPG,FGM,FGA,FGP,TPM,TPA,TPP,FTM,FTA,FTP,ORB,ORBPG,DRB,DRBPG,TRB,TRBPG,AST,ASTPG,STL,STLPG,BLK,BLKPG,TO,TOPG,PF,PTS,PTSPG,
Kevin Brooks,DEN,1991-1992, 6-6,SF,22,37,270,7.2972972973,43,97,.443,2,11,.182,17,21,.810,13,0.351351351351,26,0.702702702703,39,1.05405405405,11,0.297297297297,8,0.216216216216,2,0.0540540540541,18,0.486486486486,19,105,2.83783783784,
Kevin Brooks,DEN,1992-1993, 6-6,SF,23,55,571,10.3818181818,93,233,.399,6,26,.231,35,40,.875,22,0.4,59,1.07272727273,81,1.47272727273,34,0.618181818182,10,0.181818181818,2,0.0363636363636,39,0.709090909091,46,227,4.12727272727,
Kevin Brooks,DEN,1993-1994, 6-6,SF,24,34,190,5.58823529412,36,99,.364,4,23,.174,9,10,.900,5,0.147058823529,16,0.470588235294,21,0.617647058824,3,0.0882352941176,0,0.0,2,0.0588235294118,12,0.352941176471,19,85,2.5,
