Player,Team,Season,Height,Position,Age,G,MIN,MINPG,FGM,FGA,FGP,TPM,TPA,TPP,FTM,FTA,FTP,ORB,ORBPG,DRB,DRBPG,TRB,TRBPG,AST,ASTPG,STL,STLPG,BLK,BLKPG,TO,TOPG,PF,PTS,PTSPG,
Kevin Seraphin,WAS,2010-2011, 6-9,PF,21,58,635,10.9482758621,66,147,.449,0,0,.000,22,31,.710,80,1.37931034483,72,1.24137931034,152,2.62068965517,10,0.172413793103,17,0.293103448276,28,0.48275862069,42,0.724137931034,126,154,2.65517241379,
Kevin Seraphin,WAS,2011-2012, 6-9,C,22,57,1176,20.6315789474,203,382,.531,0,1,.000,47,70,.671,103,1.80701754386,177,3.10526315789,280,4.91228070175,33,0.578947368421,19,0.333333333333,76,1.33333333333,66,1.15789473684,133,453,7.94736842105,
Kevin Seraphin,WAS,2012-2013, 6-9,C,23,60,1291,21.5166666667,252,563,.448,0,0,.000,45,67,.672,89,1.48333333333,178,2.96666666667,267,4.45,41,0.683333333333,18,0.3,40,0.666666666667,101,1.68333333333,160,549,9.15,
