Player,Team,Season,Height,Position,Age,G,MIN,MINPG,FGM,FGA,FGP,TPM,TPA,TPP,FTM,FTA,FTP,ORB,ORBPG,DRB,DRBPG,TRB,TRBPG,AST,ASTPG,STL,STLPG,BLK,BLKPG,TO,TOPG,PF,PTS,PTSPG,
Kim Hughes,NYA,1975-1976, 6-11,C,23,84,2162,25.7380952381,300,566,.530,0,0,.000,92,202,.455,341,4.05952380952,434,5.16666666667,775,9.22619047619,55,0.654761904762,98,1.16666666667,120,1.42857142857,102,1.21428571429,292,692,8.2380952381,
Kim Hughes,NYN,1976-1977, 6-11,C,24,81,2081,25.6913580247,151,354,.427,.000,.000,.000,19,69,.275,189,2.33333333333,375,4.62962962963,564,6.96296296296,98,1.20987654321,122,1.50617283951,119,1.46913580247,.000,0.0,308,321,3.96296296296,
Kim Hughes,NJN,1977-1978, 6-11,C,25,56,854,15.25,57,160,.356,.000,.000,.000,9,29,.310,95,1.69642857143,145,2.58928571429,240,4.28571428571,38,0.678571428571,49,0.875,49,0.875,57,1.01785714286,163,123,2.19642857143,
Kim Hughes,DEN,1978-1979, 6-11,C,26,81,1086,13.4074074074,98,182,.538,.000,.000,.000,18,45,.400,112,1.38271604938,223,2.75308641975,335,4.13580246914,74,0.913580246914,56,0.691358024691,102,1.25925925926,78,0.962962962963,215,214,2.64197530864,
Kim Hughes,DEN,1979-1980, 6-11,C,27,70,1208,17.2571428571,102,202,.505,0,0,.000,15,41,.366,125,1.78571428571,201,2.87142857143,326,4.65714285714,74,1.05714285714,66,0.942857142857,77,1.1,50,0.714285714286,184,219,3.12857142857,
Kim Hughes,TOT,1980-1981, 6-11,C,28,53,490,9.24528301887,27,70,.386,0,0,.000,1,2,.500,48,0.905660377358,79,1.49056603774,127,2.39622641509,35,0.660377358491,28,0.528301886792,35,0.660377358491,44,0.830188679245,106,55,1.03773584906,
Kim Hughes,DEN,1980-1981, 6-11,C,28,8,159,19.875,11,25,.440,0,0,.000,1,2,.500,19,2.375,31,3.875,50,6.25,11,1.375,11,1.375,14,1.75,11,1.375,33,23,2.875,
Kim Hughes,CLE,1980-1981, 6-11,C,28,45,331,7.35555555556,16,45,.356,0,0,.000,0,0,.000,29,0.644444444444,48,1.06666666667,77,1.71111111111,24,0.533333333333,17,0.377777777778,21,0.466666666667,33,0.733333333333,73,32,0.711111111111,
