Player,Team,Season,Height,Position,Age,G,MIN,MINPG,FGM,FGA,FGP,TPM,TPA,TPP,FTM,FTA,FTP,ORB,ORBPG,DRB,DRBPG,TRB,TRBPG,AST,ASTPG,STL,STLPG,BLK,BLKPG,TO,TOPG,PF,PTS,PTSPG,
Kirk Haston,CHH,2001-2002, 6-9,PF,22,15,77,5.13333333333,11,39,.282,0,3,.000,4,8,.500,5,0.333333333333,15,1.0,20,1.33333333333,5,0.333333333333,0,0.0,1,0.0666666666667,3,0.2,9,26,1.73333333333,
Kirk Haston,NOH,2002-2003, 6-9,SF,23,12,57,4.75,2,17,.118,0,3,.000,2,4,.500,0,0.0,7,0.583333333333,7,0.583333333333,3,0.25,0,0.0,5,0.416666666667,7,0.583333333333,10,6,0.5,
