Player,Team,Season,Height,Position,Age,G,MIN,MINPG,FGM,FGA,FGP,TPM,TPA,TPP,FTM,FTA,FTP,ORB,ORBPG,DRB,DRBPG,TRB,TRBPG,AST,ASTPG,STL,STLPG,BLK,BLKPG,TO,TOPG,PF,PTS,PTSPG,
Kiwane Garris,DEN,1997-1998, 6-2,SG,23,28,225,8.03571428571,22,65,.338,5,14,.357,19,25,.760,3,0.107142857143,16,0.571428571429,19,0.678571428571,28,1.0,7,0.25,1,0.0357142857143,15,0.535714285714,22,68,2.42857142857,
Kiwane Garris,ORL,1999-2000, 6-2,SG,25,3,23,7.66666666667,2,10,.200,0,1,.000,0,0,.000,0,0.0,1,0.333333333333,1,0.333333333333,2,0.666666666667,0,0.0,0,0.0,1,0.333333333333,0,4,1.33333333333,
