Player,Team,Season,Height,Position,Age,G,MIN,MINPG,FGM,FGA,FGP,TPM,TPA,TPP,FTM,FTA,FTP,ORB,ORBPG,DRB,DRBPG,TRB,TRBPG,AST,ASTPG,STL,STLPG,BLK,BLKPG,TO,TOPG,PF,PTS,PTSPG,
Klay Thompson,GSW,2011-2012, 6-7,SG,21,66,1608,24.3636363636,318,718,.443,111,268,.414,79,91,.868,24,0.363636363636,137,2.07575757576,161,2.43939393939,133,2.01515151515,49,0.742424242424,20,0.30303030303,103,1.56060606061,155,826,12.5151515152,
Klay Thompson,GSW,2012-2013, 6-7,SG,22,66,2353,35.6515151515,407,970,.420,171,436,.392,108,125,.864,29,0.439393939394,236,3.57575757576,265,4.01515151515,151,2.28787878788,63,0.954545454545,36,0.545454545455,122,1.84848484848,184,1093,16.5606060606,
