Player,Team,Season,Height,Position,Age,G,MIN,MINPG,FGM,FGA,FGP,TPM,TPA,TPP,FTM,FTA,FTP,ORB,ORBPG,DRB,DRBPG,TRB,TRBPG,AST,ASTPG,STL,STLPG,BLK,BLKPG,TO,TOPG,PF,PTS,PTSPG,
Kornel David,CHI,1998-1999, 6-9,SF,27,50,902,18.04,109,243,.449,0,1,.000,90,111,.811,70,1.4,103,2.06,173,3.46,40,0.8,23,0.46,17,0.34,48,0.96,88,308,6.16,
Kornel David,TOT,1999-2000, 6-9,SF,28,32,474,14.8125,67,157,.427,0,3,.000,45,56,.804,26,0.8125,55,1.71875,81,2.53125,17,0.53125,17,0.53125,3,0.09375,33,1.03125,56,179,5.59375,
Kornel David,CHI,1999-2000, 6-9,SF,28,26,443,17.0384615385,63,148,.426,0,3,.000,42,52,.808,22,0.846153846154,51,1.96153846154,73,2.80769230769,16,0.615384615385,13,0.5,2,0.0769230769231,31,1.19230769231,49,168,6.46153846154,
Kornel David,CLE,1999-2000, 6-9,SF,28,6,31,5.16666666667,4,9,.444,0,0,.000,3,4,.750,4,0.666666666667,4,0.666666666667,8,1.33333333333,1,0.166666666667,4,0.666666666667,1,0.166666666667,2,0.333333333333,7,11,1.83333333333,
Kornel David,TOT,2000-2001, 6-9,SF,29,27,209,7.74074074074,25,51,.490,0,0,.000,12,13,.923,15,0.555555555556,37,1.37037037037,52,1.92592592593,7,0.259259259259,6,0.222222222222,4,0.148148148148,11,0.407407407407,28,62,2.2962962963,
Kornel David,TOR,2000-2001, 6-9,SF,29,17,140,8.23529411765,15,29,.517,0,0,.000,12,13,.923,9,0.529411764706,24,1.41176470588,33,1.94117647059,4,0.235294117647,2,0.117647058824,3,0.176470588235,7,0.411764705882,20,42,2.47058823529,
Kornel David,DET,2000-2001, 6-9,SF,29,10,69,6.9,10,22,.455,0,0,.000,0,0,.000,6,0.6,13,1.3,19,1.9,3,0.3,4,0.4,1,0.1,4,0.4,8,20,2.0,
