Player,Team,Season,Height,Position,Age,G,MIN,MINPG,FGM,FGA,FGP,TPM,TPA,TPP,FTM,FTA,FTP,ORB,ORBPG,DRB,DRBPG,TRB,TRBPG,AST,ASTPG,STL,STLPG,BLK,BLKPG,TO,TOPG,PF,PTS,PTSPG,
Kyle Singler,DET,2012-2013, 6-8,SG,24,67,1881,28.0746268657,228,528,.432,57,156,.365,81,100,.810,87,1.29850746269,176,2.62686567164,263,3.92537313433,68,1.01492537313,46,0.686567164179,32,0.477611940299,79,1.17910447761,183,594,8.86567164179,
