Player,Team,Season,Height,Position,Age,G,MIN,MINPG,FGM,FGA,FGP,TPM,TPA,TPP,FTM,FTA,FTP,ORB,ORBPG,DRB,DRBPG,TRB,TRBPG,AST,ASTPG,STL,STLPG,BLK,BLKPG,TO,TOPG,PF,PTS,PTSPG,
Kyrie Irving,CLE,2011-2012, 6-2,PG,19,51,1558,30.5490196078,350,747,.469,73,183,.399,171,196,.872,44,0.862745098039,147,2.88235294118,191,3.74509803922,275,5.39215686275,54,1.05882352941,20,0.392156862745,160,3.13725490196,110,944,18.5098039216,
Kyrie Irving,CLE,2012-2013, 6-2,PG,20,49,1721,35.1224489796,416,892,.466,92,222,.414,203,241,.842,30,0.612244897959,152,3.10204081633,182,3.71428571429,277,5.65306122449,79,1.61224489796,17,0.34693877551,155,3.16326530612,128,1127,23.0,
