Player,Team,Season,Height,Position,Age,G,MIN,MINPG,FGM,FGA,FGP,TPM,TPA,TPP,FTM,FTA,FTP,ORB,ORBPG,DRB,DRBPG,TRB,TRBPG,AST,ASTPG,STL,STLPG,BLK,BLKPG,TO,TOPG,PF,PTS,PTSPG,
Kyrylo Fesenko,UTA,2007-2008, 7-1,C,21,9,70,7.77777777778,6,16,.375,0,0,.000,2,4,.500,14,1.55555555556,11,1.22222222222,25,2.77777777778,2,0.222222222222,0,0.0,3,0.333333333333,8,0.888888888889,19,14,1.55555555556,
Kyrylo Fesenko,UTA,2008-2009, 7-1,C,22,21,156,7.42857142857,21,36,.583,0,0,.000,7,21,.333,14,0.666666666667,23,1.09523809524,37,1.7619047619,4,0.190476190476,7,0.333333333333,15,0.714285714286,9,0.428571428571,35,49,2.33333333333,
Kyrylo Fesenko,UTA,2009-2010, 7-1,C,23,49,408,8.32653061224,52,95,.547,0,1,.000,24,57,.421,33,0.673469387755,57,1.16326530612,90,1.83673469388,15,0.30612244898,6,0.122448979592,19,0.387755102041,24,0.489795918367,78,128,2.61224489796,
Kyrylo Fesenko,UTA,2010-2011, 7-1,C,24,53,456,8.60377358491,44,100,.440,0,1,.000,18,46,.391,34,0.641509433962,74,1.39622641509,108,2.03773584906,18,0.339622641509,4,0.0754716981132,16,0.301886792453,25,0.471698113208,90,106,2.0,
Kyrylo Fesenko,IND,2011-2012, 7-1,C,25,3,17,5.66666666667,2,5,.400,0,0,.000,4,6,.667,2,0.666666666667,7,2.33333333333,9,3.0,1,0.333333333333,2,0.666666666667,0,0.0,0,0.0,2,8,2.66666666667,
