Player,Team,Season,Height,Position,Age,G,MIN,MINPG,FGM,FGA,FGP,TPM,TPA,TPP,FTM,FTA,FTP,ORB,ORBPG,DRB,DRBPG,TRB,TRBPG,AST,ASTPG,STL,STLPG,BLK,BLKPG,TO,TOPG,PF,PTS,PTSPG,
LaBradford Smith,WSB,1991-1992, 6-3,SG,22,48,708,14.75,100,246,.407,2,21,.095,45,56,.804,30,0.625,51,1.0625,81,1.6875,99,2.0625,44,0.916666666667,1,0.0208333333333,63,1.3125,98,247,5.14583333333,
LaBradford Smith,WSB,1992-1993, 6-3,SG,23,69,1546,22.4057971014,261,570,.458,8,23,.348,109,127,.858,26,0.376811594203,80,1.15942028986,106,1.53623188406,186,2.69565217391,58,0.840579710145,9,0.130434782609,103,1.49275362319,178,639,9.26086956522,
LaBradford Smith,TOT,1993-1994, 6-3,SG,24,66,877,13.2878787879,124,306,.405,21,60,.350,63,84,.750,34,0.515151515152,50,0.757575757576,84,1.27272727273,109,1.65151515152,40,0.606060606061,5,0.0757575757576,50,0.757575757576,96,332,5.0303030303,
LaBradford Smith,WSB,1993-1994, 6-3,SG,24,7,48,6.85714285714,8,18,.444,0,0,.000,15,20,.750,5,0.714285714286,3,0.428571428571,8,1.14285714286,5,0.714285714286,3,0.428571428571,1,0.142857142857,1,0.142857142857,8,31,4.42857142857,
LaBradford Smith,SAC,1993-1994, 6-3,SG,24,59,829,14.0508474576,116,288,.403,21,60,.350,48,64,.750,29,0.491525423729,47,0.796610169492,76,1.28813559322,104,1.76271186441,37,0.627118644068,4,0.0677966101695,49,0.830508474576,88,301,5.10169491525,
