Player,Team,Season,Height,Position,Age,G,MIN,MINPG,FGM,FGA,FGP,TPM,TPA,TPP,FTM,FTA,FTP,ORB,ORBPG,DRB,DRBPG,TRB,TRBPG,AST,ASTPG,STL,STLPG,BLK,BLKPG,TO,TOPG,PF,PTS,PTSPG,
Lamont Strothers,POR,1991-1992, 6-4,SG,23,4,17,4.25,4,12,.333,0,2,.000,2,4,.500,1,0.25,0,0.0,1,0.25,1,0.25,1,0.25,1,0.25,2,0.5,2,10,2.5,
Lamont Strothers,DAL,1992-1993, 6-4,SG,24,9,138,15.3333333333,20,61,.328,2,13,.154,8,10,.800,8,0.888888888889,6,0.666666666667,14,1.55555555556,13,1.44444444444,8,0.888888888889,0,0.0,15,1.66666666667,13,50,5.55555555556,
