Player,Team,Season,Height,Position,Age,G,MIN,MINPG,FGM,FGA,FGP,TPM,TPA,TPP,FTM,FTA,FTP,ORB,ORBPG,DRB,DRBPG,TRB,TRBPG,AST,ASTPG,STL,STLPG,BLK,BLKPG,TO,TOPG,PF,PTS,PTSPG,
Lanard Copeland,PHI,1989-1990, 6-6,SG,24,23,110,4.78260869565,31,68,.456,1,5,.200,11,14,.786,4,0.173913043478,6,0.260869565217,10,0.434782608696,9,0.391304347826,1,0.0434782608696,1,0.0434782608696,19,0.826086956522,12,74,3.21739130435,
Lanard Copeland,LAC,1991-1992, 6-6,SG,26,10,48,4.8,7,23,.304,0,2,.000,2,2,1.000,1,0.1,6,0.6,7,0.7,5,0.5,2,0.2,0,0.0,4,0.4,5,16,1.6,
