Player,Team,Season,Height,Position,Age,G,MIN,MINPG,FGM,FGA,FGP,TPM,TPA,TPP,FTM,FTA,FTP,ORB,ORBPG,DRB,DRBPG,TRB,TRBPG,AST,ASTPG,STL,STLPG,BLK,BLKPG,TO,TOPG,PF,PTS,PTSPG,
Lance Stephenson,IND,2010-2011, 6-5,SG,20,12,115,9.58333333333,13,39,.333,0,5,.000,11,14,.786,1,0.0833333333333,17,1.41666666667,18,1.5,21,1.75,4,0.333333333333,0,0.0,16,1.33333333333,14,37,3.08333333333,
Lance Stephenson,IND,2011-2012, 6-5,SG,21,42,442,10.5238095238,47,125,.376,4,30,.133,8,17,.471,12,0.285714285714,41,0.97619047619,53,1.2619047619,46,1.09523809524,21,0.5,5,0.119047619048,36,0.857142857143,30,106,2.52380952381,
Lance Stephenson,IND,2012-2013, 6-5,SG,22,62,1787,28.8225806452,215,466,.461,50,149,.336,46,73,.630,35,0.564516129032,202,3.25806451613,237,3.82258064516,170,2.74193548387,65,1.04838709677,9,0.145161290323,82,1.32258064516,129,526,8.48387096774,
