Player,Team,Season,Height,Position,Age,G,MIN,MINPG,FGM,FGA,FGP,TPM,TPA,TPP,FTM,FTA,FTP,ORB,ORBPG,DRB,DRBPG,TRB,TRBPG,AST,ASTPG,STL,STLPG,BLK,BLKPG,TO,TOPG,PF,PTS,PTSPG,
Lance Thomas,NOH,2011-2012, 6-8,PF,23,42,630,15.0,57,126,.452,0,1,.000,52,62,.839,49,1.16666666667,77,1.83333333333,126,3.0,12,0.285714285714,10,0.238095238095,7,0.166666666667,24,0.571428571429,78,166,3.95238095238,
Lance Thomas,NOH,2012-2013, 6-8,SF,24,53,614,11.5849056604,49,101,.485,0,0,.000,40,54,.741,44,0.830188679245,68,1.28301886792,112,2.11320754717,15,0.283018867925,11,0.207547169811,7,0.132075471698,14,0.264150943396,72,138,2.60377358491,
