Player,Team,Season,Height,Position,Age,G,MIN,MINPG,FGM,FGA,FGP,TPM,TPA,TPP,FTM,FTA,FTP,ORB,ORBPG,DRB,DRBPG,TRB,TRBPG,AST,ASTPG,STL,STLPG,BLK,BLKPG,TO,TOPG,PF,PTS,PTSPG,
Lancaster Gordon,LAC,1984-1985, 6-3,SG,22,63,682,10.8253968254,110,287,.383,2,9,.222,37,49,.755,26,0.412698412698,35,0.555555555556,61,0.968253968254,88,1.39682539683,33,0.52380952381,6,0.0952380952381,69,1.09523809524,61,259,4.11111111111,
Lancaster Gordon,LAC,1985-1986, 6-3,SG,23,60,704,11.7333333333,130,345,.377,7,28,.250,45,56,.804,24,0.4,44,0.733333333333,68,1.13333333333,60,1.0,33,0.55,10,0.166666666667,62,1.03333333333,91,312,5.2,
Lancaster Gordon,LAC,1986-1987, 6-3,SG,24,70,1130,16.1428571429,221,545,.406,14,48,.292,70,95,.737,64,0.914285714286,62,0.885714285714,126,1.8,139,1.98571428571,61,0.871428571429,13,0.185714285714,102,1.45714285714,106,526,7.51428571429,
Lancaster Gordon,LAC,1987-1988, 6-3,SG,25,8,65,8.125,11,31,.355,0,0,.000,6,6,1.000,2,0.25,2,0.25,4,0.5,7,0.875,1,0.125,2,0.25,4,0.5,8,28,3.5,
