Player,Team,Season,Height,Position,Age,G,MIN,MINPG,FGM,FGA,FGP,TPM,TPA,TPP,FTM,FTA,FTP,ORB,ORBPG,DRB,DRBPG,TRB,TRBPG,AST,ASTPG,STL,STLPG,BLK,BLKPG,TO,TOPG,PF,PTS,PTSPG,
Lance Blanks,DET,1990-1991, 6-4,SG,24,38,214,5.63157894737,26,61,.426,2,16,.125,10,14,.714,4,0.105263157895,16,0.421052631579,20,0.526315789474,26,0.684210526316,9,0.236842105263,2,0.0526315789474,18,0.473684210526,35,64,1.68421052632,
Lance Blanks,DET,1991-1992, 6-4,SG,25,43,189,4.39534883721,25,55,.455,6,16,.375,8,11,.727,9,0.209302325581,13,0.302325581395,22,0.511627906977,19,0.441860465116,14,0.325581395349,1,0.0232558139535,14,0.325581395349,26,64,1.48837209302,
Lance Blanks,MIN,1992-1993, 6-4,SG,26,61,642,10.5245901639,65,150,.433,11,43,.256,20,32,.625,18,0.295081967213,50,0.819672131148,68,1.11475409836,72,1.18032786885,16,0.262295081967,5,0.0819672131148,31,0.508196721311,61,161,2.6393442623,
