Player,Team,Season,Height,Position,Age,G,MIN,MINPG,FGM,FGA,FGP,TPM,TPA,TPP,FTM,FTA,FTP,ORB,ORBPG,DRB,DRBPG,TRB,TRBPG,AST,ASTPG,STL,STLPG,BLK,BLKPG,TO,TOPG,PF,PTS,PTSPG,
Landry Fields,NYK,2010-2011, 6-7,SG,22,82,2541,30.987804878,299,602,.497,86,219,.393,113,147,.769,105,1.28048780488,416,5.07317073171,521,6.35365853659,155,1.89024390244,80,0.975609756098,17,0.207317073171,107,1.30487804878,114,797,9.71951219512,
Landry Fields,NYK,2011-2012, 6-7,SG,23,66,1894,28.696969697,236,513,.460,31,121,.256,77,137,.562,59,0.893939393939,219,3.31818181818,278,4.21212121212,169,2.56060606061,79,1.19696969697,17,0.257575757576,102,1.54545454545,99,580,8.78787878788,
Landry Fields,TOR,2012-2013, 6-7,SF,24,37,773,20.8918918919,76,165,.461,1,12,.083,30,44,.682,35,0.945945945946,116,3.13513513514,151,4.08108108108,49,1.32432432432,25,0.675675675676,6,0.162162162162,30,0.810810810811,49,183,4.94594594595,
