Player,Team,Season,Height,Position,Age,G,MIN,MINPG,FGM,FGA,FGP,TPM,TPA,TPP,FTM,FTA,FTP,ORB,ORBPG,DRB,DRBPG,TRB,TRBPG,AST,ASTPG,STL,STLPG,BLK,BLKPG,TO,TOPG,PF,PTS,PTSPG,
Lari Ketner,TOT,1999-2000, 6-9,PF,22,22,132,6.0,13,32,.406,0,0,.000,8,12,.667,12,0.545454545455,22,1.0,34,1.54545454545,1,0.0454545454545,4,0.181818181818,3,0.136363636364,10,0.454545454545,20,34,1.54545454545,
Lari Ketner,CHI,1999-2000, 6-9,PF,22,6,41,6.83333333333,4,10,.400,0,0,.000,2,2,1.000,0,0.0,7,1.16666666667,7,1.16666666667,1,0.166666666667,1,0.166666666667,1,0.166666666667,3,0.5,8,10,1.66666666667,
Lari Ketner,CLE,1999-2000, 6-9,PF,22,16,91,5.6875,9,22,.409,0,0,.000,6,10,.600,12,0.75,15,0.9375,27,1.6875,0,0.0,3,0.1875,2,0.125,7,0.4375,12,24,1.5,
Lari Ketner,IND,2000-2001, 6-9,PF,23,3,7,2.33333333333,0,0,.000,0,0,.000,0,0,.000,0,0.0,0,0.0,0,0.0,1,0.333333333333,0,0.0,0,0.0,2,0.666666666667,0,0,0.0,
