Player,Team,Season,Height,Position,Age,G,MIN,MINPG,FGM,FGA,FGP,TPM,TPA,TPP,FTM,FTA,FTP,ORB,ORBPG,DRB,DRBPG,TRB,TRBPG,AST,ASTPG,STL,STLPG,BLK,BLKPG,TO,TOPG,PF,PTS,PTSPG,
Laron Profit,WAS,1999-2000, 6-5,SG,22,33,225,6.81818181818,21,59,.356,3,17,.176,4,10,.400,2,0.0606060606061,24,0.727272727273,26,0.787878787879,25,0.757575757576,7,0.212121212121,4,0.121212121212,19,0.575757575758,26,49,1.48484848485,
Laron Profit,WAS,2000-2001, 6-5,PG,23,35,605,17.2857142857,56,142,.394,7,26,.269,33,45,.733,18,0.514285714286,46,1.31428571429,64,1.82857142857,89,2.54285714286,36,1.02857142857,11,0.314285714286,46,1.31428571429,43,152,4.34285714286,
Laron Profit,WAS,2004-2005, 6-5,SF,27,42,428,10.1904761905,56,128,.438,8,28,.286,16,25,.640,24,0.571428571429,52,1.2380952381,76,1.80952380952,37,0.880952380952,16,0.380952380952,5,0.119047619048,27,0.642857142857,44,136,3.2380952381,
Laron Profit,LAL,2005-2006, 6-5,SG,28,25,279,11.16,40,84,.476,3,18,.167,21,24,.875,8,0.32,35,1.4,43,1.72,15,0.6,11,0.44,5,0.2,24,0.96,25,104,4.16,
