Player,Team,Season,Height,Position,Age,G,MIN,MINPG,FGM,FGA,FGP,TPM,TPA,TPP,FTM,FTA,FTP,ORB,ORBPG,DRB,DRBPG,TRB,TRBPG,AST,ASTPG,STL,STLPG,BLK,BLKPG,TO,TOPG,PF,PTS,PTSPG,
Larry Hennessy,PHW,1955-1956, 6-3,SG,26,53,444,8.37735849057,85,247,.344,.000,.000,.000,26,32,.813,.000,0.0,.000,0.0,49,0.924528301887,46,0.867924528302,.000,0.0,.000,0.0,.000,0.0,37,196,3.69811320755,
Larry Hennessy,SYR,1956-1957, 6-3,SG,27,21,373,17.7619047619,56,175,.320,.000,.000,.000,23,32,.719,.000,0.0,.000,0.0,45,2.14285714286,27,1.28571428571,.000,0.0,.000,0.0,.000,0.0,28,135,6.42857142857,
