Player,Team,Season,Height,Position,Age,G,MIN,MINPG,FGM,FGA,FGP,TPM,TPA,TPP,FTM,FTA,FTP,ORB,ORBPG,DRB,DRBPG,TRB,TRBPG,AST,ASTPG,STL,STLPG,BLK,BLKPG,TO,TOPG,PF,PTS,PTSPG,
Larry Krystkowiak,SAS,1986-1987, 6-9,PF,22,68,1004,14.7647058824,170,373,.456,1,12,.083,110,148,.743,77,1.13235294118,162,2.38235294118,239,3.51470588235,85,1.25,22,0.323529411765,12,0.176470588235,67,0.985294117647,141,451,6.63235294118,
Larry Krystkowiak,MIL,1987-1988, 6-9,PF,23,50,1050,21.0,128,266,.481,0,3,.000,103,127,.811,88,1.76,143,2.86,231,4.62,50,1.0,18,0.36,8,0.16,57,1.14,137,359,7.18,
Larry Krystkowiak,MIL,1988-1989, 6-9,PF,24,80,2472,30.9,362,766,.473,4,12,.333,289,351,.823,198,2.475,412,5.15,610,7.625,107,1.3375,93,1.1625,9,0.1125,147,1.8375,219,1017,12.7125,
Larry Krystkowiak,MIL,1989-1990, 6-9,PF,25,16,381,23.8125,43,118,.364,0,2,.000,26,33,.788,16,1.0,60,3.75,76,4.75,25,1.5625,10,0.625,2,0.125,19,1.1875,41,112,7.0,
Larry Krystkowiak,MIL,1991-1992, 6-9,PF,27,79,1848,23.3924050633,293,660,.444,0,5,.000,128,169,.757,131,1.6582278481,298,3.77215189873,429,5.43037974684,114,1.44303797468,54,0.683544303797,12,0.151898734177,115,1.45569620253,218,714,9.03797468354,
Larry Krystkowiak,UTA,1992-1993, 6-9,PF,28,71,1362,19.1830985915,198,425,.466,0,1,.000,117,147,.796,74,1.04225352113,205,2.88732394366,279,3.92957746479,68,0.957746478873,42,0.591549295775,13,0.183098591549,62,0.87323943662,181,513,7.22535211268,
Larry Krystkowiak,ORL,1993-1994, 6-9,PF,29,34,682,20.0588235294,71,148,.480,0,1,.000,31,39,.795,38,1.11764705882,85,2.5,123,3.61764705882,35,1.02941176471,14,0.411764705882,4,0.117647058824,29,0.852941176471,74,173,5.08823529412,
Larry Krystkowiak,CHI,1994-1995, 6-9,PF,30,19,287,15.1052631579,28,72,.389,0,0,.000,27,30,.900,19,1.0,40,2.10526315789,59,3.10526315789,26,1.36842105263,9,0.473684210526,2,0.105263157895,25,1.31578947368,34,83,4.36842105263,
Larry Krystkowiak,LAL,1996-1997, 6-9,PF,32,3,11,3.66666666667,1,2,.500,0,0,.000,1,2,.500,2,0.666666666667,3,1.0,5,1.66666666667,3,1.0,2,0.666666666667,0,0.0,1,0.333333333333,3,3,1.0,
