Player,Team,Season,Height,Position,Age,G,MIN,MINPG,FGM,FGA,FGP,TPM,TPA,TPP,FTM,FTA,FTP,ORB,ORBPG,DRB,DRBPG,TRB,TRBPG,AST,ASTPG,STL,STLPG,BLK,BLKPG,TO,TOPG,PF,PTS,PTSPG,
Larry Stewart,WSB,1991-1992, 6-8,PF,23,76,2229,29.3289473684,303,590,.514,0,3,.000,188,233,.807,186,2.44736842105,263,3.46052631579,449,5.90789473684,120,1.57894736842,51,0.671052631579,44,0.578947368421,112,1.47368421053,225,794,10.4473684211,
Larry Stewart,WSB,1992-1993, 6-8,SF,24,81,1823,22.5061728395,306,564,.543,0,2,.000,184,253,.727,154,1.9012345679,229,2.82716049383,383,4.72839506173,146,1.8024691358,47,0.58024691358,29,0.358024691358,153,1.88888888889,191,796,9.82716049383,
Larry Stewart,WSB,1993-1994, 6-8,SF,25,3,35,11.6666666667,3,8,.375,0,0,.000,7,10,.700,1,0.333333333333,6,2.0,7,2.33333333333,2,0.666666666667,2,0.666666666667,1,0.333333333333,2,0.666666666667,4,13,4.33333333333,
Larry Stewart,WSB,1994-1995, 6-8,SF,26,40,346,8.65,41,89,.461,0,2,.000,20,30,.667,28,0.7,39,0.975,67,1.675,18,0.45,16,0.4,9,0.225,16,0.4,52,102,2.55,
Larry Stewart,SEA,1996-1997, 6-8,SF,28,70,982,14.0285714286,112,252,.444,9,37,.243,67,93,.720,75,1.07142857143,96,1.37142857143,171,2.44285714286,52,0.742857142857,31,0.442857142857,23,0.328571428571,63,0.9,108,300,4.28571428571,
