Player,Team,Season,Height,Position,Age,G,MIN,MINPG,FGM,FGA,FGP,TPM,TPA,TPP,FTM,FTA,FTP,ORB,ORBPG,DRB,DRBPG,TRB,TRBPG,AST,ASTPG,STL,STLPG,BLK,BLKPG,TO,TOPG,PF,PTS,PTSPG,
Larry Micheaux,KCK,1983-1984, 6-9,PF,23,39,332,8.51282051282,49,90,.544,0,0,.000,21,39,.538,40,1.02564102564,73,1.87179487179,113,2.89743589744,19,0.487179487179,21,0.538461538462,11,0.282051282051,21,0.538461538462,46,119,3.05128205128,
Larry Micheaux,TOT,1984-1985, 6-9,PF,24,57,565,9.91228070175,91,157,.580,0,3,.000,29,43,.674,62,1.08771929825,81,1.42105263158,143,2.50877192982,30,0.526315789474,20,0.350877192982,21,0.368421052632,36,0.631578947368,75,211,3.70175438596,
Larry Micheaux,MIL,1984-1985, 6-9,PF,24,18,171,9.5,17,35,.486,0,0,.000,12,17,.706,18,1.0,26,1.44444444444,44,2.44444444444,13,0.722222222222,8,0.444444444444,7,0.388888888889,8,0.444444444444,26,46,2.55555555556,
Larry Micheaux,HOU,1984-1985, 6-9,PF,24,39,394,10.1025641026,74,122,.607,0,3,.000,17,26,.654,44,1.12820512821,55,1.41025641026,99,2.53846153846,17,0.435897435897,12,0.307692307692,14,0.358974358974,28,0.717948717949,49,165,4.23076923077,
