Player,Team,Season,Height,Position,Age,G,MIN,MINPG,FGM,FGA,FGP,TPM,TPA,TPP,FTM,FTA,FTP,ORB,ORBPG,DRB,DRBPG,TRB,TRBPG,AST,ASTPG,STL,STLPG,BLK,BLKPG,TO,TOPG,PF,PTS,PTSPG,
Larry Staverman,CIN,1958-1959, 6-7,PF,22,57,681,11.9473684211,101,215,.470,.000,.000,.000,45,59,.763,.000,0.0,.000,0.0,218,3.82456140351,54,0.947368421053,.000,0.0,.000,0.0,.000,0.0,103,247,4.33333333333,
Larry Staverman,CIN,1959-1960, 6-7,PF,23,49,479,9.77551020408,70,149,.470,.000,.000,.000,47,64,.734,.000,0.0,.000,0.0,180,3.67346938776,36,0.734693877551,.000,0.0,.000,0.0,.000,0.0,98,187,3.81632653061,
Larry Staverman,CIN,1960-1961, 6-7,PF,24,66,944,14.303030303,111,249,.446,.000,.000,.000,79,93,.849,.000,0.0,.000,0.0,287,4.34848484848,86,1.30303030303,.000,0.0,.000,0.0,.000,0.0,164,301,4.56060606061,
Larry Staverman,CHZ,1962-1963, 6-7,PF,26,33,602,18.2424242424,94,194,.485,.000,.000,.000,49,62,.790,.000,0.0,.000,0.0,158,4.78787878788,43,1.30303030303,.000,0.0,.000,0.0,.000,0.0,94,237,7.18181818182,
Larry Staverman,TOT,1963-1964, 6-7,PF,27,60,674,11.2333333333,98,212,.462,.000,.000,.000,69,90,.767,.000,0.0,.000,0.0,176,2.93333333333,32,0.533333333333,.000,0.0,.000,0.0,.000,0.0,118,265,4.41666666667,
Larry Staverman,BAL,1963-1964, 6-7,PF,27,6,99,16.5,6,14,.429,.000,.000,.000,4,4,1.000,.000,0.0,.000,0.0,13,2.16666666667,2,0.333333333333,.000,0.0,.000,0.0,.000,0.0,7,16,2.66666666667,
Larry Staverman,DET,1963-1964, 6-7,PF,27,20,255,12.75,44,82,.537,.000,.000,.000,26,39,.667,.000,0.0,.000,0.0,69,3.45,12,0.6,.000,0.0,.000,0.0,.000,0.0,50,114,5.7,
Larry Staverman,CIN,1963-1964, 6-7,PF,27,34,320,9.41176470588,48,116,.414,.000,.000,.000,39,47,.830,.000,0.0,.000,0.0,94,2.76470588235,18,0.529411764706,.000,0.0,.000,0.0,.000,0.0,61,135,3.97058823529,
