Player,Team,Season,Height,Position,Age,G,MIN,MINPG,FGM,FGA,FGP,TPM,TPA,TPP,FTM,FTA,FTP,ORB,ORBPG,DRB,DRBPG,TRB,TRBPG,AST,ASTPG,STL,STLPG,BLK,BLKPG,TO,TOPG,PF,PTS,PTSPG,
Larry Finch,MMT,1973-1974, 6-2,SG,22,65,1154,17.7538461538,164,399,.411,7,26,.269,108,136,.794,24,0.369230769231,50,0.769230769231,74,1.13846153846,111,1.70769230769,26,0.4,1,0.0153846153846,95,1.46153846154,162,443,6.81538461538,
Larry Finch,MMS,1974-1975, 6-2,SG,23,63,1888,29.9682539683,264,593,.445,20,53,.377,115,133,.865,44,0.698412698413,99,1.57142857143,143,2.26984126984,190,3.01587301587,52,0.825396825397,6,0.0952380952381,90,1.42857142857,164,663,10.5238095238,
