Player,Team,Season,Height,Position,Age,G,MIN,MINPG,FGM,FGA,FGP,TPM,TPA,TPP,FTM,FTA,FTP,ORB,ORBPG,DRB,DRBPG,TRB,TRBPG,AST,ASTPG,STL,STLPG,BLK,BLKPG,TO,TOPG,PF,PTS,PTSPG,
Larry Wright,WSB,1976-1977, 6-1,PG,22,78,1421,18.2179487179,262,595,.440,.000,.000,.000,88,115,.765,32,0.410256410256,66,0.846153846154,98,1.25641025641,232,2.97435897436,55,0.705128205128,5,0.0641025641026,.000,0.0,170,612,7.84615384615,
Larry Wright,WSB,1977-1978, 6-1,PG,23,70,1466,20.9428571429,283,570,.496,.000,.000,.000,76,107,.710,31,0.442857142857,71,1.01428571429,102,1.45714285714,260,3.71428571429,68,0.971428571429,15,0.214285714286,134,1.91428571429,195,642,9.17142857143,
Larry Wright,WSB,1978-1979, 6-1,PG,24,73,1658,22.7123287671,276,589,.469,.000,.000,.000,125,168,.744,48,0.657534246575,92,1.2602739726,140,1.91780821918,298,4.08219178082,69,0.945205479452,13,0.178082191781,119,1.6301369863,166,677,9.27397260274,
Larry Wright,WSB,1979-1980, 6-1,PG,25,76,1286,16.9210526316,229,500,.458,4,16,.250,96,108,.889,40,0.526315789474,82,1.07894736842,122,1.60526315789,222,2.92105263158,49,0.644736842105,18,0.236842105263,108,1.42105263158,144,558,7.34210526316,
Larry Wright,DET,1980-1981, 6-1,PG,26,45,997,22.1555555556,140,303,.462,2,7,.286,53,66,.803,26,0.577777777778,62,1.37777777778,88,1.95555555556,153,3.4,42,0.933333333333,7,0.155555555556,74,1.64444444444,114,335,7.44444444444,
Larry Wright,DET,1981-1982, 6-1,PG,27,1,6,6.0,0,1,.000,0,0,.000,0,0,.000,0,0.0,0,0.0,0,0.0,0,0.0,0,0.0,0,0.0,1,1.0,2,0,0.0,
