Player,Team,Season,Height,Position,Age,G,MIN,MINPG,FGM,FGA,FGP,TPM,TPA,TPP,FTM,FTA,FTP,ORB,ORBPG,DRB,DRBPG,TRB,TRBPG,AST,ASTPG,STL,STLPG,BLK,BLKPG,TO,TOPG,PF,PTS,PTSPG,
Larry Spriggs,HOU,1981-1982, 6-7,SF,22,4,37,9.25,7,11,.636,0,0,.000,0,2,.000,2,0.5,4,1.0,6,1.5,4,1.0,2,0.5,0,0.0,4,1.0,7,14,3.5,
Larry Spriggs,CHI,1982-1983, 6-7,SF,23,9,39,4.33333333333,8,20,.400,0,0,.000,5,7,.714,2,0.222222222222,7,0.777777777778,9,1.0,3,0.333333333333,1,0.111111111111,2,0.222222222222,2,0.222222222222,3,21,2.33333333333,
Larry Spriggs,LAL,1983-1984, 6-7,SF,24,38,363,9.55263157895,44,82,.537,0,2,.000,36,50,.720,16,0.421052631579,45,1.18421052632,61,1.60526315789,30,0.789473684211,12,0.315789473684,4,0.105263157895,34,0.894736842105,55,124,3.26315789474,
Larry Spriggs,LAL,1984-1985, 6-7,PF,25,75,1292,17.2266666667,194,354,.548,0,3,.000,112,146,.767,77,1.02666666667,150,2.0,227,3.02666666667,132,1.76,47,0.626666666667,13,0.173333333333,115,1.53333333333,195,500,6.66666666667,
Larry Spriggs,LAL,1985-1986, 6-7,SF,26,43,471,10.9534883721,88,192,.458,0,1,.000,38,49,.776,28,0.651162790698,53,1.23255813953,81,1.88372093023,49,1.13953488372,18,0.418604651163,9,0.209302325581,54,1.25581395349,78,214,4.97674418605,
