Player,Team,Season,Height,Position,Age,G,MIN,MINPG,FGM,FGA,FGP,TPM,TPA,TPP,FTM,FTA,FTP,ORB,ORBPG,DRB,DRBPG,TRB,TRBPG,AST,ASTPG,STL,STLPG,BLK,BLKPG,TO,TOPG,PF,PTS,PTSPG,
Lars Hansen,SEA,1978-1979, 6-10,C,24,15,205,13.6666666667,29,57,.509,.000,.000,.000,18,31,.581,22,1.46666666667,37,2.46666666667,59,3.93333333333,14,0.933333333333,1,0.0666666666667,1,0.0666666666667,9,0.6,28,76,5.06666666667,
