Player,Team,Season,Height,Position,Age,G,MIN,MINPG,FGM,FGA,FGP,TPM,TPA,TPP,FTM,FTA,FTP,ORB,ORBPG,DRB,DRBPG,TRB,TRBPG,AST,ASTPG,STL,STLPG,BLK,BLKPG,TO,TOPG,PF,PTS,PTSPG,
LaRue Martin,POR,1972-1973, 6-11,C,22,77,996,12.9350649351,145,366,.396,.000,.000,.000,50,77,.649,.000,0.0,.000,0.0,358,4.64935064935,42,0.545454545455,.000,0.0,.000,0.0,.000,0.0,162,340,4.41558441558,
LaRue Martin,POR,1973-1974, 6-11,C,23,50,538,10.76,101,232,.435,.000,.000,.000,42,66,.636,74,1.48,107,2.14,181,3.62,20,0.4,7,0.14,26,0.52,.000,0.0,90,244,4.88,
LaRue Martin,POR,1974-1975, 6-11,C,24,81,1372,16.9382716049,236,522,.452,.000,.000,.000,99,142,.697,136,1.67901234568,272,3.35802469136,408,5.03703703704,69,0.851851851852,33,0.407407407407,49,0.604938271605,.000,0.0,239,571,7.04938271605,
LaRue Martin,POR,1975-1976, 6-11,C,25,63,889,14.1111111111,109,302,.361,.000,.000,.000,57,77,.740,68,1.07936507937,243,3.85714285714,311,4.93650793651,72,1.14285714286,6,0.0952380952381,23,0.365079365079,.000,0.0,126,275,4.36507936508,
