Player,Team,Season,Height,Position,Age,G,MIN,MINPG,FGM,FGA,FGP,TPM,TPA,TPP,FTM,FTA,FTP,ORB,ORBPG,DRB,DRBPG,TRB,TRBPG,AST,ASTPG,STL,STLPG,BLK,BLKPG,TO,TOPG,PF,PTS,PTSPG,
Lavor Postell,NYK,2000-2001, 6-5,SG,22,26,169,6.5,17,54,.315,3,11,.273,22,27,.815,8,0.307692307692,17,0.653846153846,25,0.961538461538,5,0.192307692308,4,0.153846153846,2,0.0769230769231,17,0.653846153846,12,59,2.26923076923,
Lavor Postell,NYK,2001-2002, 6-5,SG,23,23,179,7.78260869565,28,84,.333,6,26,.231,31,41,.756,2,0.0869565217391,14,0.608695652174,16,0.695652173913,5,0.217391304348,6,0.260869565217,0,0.0,11,0.478260869565,7,93,4.04347826087,
Lavor Postell,NYK,2002-2003, 6-5,SG,24,12,98,8.16666666667,14,38,.368,2,7,.286,13,15,.867,1,0.0833333333333,3,0.25,4,0.333333333333,3,0.25,2,0.166666666667,0,0.0,7,0.583333333333,9,43,3.58333333333,
