Player,Team,Season,Height,Position,Age,G,MIN,MINPG,FGM,FGA,FGP,TPM,TPA,TPP,FTM,FTA,FTP,ORB,ORBPG,DRB,DRBPG,TRB,TRBPG,AST,ASTPG,STL,STLPG,BLK,BLKPG,TO,TOPG,PF,PTS,PTSPG,
Lawrence Roberts,MEM,2005-2006, 6-9,C,23,33,181,5.48484848485,20,44,.455,0,2,.000,11,23,.478,26,0.787878787879,23,0.69696969697,49,1.48484848485,5,0.151515151515,8,0.242424242424,2,0.0606060606061,5,0.151515151515,30,51,1.54545454545,
Lawrence Roberts,MEM,2006-2007, 6-9,PF,24,54,969,17.9444444444,94,208,.452,0,2,.000,95,131,.725,101,1.87037037037,160,2.96296296296,261,4.83333333333,30,0.555555555556,36,0.666666666667,13,0.240740740741,36,0.666666666667,133,283,5.24074074074,
