Player,Team,Season,Height,Position,Age,G,MIN,MINPG,FGM,FGA,FGP,TPM,TPA,TPP,FTM,FTA,FTP,ORB,ORBPG,DRB,DRBPG,TRB,TRBPG,AST,ASTPG,STL,STLPG,BLK,BLKPG,TO,TOPG,PF,PTS,PTSPG,
Lawrence Funderburke,SAC,1997-1998, 6-9,PF,27,52,1094,21.0384615385,191,390,.490,1,7,.143,110,162,.679,80,1.53846153846,154,2.96153846154,234,4.5,63,1.21153846154,19,0.365384615385,15,0.288461538462,62,1.19230769231,56,493,9.48076923077,
Lawrence Funderburke,SAC,1998-1999, 6-9,PF,28,47,936,19.914893617,167,299,.559,1,5,.200,85,120,.708,101,2.14893617021,121,2.57446808511,222,4.72340425532,30,0.63829787234,22,0.468085106383,23,0.489361702128,52,1.10638297872,77,420,8.93617021277,
Lawrence Funderburke,SAC,1999-2000, 6-9,PF,29,75,1026,13.68,184,352,.523,0,2,.000,115,163,.706,98,1.30666666667,136,1.81333333333,234,3.12,33,0.44,32,0.426666666667,20,0.266666666667,40,0.533333333333,91,483,6.44,
Lawrence Funderburke,SAC,2000-2001, 6-9,PF,30,59,698,11.8305084746,120,242,.496,0,0,.000,48,77,.623,74,1.25423728814,122,2.06779661017,196,3.32203389831,17,0.28813559322,9,0.152542372881,13,0.220338983051,32,0.542372881356,44,288,4.8813559322,
Lawrence Funderburke,SAC,2001-2002, 6-9,PF,31,56,722,12.8928571429,115,245,.469,0,3,.000,34,56,.607,76,1.35714285714,122,2.17857142857,198,3.53571428571,32,0.571428571429,11,0.196428571429,18,0.321428571429,33,0.589285714286,65,264,4.71428571429,
Lawrence Funderburke,SAC,2002-2003, 6-9,PF,32,27,229,8.48148148148,32,72,.444,0,0,.000,10,17,.588,17,0.62962962963,38,1.40740740741,55,2.03703703704,8,0.296296296296,1,0.037037037037,11,0.407407407407,6,0.222222222222,25,74,2.74074074074,
Lawrence Funderburke,CHI,2004-2005, 6-9,PF,34,2,21,10.5,3,6,.500,0,0,.000,3,5,.600,1,0.5,2,1.0,3,1.5,0,0.0,0,0.0,0,0.0,0,0.0,2,9,4.5,
