Player,Team,Season,Height,Position,Age,G,MIN,MINPG,FGM,FGA,FGP,TPM,TPA,TPP,FTM,FTA,FTP,ORB,ORBPG,DRB,DRBPG,TRB,TRBPG,AST,ASTPG,STL,STLPG,BLK,BLKPG,TO,TOPG,PF,PTS,PTSPG,
Lazaro Borrell,SEA,1999-2000, 6-8,SF,27,17,167,9.82352941176,28,63,.444,0,3,.000,6,11,.545,14,0.823529411765,26,1.52941176471,40,2.35294117647,10,0.588235294118,6,0.352941176471,3,0.176470588235,6,0.352941176471,9,62,3.64705882353,
