Player,Team,Season,Height,Position,Age,G,MIN,MINPG,FGM,FGA,FGP,TPM,TPA,TPP,FTM,FTA,FTP,ORB,ORBPG,DRB,DRBPG,TRB,TRBPG,AST,ASTPG,STL,STLPG,BLK,BLKPG,TO,TOPG,PF,PTS,PTSPG,
Lazar Hayward,MIN,2010-2011, 6-6,SF,24,42,419,9.97619047619,55,154,.357,17,60,.283,33,42,.786,23,0.547619047619,47,1.11904761905,70,1.66666666667,28,0.666666666667,12,0.285714285714,7,0.166666666667,19,0.452380952381,44,160,3.80952380952,
Lazar Hayward,OKC,2011-2012, 6-6,SF,25,26,141,5.42307692308,13,38,.342,4,14,.286,7,12,.583,2,0.0769230769231,14,0.538461538462,16,0.615384615385,4,0.153846153846,3,0.115384615385,1,0.0384615384615,9,0.346153846154,18,37,1.42307692308,
Lazar Hayward,MIN,2012-2013, 6-6,SF,26,4,31,7.75,2,10,.200,0,4,.000,6,6,1.000,0,0.0,4,1.0,4,1.0,3,0.75,2,0.5,0,0.0,0,0.0,3,10,2.5,
