Player,Team,Season,Height,Position,Age,G,MIN,MINPG,FGM,FGA,FGP,TPM,TPA,TPP,FTM,FTA,FTP,ORB,ORBPG,DRB,DRBPG,TRB,TRBPG,AST,ASTPG,STL,STLPG,BLK,BLKPG,TO,TOPG,PF,PTS,PTSPG,
Leary Lentz,HSM,1967-1968, 6-6,SF,22,78,2504,32.1025641026,343,845,.406,0,3,.000,147,221,.665,.000,0.0,.000,0.0,648,8.30769230769,89,1.14102564103,.000,0.0,.000,0.0,97,1.24358974359,175,833,10.6794871795,
Leary Lentz,TOT,1968-1969, 6-6,SF,23,70,1129,16.1285714286,135,334,.404,0,1,.000,76,117,.650,108,1.54285714286,163,2.32857142857,271,3.87142857143,31,0.442857142857,.000,0.0,.000,0.0,54,0.771428571429,103,346,4.94285714286,
Leary Lentz,HSM,1968-1969, 6-6,SF,23,44,687,15.6136363636,87,208,.418,0,1,.000,43,74,.581,68,1.54545454545,96,2.18181818182,164,3.72727272727,22,0.5,.000,0.0,.000,0.0,29,0.659090909091,57,217,4.93181818182,
Leary Lentz,NYA,1968-1969, 6-6,SF,23,26,442,17.0,48,126,.381,0,0,.000,33,43,.767,40,1.53846153846,67,2.57692307692,107,4.11538461538,9,0.346153846154,.000,0.0,.000,0.0,25,0.961538461538,46,129,4.96153846154,
