Player,Team,Season,Height,Position,Age,G,MIN,MINPG,FGM,FGA,FGP,TPM,TPA,TPP,FTM,FTA,FTP,ORB,ORBPG,DRB,DRBPG,TRB,TRBPG,AST,ASTPG,STL,STLPG,BLK,BLKPG,TO,TOPG,PF,PTS,PTSPG,
Lee Winfield,SEA,1969-1970, 6-2,PG,22,64,771,12.046875,138,288,.479,.000,.000,.000,87,116,.750,.000,0.0,.000,0.0,98,1.53125,102,1.59375,.000,0.0,.000,0.0,.000,0.0,95,363,5.671875,
Lee Winfield,SEA,1970-1971, 6-2,PG,23,79,1605,20.3164556962,334,716,.466,.000,.000,.000,162,244,.664,.000,0.0,.000,0.0,193,2.44303797468,225,2.84810126582,.000,0.0,.000,0.0,.000,0.0,135,830,10.5063291139,
Lee Winfield,SEA,1971-1972, 6-2,PG,24,81,2040,25.1851851852,343,692,.496,.000,.000,.000,175,262,.668,.000,0.0,.000,0.0,218,2.69135802469,290,3.58024691358,.000,0.0,.000,0.0,.000,0.0,198,861,10.6296296296,
Lee Winfield,SEA,1972-1973, 6-2,PG,25,53,1061,20.0188679245,143,332,.431,.000,.000,.000,62,108,.574,.000,0.0,.000,0.0,126,2.37735849057,186,3.50943396226,.000,0.0,.000,0.0,.000,0.0,92,348,6.56603773585,
Lee Winfield,BUF,1973-1974, 6-2,PG,26,36,433,12.0277777778,37,105,.352,.000,.000,.000,33,52,.635,19,0.527777777778,24,0.666666666667,43,1.19444444444,47,1.30555555556,15,0.416666666667,5,0.138888888889,.000,0.0,42,107,2.97222222222,
Lee Winfield,BUF,1974-1975, 6-2,PG,27,68,1259,18.5147058824,164,312,.526,.000,.000,.000,49,68,.721,45,0.661764705882,81,1.19117647059,126,1.85294117647,134,1.97058823529,43,0.632352941176,30,0.441176470588,.000,0.0,106,377,5.54411764706,
Lee Winfield,KCK,1975-1976, 6-2,PG,28,22,214,9.72727272727,32,66,.485,.000,.000,.000,9,14,.643,8,0.363636363636,16,0.727272727273,24,1.09090909091,19,0.863636363636,10,0.454545454545,6,0.272727272727,.000,0.0,14,73,3.31818181818,
