Player,Team,Season,Height,Position,Age,G,MIN,MINPG,FGM,FGA,FGP,TPM,TPA,TPP,FTM,FTA,FTP,ORB,ORBPG,DRB,DRBPG,TRB,TRBPG,AST,ASTPG,STL,STLPG,BLK,BLKPG,TO,TOPG,PF,PTS,PTSPG,
Lee Johnson,TOT,1980-1981, 6-11,PF,23,12,90,7.5,7,25,.280,0,0,.000,3,5,.600,6,0.5,16,1.33333333333,22,1.83333333333,1,0.0833333333333,0,0.0,5,0.416666666667,7,0.583333333333,18,17,1.41666666667,
Lee Johnson,HOU,1980-1981, 6-11,PF,23,10,80,8.0,7,23,.304,0,0,.000,3,5,.600,6,0.6,14,1.4,20,2.0,1,0.1,0,0.0,5,0.5,7,0.7,17,17,1.7,
Lee Johnson,DET,1980-1981, 6-11,PF,23,2,10,5.0,0,2,.000,0,0,.000,0,0,.000,0,0.0,2,1.0,2,1.0,0,0.0,0,0.0,0,0.0,0,0.0,1,0,0.0,
