Player,Team,Season,Height,Position,Age,G,MIN,MINPG,FGM,FGA,FGP,TPM,TPA,TPP,FTM,FTA,FTP,ORB,ORBPG,DRB,DRBPG,TRB,TRBPG,AST,ASTPG,STL,STLPG,BLK,BLKPG,TO,TOPG,PF,PTS,PTSPG,
Lee Nailon,CHH,2000-2001, 6-9,SF,25,42,469,11.1666666667,66,136,.485,0,1,.000,32,43,.744,29,0.690476190476,63,1.5,92,2.19047619048,24,0.571428571429,9,0.214285714286,5,0.119047619048,27,0.642857142857,60,164,3.90476190476,
Lee Nailon,CHH,2001-2002, 6-9,SF,26,79,1912,24.2025316456,369,764,.483,1,2,.500,112,150,.747,103,1.30379746835,188,2.37974683544,291,3.6835443038,94,1.18987341772,59,0.746835443038,17,0.215189873418,96,1.21518987342,175,851,10.7721518987,
Lee Nailon,NYK,2002-2003, 6-9,SF,27,38,405,10.6578947368,84,190,.442,0,1,.000,42,51,.824,32,0.842105263158,38,1.0,70,1.84210526316,26,0.684210526316,6,0.157894736842,3,0.0789473684211,32,0.842105263158,46,210,5.52631578947,
Lee Nailon,TOT,2003-2004, 6-9,PF,28,57,780,13.6842105263,147,327,.450,0,3,.000,47,58,.810,64,1.12280701754,79,1.38596491228,143,2.50877192982,38,0.666666666667,15,0.263157894737,8,0.140350877193,45,0.789473684211,93,341,5.98245614035,
Lee Nailon,ATL,2003-2004, 6-9,PF,28,27,300,11.1111111111,63,138,.457,0,0,.000,16,19,.842,26,0.962962962963,37,1.37037037037,63,2.33333333333,17,0.62962962963,10,0.37037037037,7,0.259259259259,24,0.888888888889,48,142,5.25925925926,
Lee Nailon,ORL,2003-2004, 6-9,SF,28,8,83,10.375,11,27,.407,0,0,.000,7,9,.778,8,1.0,6,0.75,14,1.75,4,0.5,1,0.125,0,0.0,0,0.0,9,29,3.625,
Lee Nailon,CLE,2003-2004, 6-9,SF,28,22,397,18.0454545455,73,162,.451,0,3,.000,24,30,.800,30,1.36363636364,36,1.63636363636,66,3.0,17,0.772727272727,4,0.181818181818,1,0.0454545454545,21,0.954545454545,36,170,7.72727272727,
Lee Nailon,NOH,2004-2005, 6-9,SF,29,68,2017,29.6617647059,415,869,.478,0,2,.000,133,165,.806,128,1.88235294118,170,2.5,298,4.38235294118,109,1.60294117647,36,0.529411764706,16,0.235294117647,110,1.61764705882,190,963,14.1617647059,
Lee Nailon,PHI,2005-2006, 6-9,PF,30,22,237,10.7727272727,40,80,.500,0,0,.000,13,15,.867,23,1.04545454545,19,0.863636363636,42,1.90909090909,7,0.318181818182,8,0.363636363636,4,0.181818181818,10,0.454545454545,32,93,4.22727272727,
