Player,Team,Season,Height,Position,Age,G,MIN,MINPG,FGM,FGA,FGP,TPM,TPA,TPP,FTM,FTA,FTP,ORB,ORBPG,DRB,DRBPG,TRB,TRBPG,AST,ASTPG,STL,STLPG,BLK,BLKPG,TO,TOPG,PF,PTS,PTSPG,
Lee Davis,NOB,1968-1969, 6-8,PF,23,65,570,8.76923076923,88,227,.388,1,4,.250,45,90,.500,74,1.13846153846,128,1.96923076923,202,3.10769230769,18,0.276923076923,.000,0.0,.000,0.0,31,0.476923076923,87,222,3.41538461538,
Lee Davis,NOB,1969-1970, 6-8,PF,24,16,128,8.0,16,36,.444,0,0,.000,8,15,.533,9,0.5625,31,1.9375,40,2.5,2,0.125,.000,0.0,.000,0.0,4,0.25,31,40,2.5,
Lee Davis,MMP,1970-1971, 6-8,PF,25,75,925,12.3333333333,197,431,.457,0,2,.000,63,117,.538,122,1.62666666667,129,1.72,251,3.34666666667,62,0.826666666667,.000,0.0,.000,0.0,67,0.893333333333,169,457,6.09333333333,
Lee Davis,MMP,1971-1972, 6-8,PF,26,58,550,9.48275862069,101,231,.437,1,8,.125,25,43,.581,70,1.20689655172,108,1.86206896552,178,3.06896551724,21,0.362068965517,.000,0.0,.000,0.0,25,0.431034482759,90,228,3.93103448276,
Lee Davis,MMT,1972-1973, 6-8,PF,27,78,2111,27.0641025641,453,871,.520,0,3,.000,131,209,.627,223,2.85897435897,385,4.9358974359,608,7.79487179487,82,1.05128205128,.000,0.0,.000,0.0,96,1.23076923077,266,1037,13.2948717949,
Lee Davis,MMT,1973-1974, 6-8,C,28,79,1632,20.6582278481,266,590,.451,1,4,.250,98,152,.645,139,1.75949367089,280,3.54430379747,419,5.30379746835,139,1.75949367089,28,0.354430379747,40,0.506329113924,104,1.3164556962,237,631,7.98734177215,
Lee Davis,SDA,1974-1975, 6-8,PF,29,75,1838,24.5066666667,387,733,.528,4,16,.250,113,169,.669,178,2.37333333333,314,4.18666666667,492,6.56,110,1.46666666667,40,0.533333333333,40,0.533333333333,92,1.22666666667,179,891,11.88,
Lee Davis,SDS,1975-1976, 6-8,PF,30,7,51,7.28571428571,2,11,.182,0,0,.000,1,2,.500,0,0.0,5,0.714285714286,5,0.714285714286,1,0.142857142857,0,0.0,0,0.0,1,0.142857142857,12,5,0.714285714286,
