Player,Team,Season,Height,Position,Age,G,MIN,MINPG,FGM,FGA,FGP,TPM,TPA,TPP,FTM,FTA,FTP,ORB,ORBPG,DRB,DRBPG,TRB,TRBPG,AST,ASTPG,STL,STLPG,BLK,BLKPG,TO,TOPG,PF,PTS,PTSPG,
Lee Mayberry,MIL,1992-1993, 6-1,PG,22,82,1503,18.3292682927,171,375,.456,43,110,.391,39,68,.574,26,0.317073170732,92,1.12195121951,118,1.43902439024,273,3.32926829268,59,0.719512195122,7,0.0853658536585,85,1.03658536585,148,424,5.17073170732,
Lee Mayberry,MIL,1993-1994, 6-1,PG,23,82,1472,17.9512195122,167,402,.415,41,119,.345,58,84,.690,26,0.317073170732,75,0.914634146341,101,1.23170731707,215,2.62195121951,46,0.560975609756,4,0.0487804878049,97,1.18292682927,114,433,5.28048780488,
Lee Mayberry,MIL,1994-1995, 6-1,PG,24,82,1744,21.2682926829,172,408,.422,72,177,.407,58,83,.699,21,0.256097560976,61,0.743902439024,82,1.0,276,3.36585365854,51,0.621951219512,4,0.0487804878049,106,1.29268292683,123,474,5.78048780488,
Lee Mayberry,MIL,1995-1996, 6-1,PG,25,82,1705,20.7926829268,153,364,.420,75,189,.397,41,68,.603,21,0.256097560976,69,0.841463414634,90,1.09756097561,302,3.68292682927,64,0.780487804878,11,0.134146341463,89,1.08536585366,144,422,5.14634146341,
Lee Mayberry,VAN,1996-1997, 6-1,PG,26,80,1952,24.4,149,370,.403,83,221,.376,29,46,.630,29,0.3625,105,1.3125,134,1.675,329,4.1125,60,0.75,8,0.1,90,1.125,159,410,5.125,
Lee Mayberry,VAN,1997-1998, 6-1,PG,27,79,1835,23.2278481013,131,349,.375,63,180,.350,38,51,.745,19,0.240506329114,95,1.20253164557,114,1.44303797468,349,4.41772151899,65,0.822784810127,10,0.126582278481,113,1.43037974684,164,363,4.59493670886,
Lee Mayberry,VAN,1998-1999, 6-1,PG,28,9,126,14.0,7,19,.368,2,10,.200,4,5,.800,0,0.0,3,0.333333333333,3,0.333333333333,23,2.55555555556,7,0.777777777778,0,0.0,11,1.22222222222,13,20,2.22222222222,
