Player,Team,Season,Height,Position,Age,G,MIN,MINPG,FGM,FGA,FGP,TPM,TPA,TPP,FTM,FTA,FTP,ORB,ORBPG,DRB,DRBPG,TRB,TRBPG,AST,ASTPG,STL,STLPG,BLK,BLKPG,TO,TOPG,PF,PTS,PTSPG,
Lee Knorek,NYK,1946-1947, 6-7,,25,22,.000,0.0,62,219,.283,.000,.000,.000,47,72,.653,.000,0.0,.000,0.0,.000,0.0,21,0.954545454545,.000,0.0,.000,0.0,.000,0.0,64,171,7.77272727273,
Lee Knorek,NYK,1947-1948, 6-7,,26,48,.000,0.0,99,369,.268,.000,.000,.000,61,120,.508,.000,0.0,.000,0.0,.000,0.0,50,1.04166666667,.000,0.0,.000,0.0,.000,0.0,171,259,5.39583333333,
Lee Knorek,NYK,1948-1949, 6-7,,27,60,.000,0.0,156,457,.341,.000,.000,.000,131,183,.716,.000,0.0,.000,0.0,.000,0.0,135,2.25,.000,0.0,.000,0.0,.000,0.0,258,443,7.38333333333,
Lee Knorek,BLB,1949-1950, 6-7,,28,1,.000,0.0,0,2,.000,.000,.000,.000,0,0,.000,.000,0.0,.000,0.0,.000,0.0,0,0.0,.000,0.0,.000,0.0,.000,0.0,4,0,0.0,
