Player,Team,Season,Height,Position,Age,G,MIN,MINPG,FGM,FGA,FGP,TPM,TPA,TPP,FTM,FTA,FTP,ORB,ORBPG,DRB,DRBPG,TRB,TRBPG,AST,ASTPG,STL,STLPG,BLK,BLKPG,TO,TOPG,PF,PTS,PTSPG,
Lennie Rosenbluth,PHW,1957-1958, 6-4,SF,25,53,373,7.03773584906,91,265,.343,.000,.000,.000,53,84,.631,.000,0.0,.000,0.0,91,1.71698113208,23,0.433962264151,.000,0.0,.000,0.0,.000,0.0,39,235,4.43396226415,
Lennie Rosenbluth,PHW,1958-1959, 6-4,SF,26,29,205,7.06896551724,43,145,.297,.000,.000,.000,21,29,.724,.000,0.0,.000,0.0,54,1.86206896552,6,0.206896551724,.000,0.0,.000,0.0,.000,0.0,20,107,3.68965517241,
