Player,Team,Season,Height,Position,Age,G,MIN,MINPG,FGM,FGA,FGP,TPM,TPA,TPP,FTM,FTA,FTP,ORB,ORBPG,DRB,DRBPG,TRB,TRBPG,AST,ASTPG,STL,STLPG,BLK,BLKPG,TO,TOPG,PF,PTS,PTSPG,
Leo Barnhorst,CHS,1949-1950, 6-4,SF,25,67,.000,0.0,174,499,.349,.000,.000,.000,90,129,.698,.000,0.0,.000,0.0,.000,0.0,140,2.08955223881,.000,0.0,.000,0.0,.000,0.0,192,438,6.53731343284,
Leo Barnhorst,INO,1950-1951, 6-4,SF,26,68,.000,0.0,232,671,.346,.000,.000,.000,82,119,.689,.000,0.0,.000,0.0,296,4.35294117647,218,3.20588235294,.000,0.0,.000,0.0,.000,0.0,197,546,8.02941176471,
Leo Barnhorst,INO,1951-1952, 6-4,SF,27,66,2344,35.5151515152,349,897,.389,.000,.000,.000,122,187,.652,.000,0.0,.000,0.0,430,6.51515151515,255,3.86363636364,.000,0.0,.000,0.0,.000,0.0,196,820,12.4242424242,
Leo Barnhorst,INO,1952-1953, 6-4,SF,28,71,2871,40.4366197183,402,1034,.389,.000,.000,.000,163,259,.629,.000,0.0,.000,0.0,483,6.80281690141,277,3.9014084507,.000,0.0,.000,0.0,.000,0.0,245,967,13.6197183099,
Leo Barnhorst,TOT,1953-1954, 6-4,,29,72,2064,28.6666666667,199,588,.338,.000,.000,.000,63,88,.716,.000,0.0,.000,0.0,297,4.125,226,3.13888888889,.000,0.0,.000,0.0,.000,0.0,203,461,6.40277777778,
