Player,Team,Season,Height,Position,Age,G,MIN,MINPG,FGM,FGA,FGP,TPM,TPA,TPP,FTM,FTA,FTP,ORB,ORBPG,DRB,DRBPG,TRB,TRBPG,AST,ASTPG,STL,STLPG,BLK,BLKPG,TO,TOPG,PF,PTS,PTSPG,
Leo Klier,FTW,1948-1949, 6-2,,25,47,.000,0.0,125,492,.254,.000,.000,.000,97,137,.708,.000,0.0,.000,0.0,.000,0.0,56,1.1914893617,.000,0.0,.000,0.0,.000,0.0,124,347,7.3829787234,
Leo Klier,FTW,1949-1950, 6-2,,26,66,.000,0.0,157,516,.304,.000,.000,.000,141,190,.742,.000,0.0,.000,0.0,.000,0.0,121,1.83333333333,.000,0.0,.000,0.0,.000,0.0,177,455,6.89393939394,
