Player,Team,Season,Height,Position,Age,G,MIN,MINPG,FGM,FGA,FGP,TPM,TPA,TPP,FTM,FTA,FTP,ORB,ORBPG,DRB,DRBPG,TRB,TRBPG,AST,ASTPG,STL,STLPG,BLK,BLKPG,TO,TOPG,PF,PTS,PTSPG,
Leo Katkaveck,WSC,1948-1949, 6-0,,25,53,.000,0.0,84,253,.332,.000,.000,.000,53,71,.746,.000,0.0,.000,0.0,.000,0.0,68,1.28301886792,.000,0.0,.000,0.0,.000,0.0,110,221,4.16981132075,
Leo Katkaveck,WSC,1949-1950, 6-0,,26,54,.000,0.0,101,330,.306,.000,.000,.000,34,56,.607,.000,0.0,.000,0.0,.000,0.0,68,1.25925925926,.000,0.0,.000,0.0,.000,0.0,102,236,4.37037037037,
