Player,Team,Season,Height,Position,Age,G,MIN,MINPG,FGM,FGA,FGP,TPM,TPA,TPP,FTM,FTA,FTP,ORB,ORBPG,DRB,DRBPG,TRB,TRBPG,AST,ASTPG,STL,STLPG,BLK,BLKPG,TO,TOPG,PF,PTS,PTSPG,
Leo Mogus,TOT,1946-1947, 6-4,,25,58,.000,0.0,259,879,.295,.000,.000,.000,235,325,.723,.000,0.0,.000,0.0,.000,0.0,84,1.44827586207,.000,0.0,.000,0.0,.000,0.0,176,753,12.9827586207,
Leo Mogus,CLR,1946-1947, 6-4,,25,17,.000,0.0,73,226,.323,.000,.000,.000,63,88,.716,.000,0.0,.000,0.0,.000,0.0,28,1.64705882353,.000,0.0,.000,0.0,.000,0.0,50,209,12.2941176471,
Leo Mogus,TRH,1946-1947, 6-4,,25,41,.000,0.0,186,653,.285,.000,.000,.000,172,237,.726,.000,0.0,.000,0.0,.000,0.0,56,1.36585365854,.000,0.0,.000,0.0,.000,0.0,126,544,13.2682926829,
Leo Mogus,TOT,1948-1949, 6-4,,27,52,.000,0.0,172,509,.338,.000,.000,.000,177,243,.728,.000,0.0,.000,0.0,.000,0.0,104,2.0,.000,0.0,.000,0.0,.000,0.0,170,521,10.0192307692,
Leo Mogus,BLB,1948-1949, 6-4,,27,13,.000,0.0,10,50,.200,.000,.000,.000,25,36,.694,.000,0.0,.000,0.0,.000,0.0,3,0.230769230769,.000,0.0,.000,0.0,.000,0.0,29,45,3.46153846154,
Leo Mogus,FTW,1948-1949, 6-4,,27,20,.000,0.0,59,176,.335,.000,.000,.000,55,74,.743,.000,0.0,.000,0.0,.000,0.0,27,1.35,.000,0.0,.000,0.0,.000,0.0,66,173,8.65,
Leo Mogus,INJ,1948-1949, 6-4,,27,19,.000,0.0,103,283,.364,.000,.000,.000,97,133,.729,.000,0.0,.000,0.0,.000,0.0,74,3.89473684211,.000,0.0,.000,0.0,.000,0.0,75,303,15.9473684211,
Leo Mogus,PHW,1949-1950, 6-4,,28,64,.000,0.0,172,434,.396,.000,.000,.000,218,300,.727,.000,0.0,.000,0.0,.000,0.0,99,1.546875,.000,0.0,.000,0.0,.000,0.0,169,562,8.78125,
Leo Mogus,PHW,1950-1951, 6-4,,29,57,.000,0.0,43,122,.352,.000,.000,.000,53,86,.616,.000,0.0,.000,0.0,102,1.78947368421,32,0.561403508772,.000,0.0,.000,0.0,.000,0.0,60,139,2.43859649123,
