Player,Team,Season,Height,Position,Age,G,MIN,MINPG,FGM,FGA,FGP,TPM,TPA,TPP,FTM,FTA,FTP,ORB,ORBPG,DRB,DRBPG,TRB,TRBPG,AST,ASTPG,STL,STLPG,BLK,BLKPG,TO,TOPG,PF,PTS,PTSPG,
Leo Rautins,PHI,1983-1984, 6-8,SF,23,28,196,7.0,21,58,.362,0,0,.000,6,10,.600,9,0.321428571429,24,0.857142857143,33,1.17857142857,29,1.03571428571,9,0.321428571429,2,0.0714285714286,19,0.678571428571,31,48,1.71428571429,
Leo Rautins,ATL,1984-1985, 6-8,SF,24,4,12,3.0,0,2,.000,0,0,.000,0,0,.000,1,0.25,1,0.25,2,0.5,3,0.75,0,0.0,0,0.0,1,0.25,3,0,0.0,
