Player,Team,Season,Height,Position,Age,G,MIN,MINPG,FGM,FGA,FGP,TPM,TPA,TPP,FTM,FTA,FTP,ORB,ORBPG,DRB,DRBPG,TRB,TRBPG,AST,ASTPG,STL,STLPG,BLK,BLKPG,TO,TOPG,PF,PTS,PTSPG,
Leo Gottlieb,NYK,1946-1947, 5-11,,26,57,.000,0.0,149,494,.302,.000,.000,.000,36,55,.655,.000,0.0,.000,0.0,.000,0.0,24,0.421052631579,.000,0.0,.000,0.0,.000,0.0,71,334,5.85964912281,
Leo Gottlieb,NYK,1947-1948, 5-11,,27,27,.000,0.0,59,288,.205,.000,.000,.000,13,21,.619,.000,0.0,.000,0.0,.000,0.0,12,0.444444444444,.000,0.0,.000,0.0,.000,0.0,36,131,4.85185185185,
