Player,Team,Season,Height,Position,Age,G,MIN,MINPG,FGM,FGA,FGP,TPM,TPA,TPP,FTM,FTA,FTP,ORB,ORBPG,DRB,DRBPG,TRB,TRBPG,AST,ASTPG,STL,STLPG,BLK,BLKPG,TO,TOPG,PF,PTS,PTSPG,
Leon Powe,BOS,2006-2007, 6-8,C,23,63,720,11.4285714286,79,177,.446,0,2,.000,106,144,.736,97,1.53968253968,118,1.87301587302,215,3.4126984127,10,0.15873015873,14,0.222222222222,22,0.349206349206,47,0.746031746032,104,264,4.19047619048,
Leon Powe,BOS,2007-2008, 6-8,C,24,56,809,14.4464285714,154,269,.572,0,1,.000,137,193,.710,95,1.69642857143,132,2.35714285714,227,4.05357142857,15,0.267857142857,15,0.267857142857,16,0.285714285714,43,0.767857142857,127,445,7.94642857143,
Leon Powe,BOS,2008-2009, 6-8,PF,25,70,1227,17.5285714286,177,338,.524,0,0,.000,184,267,.689,145,2.07142857143,200,2.85714285714,345,4.92857142857,46,0.657142857143,24,0.342857142857,38,0.542857142857,76,1.08571428571,192,538,7.68571428571,
Leon Powe,CLE,2009-2010, 6-8,SF,26,20,236,11.8,21,49,.429,0,0,.000,37,63,.587,19,0.95,42,2.1,61,3.05,0,0.0,6,0.3,2,0.1,11,0.55,36,79,3.95,
Leon Powe,TOT,2010-2011, 6-8,C-,27,30,328,10.9333333333,59,119,.496,0,2,.000,40,72,.556,24,0.8,39,1.3,63,2.1,7,0.233333333333,10,0.333333333333,4,0.133333333333,12,0.4,44,158,5.26666666667,
Leon Powe,CLE,2010-2011, 6-8,PF,27,14,187,13.3571428571,29,59,.492,0,0,.000,12,26,.462,16,1.14285714286,22,1.57142857143,38,2.71428571429,2,0.142857142857,7,0.5,3,0.214285714286,5,0.357142857143,20,70,5.0,
Leon Powe,MEM,2010-2011, 6-8,C,27,16,141,8.8125,30,60,.500,0,2,.000,28,46,.609,8,0.5,17,1.0625,25,1.5625,5,0.3125,3,0.1875,1,0.0625,7,0.4375,24,88,5.5,
