Player,Team,Season,Height,Position,Age,G,MIN,MINPG,FGM,FGA,FGP,TPM,TPA,TPP,FTM,FTA,FTP,ORB,ORBPG,DRB,DRBPG,TRB,TRBPG,AST,ASTPG,STL,STLPG,BLK,BLKPG,TO,TOPG,PF,PTS,PTSPG,
Leonard Gray,SEA,1974-1975, 6-8,PF,23,75,2280,30.4,378,773,.489,.000,.000,.000,104,144,.722,133,1.77333333333,345,4.6,478,6.37333333333,163,2.17333333333,63,0.84,24,0.32,.000,0.0,292,860,11.4666666667,
Leonard Gray,SEA,1975-1976, 6-8,PF,24,66,2139,32.4090909091,394,831,.474,.000,.000,.000,126,169,.746,109,1.65151515152,289,4.37878787879,398,6.0303030303,203,3.07575757576,75,1.13636363636,36,0.545454545455,.000,0.0,260,914,13.8484848485,
Leonard Gray,TOT,1976-1977, 6-8,PF,25,83,1639,19.7469879518,258,592,.436,.000,.000,.000,118,158,.747,84,1.01204819277,209,2.51807228916,293,3.53012048193,124,1.49397590361,58,0.698795180723,31,0.373493975904,.000,0.0,273,634,7.63855421687,
Leonard Gray,SEA,1976-1977, 6-8,PF,25,25,643,25.72,114,262,.435,.000,.000,.000,59,78,.756,23,0.92,84,3.36,107,4.28,55,2.2,27,1.08,13,0.52,.000,0.0,84,287,11.48,
Leonard Gray,WSB,1976-1977, 6-8,PF,25,58,996,17.1724137931,144,330,.436,.000,.000,.000,59,80,.738,61,1.05172413793,125,2.15517241379,186,3.20689655172,69,1.18965517241,31,0.534482758621,18,0.310344827586,.000,0.0,189,347,5.98275862069,
