Player,Team,Season,Height,Position,Age,G,MIN,MINPG,FGM,FGA,FGP,TPM,TPA,TPP,FTM,FTA,FTP,ORB,ORBPG,DRB,DRBPG,TRB,TRBPG,AST,ASTPG,STL,STLPG,BLK,BLKPG,TO,TOPG,PF,PTS,PTSPG,
Leon Benbow,CHI,1974-1975, 6-4,SG,24,39,252,6.46153846154,35,94,.372,.000,.000,.000,15,18,.833,14,0.358974358974,24,0.615384615385,38,0.974358974359,25,0.641025641026,11,0.282051282051,6,0.153846153846,.000,0.0,41,85,2.17948717949,
Leon Benbow,CHI,1975-1976, 6-4,SG,25,76,1586,20.8684210526,219,551,.397,.000,.000,.000,105,140,.750,65,0.855263157895,111,1.46052631579,176,2.31578947368,158,2.07894736842,62,0.815789473684,11,0.144736842105,.000,0.0,186,543,7.14473684211,
