Player,Team,Season,Height,Position,Age,G,MIN,MINPG,FGM,FGA,FGP,TPM,TPA,TPP,FTM,FTA,FTP,ORB,ORBPG,DRB,DRBPG,TRB,TRBPG,AST,ASTPG,STL,STLPG,BLK,BLKPG,TO,TOPG,PF,PTS,PTSPG,
Leroy Combs,IND,1983-1984, 6-8,SF,23,48,446,9.29166666667,81,163,.497,0,3,.000,56,91,.615,19,0.395833333333,37,0.770833333333,56,1.16666666667,38,0.791666666667,23,0.479166666667,18,0.375,46,0.958333333333,49,218,4.54166666667,
