Player,Team,Season,Height,Position,Age,G,MIN,MINPG,FGM,FGA,FGP,TPM,TPA,TPP,FTM,FTA,FTP,ORB,ORBPG,DRB,DRBPG,TRB,TRBPG,AST,ASTPG,STL,STLPG,BLK,BLKPG,TO,TOPG,PF,PTS,PTSPG,
LeRon Ellis,LAC,1991-1992, 6-9,C,22,29,103,3.55172413793,17,50,.340,0,0,.000,9,19,.474,12,0.413793103448,12,0.413793103448,24,0.827586206897,1,0.0344827586207,6,0.206896551724,9,0.310344827586,11,0.379310344828,11,43,1.48275862069,
LeRon Ellis,CHH,1993-1994, 6-9,C,24,50,680,13.6,88,182,.484,0,0,.000,45,68,.662,70,1.4,118,2.36,188,3.76,24,0.48,17,0.34,25,0.5,21,0.42,83,221,4.42,
LeRon Ellis,MIA,1995-1996, 6-9,C,26,12,74,6.16666666667,5,22,.227,0,0,.000,3,6,.500,5,0.416666666667,3,0.25,8,0.666666666667,4,0.333333333333,2,0.166666666667,3,0.25,3,0.25,11,13,1.08333333333,
