Player,Team,Season,Height,Position,Age,G,MIN,MINPG,FGM,FGA,FGP,TPM,TPA,TPP,FTM,FTA,FTP,ORB,ORBPG,DRB,DRBPG,TRB,TRBPG,AST,ASTPG,STL,STLPG,BLK,BLKPG,TO,TOPG,PF,PTS,PTSPG,
Les Jepsen,GSW,1990-1991, 7-0,C,23,21,105,5.0,11,36,.306,0,1,.000,6,9,.667,17,0.809523809524,20,0.952380952381,37,1.7619047619,1,0.047619047619,1,0.047619047619,3,0.142857142857,3,0.142857142857,16,28,1.33333333333,
Les Jepsen,SAC,1991-1992, 7-0,C,24,31,87,2.8064516129,9,24,.375,0,1,.000,7,11,.636,12,0.387096774194,18,0.58064516129,30,0.967741935484,1,0.0322580645161,1,0.0322580645161,5,0.161290322581,3,0.0967741935484,17,25,0.806451612903,
