Player,Team,Season,Height,Position,Age,G,MIN,MINPG,FGM,FGA,FGP,TPM,TPA,TPP,FTM,FTA,FTP,ORB,ORBPG,DRB,DRBPG,TRB,TRBPG,AST,ASTPG,STL,STLPG,BLK,BLKPG,TO,TOPG,PF,PTS,PTSPG,
Les Pugh,PRO,1948-1949, 6-7,,25,60,.000,0.0,168,556,.302,.000,.000,.000,125,167,.749,.000,0.0,.000,0.0,.000,0.0,59,0.983333333333,.000,0.0,.000,0.0,.000,0.0,168,461,7.68333333333,
Les Pugh,BLB,1949-1950, 6-7,,26,56,.000,0.0,68,273,.249,.000,.000,.000,115,136,.846,.000,0.0,.000,0.0,.000,0.0,16,0.285714285714,.000,0.0,.000,0.0,.000,0.0,118,251,4.48214285714,
