Player,Team,Season,Height,Position,Age,G,MIN,MINPG,FGM,FGA,FGP,TPM,TPA,TPP,FTM,FTA,FTP,ORB,ORBPG,DRB,DRBPG,TRB,TRBPG,AST,ASTPG,STL,STLPG,BLK,BLKPG,TO,TOPG,PF,PTS,PTSPG,
Les Hunter,BAL,1964-1965, 6-7,PF,22,24,114,4.75,18,64,.281,.000,.000,.000,6,14,.429,.000,0.0,.000,0.0,50,2.08333333333,11,0.458333333333,.000,0.0,.000,0.0,.000,0.0,16,42,1.75,
Les Hunter,MNM,1967-1968, 6-7,PF,25,75,2552,34.0266666667,513,1207,.425,2,17,.118,290,468,.620,332,4.42666666667,406,5.41333333333,738,9.84,116,1.54666666667,.000,0.0,.000,0.0,204,2.72,297,1318,17.5733333333,
Les Hunter,MMF,1968-1969, 6-7,PF,26,77,2537,32.9480519481,476,1073,.444,0,5,.000,335,448,.748,267,3.46753246753,476,6.18181818182,743,9.64935064935,127,1.64935064935,.000,0.0,.000,0.0,220,2.85714285714,311,1287,16.7142857143,
Les Hunter,NYA,1969-1970, 6-7,PF,27,79,2859,36.1898734177,486,1122,.433,6,41,.146,317,432,.734,234,2.96202531646,439,5.55696202532,673,8.51898734177,215,2.72151898734,.000,0.0,.000,0.0,297,3.75949367089,335,1295,16.3924050633,
Les Hunter,TOT,1970-1971, 6-7,PF,28,80,1525,19.0625,288,645,.447,10,49,.204,159,223,.713,159,1.9875,334,4.175,493,6.1625,95,1.1875,.000,0.0,.000,0.0,152,1.9,253,745,9.3125,
Les Hunter,NYA,1970-1971, 6-7,PF,28,5,110,22.0,14,39,.359,0,0,.000,4,8,.500,6,1.2,15,3.0,21,4.2,2,0.4,.000,0.0,.000,0.0,17,3.4,11,32,6.4,
Les Hunter,KEN,1970-1971, 6-7,PF,28,75,1415,18.8666666667,274,606,.452,10,49,.204,155,215,.721,153,2.04,319,4.25333333333,472,6.29333333333,93,1.24,.000,0.0,.000,0.0,135,1.8,242,713,9.50666666667,
Les Hunter,KEN,1971-1972, 6-7,PF,29,70,967,13.8142857143,183,383,.478,5,16,.313,101,144,.701,65,0.928571428571,160,2.28571428571,225,3.21428571429,93,1.32857142857,.000,0.0,.000,0.0,93,1.32857142857,154,472,6.74285714286,
Les Hunter,MMT,1972-1973, 6-7,PF,30,63,1333,21.1587301587,236,474,.498,9,33,.273,95,135,.704,94,1.49206349206,208,3.30158730159,302,4.79365079365,95,1.50793650794,.000,0.0,.000,0.0,95,1.50793650794,183,576,9.14285714286,
