Player,Team,Season,Height,Position,Age,G,MIN,MINPG,FGM,FGA,FGP,TPM,TPA,TPP,FTM,FTA,FTP,ORB,ORBPG,DRB,DRBPG,TRB,TRBPG,AST,ASTPG,STL,STLPG,BLK,BLKPG,TO,TOPG,PF,PTS,PTSPG,
Lester Hudson,TOT,2009-2010, 6-3,PG,25,25,131,5.24,21,53,.396,5,16,.313,11,13,.846,7,0.28,11,0.44,18,0.72,13,0.52,8,0.32,3,0.12,14,0.56,12,58,2.32,
Lester Hudson,BOS,2009-2010, 6-3,PG,25,16,70,4.375,7,18,.389,3,5,.600,5,6,.833,3,0.1875,5,0.3125,8,0.5,8,0.5,3,0.1875,2,0.125,9,0.5625,7,22,1.375,
Lester Hudson,MEM,2009-2010, 6-3,PG,25,9,61,6.77777777778,14,35,.400,2,11,.182,6,7,.857,4,0.444444444444,6,0.666666666667,10,1.11111111111,5,0.555555555556,5,0.555555555556,1,0.111111111111,5,0.555555555556,5,36,4.0,
Lester Hudson,WAS,2010-2011, 6-3,PG,26,11,73,6.63636363636,6,24,.250,4,15,.267,2,4,.500,1,0.0909090909091,4,0.363636363636,5,0.454545454545,17,1.54545454545,4,0.363636363636,1,0.0909090909091,7,0.636363636364,10,18,1.63636363636,
Lester Hudson,TOT,2011-2012, 6-3,PG,27,16,334,20.875,62,162,.383,16,64,.250,34,41,.829,7,0.4375,39,2.4375,46,2.875,36,2.25,14,0.875,3,0.1875,32,2.0,26,174,10.875,
Lester Hudson,CLE,2011-2012, 6-3,PG,27,13,314,24.1538461538,59,151,.391,15,61,.246,32,38,.842,7,0.538461538462,39,3.0,46,3.53846153846,35,2.69230769231,14,1.07692307692,3,0.230769230769,30,2.30769230769,26,165,12.6923076923,
Lester Hudson,MEM,2011-2012, 6-3,PG,27,3,20,6.66666666667,3,11,.273,1,3,.333,2,3,.667,0,0.0,0,0.0,0,0.0,1,0.333333333333,0,0.0,0,0.0,2,0.666666666667,0,9,3.0,
