Player,Team,Season,Height,Position,Age,G,MIN,MINPG,FGM,FGA,FGP,TPM,TPA,TPP,FTM,FTA,FTP,ORB,ORBPG,DRB,DRBPG,TRB,TRBPG,AST,ASTPG,STL,STLPG,BLK,BLKPG,TO,TOPG,PF,PTS,PTSPG,
Lewis Lloyd,GSW,1981-1982, 6-6,SG,22,16,95,5.9375,25,45,.556,0,0,.000,7,11,.636,9,0.5625,7,0.4375,16,1.0,6,0.375,5,0.3125,1,0.0625,14,0.875,20,57,3.5625,
Lewis Lloyd,GSW,1982-1983, 6-6,SG,23,73,1350,18.4931506849,293,566,.518,1,4,.250,100,139,.719,77,1.05479452055,183,2.50684931507,260,3.56164383562,130,1.78082191781,61,0.835616438356,31,0.424657534247,118,1.61643835616,109,687,9.41095890411,
Lewis Lloyd,HOU,1983-1984, 6-6,SG,24,82,2578,31.4390243902,610,1182,.516,3,13,.231,235,298,.789,128,1.56097560976,167,2.03658536585,295,3.59756097561,321,3.91463414634,102,1.24390243902,44,0.536585365854,245,2.98780487805,211,1458,17.7804878049,
Lewis Lloyd,HOU,1984-1985, 6-6,SG,25,82,2128,25.9512195122,457,869,.526,2,8,.250,161,220,.732,98,1.19512195122,133,1.62195121951,231,2.81707317073,280,3.41463414634,73,0.890243902439,28,0.341463414634,177,2.15853658537,196,1077,13.1341463415,
Lewis Lloyd,HOU,1985-1986, 6-6,SG,26,82,2444,29.8048780488,592,1119,.529,3,15,.200,199,236,.843,155,1.89024390244,169,2.06097560976,324,3.9512195122,300,3.65853658537,102,1.24390243902,24,0.292682926829,194,2.36585365854,216,1386,16.9024390244,
Lewis Lloyd,HOU,1986-1987, 6-6,SG,27,32,688,21.5,165,310,.532,1,7,.143,65,86,.756,13,0.40625,35,1.09375,48,1.5,90,2.8125,19,0.59375,5,0.15625,52,1.625,69,396,12.375,
Lewis Lloyd,TOT,1989-1990, 6-6,SG,30,21,123,5.85714285714,30,53,.566,0,0,.000,9,16,.563,8,0.380952380952,10,0.47619047619,18,0.857142857143,11,0.52380952381,3,0.142857142857,0,0.0,20,0.952380952381,12,69,3.28571428571,
Lewis Lloyd,PHI,1989-1990, 6-6,SG,30,2,10,5.0,1,2,.500,0,0,.000,0,0,.000,0,0.0,0,0.0,0,0.0,0,0.0,0,0.0,0,0.0,4,2.0,3,2,1.0,
Lewis Lloyd,HOU,1989-1990, 6-6,SG,30,19,113,5.94736842105,29,51,.569,0,0,.000,9,16,.563,8,0.421052631579,10,0.526315789474,18,0.947368421053,11,0.578947368421,3,0.157894736842,0,0.0,16,0.842105263158,9,67,3.52631578947,
