Player,Team,Season,Height,Position,Age,G,MIN,MINPG,FGM,FGA,FGP,TPM,TPA,TPP,FTM,FTA,FTP,ORB,ORBPG,DRB,DRBPG,TRB,TRBPG,AST,ASTPG,STL,STLPG,BLK,BLKPG,TO,TOPG,PF,PTS,PTSPG,
Linas Kleiza,DEN,2005-2006, 6-8,PF,21,61,519,8.50819672131,77,173,.445,2,13,.154,57,81,.704,38,0.622950819672,78,1.27868852459,116,1.90163934426,15,0.245901639344,10,0.16393442623,13,0.213114754098,16,0.262295081967,87,213,3.49180327869,
Linas Kleiza,DEN,2006-2007, 6-8,PF,22,79,1488,18.835443038,200,474,.422,83,221,.376,115,135,.852,77,0.974683544304,189,2.39240506329,266,3.36708860759,45,0.569620253165,28,0.354430379747,14,0.177215189873,79,1.0,200,598,7.56962025316,
Linas Kleiza,DEN,2007-2008, 6-8,SF,23,79,1889,23.9113924051,311,659,.472,94,277,.339,164,213,.770,92,1.16455696203,241,3.05063291139,333,4.21518987342,95,1.20253164557,44,0.556962025316,19,0.240506329114,89,1.12658227848,181,880,11.1392405063,
Linas Kleiza,DEN,2008-2009, 6-8,SF,24,82,1824,22.243902439,289,646,.447,87,267,.326,148,204,.725,92,1.12195121951,235,2.86585365854,327,3.98780487805,64,0.780487804878,31,0.378048780488,14,0.170731707317,82,1.0,155,813,9.91463414634,
Linas Kleiza,TOR,2010-2011, 6-8,SF,26,39,1032,26.4615384615,178,406,.438,39,131,.298,41,65,.631,37,0.948717948718,140,3.58974358974,177,4.53846153846,40,1.02564102564,19,0.487179487179,7,0.179487179487,65,1.66666666667,99,436,11.1794871795,
Linas Kleiza,TOR,2011-2012, 6-8,SF,27,49,1057,21.5714285714,165,410,.402,62,179,.346,81,100,.810,42,0.857142857143,157,3.20408163265,199,4.0612244898,46,0.938775510204,23,0.469387755102,4,0.0816326530612,64,1.30612244898,119,473,9.65306122449,
Linas Kleiza,TOR,2012-2013, 6-8,SF,28,20,376,18.8,48,144,.333,20,66,.303,32,38,.842,10,0.5,42,2.1,52,2.6,16,0.8,4,0.2,2,0.1,14,0.7,45,148,7.4,
