Player,Team,Season,Height,Position,Age,G,MIN,MINPG,FGM,FGA,FGP,TPM,TPA,TPP,FTM,FTA,FTP,ORB,ORBPG,DRB,DRBPG,TRB,TRBPG,AST,ASTPG,STL,STLPG,BLK,BLKPG,TO,TOPG,PF,PTS,PTSPG,
Lindsay Hairston,DET,1975-1976, 6-7,SF,24,47,651,13.8510638298,104,228,.456,.000,.000,.000,65,112,.580,65,1.3829787234,114,2.42553191489,179,3.8085106383,21,0.446808510638,21,0.446808510638,32,0.68085106383,.000,0.0,84,273,5.8085106383,
