Player,Team,Season,Height,Position,Age,G,MIN,MINPG,FGM,FGA,FGP,TPM,TPA,TPP,FTM,FTA,FTP,ORB,ORBPG,DRB,DRBPG,TRB,TRBPG,AST,ASTPG,STL,STLPG,BLK,BLKPG,TO,TOPG,PF,PTS,PTSPG,
Linton Townes,POR,1982-1983, 6-7,SF,23,55,516,9.38181818182,105,234,.449,9,25,.360,28,38,.737,30,0.545454545455,35,0.636363636364,65,1.18181818182,31,0.563636363636,19,0.345454545455,5,0.0909090909091,33,0.6,81,247,4.49090909091,
Linton Townes,TOT,1983-1984, 6-7,SF,24,4,19,4.75,4,8,.500,0,0,.000,0,0,.000,0,0.0,1,0.25,1,0.25,1,0.25,1,0.25,2,0.5,1,0.25,4,8,2.0,
Linton Townes,MIL,1983-1984, 6-7,SF,24,2,2,1.0,1,1,1.000,0,0,.000,0,0,.000,0,0.0,0,0.0,0,0.0,0,0.0,0,0.0,0,0.0,0,0.0,1,2,1.0,
Linton Townes,SDC,1983-1984, 6-7,SF,24,2,17,8.5,3,7,.429,0,0,.000,0,0,.000,0,0.0,1,0.5,1,0.5,1,0.5,1,0.5,2,1.0,1,0.5,3,6,3.0,
Linton Townes,SAS,1984-1985, 6-7,SF,25,1,8,8.0,0,6,.000,0,0,.000,2,2,1.000,1,1.0,0,0.0,1,1.0,0,0.0,0,0.0,0,0.0,0,0.0,1,2,2.0,
