Player,Team,Season,Height,Position,Age,G,MIN,MINPG,FGM,FGA,FGP,TPM,TPA,TPP,FTM,FTA,FTP,ORB,ORBPG,DRB,DRBPG,TRB,TRBPG,AST,ASTPG,STL,STLPG,BLK,BLKPG,TO,TOPG,PF,PTS,PTSPG,
Lionel Billingy,VIR,1974-1975, 6-9,PF,22,46,1022,22.2173913043,150,351,.427,0,2,.000,93,143,.650,107,2.32608695652,173,3.76086956522,280,6.08695652174,49,1.0652173913,40,0.869565217391,10,0.217391304348,122,2.65217391304,112,393,8.54347826087,
