Player,Team,Season,Height,Position,Age,G,MIN,MINPG,FGM,FGA,FGP,TPM,TPA,TPP,FTM,FTA,FTP,ORB,ORBPG,DRB,DRBPG,TRB,TRBPG,AST,ASTPG,STL,STLPG,BLK,BLKPG,TO,TOPG,PF,PTS,PTSPG,
Lionel Simmons,SAC,1990-1991, 6-7,SF,22,79,2978,37.6962025316,549,1301,.422,3,11,.273,320,435,.736,193,2.44303797468,504,6.37974683544,697,8.82278481013,315,3.98734177215,113,1.43037974684,85,1.07594936709,230,2.91139240506,249,1421,17.9873417722,
Lionel Simmons,SAC,1991-1992, 6-7,SF,23,78,2895,37.1153846154,527,1162,.454,1,5,.200,281,365,.770,149,1.91025641026,485,6.21794871795,634,8.12820512821,337,4.32051282051,135,1.73076923077,132,1.69230769231,218,2.79487179487,205,1336,17.1282051282,
Lionel Simmons,SAC,1992-1993, 6-7,SF,24,69,2502,36.2608695652,468,1055,.444,1,11,.091,298,364,.819,156,2.26086956522,339,4.91304347826,495,7.17391304348,312,4.52173913043,95,1.3768115942,38,0.550724637681,196,2.84057971014,197,1235,17.8985507246,
Lionel Simmons,SAC,1993-1994, 6-7,SF,25,75,2702,36.0266666667,436,996,.438,6,17,.353,251,323,.777,168,2.24,394,5.25333333333,562,7.49333333333,305,4.06666666667,104,1.38666666667,50,0.666666666667,183,2.44,189,1129,15.0533333333,
Lionel Simmons,SAC,1994-1995, 6-7,SF,26,58,1064,18.3448275862,131,312,.420,6,16,.375,59,84,.702,61,1.05172413793,135,2.3275862069,196,3.37931034483,89,1.53448275862,28,0.48275862069,23,0.396551724138,70,1.20689655172,118,327,5.63793103448,
Lionel Simmons,SAC,1995-1996, 6-7,SF,27,54,810,15.0,86,217,.396,19,51,.373,55,75,.733,41,0.759259259259,104,1.92592592593,145,2.68518518519,83,1.53703703704,31,0.574074074074,20,0.37037037037,51,0.944444444444,85,246,4.55555555556,
Lionel Simmons,SAC,1996-1997, 6-7,SF,28,41,521,12.7073170732,45,136,.331,7,30,.233,42,48,.875,30,0.731707317073,74,1.80487804878,104,2.53658536585,57,1.39024390244,8,0.19512195122,13,0.317073170732,34,0.829268292683,63,139,3.39024390244,
