Player,Team,Season,Height,Position,Age,G,MIN,MINPG,FGM,FGA,FGP,TPM,TPA,TPP,FTM,FTA,FTP,ORB,ORBPG,DRB,DRBPG,TRB,TRBPG,AST,ASTPG,STL,STLPG,BLK,BLKPG,TO,TOPG,PF,PTS,PTSPG,
Lionel Malamed,TOT,1948-1949, 5-9,,24,44,.000,0.0,97,290,.334,.000,.000,.000,64,77,.831,.000,0.0,.000,0.0,.000,0.0,61,1.38636363636,.000,0.0,.000,0.0,.000,0.0,53,258,5.86363636364,
Lionel Malamed,INJ,1948-1949, 5-9,,24,35,.000,0.0,85,259,.328,.000,.000,.000,58,69,.841,.000,0.0,.000,0.0,.000,0.0,55,1.57142857143,.000,0.0,.000,0.0,.000,0.0,44,228,6.51428571429,
Lionel Malamed,ROC,1948-1949, 5-9,,24,9,.000,0.0,12,31,.387,.000,.000,.000,6,8,.750,.000,0.0,.000,0.0,.000,0.0,6,0.666666666667,.000,0.0,.000,0.0,.000,0.0,9,30,3.33333333333,
