Player,Team,Season,Height,Position,Age,G,MIN,MINPG,FGM,FGA,FGP,TPM,TPA,TPP,FTM,FTA,FTP,ORB,ORBPG,DRB,DRBPG,TRB,TRBPG,AST,ASTPG,STL,STLPG,BLK,BLKPG,TO,TOPG,PF,PTS,PTSPG,
Litterial Green,ORL,1992-1993, 6-1,PG,22,52,626,12.0384615385,87,198,.439,1,10,.100,60,96,.625,11,0.211538461538,23,0.442307692308,34,0.653846153846,116,2.23076923077,23,0.442307692308,4,0.0769230769231,42,0.807692307692,70,235,4.51923076923,
Litterial Green,ORL,1993-1994, 6-1,PG,23,29,126,4.34482758621,22,57,.386,1,4,.250,28,37,.757,6,0.206896551724,6,0.206896551724,12,0.413793103448,9,0.310344827586,6,0.206896551724,1,0.0344827586207,13,0.448275862069,16,73,2.51724137931,
Litterial Green,DET,1996-1997, 6-1,PG,26,45,311,6.91111111111,30,64,.469,0,10,.000,30,47,.638,6,0.133333333333,16,0.355555555556,22,0.488888888889,41,0.911111111111,16,0.355555555556,1,0.0222222222222,15,0.333333333333,27,90,2.0,
Litterial Green,MIL,1997-1998, 6-1,PG,27,21,124,5.90476190476,5,23,.217,0,2,.000,15,20,.750,1,0.047619047619,6,0.285714285714,7,0.333333333333,16,0.761904761905,4,0.190476190476,0,0.0,8,0.380952380952,11,25,1.19047619048,
Litterial Green,CLE,1998-1999, 6-1,PG,28,1,2,2.0,0,1,.000,0,0,.000,0,0,.000,0,0.0,0,0.0,0,0.0,0,0.0,0,0.0,0,0.0,0,0.0,0,0,0.0,
