Player,Team,Season,Height,Position,Age,G,MIN,MINPG,FGM,FGA,FGP,TPM,TPA,TPP,FTM,FTA,FTP,ORB,ORBPG,DRB,DRBPG,TRB,TRBPG,AST,ASTPG,STL,STLPG,BLK,BLKPG,TO,TOPG,PF,PTS,PTSPG,
Lloyd Walton,MIL,1976-1977, 6-0,PG,23,53,678,12.7924528302,88,188,.468,.000,.000,.000,53,65,.815,15,0.283018867925,36,0.679245283019,51,0.962264150943,141,2.66037735849,40,0.754716981132,2,0.0377358490566,.000,0.0,52,229,4.32075471698,
Lloyd Walton,MIL,1977-1978, 6-0,PG,24,76,1264,16.6315789474,154,344,.448,.000,.000,.000,54,83,.651,26,0.342105263158,50,0.657894736842,76,1.0,253,3.32894736842,77,1.01315789474,13,0.171052631579,107,1.40789473684,94,362,4.76315789474,
Lloyd Walton,MIL,1978-1979, 6-0,PG,25,75,1381,18.4133333333,157,327,.480,.000,.000,.000,61,90,.678,34,0.453333333333,70,0.933333333333,104,1.38666666667,356,4.74666666667,72,0.96,9,0.12,123,1.64,103,375,5.0,
Lloyd Walton,MIL,1979-1980, 6-0,PG,26,76,1243,16.3552631579,110,242,.455,1,3,.333,49,71,.690,33,0.434210526316,58,0.763157894737,91,1.19736842105,285,3.75,43,0.565789473684,2,0.0263157894737,112,1.47368421053,68,270,3.55263157895,
Lloyd Walton,KCK,1980-1981, 6-0,PG,27,61,821,13.4590163934,90,218,.413,0,1,.000,26,33,.788,13,0.213114754098,35,0.573770491803,48,0.786885245902,208,3.40983606557,32,0.524590163934,2,0.0327868852459,80,1.31147540984,45,206,3.37704918033,
