Player,Team,Season,Height,Position,Age,G,MIN,MINPG,FGM,FGA,FGP,TPM,TPA,TPP,FTM,FTA,FTP,ORB,ORBPG,DRB,DRBPG,TRB,TRBPG,AST,ASTPG,STL,STLPG,BLK,BLKPG,TO,TOPG,PF,PTS,PTSPG,
Lloyd Batts,VIR,1974-1975, 6-4,SG,23,58,1317,22.7068965517,249,680,.366,42,147,.286,58,94,.617,71,1.22413793103,126,2.1724137931,197,3.39655172414,106,1.8275862069,73,1.25862068966,6,0.103448275862,89,1.53448275862,104,598,10.3103448276,
