Player,Team,Season,Height,Position,Age,G,MIN,MINPG,FGM,FGA,FGP,TPM,TPA,TPP,FTM,FTA,FTP,ORB,ORBPG,DRB,DRBPG,TRB,TRBPG,AST,ASTPG,STL,STLPG,BLK,BLKPG,TO,TOPG,PF,PTS,PTSPG,
Lonnie Wright,DNR,1967-1968, 6-2,SG,24,38,896,23.5789473684,146,346,.422,2,9,.222,79,121,.653,.000,0.0,.000,0.0,96,2.52631578947,68,1.78947368421,.000,0.0,.000,0.0,43,1.13157894737,96,373,9.81578947368,
Lonnie Wright,DNR,1968-1969, 6-2,SG,25,69,2538,36.7826086957,453,1089,.416,19,86,.221,205,276,.743,50,0.724637681159,240,3.47826086957,290,4.20289855072,175,2.53623188406,.000,0.0,.000,0.0,160,2.31884057971,250,1130,16.3768115942,
Lonnie Wright,DNR,1969-1970, 6-2,SG,26,79,2237,28.3164556962,393,952,.413,54,193,.280,121,175,.691,49,0.620253164557,167,2.11392405063,216,2.73417721519,149,1.88607594937,.000,0.0,.000,0.0,97,1.22784810127,278,961,12.164556962,
Lonnie Wright,TOT,1970-1971, 6-2,PG,27,72,1398,19.4166666667,199,558,.357,17,74,.230,93,133,.699,55,0.763888888889,98,1.36111111111,153,2.125,116,1.61111111111,.000,0.0,.000,0.0,75,1.04166666667,162,508,7.05555555556,
Lonnie Wright,DNR,1970-1971, 6-2,PG,27,41,769,18.756097561,98,328,.299,15,56,.268,53,77,.688,36,0.878048780488,53,1.29268292683,89,2.17073170732,61,1.48780487805,.000,0.0,.000,0.0,43,1.0487804878,86,264,6.43902439024,
Lonnie Wright,FLO,1970-1971, 6-2,SG,27,31,629,20.2903225806,101,230,.439,2,18,.111,40,56,.714,19,0.612903225806,45,1.45161290323,64,2.06451612903,55,1.77419354839,.000,0.0,.000,0.0,32,1.03225806452,76,244,7.87096774194,
Lonnie Wright,FLO,1971-1972, 6-2,PG,28,77,1638,21.2727272727,252,599,.421,19,73,.260,95,117,.812,45,0.584415584416,113,1.46753246753,158,2.05194805195,133,1.72727272727,.000,0.0,.000,0.0,89,1.15584415584,197,618,8.02597402597,
