Player,Team,Season,Height,Position,Age,G,MIN,MINPG,FGM,FGA,FGP,TPM,TPA,TPP,FTM,FTA,FTP,ORB,ORBPG,DRB,DRBPG,TRB,TRBPG,AST,ASTPG,STL,STLPG,BLK,BLKPG,TO,TOPG,PF,PTS,PTSPG,
Lonny Baxter,CHI,2002-2003, 6-8,C,24,55,682,12.4,96,206,.466,0,2,.000,70,103,.680,65,1.18181818182,100,1.81818181818,165,3.0,16,0.290909090909,9,0.163636363636,22,0.4,46,0.836363636364,135,262,4.76363636364,
Lonny Baxter,TOT,2003-2004, 6-8,C-,25,62,766,12.3548387097,103,209,.493,1,3,.333,44,76,.579,64,1.03225806452,123,1.98387096774,187,3.01612903226,20,0.322580645161,17,0.274193548387,29,0.467741935484,38,0.612903225806,123,251,4.04838709677,
Lonny Baxter,CHI,2003-2004, 6-8,PF,25,14,147,10.5,27,49,.551,1,1,1.000,5,8,.625,11,0.785714285714,24,1.71428571429,35,2.5,5,0.357142857143,1,0.0714285714286,6,0.428571428571,11,0.785714285714,31,60,4.28571428571,
Lonny Baxter,TOR,2003-2004, 6-8,C,25,36,487,13.5277777778,60,128,.469,0,1,.000,30,56,.536,42,1.16666666667,79,2.19444444444,121,3.36111111111,10,0.277777777778,14,0.388888888889,18,0.5,22,0.611111111111,69,150,4.16666666667,
Lonny Baxter,WAS,2003-2004, 6-8,PF,25,12,132,11.0,16,32,.500,0,1,.000,9,12,.750,11,0.916666666667,20,1.66666666667,31,2.58333333333,5,0.416666666667,2,0.166666666667,5,0.416666666667,5,0.416666666667,23,41,3.41666666667,
Lonny Baxter,NOH,2004-2005, 6-8,PF,26,4,36,9.0,3,11,.273,0,0,.000,0,2,.000,4,1.0,4,1.0,8,2.0,0,0.0,0,0.0,0,0.0,4,1.0,10,6,1.5,
Lonny Baxter,TOT,2005-2006, 6-8,C-,27,41,400,9.75609756098,45,104,.433,0,0,.000,28,35,.800,45,1.09756097561,72,1.75609756098,117,2.85365853659,4,0.0975609756098,11,0.268292682927,8,0.19512195122,20,0.487804878049,56,118,2.87804878049,
Lonny Baxter,HOU,2005-2006, 6-8,C,27,23,281,12.2173913043,33,72,.458,0,0,.000,16,19,.842,38,1.65217391304,46,2.0,84,3.65217391304,2,0.0869565217391,9,0.391304347826,7,0.304347826087,13,0.565217391304,48,82,3.5652173913,
Lonny Baxter,CHA,2005-2006, 6-8,PF,27,18,119,6.61111111111,12,32,.375,0,0,.000,12,16,.750,7,0.388888888889,26,1.44444444444,33,1.83333333333,2,0.111111111111,2,0.111111111111,1,0.0555555555556,7,0.388888888889,8,36,2.0,
