Player,Team,Season,Height,Position,Age,G,MIN,MINPG,FGM,FGA,FGP,TPM,TPA,TPP,FTM,FTA,FTP,ORB,ORBPG,DRB,DRBPG,TRB,TRBPG,AST,ASTPG,STL,STLPG,BLK,BLKPG,TO,TOPG,PF,PTS,PTSPG,
Lorenzo Romar,GSW,1980-1981, 6-1,PG,22,53,726,13.6981132075,87,211,.412,2,6,.333,43,63,.683,10,0.188679245283,46,0.867924528302,56,1.05660377358,136,2.56603773585,27,0.509433962264,3,0.0566037735849,52,0.981132075472,64,219,4.1320754717,
Lorenzo Romar,GSW,1981-1982, 6-1,PG,23,79,1259,15.9367088608,203,403,.504,3,15,.200,79,96,.823,12,0.151898734177,86,1.08860759494,98,1.24050632911,226,2.86075949367,60,0.759493670886,13,0.164556962025,89,1.12658227848,103,488,6.17721518987,
Lorenzo Romar,GSW,1982-1983, 6-1,PG,24,82,2130,25.9756097561,266,572,.465,10,33,.303,78,105,.743,23,0.280487804878,115,1.40243902439,138,1.68292682927,455,5.5487804878,98,1.19512195122,5,0.0609756097561,141,1.71951219512,142,620,7.56097560976,
Lorenzo Romar,TOT,1983-1984, 6-1,PG,25,68,1022,15.0294117647,161,351,.459,4,33,.121,67,94,.713,21,0.308823529412,72,1.05882352941,93,1.36764705882,193,2.83823529412,55,0.808823529412,8,0.117647058824,63,0.926470588235,77,393,5.77941176471,
Lorenzo Romar,GSW,1983-1984, 6-1,PG,25,3,15,5.0,2,5,.400,0,1,.000,2,4,.500,0,0.0,1,0.333333333333,1,0.333333333333,1,0.333333333333,0,0.0,0,0.0,0,0.0,1,6,2.0,
Lorenzo Romar,MIL,1983-1984, 6-1,PG,25,65,1007,15.4923076923,159,346,.460,4,32,.125,65,90,.722,21,0.323076923077,71,1.09230769231,92,1.41538461538,192,2.95384615385,55,0.846153846154,8,0.123076923077,63,0.969230769231,76,387,5.95384615385,
Lorenzo Romar,TOT,1984-1985, 6-1,PG,26,9,51,5.66666666667,3,16,.188,0,3,.000,5,5,1.000,0,0.0,0,0.0,0,0.0,12,1.33333333333,4,0.444444444444,0,0.0,5,0.555555555556,7,11,1.22222222222,
Lorenzo Romar,MIL,1984-1985, 6-1,PG,26,4,16,4.0,1,8,.125,0,1,.000,0,0,.000,0,0.0,0,0.0,0,0.0,2,0.5,0,0.0,0,0.0,0,0.0,2,2,0.5,
Lorenzo Romar,DET,1984-1985, 6-1,PG,26,5,35,7.0,2,8,.250,0,2,.000,5,5,1.000,0,0.0,0,0.0,0,0.0,10,2.0,4,0.8,0,0.0,5,1.0,5,9,1.8,
