Player,Team,Season,Height,Position,Age,G,MIN,MINPG,FGM,FGA,FGP,TPM,TPA,TPP,FTM,FTA,FTP,ORB,ORBPG,DRB,DRBPG,TRB,TRBPG,AST,ASTPG,STL,STLPG,BLK,BLKPG,TO,TOPG,PF,PTS,PTSPG,
Loren Woods,MIN,2001-2002, 7-1,C,23,60,516,8.6,33,96,.344,0,2,.000,44,60,.733,46,0.766666666667,76,1.26666666667,122,2.03333333333,22,0.366666666667,17,0.283333333333,34,0.566666666667,36,0.6,60,110,1.83333333333,
Loren Woods,MIN,2002-2003, 7-1,C,24,38,353,9.28947368421,29,76,.382,1,3,.333,21,27,.778,27,0.710526315789,68,1.78947368421,95,2.5,19,0.5,10,0.263157894737,13,0.342105263158,23,0.605263157895,37,80,2.10526315789,
Loren Woods,MIA,2003-2004, 7-1,C,25,38,506,13.3157894737,44,96,.458,0,0,.000,33,55,.600,65,1.71052631579,69,1.81578947368,134,3.52631578947,10,0.263157894737,11,0.289473684211,19,0.5,26,0.684210526316,52,121,3.18421052632,
Loren Woods,TOR,2004-2005, 7-1,C,26,45,712,15.8222222222,71,164,.433,0,1,.000,34,59,.576,81,1.8,139,3.08888888889,220,4.88888888889,17,0.377777777778,8,0.177777777778,39,0.866666666667,37,0.822222222222,78,176,3.91111111111,
Loren Woods,TOR,2005-2006, 7-1,C,27,27,324,12.0,28,59,.475,0,1,.000,6,14,.429,44,1.62962962963,66,2.44444444444,110,4.07407407407,4,0.148148148148,9,0.333333333333,23,0.851851851852,16,0.592592592593,49,62,2.2962962963,
Loren Woods,HOU,2007-2008, 7-1,C,29,7,17,2.42857142857,3,5,.600,0,0,.000,0,0,.000,0,0.0,1,0.142857142857,1,0.142857142857,2,0.285714285714,0,0.0,0,0.0,0,0.0,2,6,0.857142857143,
