Player,Team,Season,Height,Position,Age,G,MIN,MINPG,FGM,FGA,FGP,TPM,TPA,TPP,FTM,FTA,FTP,ORB,ORBPG,DRB,DRBPG,TRB,TRBPG,AST,ASTPG,STL,STLPG,BLK,BLKPG,TO,TOPG,PF,PTS,PTSPG,
Loren Meyer,DAL,1995-1996, 6-10,C,23,72,1266,17.5833333333,145,330,.439,3,11,.273,70,102,.686,114,1.58333333333,205,2.84722222222,319,4.43055555556,57,0.791666666667,20,0.277777777778,32,0.444444444444,67,0.930555555556,224,363,5.04166666667,
Loren Meyer,TOT,1996-1997, 6-10,PF,24,54,708,13.1111111111,108,244,.443,4,7,.571,46,64,.719,53,0.981481481481,92,1.7037037037,145,2.68518518519,19,0.351851851852,11,0.203703703704,15,0.277777777778,62,1.14814814815,125,266,4.92592592593,
Loren Meyer,DAL,1996-1997, 6-10,PF,24,19,259,13.6315789474,34,78,.436,1,2,.500,9,12,.750,14,0.736842105263,35,1.84210526316,49,2.57894736842,7,0.368421052632,6,0.315789473684,3,0.157894736842,27,1.42105263158,52,78,4.10526315789,
Loren Meyer,PHO,1996-1997, 6-10,PF,24,35,449,12.8285714286,74,166,.446,3,5,.600,37,52,.712,39,1.11428571429,57,1.62857142857,96,2.74285714286,12,0.342857142857,5,0.142857142857,12,0.342857142857,35,1.0,73,188,5.37142857143,
Loren Meyer,DEN,1998-1999, 6-10,C,26,14,70,5.0,7,28,.250,1,5,.200,1,2,.500,4,0.285714285714,12,0.857142857143,16,1.14285714286,1,0.0714285714286,0,0.0,3,0.214285714286,4,0.285714285714,22,16,1.14285714286,
