Player,Team,Season,Height,Position,Age,G,MIN,MINPG,FGM,FGA,FGP,TPM,TPA,TPP,FTM,FTA,FTP,ORB,ORBPG,DRB,DRBPG,TRB,TRBPG,AST,ASTPG,STL,STLPG,BLK,BLKPG,TO,TOPG,PF,PTS,PTSPG,
Louis Orr,IND,1980-1981, 6-8,SF,22,82,1787,21.7926829268,348,709,.491,0,6,.000,163,202,.807,172,2.09756097561,189,2.30487804878,361,4.40243902439,132,1.60975609756,55,0.670731707317,25,0.30487804878,123,1.5,153,859,10.4756097561,
Louis Orr,IND,1981-1982, 6-8,SF,23,80,1951,24.3875,357,719,.497,1,8,.125,203,254,.799,127,1.5875,204,2.55,331,4.1375,134,1.675,56,0.7,26,0.325,137,1.7125,182,918,11.475,
Louis Orr,NYK,1982-1983, 6-8,SF,24,82,1666,20.3170731707,274,593,.462,0,2,.000,140,175,.800,94,1.14634146341,134,1.63414634146,228,2.78048780488,94,1.14634146341,64,0.780487804878,24,0.292682926829,93,1.13414634146,134,688,8.39024390244,
Louis Orr,NYK,1983-1984, 6-8,SF,25,78,1640,21.0256410256,262,572,.458,0,0,.000,173,211,.820,101,1.29487179487,127,1.62820512821,228,2.92307692308,61,0.782051282051,66,0.846153846154,17,0.217948717949,95,1.21794871795,142,697,8.9358974359,
Louis Orr,NYK,1984-1985, 6-8,PF,26,79,2452,31.0379746835,372,766,.486,1,10,.100,262,334,.784,171,2.16455696203,220,2.78481012658,391,4.94936708861,134,1.69620253165,100,1.26582278481,27,0.341772151899,138,1.74683544304,195,1007,12.746835443,
Louis Orr,NYK,1985-1986, 6-8,SF,27,74,2237,30.2297297297,330,741,.445,0,4,.000,218,278,.784,123,1.66216216216,189,2.55405405405,312,4.21621621622,179,2.41891891892,61,0.824324324324,26,0.351351351351,118,1.59459459459,177,878,11.8648648649,
Louis Orr,NYK,1986-1987, 6-8,SF,28,65,1440,22.1538461538,166,389,.427,1,5,.200,125,172,.727,102,1.56923076923,130,2.0,232,3.56923076923,110,1.69230769231,47,0.723076923077,18,0.276923076923,70,1.07692307692,123,458,7.04615384615,
Louis Orr,NYK,1987-1988, 6-8,SF,29,29,180,6.20689655172,16,50,.320,0,1,.000,8,16,.500,13,0.448275862069,21,0.724137931034,34,1.1724137931,9,0.310344827586,6,0.206896551724,0,0.0,14,0.48275862069,27,40,1.37931034483,
