Player,Team,Season,Height,Position,Age,G,MIN,MINPG,FGM,FGA,FGP,TPM,TPA,TPP,FTM,FTA,FTP,ORB,ORBPG,DRB,DRBPG,TRB,TRBPG,AST,ASTPG,STL,STLPG,BLK,BLKPG,TO,TOPG,PF,PTS,PTSPG,
Louie Nelson,CAP,1973-1974, 6-3,SG,22,49,556,11.3469387755,93,215,.433,.000,.000,.000,53,73,.726,26,0.530612244898,44,0.897959183673,70,1.42857142857,52,1.0612244898,31,0.632653061224,2,0.0408163265306,.000,0.0,62,239,4.87755102041,
Louie Nelson,NOJ,1974-1975, 6-3,PG,23,72,1898,26.3611111111,307,679,.452,.000,.000,.000,192,250,.768,75,1.04166666667,121,1.68055555556,196,2.72222222222,178,2.47222222222,65,0.902777777778,6,0.0833333333333,.000,0.0,186,806,11.1944444444,
Louie Nelson,NOJ,1975-1976, 6-3,SG,24,66,2030,30.7575757576,327,755,.433,.000,.000,.000,169,230,.735,81,1.22727272727,121,1.83333333333,202,3.06060606061,169,2.56060606061,82,1.24242424242,6,0.0909090909091,.000,0.0,147,823,12.4696969697,
Louie Nelson,SAS,1976-1977, 6-3,SG,25,4,57,14.25,7,14,.500,.000,.000,.000,4,7,.571,2,0.5,5,1.25,7,1.75,3,0.75,2,0.5,0,0.0,.000,0.0,9,18,4.5,
Louie Nelson,TOT,1977-1978, 6-3,SG,26,33,406,12.303030303,85,211,.403,.000,.000,.000,57,84,.679,13,0.393939393939,39,1.18181818182,52,1.57575757576,34,1.0303030303,22,0.666666666667,7,0.212121212121,48,1.45454545455,33,227,6.87878787879,
Louie Nelson,KCK,1977-1978, 6-3,SG,26,8,53,6.625,3,14,.214,.000,.000,.000,9,11,.818,1,0.125,2,0.25,3,0.375,5,0.625,2,0.25,1,0.125,8,1.0,5,15,1.875,
Louie Nelson,NJN,1977-1978, 6-3,SG,26,25,353,14.12,82,197,.416,.000,.000,.000,48,73,.658,12,0.48,37,1.48,49,1.96,29,1.16,20,0.8,6,0.24,40,1.6,28,212,8.48,
