Player,Team,Season,Height,Position,Age,G,MIN,MINPG,FGM,FGA,FGP,TPM,TPA,TPP,FTM,FTA,FTP,ORB,ORBPG,DRB,DRBPG,TRB,TRBPG,AST,ASTPG,STL,STLPG,BLK,BLKPG,TO,TOPG,PF,PTS,PTSPG,
Loy Petersen,CHI,1968-1969, 6-5,SG,23,38,299,7.86842105263,44,109,.404,.000,.000,.000,19,27,.704,.000,0.0,.000,0.0,41,1.07894736842,25,0.657894736842,.000,0.0,.000,0.0,.000,0.0,39,107,2.81578947368,
Loy Petersen,CHI,1969-1970, 6-5,SG,24,31,231,7.45161290323,33,90,.367,.000,.000,.000,26,39,.667,.000,0.0,.000,0.0,26,0.838709677419,23,0.741935483871,.000,0.0,.000,0.0,.000,0.0,22,92,2.96774193548,
