Player,Team,Season,Height,Position,Age,G,MIN,MINPG,FGM,FGA,FGP,TPM,TPA,TPP,FTM,FTA,FTP,ORB,ORBPG,DRB,DRBPG,TRB,TRBPG,AST,ASTPG,STL,STLPG,BLK,BLKPG,TO,TOPG,PF,PTS,PTSPG,
Loyd King,MMP,1971-1972, 6-2,SG,22,74,1153,15.5810810811,185,494,.374,21,87,.241,96,119,.807,36,0.486486486486,77,1.04054054054,113,1.52702702703,103,1.39189189189,.000,0.0,.000,0.0,76,1.02702702703,168,487,6.58108108108,
Loyd King,MMT,1972-1973, 6-2,SG,23,10,102,10.2,6,29,.207,0,3,.000,7,8,.875,2,0.2,10,1.0,12,1.2,14,1.4,.000,0.0,.000,0.0,4,0.4,20,19,1.9,
