Player,Team,Season,Height,Position,Age,G,MIN,MINPG,FGM,FGA,FGP,TPM,TPA,TPP,FTM,FTA,FTP,ORB,ORBPG,DRB,DRBPG,TRB,TRBPG,AST,ASTPG,STL,STLPG,BLK,BLKPG,TO,TOPG,PF,PTS,PTSPG,
Luc Mbah a Moute,MIL,2008-2009, 6-8,PF,22,82,2114,25.7804878049,227,491,.462,0,4,.000,140,192,.729,189,2.30487804878,298,3.63414634146,487,5.93902439024,87,1.06097560976,87,1.06097560976,45,0.548780487805,100,1.21951219512,204,594,7.24390243902,
Luc Mbah a Moute,MIL,2009-2010, 6-8,PF,23,73,1866,25.5616438356,177,369,.480,6,17,.353,93,133,.699,171,2.34246575342,229,3.13698630137,400,5.47945205479,81,1.1095890411,60,0.821917808219,39,0.534246575342,70,0.958904109589,181,453,6.20547945205,
Luc Mbah a Moute,MIL,2010-2011, 6-8,PF,24,79,2093,26.4936708861,198,428,.463,0,7,.000,133,188,.707,169,2.13924050633,251,3.17721518987,420,5.3164556962,68,0.860759493671,72,0.911392405063,28,0.354430379747,77,0.974683544304,180,529,6.69620253165,
Luc Mbah a Moute,MIL,2011-2012, 6-8,PF,25,43,1009,23.4651162791,133,261,.510,1,4,.250,66,103,.641,77,1.79069767442,150,3.48837209302,227,5.27906976744,29,0.674418604651,40,0.93023255814,22,0.511627906977,39,0.906976744186,93,333,7.74418604651,
Luc Mbah a Moute,MIL,2012-2013, 6-8,PF,26,46,1123,24.4130434783,132,322,.410,10,28,.357,69,118,.585,80,1.73913043478,142,3.08695652174,222,4.82608695652,49,1.0652173913,35,0.760869565217,14,0.304347826087,63,1.36956521739,68,343,7.45652173913,
