Player,Team,Season,Height,Position,Age,G,MIN,MINPG,FGM,FGA,FGP,TPM,TPA,TPP,FTM,FTA,FTP,ORB,ORBPG,DRB,DRBPG,TRB,TRBPG,AST,ASTPG,STL,STLPG,BLK,BLKPG,TO,TOPG,PF,PTS,PTSPG,
Luis Flores,TOT,2004-2005, 6-2,PG,23,16,77,4.8125,14,29,.483,5,10,.500,2,2,1.000,1,0.0625,2,0.125,3,0.1875,11,0.6875,2,0.125,0,0.0,11,0.6875,9,35,2.1875,
Luis Flores,GSW,2004-2005, 6-2,PG,23,15,73,4.86666666667,13,27,.481,4,9,.444,2,2,1.000,0,0.0,2,0.133333333333,2,0.133333333333,11,0.733333333333,2,0.133333333333,0,0.0,11,0.733333333333,9,32,2.13333333333,
Luis Flores,DEN,2004-2005, 6-2,PG,23,1,4,4.0,1,2,.500,1,1,1.000,0,0,.000,1,1.0,0,0.0,1,1.0,0,0.0,0,0.0,0,0.0,0,0.0,0,3,3.0,
