Player,Team,Season,Height,Position,Age,G,MIN,MINPG,FGM,FGA,FGP,TPM,TPA,TPP,FTM,FTA,FTP,ORB,ORBPG,DRB,DRBPG,TRB,TRBPG,AST,ASTPG,STL,STLPG,BLK,BLKPG,TO,TOPG,PF,PTS,PTSPG,
Luis Scola,HOU,2007-2008, 6-9,PF,27,82,2024,24.6829268293,345,670,.515,0,3,.000,157,235,.668,174,2.12195121951,351,4.28048780488,525,6.40243902439,106,1.29268292683,60,0.731707317073,19,0.231707317073,105,1.28048780488,235,847,10.3292682927,
Luis Scola,HOU,2008-2009, 6-9,PF,28,82,2488,30.3414634146,424,799,.531,0,3,.000,196,258,.760,200,2.43902439024,520,6.34146341463,720,8.78048780488,123,1.5,68,0.829268292683,11,0.134146341463,123,1.5,261,1044,12.7317073171,
Luis Scola,HOU,2009-2010, 6-9,PF,29,82,2671,32.5731707317,560,1090,.514,1,5,.200,208,267,.779,175,2.13414634146,530,6.46341463415,705,8.59756097561,169,2.06097560976,63,0.768292682927,26,0.317073170732,163,1.98780487805,246,1329,16.2073170732,
Luis Scola,HOU,2010-2011, 6-9,PF,30,74,2412,32.5945945946,569,1129,.504,0,3,.000,214,290,.738,147,1.98648648649,459,6.2027027027,606,8.18918918919,185,2.5,48,0.648648648649,44,0.594594594595,147,1.98648648649,227,1352,18.2702702703,
Luis Scola,HOU,2011-2012, 6-9,PF,31,66,2067,31.3181818182,436,888,.491,0,3,.000,153,198,.773,122,1.84848484848,306,4.63636363636,428,6.48484848485,140,2.12121212121,35,0.530303030303,24,0.363636363636,153,2.31818181818,214,1025,15.5303030303,
Luis Scola,PHO,2012-2013, 6-9,PF,32,65,1727,26.5692307692,332,716,.464,1,12,.083,138,175,.789,118,1.81538461538,294,4.52307692308,412,6.33846153846,154,2.36923076923,53,0.815384615385,28,0.430769230769,102,1.56923076923,202,803,12.3538461538,
