Player,Team,Season,Height,Position,Age,G,MIN,MINPG,FGM,FGA,FGP,TPM,TPA,TPP,FTM,FTA,FTP,ORB,ORBPG,DRB,DRBPG,TRB,TRBPG,AST,ASTPG,STL,STLPG,BLK,BLKPG,TO,TOPG,PF,PTS,PTSPG,
Luke Witte,CLE,1973-1974, 7-0,C,23,57,728,12.7719298246,105,243,.432,.000,.000,.000,46,62,.742,80,1.40350877193,147,2.57894736842,227,3.98245614035,41,0.719298245614,8,0.140350877193,22,0.385964912281,.000,0.0,91,256,4.49122807018,
Luke Witte,CLE,1974-1975, 7-0,C,24,39,271,6.94871794872,33,96,.344,.000,.000,.000,19,31,.613,38,0.974358974359,54,1.38461538462,92,2.35897435897,15,0.384615384615,4,0.102564102564,22,0.564102564103,.000,0.0,42,85,2.17948717949,
Luke Witte,CLE,1975-1976, 7-0,C,25,22,99,4.5,11,32,.344,.000,.000,.000,9,15,.600,9,0.409090909091,29,1.31818181818,38,1.72727272727,4,0.181818181818,1,0.0454545454545,1,0.0454545454545,.000,0.0,14,31,1.40909090909,
