Player,Team,Season,Height,Position,Age,G,MIN,MINPG,FGM,FGA,FGP,TPM,TPA,TPP,FTM,FTA,FTP,ORB,ORBPG,DRB,DRBPG,TRB,TRBPG,AST,ASTPG,STL,STLPG,BLK,BLKPG,TO,TOPG,PF,PTS,PTSPG,
Luke Schenscher,CHI,2005-2006, 7-1,C,23,20,149,7.45,16,26,.615,0,0,.000,4,13,.308,8,0.4,21,1.05,29,1.45,7,0.35,1,0.05,3,0.15,5,0.25,21,36,1.8,
Luke Schenscher,POR,2006-2007, 7-1,C,24,11,118,10.7272727273,7,23,.304,0,0,.000,5,7,.714,10,0.909090909091,15,1.36363636364,25,2.27272727273,1,0.0909090909091,2,0.181818181818,4,0.363636363636,4,0.363636363636,25,19,1.72727272727,
