Player,Team,Season,Height,Position,Age,G,MIN,MINPG,FGM,FGA,FGP,TPM,TPA,TPP,FTM,FTA,FTP,ORB,ORBPG,DRB,DRBPG,TRB,TRBPG,AST,ASTPG,STL,STLPG,BLK,BLKPG,TO,TOPG,PF,PTS,PTSPG,
Luther Head,HOU,2005-2006, 6-3,SG,23,80,2310,28.875,254,630,.403,113,313,.361,86,123,.699,33,0.4125,233,2.9125,266,3.325,215,2.6875,89,1.1125,9,0.1125,119,1.4875,169,707,8.8375,
Luther Head,HOU,2006-2007, 6-3,SG,24,80,2211,27.6375,306,700,.437,177,401,.441,83,105,.790,31,0.3875,221,2.7625,252,3.15,194,2.425,76,0.95,5,0.0625,137,1.7125,133,872,10.9,
Luther Head,HOU,2007-2008, 6-3,SG,25,73,1379,18.8904109589,206,477,.432,79,225,.351,66,81,.815,18,0.246575342466,117,1.60273972603,135,1.84931506849,138,1.8904109589,44,0.602739726027,9,0.123287671233,70,0.958904109589,75,557,7.6301369863,
Luther Head,TOT,2008-2009, 6-3,PG,26,32,498,15.5625,55,144,.382,20,54,.370,19,24,.792,6,0.1875,46,1.4375,52,1.625,58,1.8125,17,0.53125,2,0.0625,25,0.78125,37,149,4.65625,
Luther Head,HOU,2008-2009, 6-3,PG,26,22,322,14.6363636364,39,101,.386,14,38,.368,14,16,.875,3,0.136363636364,24,1.09090909091,27,1.22727272727,35,1.59090909091,6,0.272727272727,1,0.0454545454545,16,0.727272727273,15,106,4.81818181818,
Luther Head,MIA,2008-2009, 6-3,SG,26,10,176,17.6,16,43,.372,6,16,.375,5,8,.625,3,0.3,22,2.2,25,2.5,23,2.3,11,1.1,1,0.1,9,0.9,22,43,4.3,
Luther Head,IND,2009-2010, 6-3,SG,27,47,813,17.2978723404,136,311,.437,37,105,.352,48,58,.828,6,0.127659574468,74,1.57446808511,80,1.70212765957,72,1.53191489362,18,0.382978723404,9,0.191489361702,54,1.14893617021,53,357,7.59574468085,
Luther Head,SAC,2010-2011, 6-3,PG,28,36,586,16.2777777778,68,164,.415,25,64,.391,39,50,.780,16,0.444444444444,44,1.22222222222,60,1.66666666667,70,1.94444444444,10,0.277777777778,9,0.25,32,0.888888888889,43,200,5.55555555556,
