Player,Team,Season,Height,Position,Age,G,MIN,MINPG,FGM,FGA,FGP,TPM,TPA,TPP,FTM,FTA,FTP,ORB,ORBPG,DRB,DRBPG,TRB,TRBPG,AST,ASTPG,STL,STLPG,BLK,BLKPG,TO,TOPG,PF,PTS,PTSPG,
Maalik Wayns,TOT,2012-2013, 6-2,PG,21,22,176,8.0,20,75,.267,5,25,.200,13,15,.867,1,0.0454545454545,4,0.181818181818,5,0.227272727273,25,1.13636363636,5,0.227272727273,0,0.0,13,0.590909090909,23,58,2.63636363636,
Maalik Wayns,PHI,2012-2013, 6-2,PG,21,21,165,7.85714285714,19,72,.264,5,25,.200,13,15,.867,1,0.047619047619,4,0.190476190476,5,0.238095238095,20,0.952380952381,3,0.142857142857,0,0.0,13,0.619047619048,18,56,2.66666666667,
Maalik Wayns,LAC,2012-2013, 6-2,,21,1,11,11.0,1,3,.333,0,0,.000,0,0,.000,0,0.0,0,0.0,0,0.0,5,5.0,2,2.0,0,0.0,0,0.0,5,2,2.0,
