Player,Team,Season,Height,Position,Age,G,MIN,MINPG,FGM,FGA,FGP,TPM,TPA,TPP,FTM,FTA,FTP,ORB,ORBPG,DRB,DRBPG,TRB,TRBPG,AST,ASTPG,STL,STLPG,BLK,BLKPG,TO,TOPG,PF,PTS,PTSPG,
Mac Otten,TOT,1949-1950, 6-7,,24,59,.000,0.0,51,155,.329,.000,.000,.000,40,81,.494,.000,0.0,.000,0.0,.000,0.0,36,0.610169491525,.000,0.0,.000,0.0,.000,0.0,119,142,2.40677966102,
Mac Otten,TRI,1949-1950, 6-7,,24,12,.000,0.0,12,34,.353,.000,.000,.000,15,22,.682,.000,0.0,.000,0.0,.000,0.0,11,0.916666666667,.000,0.0,.000,0.0,.000,0.0,27,39,3.25,
Mac Otten,STB,1949-1950, 6-7,,24,47,.000,0.0,39,121,.322,.000,.000,.000,25,59,.424,.000,0.0,.000,0.0,.000,0.0,25,0.531914893617,.000,0.0,.000,0.0,.000,0.0,92,103,2.1914893617,
