Player,Team,Season,Height,Position,Age,G,MIN,MINPG,FGM,FGA,FGP,TPM,TPA,TPP,FTM,FTA,FTP,ORB,ORBPG,DRB,DRBPG,TRB,TRBPG,AST,ASTPG,STL,STLPG,BLK,BLKPG,TO,TOPG,PF,PTS,PTSPG,
Maceo Baston,TOR,2002-2003, 6-9,PF,27,16,106,6.625,15,25,.600,0,0,.000,10,12,.833,4,0.25,19,1.1875,23,1.4375,0,0.0,4,0.25,11,0.6875,6,0.375,16,40,2.5,
Maceo Baston,IND,2006-2007, 6-9,PF,31,47,405,8.6170212766,49,76,.645,3,7,.429,37,47,.787,21,0.446808510638,53,1.12765957447,74,1.57446808511,16,0.340425531915,12,0.255319148936,18,0.382978723404,32,0.68085106383,65,138,2.93617021277,
Maceo Baston,TOR,2007-2008, 6-9,PF,32,15,103,6.86666666667,17,25,.680,0,0,.000,7,10,.700,9,0.6,17,1.13333333333,26,1.73333333333,3,0.2,2,0.133333333333,4,0.266666666667,4,0.266666666667,20,41,2.73333333333,
Maceo Baston,IND,2008-2009, 6-9,PF,33,27,217,8.03703703704,25,46,.543,0,1,.000,17,27,.630,22,0.814814814815,30,1.11111111111,52,1.92592592593,7,0.259259259259,6,0.222222222222,10,0.37037037037,12,0.444444444444,39,67,2.48148148148,
