Player,Team,Season,Height,Position,Age,G,MIN,MINPG,FGM,FGA,FGP,TPM,TPA,TPP,FTM,FTA,FTP,ORB,ORBPG,DRB,DRBPG,TRB,TRBPG,AST,ASTPG,STL,STLPG,BLK,BLKPG,TO,TOPG,PF,PTS,PTSPG,
Maciej Lampe,PHO,2003-2004, 6-11,C,18,21,224,10.6666666667,43,88,.489,0,4,.000,10,13,.769,9,0.428571428571,35,1.66666666667,44,2.09523809524,9,0.428571428571,3,0.142857142857,3,0.142857142857,15,0.714285714286,28,96,4.57142857143,
Maciej Lampe,TOT,2004-2005, 6-11,C,19,37,380,10.2702702703,49,132,.371,2,4,.500,15,22,.682,24,0.648648648649,65,1.75675675676,89,2.40540540541,11,0.297297297297,5,0.135135135135,7,0.189189189189,17,0.459459459459,51,115,3.10810810811,
Maciej Lampe,PHO,2004-2005, 6-11,C,19,16,119,7.4375,17,49,.347,2,3,.667,8,12,.667,9,0.5625,23,1.4375,32,2.0,1,0.0625,1,0.0625,2,0.125,10,0.625,20,44,2.75,
Maciej Lampe,NOH,2004-2005, 6-11,C,19,21,261,12.4285714286,32,83,.386,0,1,.000,7,10,.700,15,0.714285714286,42,2.0,57,2.71428571429,10,0.47619047619,4,0.190476190476,5,0.238095238095,7,0.333333333333,31,71,3.38095238095,
Maciej Lampe,TOT,2005-2006, 6-11,C,20,6,28,4.66666666667,2,11,.182,0,0,.000,0,2,.000,4,0.666666666667,5,0.833333333333,9,1.5,2,0.333333333333,0,0.0,0,0.0,3,0.5,2,4,0.666666666667,
Maciej Lampe,NOK,2005-2006, 6-11,C,20,2,16,8.0,0,4,.000,0,0,.000,0,0,.000,1,0.5,3,1.5,4,2.0,2,1.0,0,0.0,0,0.0,1,0.5,2,0,0.0,
Maciej Lampe,HOU,2005-2006, 6-11,C,20,4,12,3.0,2,7,.286,0,0,.000,0,2,.000,3,0.75,2,0.5,5,1.25,0,0.0,0,0.0,0,0.0,2,0.5,0,4,1.0,
