Player,Team,Season,Height,Position,Age,G,MIN,MINPG,FGM,FGA,FGP,TPM,TPA,TPP,FTM,FTA,FTP,ORB,ORBPG,DRB,DRBPG,TRB,TRBPG,AST,ASTPG,STL,STLPG,BLK,BLKPG,TO,TOPG,PF,PTS,PTSPG,
Mahmoud Abdul-Rauf,DEN,1990-1991, 6-1,PG,21,67,1505,22.4626865672,417,1009,.413,24,100,.240,84,98,.857,34,0.507462686567,87,1.29850746269,121,1.80597014925,206,3.07462686567,55,0.820895522388,4,0.0597014925373,110,1.64179104478,149,942,14.0597014925,
Mahmoud Abdul-Rauf,DEN,1991-1992, 6-1,PG,22,81,1538,18.987654321,356,845,.421,31,94,.330,94,108,.870,22,0.271604938272,92,1.13580246914,114,1.40740740741,192,2.37037037037,44,0.543209876543,4,0.0493827160494,117,1.44444444444,130,837,10.3333333333,
Mahmoud Abdul-Rauf,DEN,1992-1993, 6-1,PG,23,81,2710,33.4567901235,633,1407,.450,70,197,.355,217,232,.935,51,0.62962962963,174,2.14814814815,225,2.77777777778,344,4.24691358025,84,1.03703703704,8,0.0987654320988,187,2.30864197531,179,1553,19.1728395062,
Mahmoud Abdul-Rauf,DEN,1993-1994, 6-1,PG,24,80,2617,32.7125,588,1279,.460,42,133,.316,219,229,.956,27,0.3375,141,1.7625,168,2.1,362,4.525,82,1.025,10,0.125,151,1.8875,150,1437,17.9625,
Mahmoud Abdul-Rauf,DEN,1994-1995, 6-1,PG,25,73,2082,28.5205479452,472,1005,.470,83,215,.386,138,156,.885,32,0.438356164384,105,1.43835616438,137,1.87671232877,263,3.60273972603,77,1.05479452055,9,0.123287671233,119,1.6301369863,126,1165,15.9589041096,
Mahmoud Abdul-Rauf,DEN,1995-1996, 6-1,PG,26,57,2029,35.5964912281,414,955,.434,121,309,.392,146,157,.930,26,0.456140350877,112,1.9649122807,138,2.42105263158,389,6.82456140351,64,1.12280701754,3,0.0526315789474,115,2.01754385965,117,1095,19.2105263158,
Mahmoud Abdul-Rauf,SAC,1996-1997, 6-1,PG,27,75,2131,28.4133333333,411,924,.445,94,246,.382,115,136,.846,16,0.213333333333,106,1.41333333333,122,1.62666666667,189,2.52,56,0.746666666667,6,0.08,119,1.58666666667,174,1031,13.7466666667,
Mahmoud Abdul-Rauf,SAC,1997-1998, 6-1,PG,28,31,530,17.0967741935,103,273,.377,5,31,.161,16,16,1.000,6,0.193548387097,31,1.0,37,1.1935483871,58,1.87096774194,16,0.516129032258,1,0.0322580645161,19,0.612903225806,31,227,7.32258064516,
Mahmoud Abdul-Rauf,VAN,2000-2001, 6-1,PG,31,41,486,11.8536585366,120,246,.488,4,14,.286,22,29,.759,5,0.121951219512,20,0.487804878049,25,0.609756097561,76,1.85365853659,9,0.219512195122,1,0.0243902439024,26,0.634146341463,50,266,6.48780487805,
