Player,Team,Season,Height,Position,Age,G,MIN,MINPG,FGM,FGA,FGP,TPM,TPA,TPP,FTM,FTA,FTP,ORB,ORBPG,DRB,DRBPG,TRB,TRBPG,AST,ASTPG,STL,STLPG,BLK,BLKPG,TO,TOPG,PF,PTS,PTSPG,
Malcolm Thomas,SAS,2011-2012, 6-9,PF,23,3,15,5.0,0,3,.000,0,0,.000,1,2,.500,1,0.333333333333,2,0.666666666667,3,1.0,1,0.333333333333,1,0.333333333333,1,0.333333333333,0,0.0,0,1,0.333333333333,
Malcolm Thomas,GSW,2012-2013, 6-9,,24,3,9,3.0,0,1,.000,0,0,.000,1,2,.500,0,0.0,2,0.666666666667,2,0.666666666667,0,0.0,0,0.0,0,0.0,0,0.0,1,1,0.333333333333,
