Player,Team,Season,Height,Position,Age,G,MIN,MINPG,FGM,FGA,FGP,TPM,TPA,TPP,FTM,FTA,FTP,ORB,ORBPG,DRB,DRBPG,TRB,TRBPG,AST,ASTPG,STL,STLPG,BLK,BLKPG,TO,TOPG,PF,PTS,PTSPG,
Manny Harris,CLE,2010-2011, 6-5,SG,21,54,933,17.2777777778,108,289,.374,34,92,.370,71,93,.763,36,0.666666666667,104,1.92592592593,140,2.59259259259,85,1.57407407407,31,0.574074074074,7,0.12962962963,63,1.16666666667,65,321,5.94444444444,
Manny Harris,CLE,2011-2012, 6-5,SG,22,26,456,17.5384615385,60,150,.400,12,36,.333,41,59,.695,11,0.423076923077,59,2.26923076923,70,2.69230769231,31,1.19230769231,13,0.5,6,0.230769230769,27,1.03846153846,28,173,6.65384615385,
