Player,Team,Season,Height,Position,Age,G,MIN,MINPG,FGM,FGA,FGP,TPM,TPA,TPP,FTM,FTA,FTP,ORB,ORBPG,DRB,DRBPG,TRB,TRBPG,AST,ASTPG,STL,STLPG,BLK,BLKPG,TO,TOPG,PF,PTS,PTSPG,
Marcus Haislip,MIL,2002-2003, 6-10,PF,22,39,441,11.3076923077,66,153,.431,3,12,.250,26,38,.684,21,0.538461538462,32,0.820512820513,53,1.35897435897,9,0.230769230769,7,0.179487179487,18,0.461538461538,21,0.538461538462,55,161,4.12820512821,
Marcus Haislip,MIL,2003-2004, 6-10,PF,23,31,263,8.48387096774,36,74,.486,1,2,.500,20,28,.714,21,0.677419354839,32,1.03225806452,53,1.70967741935,4,0.129032258065,6,0.193548387097,12,0.387096774194,9,0.290322580645,25,93,3.0,
Marcus Haislip,IND,2004-2005, 6-10,PF,24,9,106,11.7777777778,13,38,.342,0,1,.000,6,11,.545,5,0.555555555556,10,1.11111111111,15,1.66666666667,3,0.333333333333,2,0.222222222222,2,0.222222222222,6,0.666666666667,15,32,3.55555555556,
Marcus Haislip,SAS,2009-2010, 6-10,SF,29,10,44,4.4,10,21,.476,3,5,.600,2,5,.400,4,0.4,6,0.6,10,1.0,0,0.0,0,0.0,2,0.2,3,0.3,5,25,2.5,
