Player,Team,Season,Height,Position,Age,G,MIN,MINPG,FGM,FGA,FGP,TPM,TPA,TPP,FTM,FTA,FTP,ORB,ORBPG,DRB,DRBPG,TRB,TRBPG,AST,ASTPG,STL,STLPG,BLK,BLKPG,TO,TOPG,PF,PTS,PTSPG,
Marcin Gortat,ORL,2007-2008, 6-11,C,23,6,41,6.83333333333,8,17,.471,0,0,.000,2,3,.667,8,1.33333333333,8,1.33333333333,16,2.66666666667,2,0.333333333333,1,0.166666666667,1,0.166666666667,2,0.333333333333,4,18,3.0,
Marcin Gortat,ORL,2008-2009, 6-11,PF,24,63,794,12.6031746032,106,187,.567,1,1,1.000,26,45,.578,96,1.52380952381,190,3.01587301587,286,4.53968253968,14,0.222222222222,18,0.285714285714,53,0.84126984127,25,0.396825396825,111,239,3.79365079365,
Marcin Gortat,ORL,2009-2010, 6-11,C,25,81,1088,13.4320987654,121,227,.533,0,3,.000,51,75,.680,104,1.28395061728,237,2.92592592593,341,4.20987654321,17,0.20987654321,17,0.20987654321,70,0.864197530864,46,0.567901234568,138,293,3.61728395062,
Marcin Gortat,TOT,2010-2011, 6-11,C,26,80,2032,25.4,338,603,.561,1,4,.250,140,193,.725,148,1.85,483,6.0375,631,7.8875,70,0.875,36,0.45,91,1.1375,81,1.0125,188,817,10.2125,
Marcin Gortat,ORL,2010-2011, 6-11,C,26,25,396,15.84,44,81,.543,0,0,.000,12,18,.667,38,1.52,80,3.2,118,4.72,17,0.68,7,0.28,21,0.84,17,0.68,52,100,4.0,
Marcin Gortat,PHO,2010-2011, 6-11,C,26,55,1636,29.7454545455,294,522,.563,1,4,.250,128,175,.731,110,2.0,403,7.32727272727,513,9.32727272727,53,0.963636363636,29,0.527272727273,70,1.27272727273,64,1.16363636364,136,717,13.0363636364,
Marcin Gortat,PHO,2011-2012, 6-11,C,27,66,2114,32.0303030303,427,769,.555,0,2,.000,163,251,.649,185,2.80303030303,474,7.18181818182,659,9.98484848485,59,0.893939393939,48,0.727272727273,99,1.5,90,1.36363636364,142,1017,15.4090909091,
Marcin Gortat,PHO,2012-2013, 6-11,C,28,61,1876,30.7540983607,295,566,.521,0,3,.000,90,138,.652,128,2.09836065574,388,6.3606557377,516,8.45901639344,75,1.22950819672,40,0.655737704918,98,1.60655737705,99,1.62295081967,127,680,11.1475409836,
