Player,Team,Season,Height,Position,Age,G,MIN,MINPG,FGM,FGA,FGP,TPM,TPA,TPP,FTM,FTA,FTP,ORB,ORBPG,DRB,DRBPG,TRB,TRBPG,AST,ASTPG,STL,STLPG,BLK,BLKPG,TO,TOPG,PF,PTS,PTSPG,
Marcus Webb,BOS,1992-1993, 6-9,PF,22,9,51,5.66666666667,13,25,.520,0,1,.000,13,21,.619,5,0.555555555556,5,0.555555555556,10,1.11111111111,2,0.222222222222,1,0.111111111111,2,0.222222222222,5,0.555555555556,11,39,4.33333333333,
