Player,Team,Season,Height,Position,Age,G,MIN,MINPG,FGM,FGA,FGP,TPM,TPA,TPP,FTM,FTA,FTP,ORB,ORBPG,DRB,DRBPG,TRB,TRBPG,AST,ASTPG,STL,STLPG,BLK,BLKPG,TO,TOPG,PF,PTS,PTSPG,
Marc Gasol,MEM,2008-2009, 7-1,C,24,82,2521,30.743902439,350,661,.530,0,1,.000,275,375,.733,201,2.4512195122,404,4.92682926829,605,7.37804878049,143,1.74390243902,63,0.768292682927,90,1.09756097561,164,2.0,265,975,11.8902439024,
Marc Gasol,MEM,2009-2010, 7-1,C,25,69,2469,35.7826086957,378,651,.581,0,1,.000,252,376,.670,208,3.01449275362,432,6.26086956522,640,9.27536231884,165,2.39130434783,69,1.0,109,1.57971014493,135,1.95652173913,254,1008,14.6086956522,
Marc Gasol,MEM,2010-2011, 7-1,C,26,81,2586,31.9259259259,364,691,.527,3,7,.429,220,294,.748,154,1.9012345679,415,5.12345679012,569,7.02469135802,200,2.46913580247,74,0.913580246914,136,1.67901234568,146,1.8024691358,265,951,11.7407407407,
Marc Gasol,MEM,2011-2012, 7-1,C,27,65,2370,36.4615384615,357,740,.482,1,12,.083,237,317,.748,120,1.84615384615,459,7.06153846154,579,8.90769230769,204,3.13846153846,62,0.953846153846,121,1.86153846154,121,1.86153846154,201,952,14.6461538462,
Marc Gasol,MEM,2012-2013, 7-1,C,28,63,2199,34.9047619048,342,689,.496,1,12,.083,217,253,.858,151,2.39682539683,335,5.31746031746,486,7.71428571429,246,3.90476190476,62,0.984126984127,104,1.65079365079,122,1.93650793651,202,902,14.3174603175,
