Player,Team,Season,Height,Position,Age,G,MIN,MINPG,FGM,FGA,FGP,TPM,TPA,TPP,FTM,FTA,FTP,ORB,ORBPG,DRB,DRBPG,TRB,TRBPG,AST,ASTPG,STL,STLPG,BLK,BLKPG,TO,TOPG,PF,PTS,PTSPG,
Marco Belinelli,GSW,2007-2008, 6-5,PG,21,33,241,7.30303030303,36,93,.387,16,41,.390,7,9,.778,3,0.0909090909091,11,0.333333333333,14,0.424242424242,15,0.454545454545,5,0.151515151515,0,0.0,12,0.363636363636,15,95,2.87878787879,
Marco Belinelli,GSW,2008-2009, 6-5,SG,22,42,882,21.0,140,317,.442,52,131,.397,40,52,.769,10,0.238095238095,61,1.45238095238,71,1.69047619048,88,2.09523809524,36,0.857142857143,1,0.0238095238095,59,1.40476190476,73,372,8.85714285714,
Marco Belinelli,TOR,2009-2010, 6-5,SG,23,66,1121,16.9848484848,154,379,.406,60,158,.380,101,121,.835,14,0.212121212121,81,1.22727272727,95,1.43939393939,89,1.34848484848,42,0.636363636364,5,0.0757575757576,60,0.909090909091,80,469,7.10606060606,
Marco Belinelli,NOH,2010-2011, 6-5,SG,24,80,1957,24.4625,302,691,.437,134,324,.414,98,125,.784,17,0.2125,134,1.675,151,1.8875,92,1.15,38,0.475,6,0.075,77,0.9625,146,836,10.45,
Marco Belinelli,NOH,2011-2012, 6-5,SG,25,66,1966,29.7878787879,286,686,.417,107,284,.377,101,129,.783,19,0.287878787879,153,2.31818181818,172,2.60606060606,101,1.5303030303,48,0.727272727273,5,0.0757575757576,69,1.04545454545,115,780,11.8181818182,
Marco Belinelli,CHI,2012-2013, 6-5,SG,26,62,1571,25.3387096774,206,516,.399,69,187,.369,128,152,.842,8,0.129032258065,104,1.67741935484,112,1.8064516129,119,1.91935483871,38,0.612903225806,5,0.0806451612903,74,1.1935483871,112,609,9.82258064516,
