Player,Team,Season,Height,Position,Age,G,MIN,MINPG,FGM,FGA,FGP,TPM,TPA,TPP,FTM,FTA,FTP,ORB,ORBPG,DRB,DRBPG,TRB,TRBPG,AST,ASTPG,STL,STLPG,BLK,BLKPG,TO,TOPG,PF,PTS,PTSPG,
Marcus Liberty,DEN,1990-1991, 6-8,SF,22,76,1171,15.4078947368,216,513,.421,17,57,.298,58,92,.630,117,1.53947368421,104,1.36842105263,221,2.90789473684,64,0.842105263158,48,0.631578947368,19,0.25,71,0.934210526316,153,507,6.67105263158,
Marcus Liberty,DEN,1991-1992, 6-8,SF,23,75,1527,20.36,275,621,.443,17,50,.340,131,180,.728,144,1.92,164,2.18666666667,308,4.10666666667,58,0.773333333333,66,0.88,29,0.386666666667,90,1.2,166,698,9.30666666667,
Marcus Liberty,DEN,1992-1993, 6-8,SF,24,78,1585,20.3205128205,252,620,.406,22,59,.373,102,156,.654,131,1.67948717949,204,2.61538461538,335,4.29487179487,105,1.34615384615,64,0.820512820513,21,0.269230769231,79,1.01282051282,143,628,8.05128205128,
Marcus Liberty,TOT,1993-1994, 6-8,SF,25,38,285,7.5,40,123,.325,10,28,.357,19,39,.487,26,0.684210526316,35,0.921052631579,61,1.60526315789,17,0.447368421053,11,0.289473684211,4,0.105263157895,24,0.631578947368,34,109,2.86842105263,
Marcus Liberty,DEN,1993-1994, 6-8,SF,25,3,11,3.66666666667,4,7,.571,0,1,.000,1,2,.500,0,0.0,5,1.66666666667,5,1.66666666667,2,0.666666666667,0,0.0,0,0.0,2,0.666666666667,5,9,3.0,
Marcus Liberty,DET,1993-1994, 6-8,SF,25,35,274,7.82857142857,36,116,.310,10,27,.370,18,37,.486,26,0.742857142857,30,0.857142857143,56,1.6,15,0.428571428571,11,0.314285714286,4,0.114285714286,22,0.628571428571,29,100,2.85714285714,
