Player,Team,Season,Height,Position,Age,G,MIN,MINPG,FGM,FGA,FGP,TPM,TPA,TPP,FTM,FTA,FTP,ORB,ORBPG,DRB,DRBPG,TRB,TRBPG,AST,ASTPG,STL,STLPG,BLK,BLKPG,TO,TOPG,PF,PTS,PTSPG,
Marcus Thornton,NOH,2009-2010, 6-4,SG,22,73,1872,25.6438356164,398,883,.451,117,313,.374,144,177,.814,72,0.986301369863,139,1.90410958904,211,2.8904109589,114,1.56164383562,58,0.794520547945,11,0.150684931507,76,1.04109589041,127,1057,14.4794520548,
Marcus Thornton,TOT,2010-2011, 6-4,SG,23,73,1775,24.3150684932,350,807,.434,88,240,.367,145,184,.788,61,0.835616438356,197,2.69863013699,258,3.53424657534,135,1.84931506849,64,0.876712328767,9,0.123287671233,93,1.27397260274,110,933,12.7808219178,
Marcus Thornton,NOH,2010-2011, 6-4,SG,23,46,745,16.1956521739,137,334,.410,35,93,.376,50,66,.758,25,0.54347826087,106,2.30434782609,131,2.84782608696,43,0.934782608696,19,0.413043478261,4,0.0869565217391,37,0.804347826087,50,359,7.80434782609,
Marcus Thornton,SAC,2010-2011, 6-4,SG,23,27,1030,38.1481481481,213,473,.450,53,147,.361,95,118,.805,36,1.33333333333,91,3.37037037037,127,4.7037037037,92,3.40740740741,45,1.66666666667,5,0.185185185185,56,2.07407407407,60,574,21.2592592593,
Marcus Thornton,SAC,2011-2012, 6-4,SG,24,51,1780,34.9019607843,352,803,.438,107,310,.345,141,163,.865,84,1.64705882353,104,2.03921568627,188,3.6862745098,98,1.92156862745,71,1.39215686275,12,0.235294117647,84,1.64705882353,111,952,18.6666666667,
Marcus Thornton,SAC,2012-2013, 6-4,SG,25,56,1360,24.2857142857,259,600,.432,110,290,.379,94,108,.870,37,0.660714285714,105,1.875,142,2.53571428571,69,1.23214285714,50,0.892857142857,2,0.0357142857143,51,0.910714285714,95,722,12.8928571429,
