Player,Team,Season,Height,Position,Age,G,MIN,MINPG,FGM,FGA,FGP,TPM,TPA,TPP,FTM,FTA,FTP,ORB,ORBPG,DRB,DRBPG,TRB,TRBPG,AST,ASTPG,STL,STLPG,BLK,BLKPG,TO,TOPG,PF,PTS,PTSPG,
Marcus Fizer,CHI,2000-2001, 6-9,PF,22,72,1580,21.9444444444,278,646,.430,10,39,.256,117,161,.727,76,1.05555555556,237,3.29166666667,313,4.34722222222,76,1.05555555556,30,0.416666666667,19,0.263888888889,124,1.72222222222,175,683,9.48611111111,
Marcus Fizer,CHI,2001-2002, 6-9,PF,23,76,1963,25.8289473684,371,848,.438,7,41,.171,189,283,.668,128,1.68421052632,299,3.93421052632,427,5.61842105263,120,1.57894736842,49,0.644736842105,24,0.315789473684,131,1.72368421053,186,938,12.3421052632,
Marcus Fizer,CHI,2002-2003, 6-9,PF,24,38,809,21.2894736842,178,383,.465,1,6,.167,88,134,.657,80,2.10526315789,136,3.57894736842,216,5.68421052632,48,1.26315789474,14,0.368421052632,17,0.447368421053,57,1.5,89,445,11.7105263158,
Marcus Fizer,CHI,2003-2004, 6-9,SF,25,46,738,16.0434782609,134,350,.383,2,17,.118,90,120,.750,61,1.32608695652,141,3.0652173913,202,4.39130434783,43,0.934782608696,16,0.347826086957,8,0.173913043478,51,1.10869565217,97,360,7.82608695652,
Marcus Fizer,MIL,2004-2005, 6-9,PF,26,54,903,16.7222222222,133,292,.455,0,6,.000,70,103,.680,29,0.537037037037,146,2.7037037037,175,3.24074074074,64,1.18518518519,25,0.462962962963,13,0.240740740741,63,1.16666666667,96,336,6.22222222222,
Marcus Fizer,NOK,2005-2006, 6-9,PF,27,3,39,13.0,9,17,.529,1,1,1.000,1,2,.500,1,0.333333333333,6,2.0,7,2.33333333333,1,0.333333333333,0,0.0,0,0.0,2,0.666666666667,5,20,6.66666666667,
