Player,Team,Season,Height,Position,Age,G,MIN,MINPG,FGM,FGA,FGP,TPM,TPA,TPP,FTM,FTA,FTP,ORB,ORBPG,DRB,DRBPG,TRB,TRBPG,AST,ASTPG,STL,STLPG,BLK,BLKPG,TO,TOPG,PF,PTS,PTSPG,
Mario Bennett,PHO,1995-1996, 6-6,SF,22,19,230,12.1052631579,29,64,.453,0,1,.000,27,42,.643,21,1.10526315789,28,1.47368421053,49,2.57894736842,6,0.315789473684,11,0.578947368421,11,0.578947368421,11,0.578947368421,46,85,4.47368421053,
Mario Bennett,LAL,1997-1998, 6-6,PF,24,45,354,7.86666666667,80,135,.593,1,2,.500,16,44,.364,60,1.33333333333,66,1.46666666667,126,2.8,18,0.4,19,0.422222222222,11,0.244444444444,21,0.466666666667,61,177,3.93333333333,
Mario Bennett,CHI,1998-1999, 6-6,PF,25,3,19,6.33333333333,2,6,.333,0,0,.000,3,4,.750,2,0.666666666667,3,1.0,5,1.66666666667,0,0.0,1,0.333333333333,0,0.0,1,0.333333333333,4,7,2.33333333333,
Mario Bennett,LAC,1999-2000, 6-6,PF,26,1,3,3.0,0,3,.000,0,0,.000,0,0,.000,1,1.0,1,1.0,2,2.0,0,0.0,0,0.0,0,0.0,0,0.0,1,0,0.0,
