Player,Team,Season,Height,Position,Age,G,MIN,MINPG,FGM,FGA,FGP,TPM,TPA,TPP,FTM,FTA,FTP,ORB,ORBPG,DRB,DRBPG,TRB,TRBPG,AST,ASTPG,STL,STLPG,BLK,BLKPG,TO,TOPG,PF,PTS,PTSPG,
Mario Kasun,ORL,2004-2005, 7-1,C,24,45,356,7.91111111111,47,98,.480,0,1,.000,24,43,.558,52,1.15555555556,76,1.68888888889,128,2.84444444444,8,0.177777777778,8,0.177777777778,13,0.288888888889,26,0.577777777778,86,118,2.62222222222,
Mario Kasun,ORL,2005-2006, 7-1,C,25,28,213,7.60714285714,31,69,.449,0,0,.000,18,23,.783,24,0.857142857143,36,1.28571428571,60,2.14285714286,3,0.107142857143,2,0.0714285714286,3,0.107142857143,15,0.535714285714,69,80,2.85714285714,
