Player,Team,Season,Height,Position,Age,G,MIN,MINPG,FGM,FGA,FGP,TPM,TPA,TPP,FTM,FTA,FTP,ORB,ORBPG,DRB,DRBPG,TRB,TRBPG,AST,ASTPG,STL,STLPG,BLK,BLKPG,TO,TOPG,PF,PTS,PTSPG,
Mario West,ATL,2007-2008, 6-5,SG,23,64,269,4.203125,21,49,.429,0,4,.000,17,26,.654,26,0.40625,22,0.34375,48,0.75,13,0.203125,12,0.1875,4,0.0625,9,0.140625,61,59,0.921875,
Mario West,ATL,2008-2009, 6-5,SG,24,53,269,5.07547169811,14,34,.412,1,1,1.000,14,30,.467,24,0.452830188679,32,0.603773584906,56,1.05660377358,19,0.358490566038,18,0.339622641509,4,0.0754716981132,13,0.245283018868,35,43,0.811320754717,
Mario West,ATL,2009-2010, 6-5,SG,25,39,142,3.64102564103,12,21,.571,0,1,.000,6,10,.600,8,0.205128205128,19,0.487179487179,27,0.692307692308,9,0.230769230769,8,0.205128205128,0,0.0,7,0.179487179487,25,30,0.769230769231,
Mario West,NJN,2010-2011, 6-5,SG,26,6,116,19.3333333333,9,21,.429,1,4,.250,3,5,.600,2,0.333333333333,9,1.5,11,1.83333333333,10,1.66666666667,7,1.16666666667,0,0.0,2,0.333333333333,13,22,3.66666666667,
