Player,Team,Season,Height,Position,Age,G,MIN,MINPG,FGM,FGA,FGP,TPM,TPA,TPP,FTM,FTA,FTP,ORB,ORBPG,DRB,DRBPG,TRB,TRBPG,AST,ASTPG,STL,STLPG,BLK,BLKPG,TO,TOPG,PF,PTS,PTSPG,
Mark Macon,DEN,1991-1992, 6-4,SG,22,76,2304,30.3157894737,333,889,.375,4,30,.133,135,185,.730,80,1.05263157895,140,1.84210526316,220,2.89473684211,168,2.21052631579,154,2.02631578947,14,0.184210526316,155,2.03947368421,242,805,10.5921052632,
Mark Macon,DEN,1992-1993, 6-4,PG,23,48,1141,23.7708333333,158,381,.415,0,6,.000,42,60,.700,33,0.6875,70,1.45833333333,103,2.14583333333,126,2.625,69,1.4375,3,0.0625,72,1.5,135,358,7.45833333333,
Mark Macon,TOT,1993-1994, 6-4,SG,24,42,496,11.8095238095,69,184,.375,2,10,.200,23,34,.676,18,0.428571428571,23,0.547619047619,41,0.97619047619,51,1.21428571429,39,0.928571428571,1,0.0238095238095,40,0.952380952381,73,163,3.88095238095,
Mark Macon,DEN,1993-1994, 6-4,SG,24,7,126,18.0,14,45,.311,0,3,.000,8,10,.800,3,0.428571428571,4,0.571428571429,7,1.0,11,1.57142857143,6,0.857142857143,1,0.142857142857,14,2.0,17,36,5.14285714286,
Mark Macon,DET,1993-1994, 6-4,SG,24,35,370,10.5714285714,55,139,.396,2,7,.286,15,24,.625,15,0.428571428571,19,0.542857142857,34,0.971428571429,40,1.14285714286,33,0.942857142857,0,0.0,26,0.742857142857,56,127,3.62857142857,
Mark Macon,DET,1994-1995, 6-4,SG,25,55,721,13.1090909091,101,265,.381,20,62,.323,54,68,.794,29,0.527272727273,47,0.854545454545,76,1.38181818182,63,1.14545454545,67,1.21818181818,1,0.0181818181818,41,0.745454545455,97,276,5.01818181818,
Mark Macon,DET,1995-1996, 6-4,PG,26,23,287,12.4782608696,29,67,.433,7,15,.467,9,11,.818,10,0.434782608696,12,0.521739130435,22,0.95652173913,16,0.695652173913,15,0.652173913043,0,0.0,9,0.391304347826,34,74,3.21739130435,
Mark Macon,DET,1998-1999, 6-4,SG,29,7,69,9.85714285714,4,20,.200,1,3,.333,0,0,.000,3,0.428571428571,2,0.285714285714,5,0.714285714286,4,0.571428571429,5,0.714285714286,1,0.142857142857,6,0.857142857143,6,9,1.28571428571,
