Player,Team,Season,Height,Position,Age,G,MIN,MINPG,FGM,FGA,FGP,TPM,TPA,TPP,FTM,FTA,FTP,ORB,ORBPG,DRB,DRBPG,TRB,TRBPG,AST,ASTPG,STL,STLPG,BLK,BLKPG,TO,TOPG,PF,PTS,PTSPG,
Mark Randall,TOT,1991-1992, 6-8,PF,24,54,441,8.16666666667,68,149,.456,3,16,.188,32,43,.744,39,0.722222222222,32,0.592592592593,71,1.31481481481,33,0.611111111111,12,0.222222222222,3,0.0555555555556,25,0.462962962963,39,171,3.16666666667,
Mark Randall,CHI,1991-1992, 6-8,PF,24,15,67,4.46666666667,10,22,.455,0,2,.000,6,8,.750,4,0.266666666667,5,0.333333333333,9,0.6,7,0.466666666667,0,0.0,0,0.0,6,0.4,8,26,1.73333333333,
Mark Randall,MIN,1991-1992, 6-8,PF,24,39,374,9.58974358974,58,127,.457,3,14,.214,26,35,.743,35,0.897435897436,27,0.692307692308,62,1.58974358974,26,0.666666666667,12,0.307692307692,3,0.0769230769231,19,0.487179487179,31,145,3.71794871795,
Mark Randall,TOT,1992-1993, 6-8,PF,25,37,248,6.7027027027,40,80,.500,1,8,.125,16,26,.615,27,0.72972972973,28,0.756756756757,55,1.48648648649,11,0.297297297297,4,0.108108108108,2,0.0540540540541,17,0.459459459459,33,97,2.62162162162,
Mark Randall,MIN,1992-1993, 6-8,PF,25,2,8,4.0,0,1,.000,0,1,.000,0,0,.000,0,0.0,0,0.0,0,0.0,1,0.5,0,0.0,0,0.0,1,0.5,1,0,0.0,
Mark Randall,DET,1992-1993, 6-8,PF,25,35,240,6.85714285714,40,79,.506,1,7,.143,16,26,.615,27,0.771428571429,28,0.8,55,1.57142857143,10,0.285714285714,4,0.114285714286,2,0.0571428571429,16,0.457142857143,32,97,2.77142857143,
Mark Randall,DEN,1993-1994, 6-8,PF,26,28,155,5.53571428571,17,50,.340,2,14,.143,22,28,.786,9,0.321428571429,13,0.464285714286,22,0.785714285714,11,0.392857142857,8,0.285714285714,3,0.107142857143,10,0.357142857143,18,58,2.07142857143,
Mark Randall,DEN,1994-1995, 6-8,PF,27,8,39,4.875,3,10,.300,0,1,.000,0,0,.000,4,0.5,8,1.0,12,1.5,1,0.125,0,0.0,0,0.0,1,0.125,5,6,0.75,
