Player,Team,Season,Height,Position,Age,G,MIN,MINPG,FGM,FGA,FGP,TPM,TPA,TPP,FTM,FTA,FTP,ORB,ORBPG,DRB,DRBPG,TRB,TRBPG,AST,ASTPG,STL,STLPG,BLK,BLKPG,TO,TOPG,PF,PTS,PTSPG,
Mark Acres,BOS,1987-1988, 6-11,C,25,79,1151,14.5696202532,108,203,.532,0,0,.000,71,111,.640,105,1.32911392405,165,2.08860759494,270,3.41772151899,42,0.53164556962,29,0.367088607595,27,0.341772151899,54,0.683544303797,198,287,3.63291139241,
Mark Acres,BOS,1988-1989, 6-11,C,26,62,632,10.1935483871,55,114,.482,1,1,1.000,26,48,.542,59,0.951612903226,87,1.40322580645,146,2.35483870968,19,0.306451612903,19,0.306451612903,6,0.0967741935484,23,0.370967741935,94,137,2.20967741935,
Mark Acres,ORL,1989-1990, 6-11,C,27,80,1691,21.1375,138,285,.484,3,4,.750,83,120,.692,154,1.925,277,3.4625,431,5.3875,67,0.8375,36,0.45,25,0.3125,70,0.875,248,362,4.525,
Mark Acres,ORL,1990-1991, 6-11,C,28,68,1313,19.3088235294,109,214,.509,1,3,.333,66,101,.653,140,2.05882352941,219,3.22058823529,359,5.27941176471,25,0.367647058824,25,0.367647058824,25,0.367647058824,42,0.617647058824,218,285,4.19117647059,
Mark Acres,ORL,1991-1992, 6-11,C,29,68,926,13.6176470588,78,151,.517,1,3,.333,51,67,.761,97,1.42647058824,155,2.27941176471,252,3.70588235294,22,0.323529411765,25,0.367647058824,15,0.220588235294,33,0.485294117647,140,208,3.05882352941,
Mark Acres,TOT,1992-1993, 6-11,C,30,18,269,14.9444444444,26,49,.531,1,2,.500,11,16,.688,26,1.44444444444,41,2.27777777778,67,3.72222222222,5,0.277777777778,3,0.166666666667,6,0.333333333333,13,0.722222222222,34,64,3.55555555556,
Mark Acres,HOU,1992-1993, 6-11,C,30,6,23,3.83333333333,2,9,.222,1,2,.500,1,2,.500,2,0.333333333333,4,0.666666666667,6,1.0,0,0.0,0,0.0,0,0.0,2,0.333333333333,2,6,1.0,
Mark Acres,WSB,1992-1993, 6-11,C,30,12,246,20.5,24,40,.600,0,0,.000,10,14,.714,24,2.0,37,3.08333333333,61,5.08333333333,5,0.416666666667,3,0.25,6,0.5,11,0.916666666667,32,58,4.83333333333,
