Player,Team,Season,Height,Position,Age,G,MIN,MINPG,FGM,FGA,FGP,TPM,TPA,TPP,FTM,FTA,FTP,ORB,ORBPG,DRB,DRBPG,TRB,TRBPG,AST,ASTPG,STL,STLPG,BLK,BLKPG,TO,TOPG,PF,PTS,PTSPG,
Marko Jaric,LAC,2002-2003, 6-7,SF,24,66,1379,20.8939393939,179,446,.401,53,166,.319,79,105,.752,35,0.530303030303,125,1.89393939394,160,2.42424242424,193,2.92424242424,97,1.4696969697,11,0.166666666667,103,1.56060606061,125,490,7.42424242424,
Marko Jaric,LAC,2003-2004, 6-7,PG,25,58,1760,30.3448275862,185,477,.388,51,150,.340,74,101,.733,44,0.758620689655,131,2.25862068966,175,3.01724137931,281,4.84482758621,93,1.60344827586,20,0.344827586207,115,1.98275862069,132,495,8.53448275862,
Marko Jaric,LAC,2004-2005, 6-7,PG,26,50,1656,33.12,189,457,.414,56,151,.371,59,82,.720,20,0.4,141,2.82,161,3.22,303,6.06,84,1.68,17,0.34,98,1.96,107,493,9.86,
Marko Jaric,MIN,2005-2006, 6-7,PG,27,75,2102,28.0266666667,226,566,.399,40,133,.301,95,138,.688,60,0.8,173,2.30666666667,233,3.10666666667,293,3.90666666667,108,1.44,21,0.28,127,1.69333333333,189,587,7.82666666667,
Marko Jaric,MIN,2006-2007, 6-7,SG,28,70,1555,22.2142857143,136,325,.418,32,85,.376,67,88,.761,54,0.771428571429,130,1.85714285714,184,2.62857142857,145,2.07142857143,75,1.07142857143,16,0.228571428571,88,1.25714285714,172,371,5.3,
Marko Jaric,MIN,2007-2008, 6-7,SG,29,75,2189,29.1866666667,227,528,.430,46,127,.362,121,163,.742,38,0.506666666667,184,2.45333333333,222,2.96,311,4.14666666667,97,1.29333333333,32,0.426666666667,128,1.70666666667,180,621,8.28,
Marko Jaric,MEM,2008-2009, 6-7,SG,30,53,605,11.4150943396,48,145,.331,11,28,.393,29,41,.707,23,0.433962264151,42,0.792452830189,65,1.22641509434,74,1.39622641509,29,0.547169811321,11,0.207547169811,49,0.924528301887,62,136,2.56603773585,
