Player,Team,Season,Height,Position,Age,G,MIN,MINPG,FGM,FGA,FGP,TPM,TPA,TPP,FTM,FTA,FTP,ORB,ORBPG,DRB,DRBPG,TRB,TRBPG,AST,ASTPG,STL,STLPG,BLK,BLKPG,TO,TOPG,PF,PTS,PTSPG,
Mark Radford,SEA,1981-1982, 6-4,SG,22,43,369,8.58139534884,54,100,.540,2,3,.667,35,69,.507,13,0.302325581395,16,0.372093023256,29,0.674418604651,57,1.32558139535,16,0.372093023256,2,0.046511627907,42,0.976744186047,65,145,3.37209302326,
Mark Radford,SEA,1982-1983, 6-4,SG,23,54,439,8.12962962963,84,172,.488,4,18,.222,30,73,.411,12,0.222222222222,35,0.648148148148,47,0.87037037037,104,1.92592592593,34,0.62962962963,4,0.0740740740741,74,1.37037037037,78,202,3.74074074074,
