Player,Team,Season,Height,Position,Age,G,MIN,MINPG,FGM,FGA,FGP,TPM,TPA,TPP,FTM,FTA,FTP,ORB,ORBPG,DRB,DRBPG,TRB,TRBPG,AST,ASTPG,STL,STLPG,BLK,BLKPG,TO,TOPG,PF,PTS,PTSPG,
Mark Landsberger,CHI,1977-1978, 6-8,PF,22,62,926,14.935483871,127,251,.506,.000,.000,.000,91,157,.580,110,1.77419354839,191,3.08064516129,301,4.85483870968,41,0.661290322581,21,0.338709677419,6,0.0967741935484,69,1.11290322581,78,345,5.56451612903,
Mark Landsberger,CHI,1978-1979, 6-8,PF,23,80,1959,24.4875,278,585,.475,.000,.000,.000,91,194,.469,292,3.65,450,5.625,742,9.275,68,0.85,27,0.3375,22,0.275,149,1.8625,125,647,8.0875,
Mark Landsberger,TOT,1979-1980, 6-8,C,24,77,1510,19.6103896104,249,483,.516,0,0,.000,116,222,.523,226,2.93506493506,387,5.02597402597,613,7.96103896104,46,0.597402597403,33,0.428571428571,22,0.285714285714,100,1.2987012987,140,614,7.97402597403,
Mark Landsberger,CHI,1979-1980, 6-8,C,24,54,1136,21.037037037,183,346,.529,0,0,.000,87,166,.524,157,2.90740740741,293,5.42592592593,450,8.33333333333,32,0.592592592593,23,0.425925925926,17,0.314814814815,75,1.38888888889,113,453,8.38888888889,
Mark Landsberger,LAL,1979-1980, 6-8,C,24,23,374,16.2608695652,66,137,.482,0,0,.000,29,56,.518,69,3.0,94,4.08695652174,163,7.08695652174,14,0.608695652174,10,0.434782608696,5,0.217391304348,25,1.08695652174,27,161,7.0,
Mark Landsberger,LAL,1980-1981, 6-8,PF,25,69,1086,15.7391304348,164,327,.502,0,1,.000,62,116,.534,152,2.20289855072,225,3.26086956522,377,5.46376811594,27,0.391304347826,19,0.275362318841,6,0.0869565217391,65,0.942028985507,135,390,5.65217391304,
Mark Landsberger,LAL,1981-1982, 6-8,PF,26,75,1134,15.12,144,329,.438,0,2,.000,33,65,.508,164,2.18666666667,237,3.16,401,5.34666666667,32,0.426666666667,10,0.133333333333,7,0.0933333333333,49,0.653333333333,134,321,4.28,
Mark Landsberger,LAL,1982-1983, 6-8,PF,27,39,356,9.12820512821,43,102,.422,0,0,.000,12,25,.480,55,1.41025641026,73,1.87179487179,128,3.28205128205,12,0.307692307692,8,0.205128205128,4,0.102564102564,20,0.512820512821,48,98,2.51282051282,
Mark Landsberger,ATL,1983-1984, 6-8,PF,28,35,335,9.57142857143,19,51,.373,0,0,.000,15,26,.577,42,1.2,77,2.2,119,3.4,10,0.285714285714,6,0.171428571429,3,0.0857142857143,21,0.6,32,53,1.51428571429,
