Player,Team,Season,Height,Position,Age,G,MIN,MINPG,FGM,FGA,FGP,TPM,TPA,TPP,FTM,FTA,FTP,ORB,ORBPG,DRB,DRBPG,TRB,TRBPG,AST,ASTPG,STL,STLPG,BLK,BLKPG,TO,TOPG,PF,PTS,PTSPG,
Marko Milic,PHO,1997-1998, 6-6,SF,20,33,163,4.93939393939,39,64,.609,3,6,.500,11,17,.647,10,0.30303030303,15,0.454545454545,25,0.757575757576,12,0.363636363636,10,0.30303030303,0,0.0,21,0.636363636364,17,92,2.78787878788,
Marko Milic,PHO,1998-1999, 6-6,SG,21,11,53,4.81818181818,8,20,.400,0,1,.000,0,0,.000,3,0.272727272727,2,0.181818181818,5,0.454545454545,2,0.181818181818,3,0.272727272727,1,0.0909090909091,6,0.545454545455,7,16,1.45454545455,
