Player,Team,Season,Height,Position,Age,G,MIN,MINPG,FGM,FGA,FGP,TPM,TPA,TPP,FTM,FTA,FTP,ORB,ORBPG,DRB,DRBPG,TRB,TRBPG,AST,ASTPG,STL,STLPG,BLK,BLKPG,TO,TOPG,PF,PTS,PTSPG,
Markieff Morris,PHO,2011-2012, 6-10,PF,22,63,1227,19.4761904762,174,436,.399,43,124,.347,76,106,.717,69,1.09523809524,210,3.33333333333,279,4.42857142857,65,1.03174603175,41,0.650793650794,42,0.666666666667,70,1.11111111111,179,467,7.4126984127,
Markieff Morris,PHO,2012-2013, 6-10,PF,23,65,1360,20.9230769231,195,493,.396,29,100,.290,68,96,.708,96,1.47692307692,182,2.8,278,4.27692307692,82,1.26153846154,54,0.830769230769,44,0.676923076923,77,1.18461538462,168,487,7.49230769231,
