Player,Team,Season,Height,Position,Age,G,MIN,MINPG,FGM,FGA,FGP,TPM,TPA,TPP,FTM,FTA,FTP,ORB,ORBPG,DRB,DRBPG,TRB,TRBPG,AST,ASTPG,STL,STLPG,BLK,BLKPG,TO,TOPG,PF,PTS,PTSPG,
Mark Alarie,DEN,1986-1987, 6-8,PF,23,64,1110,17.34375,217,443,.490,2,9,.222,67,101,.663,73,1.140625,141,2.203125,214,3.34375,74,1.15625,22,0.34375,28,0.4375,56,0.875,138,503,7.859375,
Mark Alarie,WSB,1987-1988, 6-8,PF,24,63,769,12.2063492063,144,300,.480,4,18,.222,35,49,.714,70,1.11111111111,90,1.42857142857,160,2.53968253968,39,0.619047619048,10,0.15873015873,12,0.190476190476,50,0.793650793651,107,327,5.19047619048,
Mark Alarie,WSB,1988-1989, 6-8,PF,25,74,1141,15.4189189189,206,431,.478,13,38,.342,73,87,.839,103,1.39189189189,152,2.05405405405,255,3.44594594595,63,0.851351351351,25,0.337837837838,22,0.297297297297,62,0.837837837838,160,498,6.72972972973,
Mark Alarie,WSB,1989-1990, 6-8,PF,26,82,1893,23.0853658537,371,785,.473,10,49,.204,108,133,.812,151,1.84146341463,223,2.71951219512,374,4.56097560976,142,1.73170731707,60,0.731707317073,39,0.475609756098,101,1.23170731707,219,860,10.487804878,
Mark Alarie,WSB,1990-1991, 6-8,PF,27,42,587,13.9761904762,99,225,.440,5,21,.238,41,48,.854,41,0.97619047619,76,1.80952380952,117,2.78571428571,45,1.07142857143,15,0.357142857143,8,0.190476190476,40,0.952380952381,88,244,5.80952380952,
