Player,Team,Season,Height,Position,Age,G,MIN,MINPG,FGM,FGA,FGP,TPM,TPA,TPP,FTM,FTA,FTP,ORB,ORBPG,DRB,DRBPG,TRB,TRBPG,AST,ASTPG,STL,STLPG,BLK,BLKPG,TO,TOPG,PF,PTS,PTSPG,
Marlon Redmond,TOT,1978-1979, 6-6,SG,23,53,759,14.320754717,163,387,.421,.000,.000,.000,31,50,.620,57,1.07547169811,52,0.981132075472,109,2.05660377358,58,1.09433962264,28,0.528301886792,16,0.301886792453,57,1.07547169811,96,357,6.7358490566,
Marlon Redmond,KCK,1978-1979, 6-6,SG,23,49,736,15.0204081633,162,375,.432,.000,.000,.000,31,50,.620,57,1.16326530612,51,1.04081632653,108,2.20408163265,57,1.16326530612,28,0.571428571429,16,0.326530612245,56,1.14285714286,93,355,7.24489795918,
Marlon Redmond,PHI,1978-1979, 6-6,SG,23,4,23,5.75,1,12,.083,.000,.000,.000,0,0,.000,0,0.0,1,0.25,1,0.25,1,0.25,0,0.0,0,0.0,1,0.25,3,2,0.5,
Marlon Redmond,KCK,1979-1980, 6-6,SG,24,24,298,12.4166666667,59,138,.428,0,9,.000,24,34,.706,18,0.75,34,1.41666666667,52,2.16666666667,19,0.791666666667,4,0.166666666667,9,0.375,19,0.791666666667,27,142,5.91666666667,
