Player,Team,Season,Height,Position,Age,G,MIN,MINPG,FGM,FGA,FGP,TPM,TPA,TPP,FTM,FTA,FTP,ORB,ORBPG,DRB,DRBPG,TRB,TRBPG,AST,ASTPG,STL,STLPG,BLK,BLKPG,TO,TOPG,PF,PTS,PTSPG,
Marques Bragg,MIN,1995-1996, 6-8,PF,25,53,369,6.96226415094,54,120,.450,0,0,.000,23,41,.561,38,0.716981132075,41,0.77358490566,79,1.49056603774,8,0.150943396226,17,0.320754716981,8,0.150943396226,26,0.490566037736,71,131,2.47169811321,
