Player,Team,Season,Height,Position,Age,G,MIN,MINPG,FGM,FGA,FGP,TPM,TPA,TPP,FTM,FTA,FTP,ORB,ORBPG,DRB,DRBPG,TRB,TRBPG,AST,ASTPG,STL,STLPG,BLK,BLKPG,TO,TOPG,PF,PTS,PTSPG,
Marreese Speights,PHI,2008-2009, 6-10,C,21,79,1263,15.9873417722,252,502,.502,2,8,.250,102,132,.773,123,1.55696202532,170,2.15189873418,293,3.70886075949,30,0.379746835443,27,0.341772151899,56,0.708860759494,46,0.582278481013,181,608,7.69620253165,
Marreese Speights,PHI,2009-2010, 6-10,C,22,62,1016,16.3870967742,212,444,.477,0,5,.000,108,145,.745,85,1.37096774194,167,2.6935483871,252,4.06451612903,36,0.58064516129,29,0.467741935484,34,0.548387096774,51,0.822580645161,152,532,8.58064516129,
Marreese Speights,PHI,2010-2011, 6-10,C,23,64,734,11.46875,144,291,.495,1,4,.250,55,73,.753,64,1.0,146,2.28125,210,3.28125,30,0.46875,8,0.125,19,0.296875,40,0.625,120,344,5.375,
Marreese Speights,MEM,2011-2012, 6-10,PF,24,60,1345,22.4166666667,221,488,.453,0,3,.000,84,109,.771,133,2.21666666667,241,4.01666666667,374,6.23333333333,48,0.8,21,0.35,29,0.483333333333,74,1.23333333333,147,526,8.76666666667,
Marreese Speights,TOT,2012-2013, 6-10,C,25,61,1025,16.8032786885,197,451,.437,3,10,.300,114,151,.755,118,1.93442622951,193,3.16393442623,311,5.09836065574,34,0.55737704918,17,0.27868852459,41,0.672131147541,60,0.983606557377,130,511,8.37704918033,
Marreese Speights,MEM,2012-2013, 6-10,C,25,40,579,14.475,106,247,.429,2,5,.400,48,67,.716,76,1.9,113,2.825,189,4.725,18,0.45,10,0.25,27,0.675,35,0.875,86,262,6.55,
Marreese Speights,CLE,2012-2013, 6-10,,25,21,446,21.2380952381,91,204,.446,1,5,.200,66,84,.786,42,2.0,80,3.80952380952,122,5.80952380952,16,0.761904761905,7,0.333333333333,14,0.666666666667,25,1.19047619048,44,249,11.8571428571,
