Player,Team,Season,Height,Position,Age,G,MIN,MINPG,FGM,FGA,FGP,TPM,TPA,TPP,FTM,FTA,FTP,ORB,ORBPG,DRB,DRBPG,TRB,TRBPG,AST,ASTPG,STL,STLPG,BLK,BLKPG,TO,TOPG,PF,PTS,PTSPG,
Marty Byrnes,TOT,1978-1979, 6-7,SF,22,79,1264,16.0,187,389,.481,.000,.000,.000,106,154,.688,90,1.13924050633,101,1.27848101266,191,2.41772151899,104,1.3164556962,27,0.341772151899,10,0.126582278481,119,1.50632911392,111,480,6.07594936709,
Marty Byrnes,PHO,1978-1979, 6-7,SF,22,43,734,17.0697674419,109,223,.489,.000,.000,.000,73,100,.730,49,1.13953488372,48,1.11627906977,97,2.25581395349,61,1.41860465116,15,0.348837209302,2,0.046511627907,79,1.83720930233,69,291,6.76744186047,
Marty Byrnes,NOJ,1978-1979, 6-7,SF,22,36,530,14.7222222222,78,166,.470,.000,.000,.000,33,54,.611,41,1.13888888889,53,1.47222222222,94,2.61111111111,43,1.19444444444,12,0.333333333333,8,0.222222222222,40,1.11111111111,42,189,5.25,
Marty Byrnes,LAL,1979-1980, 6-7,SF,23,32,194,6.0625,25,50,.500,0,0,.000,13,15,.867,9,0.28125,18,0.5625,27,0.84375,13,0.40625,5,0.15625,1,0.03125,22,0.6875,32,63,1.96875,
Marty Byrnes,DAL,1980-1981, 6-7,SF,24,72,1360,18.8888888889,216,451,.479,9,20,.450,120,157,.764,74,1.02777777778,103,1.43055555556,177,2.45833333333,113,1.56944444444,29,0.402777777778,17,0.236111111111,61,0.847222222222,126,561,7.79166666667,
Marty Byrnes,IND,1982-1983, 6-7,SF,26,80,1436,17.95,157,374,.420,6,26,.231,71,95,.747,75,0.9375,116,1.45,191,2.3875,179,2.2375,41,0.5125,6,0.075,73,0.9125,149,391,4.8875,
