Player,Team,Season,Height,Position,Age,G,MIN,MINPG,FGM,FGA,FGP,TPM,TPA,TPP,FTM,FTA,FTP,ORB,ORBPG,DRB,DRBPG,TRB,TRBPG,AST,ASTPG,STL,STLPG,BLK,BLKPG,TO,TOPG,PF,PTS,PTSPG,
Martin Nessley,TOT,1987-1988, 7-2,C,22,44,336,7.63636363636,20,52,.385,0,0,.000,8,18,.444,23,0.522727272727,59,1.34090909091,82,1.86363636364,16,0.363636363636,8,0.181818181818,12,0.272727272727,23,0.522727272727,89,48,1.09090909091,
Martin Nessley,LAC,1987-1988, 7-2,C,22,35,295,8.42857142857,18,49,.367,0,0,.000,7,14,.500,20,0.571428571429,53,1.51428571429,73,2.08571428571,16,0.457142857143,7,0.2,11,0.314285714286,21,0.6,78,43,1.22857142857,
Martin Nessley,SAC,1987-1988, 7-2,C,22,9,41,4.55555555556,2,3,.667,0,0,.000,1,4,.250,3,0.333333333333,6,0.666666666667,9,1.0,0,0.0,1,0.111111111111,1,0.111111111111,2,0.222222222222,11,5,0.555555555556,
