Player,Team,Season,Height,Position,Age,G,MIN,MINPG,FGM,FGA,FGP,TPM,TPA,TPP,FTM,FTA,FTP,ORB,ORBPG,DRB,DRBPG,TRB,TRBPG,AST,ASTPG,STL,STLPG,BLK,BLKPG,TO,TOPG,PF,PTS,PTSPG,
Martell Webster,POR,2005-2006, 6-7,SG,19,61,1070,17.5409836066,139,348,.399,65,182,.357,61,71,.859,29,0.475409836066,101,1.65573770492,130,2.13114754098,34,0.55737704918,21,0.344262295082,14,0.229508196721,43,0.704918032787,90,404,6.62295081967,
Martell Webster,POR,2006-2007, 6-7,SF,20,82,1759,21.4512195122,195,492,.396,91,250,.364,93,132,.705,43,0.524390243902,197,2.40243902439,240,2.92682926829,52,0.634146341463,35,0.426829268293,19,0.231707317073,76,0.926829268293,126,574,7.0,
Martell Webster,POR,2007-2008, 6-7,SF,21,75,2132,28.4266666667,277,656,.422,123,317,.388,122,166,.735,54,0.72,242,3.22666666667,296,3.94666666667,90,1.2,42,0.56,28,0.373333333333,83,1.10666666667,159,799,10.6533333333,
Martell Webster,POR,2008-2009, 6-7,SF,22,1,5,5.0,0,1,.000,0,1,.000,0,0,.000,0,0.0,0,0.0,0,0.0,0,0.0,0,0.0,0,0.0,0,0.0,0,0,0.0,
Martell Webster,POR,2009-2010, 6-7,SF,23,82,2005,24.4512195122,259,639,.405,124,332,.373,126,155,.813,47,0.573170731707,221,2.69512195122,268,3.26829268293,62,0.756097560976,45,0.548780487805,40,0.487804878049,60,0.731707317073,153,768,9.36585365854,
Martell Webster,MIN,2010-2011, 6-7,SG,24,46,1094,23.7826086957,152,340,.447,55,132,.417,94,122,.770,36,0.782608695652,111,2.41304347826,147,3.19565217391,53,1.15217391304,28,0.608695652174,9,0.195652173913,58,1.26086956522,101,453,9.84782608696,
Martell Webster,MIN,2011-2012, 6-7,SG,25,47,1140,24.2553191489,115,272,.423,37,109,.339,57,72,.792,42,0.893617021277,126,2.68085106383,168,3.57446808511,40,0.851063829787,31,0.659574468085,17,0.36170212766,46,0.978723404255,86,324,6.89361702128,
Martell Webster,WAS,2012-2013, 6-7,SF,26,62,1789,28.8548387097,223,490,.455,114,255,.447,126,146,.863,39,0.629032258065,201,3.24193548387,240,3.87096774194,113,1.82258064516,39,0.629032258065,15,0.241935483871,75,1.20967741935,137,686,11.064516129,
