Player,Team,Season,Height,Position,Age,G,MIN,MINPG,FGM,FGA,FGP,TPM,TPA,TPP,FTM,FTA,FTP,ORB,ORBPG,DRB,DRBPG,TRB,TRBPG,AST,ASTPG,STL,STLPG,BLK,BLKPG,TO,TOPG,PF,PTS,PTSPG,
Marvin Barnes,SSL,1974-1975, 6-8,PF,22,77,3076,39.9480519481,777,1561,.498,0,3,.000,295,440,.670,419,5.44155844156,783,10.1688311688,1202,15.6103896104,250,3.24675324675,96,1.24675324675,137,1.77922077922,307,3.98701298701,328,1849,24.012987013,
Marvin Barnes,SSL,1975-1976, 6-8,PF,23,67,2487,37.1194029851,681,1355,.503,3,11,.273,251,339,.740,263,3.92537313433,462,6.89552238806,725,10.8208955224,149,2.22388059701,124,1.85074626866,134,2.0,230,3.4328358209,273,1616,24.1194029851,
Marvin Barnes,DET,1976-1977, 6-8,PF,24,53,989,18.6603773585,202,452,.447,.000,.000,.000,106,156,.679,69,1.30188679245,184,3.47169811321,253,4.77358490566,45,0.849056603774,38,0.716981132075,33,0.622641509434,.000,0.0,139,510,9.62264150943,
Marvin Barnes,TOT,1977-1978, 6-8,PF,25,60,1646,27.4333333333,279,661,.422,.000,.000,.000,128,182,.703,135,2.25,304,5.06666666667,439,7.31666666667,136,2.26666666667,64,1.06666666667,83,1.38333333333,136,2.26666666667,241,686,11.4333333333,
Marvin Barnes,DET,1977-1978, 6-8,PF,25,12,269,22.4166666667,53,118,.449,.000,.000,.000,14,29,.483,28,2.33333333333,63,5.25,91,7.58333333333,19,1.58333333333,7,0.583333333333,11,0.916666666667,29,2.41666666667,43,120,10.0,
Marvin Barnes,BUF,1977-1978, 6-8,PF,25,48,1377,28.6875,226,543,.416,.000,.000,.000,114,153,.745,107,2.22916666667,241,5.02083333333,348,7.25,117,2.4375,57,1.1875,72,1.5,107,2.22916666667,198,566,11.7916666667,
Marvin Barnes,BOS,1978-1979, 6-8,PF,26,38,796,20.9473684211,133,271,.491,.000,.000,.000,43,66,.652,57,1.5,120,3.15789473684,177,4.65789473684,53,1.39473684211,38,1.0,39,1.02631578947,68,1.78947368421,144,309,8.13157894737,
Marvin Barnes,SDC,1979-1980, 6-8,PF,27,20,287,14.35,24,60,.400,0,0,.000,16,32,.500,34,1.7,43,2.15,77,3.85,18,0.9,5,0.25,12,0.6,18,0.9,52,64,3.2,
