Player,Team,Season,Height,Position,Age,G,MIN,MINPG,FGM,FGA,FGP,TPM,TPA,TPP,FTM,FTA,FTP,ORB,ORBPG,DRB,DRBPG,TRB,TRBPG,AST,ASTPG,STL,STLPG,BLK,BLKPG,TO,TOPG,PF,PTS,PTSPG,
Mateen Cleaves,DET,2000-2001, 6-2,PG,23,78,1268,16.2564102564,160,400,.400,5,17,.294,97,137,.708,26,0.333333333333,106,1.35897435897,132,1.69230769231,207,2.65384615385,49,0.628205128205,1,0.0128205128205,139,1.78205128205,153,422,5.41025641026,
Mateen Cleaves,SAC,2001-2002, 6-2,PG,24,32,153,4.78125,30,68,.441,2,8,.250,8,9,.889,1,0.03125,7,0.21875,8,0.25,25,0.78125,7,0.21875,0,0.0,27,0.84375,9,70,2.1875,
Mateen Cleaves,SAC,2002-2003, 6-2,PG,25,12,55,4.58333333333,6,23,.261,1,1,1.000,3,4,.750,1,0.0833333333333,7,0.583333333333,8,0.666666666667,10,0.833333333333,2,0.166666666667,0,0.0,14,1.16666666667,6,16,1.33333333333,
Mateen Cleaves,CLE,2003-2004, 6-2,PG,26,4,92,23.0,7,23,.304,0,1,.000,1,2,.500,1,0.25,6,1.5,7,1.75,19,4.75,4,1.0,2,0.5,5,1.25,13,15,3.75,
Mateen Cleaves,SEA,2004-2005, 6-2,PG,27,14,65,4.64285714286,5,14,.357,0,2,.000,3,4,.750,2,0.142857142857,4,0.285714285714,6,0.428571428571,7,0.5,2,0.142857142857,0,0.0,2,0.142857142857,2,13,0.928571428571,
Mateen Cleaves,SEA,2005-2006, 6-2,PG,28,27,230,8.51851851852,25,71,.352,4,16,.250,19,24,.792,2,0.0740740740741,12,0.444444444444,14,0.518518518519,42,1.55555555556,3,0.111111111111,2,0.0740740740741,14,0.518518518519,30,73,2.7037037037,
