Player,Team,Season,Height,Position,Age,G,MIN,MINPG,FGM,FGA,FGP,TPM,TPA,TPP,FTM,FTA,FTP,ORB,ORBPG,DRB,DRBPG,TRB,TRBPG,AST,ASTPG,STL,STLPG,BLK,BLKPG,TO,TOPG,PF,PTS,PTSPG,
Matt Freije,NOH,2004-2005, 6-10,PF,23,23,441,19.1739130435,37,127,.291,14,54,.259,5,8,.625,16,0.695652173913,45,1.95652173913,61,2.65217391304,20,0.869565217391,13,0.565217391304,2,0.0869565217391,17,0.739130434783,40,93,4.04347826087,
Matt Freije,ATL,2006-2007, 6-10,PF,25,19,147,7.73684210526,16,54,.296,3,22,.136,5,6,.833,8,0.421052631579,16,0.842105263158,24,1.26315789474,7,0.368421052632,3,0.157894736842,1,0.0526315789474,3,0.157894736842,13,40,2.10526315789,
