Player,Team,Season,Height,Position,Age,G,MIN,MINPG,FGM,FGA,FGP,TPM,TPA,TPP,FTM,FTA,FTP,ORB,ORBPG,DRB,DRBPG,TRB,TRBPG,AST,ASTPG,STL,STLPG,BLK,BLKPG,TO,TOPG,PF,PTS,PTSPG,
Matt Maloney,HOU,1996-1997, 6-3,PG,25,82,2386,29.0975609756,271,615,.441,154,381,.404,71,93,.763,19,0.231707317073,141,1.71951219512,160,1.9512195122,303,3.69512195122,82,1.0,1,0.0121951219512,122,1.48780487805,125,767,9.35365853659,
Matt Maloney,HOU,1997-1998, 6-3,PG,26,78,2217,28.4230769231,239,586,.408,126,346,.364,65,78,.833,16,0.205128205128,126,1.61538461538,142,1.82051282051,219,2.80769230769,62,0.794871794872,5,0.0641025641026,107,1.37179487179,99,669,8.57692307692,
Matt Maloney,HOU,1998-1999, 6-3,PG,27,15,186,12.4,5,28,.179,1,15,.067,10,11,.909,2,0.133333333333,8,0.533333333333,10,0.666666666667,21,1.4,4,0.266666666667,0,0.0,14,0.933333333333,7,21,1.4,
Matt Maloney,CHI,1999-2000, 6-3,PG,28,51,1175,23.0392156863,114,318,.358,62,174,.356,37,45,.822,10,0.196078431373,54,1.05882352941,64,1.25490196078,138,2.70588235294,32,0.627450980392,3,0.0588235294118,63,1.23529411765,42,327,6.41176470588,
Matt Maloney,ATL,2000-2001, 6-3,PG,29,55,1403,25.5090909091,146,348,.420,51,142,.359,26,34,.765,14,0.254545454545,103,1.87272727273,117,2.12727272727,154,2.8,56,1.01818181818,5,0.0909090909091,70,1.27272727273,94,369,6.70909090909,
Matt Maloney,ATL,2002-2003, 6-3,PG,31,14,103,7.35714285714,8,25,.320,5,15,.333,3,5,.600,1,0.0714285714286,6,0.428571428571,7,0.5,17,1.21428571429,4,0.285714285714,0,0.0,5,0.357142857143,9,24,1.71428571429,
