Player,Team,Season,Height,Position,Age,G,MIN,MINPG,FGM,FGA,FGP,TPM,TPA,TPP,FTM,FTA,FTP,ORB,ORBPG,DRB,DRBPG,TRB,TRBPG,AST,ASTPG,STL,STLPG,BLK,BLKPG,TO,TOPG,PF,PTS,PTSPG,
Maurice Harkless,ORL,2012-2013, 6-8,SF,19,59,1316,22.3050847458,160,336,.476,18,65,.277,41,71,.577,82,1.38983050847,160,2.71186440678,242,4.10169491525,35,0.593220338983,56,0.949152542373,44,0.745762711864,43,0.728813559322,100,379,6.42372881356,
