Player,Team,Season,Height,Position,Age,G,MIN,MINPG,FGM,FGA,FGP,TPM,TPA,TPP,FTM,FTA,FTP,ORB,ORBPG,DRB,DRBPG,TRB,TRBPG,AST,ASTPG,STL,STLPG,BLK,BLKPG,TO,TOPG,PF,PTS,PTSPG,
Maurice McHartley,DLC,1967-1968, 6-3,PG,25,58,2175,37.5,330,825,.400,3,17,.176,225,324,.694,.000,0.0,.000,0.0,273,4.70689655172,230,3.96551724138,.000,0.0,.000,0.0,241,4.15517241379,216,888,15.3103448276,
Maurice McHartley,TOT,1968-1969, 6-3,PG,26,76,2148,28.2631578947,390,962,.405,6,27,.222,263,331,.795,65,0.855263157895,146,1.92105263158,211,2.77631578947,269,3.53947368421,.000,0.0,.000,0.0,269,3.53947368421,251,1049,13.8026315789,
Maurice McHartley,NYA,1968-1969, 6-3,SG,26,24,645,26.875,107,266,.402,0,4,.000,83,107,.776,27,1.125,49,2.04166666667,76,3.16666666667,76,3.16666666667,.000,0.0,.000,0.0,80,3.33333333333,86,297,12.375,
Maurice McHartley,MMF,1968-1969, 6-3,PG,26,52,1503,28.9038461538,283,696,.407,6,23,.261,180,224,.804,38,0.730769230769,97,1.86538461538,135,2.59615384615,193,3.71153846154,.000,0.0,.000,0.0,189,3.63461538462,165,752,14.4615384615,
Maurice McHartley,TOT,1969-1970, 6-3,SG,27,55,992,18.0363636364,155,388,.399,6,36,.167,98,130,.754,42,0.763636363636,73,1.32727272727,115,2.09090909091,142,2.58181818182,.000,0.0,.000,0.0,149,2.70909090909,158,414,7.52727272727,
Maurice McHartley,MMF,1969-1970, 6-3,PG,27,11,319,29.0,42,118,.356,0,3,.000,27,37,.730,11,1.0,21,1.90909090909,32,2.90909090909,45,4.09090909091,.000,0.0,.000,0.0,46,4.18181818182,51,111,10.0909090909,
Maurice McHartley,PTP,1969-1970, 6-3,SG,27,17,380,22.3529411765,57,132,.432,2,5,.400,40,52,.769,16,0.941176470588,23,1.35294117647,39,2.29411764706,55,3.23529411765,.000,0.0,.000,0.0,59,3.47058823529,48,156,9.17647058824,
Maurice McHartley,DLC,1969-1970, 6-3,SG,27,27,293,10.8518518519,56,138,.406,4,28,.143,31,41,.756,15,0.555555555556,29,1.07407407407,44,1.62962962963,42,1.55555555556,.000,0.0,.000,0.0,44,1.62962962963,59,147,5.44444444444,
