Player,Team,Season,Height,Position,Age,G,MIN,MINPG,FGM,FGA,FGP,TPM,TPA,TPP,FTM,FTA,FTP,ORB,ORBPG,DRB,DRBPG,TRB,TRBPG,AST,ASTPG,STL,STLPG,BLK,BLKPG,TO,TOPG,PF,PTS,PTSPG,
Maurice Ager,DAL,2006-2007, 6-5,SG,22,32,214,6.6875,22,70,.314,5,15,.333,20,33,.606,1,0.03125,20,0.625,21,0.65625,7,0.21875,4,0.125,3,0.09375,15,0.46875,27,69,2.15625,
Maurice Ager,TOT,2007-2008, 6-5,SG,23,26,165,6.34615384615,21,65,.323,3,19,.158,6,12,.500,4,0.153846153846,9,0.346153846154,13,0.5,8,0.307692307692,0,0.0,1,0.0384615384615,6,0.230769230769,17,51,1.96153846154,
Maurice Ager,DAL,2007-2008, 6-5,SG,23,12,77,6.41666666667,5,27,.185,0,8,.000,5,6,.833,1,0.0833333333333,3,0.25,4,0.333333333333,4,0.333333333333,0,0.0,1,0.0833333333333,3,0.25,11,15,1.25,
Maurice Ager,NJN,2007-2008, 6-5,SG,23,14,88,6.28571428571,16,38,.421,3,11,.273,1,6,.167,3,0.214285714286,6,0.428571428571,9,0.642857142857,4,0.285714285714,0,0.0,0,0.0,3,0.214285714286,6,36,2.57142857143,
Maurice Ager,NJN,2008-2009, 6-5,SG,24,20,97,4.85,15,43,.349,0,6,.000,4,8,.500,3,0.15,7,0.35,10,0.5,3,0.15,1,0.05,2,0.1,4,0.2,17,34,1.7,
Maurice Ager,MIN,2010-2011, 6-5,SG,26,4,29,7.25,6,11,.545,3,4,.750,0,0,.000,0,0.0,2,0.5,2,0.5,1,0.25,1,0.25,0,0.0,4,1.0,4,15,3.75,
