Player,Team,Season,Height,Position,Age,G,MIN,MINPG,FGM,FGA,FGP,TPM,TPA,TPP,FTM,FTA,FTP,ORB,ORBPG,DRB,DRBPG,TRB,TRBPG,AST,ASTPG,STL,STLPG,BLK,BLKPG,TO,TOPG,PF,PTS,PTSPG,
Maurice Stokes,ROC,1955-1956, 6-7,C,22,67,2323,34.671641791,403,1137,.354,.000,.000,.000,319,447,.714,.000,0.0,.000,0.0,1094,16.328358209,328,4.89552238806,.000,0.0,.000,0.0,.000,0.0,276,1125,16.7910447761,
Maurice Stokes,ROC,1956-1957, 6-7,PF,23,72,2761,38.3472222222,434,1249,.347,.000,.000,.000,256,385,.665,.000,0.0,.000,0.0,1256,17.4444444444,331,4.59722222222,.000,0.0,.000,0.0,.000,0.0,287,1124,15.6111111111,
Maurice Stokes,CIN,1957-1958, 6-7,PF,24,63,2460,39.0476190476,414,1181,.351,.000,.000,.000,238,333,.715,.000,0.0,.000,0.0,1142,18.126984127,403,6.39682539683,.000,0.0,.000,0.0,.000,0.0,226,1066,16.9206349206,
