Player,Team,Season,Height,Position,Age,G,MIN,MINPG,FGM,FGA,FGP,TPM,TPA,TPP,FTM,FTA,FTP,ORB,ORBPG,DRB,DRBPG,TRB,TRBPG,AST,ASTPG,STL,STLPG,BLK,BLKPG,TO,TOPG,PF,PTS,PTSPG,
Med Park,STL,1955-1956, 6-2,SF,22,40,424,10.6,53,152,.349,.000,.000,.000,44,70,.629,.000,0.0,.000,0.0,94,2.35,40,1.0,.000,0.0,.000,0.0,.000,0.0,64,150,3.75,
Med Park,STL,1956-1957, 6-2,SG,23,66,1130,17.1212121212,118,324,.364,.000,.000,.000,108,146,.740,.000,0.0,.000,0.0,200,3.0303030303,94,1.42424242424,.000,0.0,.000,0.0,.000,0.0,137,344,5.21212121212,
Med Park,STL,1957-1958, 6-2,SG,24,71,1103,15.5352112676,133,363,.366,.000,.000,.000,118,162,.728,.000,0.0,.000,0.0,184,2.59154929577,76,1.07042253521,.000,0.0,.000,0.0,.000,0.0,106,384,5.40845070423,
Med Park,TOT,1958-1959, 6-2,SG,25,62,1126,18.1612903226,145,361,.402,.000,.000,.000,115,150,.767,.000,0.0,.000,0.0,188,3.03225806452,108,1.74193548387,.000,0.0,.000,0.0,.000,0.0,93,405,6.53225806452,
Med Park,STL,1958-1959, 6-2,SG,25,29,228,7.86206896552,34,84,.405,.000,.000,.000,18,24,.750,.000,0.0,.000,0.0,38,1.31034482759,28,0.965517241379,.000,0.0,.000,0.0,.000,0.0,22,86,2.96551724138,
Med Park,CIN,1958-1959, 6-2,SG,25,33,898,27.2121212121,111,277,.401,.000,.000,.000,97,126,.770,.000,0.0,.000,0.0,150,4.54545454545,80,2.42424242424,.000,0.0,.000,0.0,.000,0.0,71,319,9.66666666667,
Med Park,CIN,1959-1960, 6-2,SG,26,74,1849,24.9864864865,226,582,.388,.000,.000,.000,189,260,.727,.000,0.0,.000,0.0,301,4.06756756757,214,2.89189189189,.000,0.0,.000,0.0,.000,0.0,180,641,8.66216216216,
