Player,Team,Season,Height,Position,Age,G,MIN,MINPG,FGM,FGA,FGP,TPM,TPA,TPP,FTM,FTA,FTP,ORB,ORBPG,DRB,DRBPG,TRB,TRBPG,AST,ASTPG,STL,STLPG,BLK,BLKPG,TO,TOPG,PF,PTS,PTSPG,
Mel Nowell,CHZ,1962-1963, 6-2,SG,23,39,589,15.1025641026,92,237,.388,.000,.000,.000,48,66,.727,.000,0.0,.000,0.0,67,1.71794871795,84,2.15384615385,.000,0.0,.000,0.0,.000,0.0,86,232,5.94871794872,
Mel Nowell,NJA,1967-1968, 6-2,PG,28,76,1555,20.4605263158,273,679,.402,9,32,.281,176,213,.826,.000,0.0,.000,0.0,193,2.53947368421,155,2.03947368421,.000,0.0,.000,0.0,142,1.86842105263,188,731,9.61842105263,
