Player,Team,Season,Height,Position,Age,G,MIN,MINPG,FGM,FGA,FGP,TPM,TPA,TPP,FTM,FTA,FTP,ORB,ORBPG,DRB,DRBPG,TRB,TRBPG,AST,ASTPG,STL,STLPG,BLK,BLKPG,TO,TOPG,PF,PTS,PTSPG,
Mel Riebe,CLR,1946-1947, 5-11,,30,55,.000,0.0,276,898,.307,.000,.000,.000,111,173,.642,.000,0.0,.000,0.0,.000,0.0,67,1.21818181818,.000,0.0,.000,0.0,.000,0.0,169,663,12.0545454545,
Mel Riebe,BOS,1947-1948, 5-11,,31,48,.000,0.0,202,653,.309,.000,.000,.000,85,137,.620,.000,0.0,.000,0.0,.000,0.0,41,0.854166666667,.000,0.0,.000,0.0,.000,0.0,137,489,10.1875,
Mel Riebe,TOT,1948-1949, 5-11,,32,43,.000,0.0,172,589,.292,.000,.000,.000,79,133,.594,.000,0.0,.000,0.0,.000,0.0,104,2.41860465116,.000,0.0,.000,0.0,.000,0.0,110,423,9.83720930233,
Mel Riebe,BOS,1948-1949, 5-11,,32,33,.000,0.0,146,501,.291,.000,.000,.000,70,116,.603,.000,0.0,.000,0.0,.000,0.0,95,2.87878787879,.000,0.0,.000,0.0,.000,0.0,97,362,10.9696969697,
Mel Riebe,PRO,1948-1949, 5-11,,32,10,.000,0.0,26,88,.295,.000,.000,.000,9,17,.529,.000,0.0,.000,0.0,.000,0.0,9,0.9,.000,0.0,.000,0.0,.000,0.0,13,61,6.1,
