Player,Team,Season,Height,Position,Age,G,MIN,MINPG,FGM,FGA,FGP,TPM,TPA,TPP,FTM,FTA,FTP,ORB,ORBPG,DRB,DRBPG,TRB,TRBPG,AST,ASTPG,STL,STLPG,BLK,BLKPG,TO,TOPG,PF,PTS,PTSPG,
Melvin Turpin,CLE,1984-1985, 6-11,C,24,79,1949,24.6708860759,363,711,.511,0,0,.000,109,139,.784,155,1.96202531646,297,3.75949367089,452,5.72151898734,36,0.455696202532,38,0.481012658228,87,1.10126582278,118,1.49367088608,211,835,10.5696202532,
Melvin Turpin,CLE,1985-1986, 6-11,C,25,80,2292,28.65,456,838,.544,0,4,.000,185,228,.811,182,2.275,374,4.675,556,6.95,55,0.6875,65,0.8125,106,1.325,134,1.675,260,1097,13.7125,
Melvin Turpin,CLE,1986-1987, 6-11,C,26,64,801,12.515625,169,366,.462,0,0,.000,55,77,.714,62,0.96875,128,2.0,190,2.96875,33,0.515625,11,0.171875,40,0.625,63,0.984375,90,393,6.140625,
Melvin Turpin,UTA,1987-1988, 6-11,C,27,79,1011,12.7974683544,199,389,.512,1,3,.333,71,98,.724,88,1.11392405063,148,1.87341772152,236,2.98734177215,32,0.405063291139,26,0.329113924051,68,0.860759493671,71,0.898734177215,157,470,5.94936708861,
Melvin Turpin,WSB,1989-1990, 6-11,C,29,59,818,13.8644067797,110,209,.526,0,2,.000,56,71,.789,88,1.49152542373,133,2.25423728814,221,3.74576271186,27,0.457627118644,15,0.254237288136,47,0.796610169492,45,0.762711864407,135,276,4.67796610169,
