Player,Team,Season,Height,Position,Age,G,MIN,MINPG,FGM,FGA,FGP,TPM,TPA,TPP,FTM,FTA,FTP,ORB,ORBPG,DRB,DRBPG,TRB,TRBPG,AST,ASTPG,STL,STLPG,BLK,BLKPG,TO,TOPG,PF,PTS,PTSPG,
Melvin Newbern,DET,1992-1993, 6-4,SG,25,33,311,9.42424242424,42,113,.372,1,8,.125,34,60,.567,19,0.575757575758,18,0.545454545455,37,1.12121212121,57,1.72727272727,23,0.69696969697,1,0.030303030303,32,0.969696969697,42,119,3.60606060606,
