Player,Team,Season,Height,Position,Age,G,MIN,MINPG,FGM,FGA,FGP,TPM,TPA,TPP,FTM,FTA,FTP,ORB,ORBPG,DRB,DRBPG,TRB,TRBPG,AST,ASTPG,STL,STLPG,BLK,BLKPG,TO,TOPG,PF,PTS,PTSPG,
Mengke Bateer,DEN,2001-2002, 6-11,C,26,27,408,15.1111111111,53,132,.402,4,12,.333,29,37,.784,32,1.18518518519,64,2.37037037037,96,3.55555555556,22,0.814814814815,10,0.37037037037,5,0.185185185185,32,1.18518518519,94,139,5.14814814815,
Mengke Bateer,SAS,2002-2003, 6-11,C,27,12,46,3.83333333333,4,17,.235,1,3,.333,0,2,.000,2,0.166666666667,8,0.666666666667,10,0.833333333333,4,0.333333333333,0,0.0,0,0.0,6,0.5,14,9,0.75,
Mengke Bateer,TOR,2003-2004, 6-11,C,28,7,40,5.71428571429,4,7,.571,0,0,.000,0,0,.000,5,0.714285714286,3,0.428571428571,8,1.14285714286,1,0.142857142857,1,0.142857142857,0,0.0,2,0.285714285714,10,8,1.14285714286,
