Player,Team,Season,Height,Position,Age,G,MIN,MINPG,FGM,FGA,FGP,TPM,TPA,TPP,FTM,FTA,FTP,ORB,ORBPG,DRB,DRBPG,TRB,TRBPG,AST,ASTPG,STL,STLPG,BLK,BLKPG,TO,TOPG,PF,PTS,PTSPG,
Mervin Jackson,LAS,1968-1969, 6-3,PG,22,71,2314,32.5915492958,423,1000,.423,19,62,.306,249,302,.825,142,2.0,157,2.21126760563,299,4.21126760563,237,3.33802816901,.000,0.0,.000,0.0,191,2.69014084507,262,1114,15.6901408451,
Mervin Jackson,LAS,1969-1970, 6-3,PG,23,52,1118,21.5,169,475,.356,16,44,.364,92,114,.807,39,0.75,99,1.90384615385,138,2.65384615385,114,2.19230769231,.000,0.0,.000,0.0,84,1.61538461538,145,446,8.57692307692,
Mervin Jackson,UTS,1970-1971, 6-3,PG,24,65,1902,29.2615384615,351,836,.420,7,20,.350,196,244,.803,92,1.41538461538,170,2.61538461538,262,4.03076923077,225,3.46153846154,.000,0.0,.000,0.0,140,2.15384615385,207,905,13.9230769231,
Mervin Jackson,UTS,1971-1972, 6-3,PG,25,52,1136,21.8461538462,185,412,.449,5,15,.333,92,109,.844,48,0.923076923077,75,1.44230769231,123,2.36538461538,155,2.98076923077,.000,0.0,.000,0.0,88,1.69230769231,150,467,8.98076923077,
Mervin Jackson,MMT,1972-1973, 6-3,PG,26,22,420,19.0909090909,34,103,.330,4,11,.364,28,35,.800,9,0.409090909091,29,1.31818181818,38,1.72727272727,82,3.72727272727,.000,0.0,.000,0.0,35,1.59090909091,61,100,4.54545454545,
