Player,Team,Season,Height,Position,Age,G,MIN,MINPG,FGM,FGA,FGP,TPM,TPA,TPP,FTM,FTA,FTP,ORB,ORBPG,DRB,DRBPG,TRB,TRBPG,AST,ASTPG,STL,STLPG,BLK,BLKPG,TO,TOPG,PF,PTS,PTSPG,
Michael Hawkins,BOS,1996-1997, 6-0,PG,24,29,326,11.2413793103,29,68,.426,10,31,.323,12,15,.800,9,0.310344827586,22,0.758620689655,31,1.06896551724,64,2.20689655172,16,0.551724137931,1,0.0344827586207,28,0.965517241379,40,80,2.75862068966,
Michael Hawkins,SAC,1998-1999, 6-0,PG,26,24,203,8.45833333333,14,40,.350,5,19,.263,3,3,1.000,10,0.416666666667,15,0.625,25,1.04166666667,27,1.125,3,0.125,1,0.0416666666667,13,0.541666666667,14,36,1.5,
Michael Hawkins,CHH,1999-2000, 6-0,PG,27,12,36,3.0,3,13,.231,1,5,.200,1,2,.500,0,0.0,7,0.583333333333,7,0.583333333333,13,1.08333333333,0,0.0,0,0.0,3,0.25,2,8,0.666666666667,
Michael Hawkins,CLE,2000-2001, 6-0,PG,28,10,76,7.6,3,9,.333,2,4,.500,0,0,.000,2,0.2,3,0.3,5,0.5,13,1.3,2,0.2,0,0.0,6,0.6,13,8,0.8,
