Player,Team,Season,Height,Position,Age,G,MIN,MINPG,FGM,FGA,FGP,TPM,TPA,TPP,FTM,FTA,FTP,ORB,ORBPG,DRB,DRBPG,TRB,TRBPG,AST,ASTPG,STL,STLPG,BLK,BLKPG,TO,TOPG,PF,PTS,PTSPG,
Michael Wilson,WSB,1983-1984, 6-4,PG,24,6,26,4.33333333333,0,2,.000,0,1,.000,1,2,.500,1,0.166666666667,0,0.0,1,0.166666666667,3,0.5,0,0.0,0,0.0,3,0.5,5,1,0.166666666667,
Michael Wilson,TOT,1984-1985, 6-4,SG,25,19,267,14.0526315789,36,77,.468,0,0,.000,27,36,.750,14,0.736842105263,17,0.894736842105,31,1.63157894737,35,1.84210526316,14,0.736842105263,5,0.263157894737,20,1.05263157895,21,99,5.21052631579,
Michael Wilson,CLE,1984-1985, 6-4,SG,25,11,175,15.9090909091,27,54,.500,0,0,.000,23,30,.767,10,0.909090909091,8,0.727272727273,18,1.63636363636,24,2.18181818182,10,0.909090909091,3,0.272727272727,15,1.36363636364,14,77,7.0,
Michael Wilson,NJN,1984-1985, 6-4,SG,25,8,92,11.5,9,23,.391,0,0,.000,4,6,.667,4,0.5,9,1.125,13,1.625,11,1.375,4,0.5,2,0.25,5,0.625,7,22,2.75,
Michael Wilson,TOT,1986-1987, 6-4,SG,27,7,45,6.42857142857,3,10,.300,0,0,.000,2,2,1.000,1,0.142857142857,3,0.428571428571,4,0.571428571429,7,1.0,1,0.142857142857,0,0.0,5,0.714285714286,10,8,1.14285714286,
Michael Wilson,NJN,1986-1987, 6-4,SG,27,5,43,8.6,3,8,.375,0,0,.000,2,2,1.000,1,0.2,3,0.6,4,0.8,6,1.2,1,0.2,0,0.0,4,0.8,9,8,1.6,
Michael Wilson,ATL,1986-1987, 6-4,PG,27,2,2,1.0,0,2,.000,0,0,.000,0,0,.000,0,0.0,0,0.0,0,0.0,1,0.5,0,0.0,0,0.0,1,0.5,1,0,0.0,
