Player,Team,Season,Height,Position,Age,G,MIN,MINPG,FGM,FGA,FGP,TPM,TPA,TPP,FTM,FTA,FTP,ORB,ORBPG,DRB,DRBPG,TRB,TRBPG,AST,ASTPG,STL,STLPG,BLK,BLKPG,TO,TOPG,PF,PTS,PTSPG,
Michael Ruffin,CHI,1999-2000, 6-9,PF,23,71,975,13.7323943662,58,138,.420,0,0,.000,43,88,.489,117,1.64788732394,133,1.87323943662,250,3.52112676056,44,0.619718309859,26,0.366197183099,26,0.366197183099,59,0.830985915493,170,159,2.23943661972,
Michael Ruffin,CHI,2000-2001, 6-9,PF,24,45,879,19.5333333333,40,90,.444,0,0,.000,39,77,.506,101,2.24444444444,161,3.57777777778,262,5.82222222222,39,0.866666666667,30,0.666666666667,38,0.844444444444,46,1.02222222222,131,119,2.64444444444,
Michael Ruffin,PHI,2001-2002, 6-9,PF,25,15,169,11.2666666667,7,26,.269,0,0,.000,2,8,.250,23,1.53333333333,28,1.86666666667,51,3.4,5,0.333333333333,5,0.333333333333,8,0.533333333333,11,0.733333333333,23,16,1.06666666667,
Michael Ruffin,UTA,2003-2004, 6-9,PF,27,41,733,17.8780487805,38,117,.325,0,0,.000,16,38,.421,78,1.90243902439,129,3.14634146341,207,5.0487804878,41,1.0,22,0.536585365854,21,0.512195121951,42,1.0243902439,103,92,2.24390243902,
Michael Ruffin,WAS,2004-2005, 6-9,C,28,79,1262,15.9746835443,41,99,.414,0,1,.000,29,67,.433,157,1.98734177215,175,2.21518987342,332,4.20253164557,64,0.810126582278,43,0.544303797468,41,0.518987341772,44,0.556962025316,193,111,1.40506329114,
Michael Ruffin,WAS,2005-2006, 6-9,C,29,76,1010,13.2894736842,34,77,.442,0,2,.000,37,74,.500,122,1.60526315789,149,1.96052631579,271,3.56578947368,27,0.355263157895,33,0.434210526316,31,0.407894736842,38,0.5,179,105,1.38157894737,
Michael Ruffin,WAS,2006-2007, 6-9,PF,30,30,271,9.03333333333,5,18,.278,0,0,.000,7,19,.368,35,1.16666666667,27,0.9,62,2.06666666667,6,0.2,6,0.2,8,0.266666666667,12,0.4,43,17,0.566666666667,
Michael Ruffin,MIL,2007-2008, 6-9,C,31,46,632,13.7391304348,33,62,.532,0,0,.000,25,63,.397,90,1.95652173913,96,2.08695652174,186,4.04347826087,24,0.521739130435,31,0.673913043478,19,0.413043478261,19,0.413043478261,93,91,1.97826086957,
Michael Ruffin,POR,2008-2009, 6-9,PF,32,11,35,3.18181818182,2,7,.286,0,0,.000,2,2,1.000,6,0.545454545455,5,0.454545454545,11,1.0,0,0.0,3,0.272727272727,1,0.0909090909091,2,0.181818181818,7,6,0.545454545455,
