Player,Team,Season,Height,Position,Age,G,MIN,MINPG,FGM,FGA,FGP,TPM,TPA,TPP,FTM,FTA,FTP,ORB,ORBPG,DRB,DRBPG,TRB,TRBPG,AST,ASTPG,STL,STLPG,BLK,BLKPG,TO,TOPG,PF,PTS,PTSPG,
Michael Jackson,SAC,1987-1988, 6-2,PG,23,58,760,13.1034482759,64,171,.374,6,25,.240,23,32,.719,17,0.293103448276,42,0.724137931034,59,1.01724137931,179,3.08620689655,20,0.344827586207,5,0.0862068965517,58,1.0,81,157,2.70689655172,
Michael Jackson,SAC,1988-1989, 6-2,PG,24,14,70,5.0,9,24,.375,2,6,.333,1,2,.500,1,0.0714285714286,3,0.214285714286,4,0.285714285714,11,0.785714285714,3,0.214285714286,0,0.0,4,0.285714285714,12,21,1.5,
Michael Jackson,SAC,1989-1990, 6-2,PG,25,17,58,3.41176470588,3,11,.273,1,2,.500,3,6,.500,2,0.117647058824,5,0.294117647059,7,0.411764705882,8,0.470588235294,5,0.294117647059,0,0.0,4,0.235294117647,3,10,0.588235294118,
