Player,Team,Season,Height,Position,Age,G,MIN,MINPG,FGM,FGA,FGP,TPM,TPA,TPP,FTM,FTA,FTP,ORB,ORBPG,DRB,DRBPG,TRB,TRBPG,AST,ASTPG,STL,STLPG,BLK,BLKPG,TO,TOPG,PF,PTS,PTSPG,
Michael Smith,SAC,1994-1995, 6-8,PF,22,82,1736,21.1707317073,220,406,.542,0,2,.000,127,262,.485,174,2.12195121951,312,3.80487804878,486,5.92682926829,67,0.817073170732,61,0.743902439024,49,0.59756097561,106,1.29268292683,235,567,6.91463414634,
Michael Smith,SAC,1995-1996, 6-8,PF,23,65,1384,21.2923076923,144,238,.605,1,1,1.000,68,177,.384,143,2.2,246,3.78461538462,389,5.98461538462,110,1.69230769231,47,0.723076923077,46,0.707692307692,72,1.10769230769,166,357,5.49230769231,
Michael Smith,SAC,1996-1997, 6-8,PF,24,81,2526,31.1851851852,202,375,.539,0,0,.000,128,258,.496,257,3.17283950617,512,6.32098765432,769,9.49382716049,191,2.35802469136,82,1.01234567901,60,0.740740740741,130,1.6049382716,251,532,6.56790123457,
Michael Smith,TOT,1997-1998, 6-8,PF,25,48,1053,21.9375,93,194,.479,0,1,.000,65,103,.631,120,2.5,186,3.875,306,6.375,88,1.83333333333,41,0.854166666667,15,0.3125,51,1.0625,95,251,5.22916666667,
Michael Smith,SAC,1997-1998, 6-8,PF,25,18,347,19.2777777778,26,61,.426,0,0,.000,17,30,.567,35,1.94444444444,65,3.61111111111,100,5.55555555556,29,1.61111111111,15,0.833333333333,9,0.5,15,0.833333333333,35,69,3.83333333333,
Michael Smith,VAN,1997-1998, 6-8,PF,25,30,706,23.5333333333,67,133,.504,0,1,.000,48,73,.658,85,2.83333333333,121,4.03333333333,206,6.86666666667,59,1.96666666667,26,0.866666666667,6,0.2,36,1.2,60,182,6.06666666667,
Michael Smith,VAN,1998-1999, 6-8,PF,26,48,1098,22.875,77,144,.535,0,1,.000,76,128,.594,135,2.8125,215,4.47916666667,350,7.29166666667,48,1.0,46,0.958333333333,18,0.375,60,1.25,107,230,4.79166666667,
Michael Smith,WAS,1999-2000, 6-8,SF,27,46,1145,24.8913043478,108,192,.563,0,1,.000,73,101,.723,121,2.63043478261,210,4.5652173913,331,7.19565217391,56,1.21739130435,27,0.586956521739,23,0.5,45,0.978260869565,127,289,6.28260869565,
Michael Smith,WAS,2000-2001, 6-8,PF,28,79,1610,20.3797468354,106,218,.486,0,1,.000,89,154,.578,172,2.17721518987,390,4.93670886076,562,7.11392405063,101,1.27848101266,57,0.721518987342,37,0.46835443038,62,0.784810126582,156,301,3.81012658228,
