Player,Team,Season,Height,Position,Age,G,MIN,MINPG,FGM,FGA,FGP,TPM,TPA,TPP,FTM,FTA,FTP,ORB,ORBPG,DRB,DRBPG,TRB,TRBPG,AST,ASTPG,STL,STLPG,BLK,BLKPG,TO,TOPG,PF,PTS,PTSPG,
Michael Beasley,MIA,2008-2009, 6-9,PF,20,81,2009,24.8024691358,452,957,.472,33,81,.407,186,241,.772,110,1.35802469136,329,4.06172839506,439,5.41975308642,83,1.02469135802,41,0.506172839506,37,0.456790123457,121,1.49382716049,184,1123,13.8641975309,
Michael Beasley,MIA,2009-2010, 6-9,PF,21,78,2328,29.8461538462,468,1040,.450,28,102,.275,192,240,.800,123,1.57692307692,375,4.80769230769,498,6.38461538462,100,1.28205128205,80,1.02564102564,49,0.628205128205,131,1.67948717949,221,1156,14.8205128205,
Michael Beasley,MIN,2010-2011, 6-9,SF,22,73,2361,32.3424657534,561,1246,.450,60,164,.366,219,291,.753,118,1.61643835616,291,3.98630136986,409,5.60273972603,158,2.16438356164,54,0.739726027397,52,0.712328767123,195,2.67123287671,222,1401,19.1917808219,
Michael Beasley,MIN,2011-2012, 6-9,SF,23,47,1087,23.1276595745,221,497,.445,38,101,.376,61,95,.642,39,0.829787234043,168,3.57446808511,207,4.40425531915,45,0.957446808511,18,0.382978723404,19,0.404255319149,80,1.70212765957,83,541,11.5106382979,
Michael Beasley,PHO,2012-2013, 6-9,SF,24,61,1302,21.3442622951,250,630,.397,39,120,.325,78,101,.772,47,0.770491803279,186,3.04918032787,233,3.81967213115,99,1.62295081967,23,0.377049180328,29,0.475409836066,122,2.0,93,617,10.1147540984,
