Player,Team,Season,Height,Position,Age,G,MIN,MINPG,FGM,FGA,FGP,TPM,TPA,TPP,FTM,FTA,FTP,ORB,ORBPG,DRB,DRBPG,TRB,TRBPG,AST,ASTPG,STL,STLPG,BLK,BLKPG,TO,TOPG,PF,PTS,PTSPG,
Michael Dickerson,HOU,1998-1999, 6-5,SG,23,50,1558,31.16,215,462,.465,71,164,.433,46,72,.639,26,0.52,57,1.14,83,1.66,95,1.9,27,0.54,11,0.22,66,1.32,90,547,10.94,
Michael Dickerson,VAN,1999-2000, 6-5,SG,24,82,3103,37.8414634146,554,1270,.436,119,291,.409,269,324,.830,78,0.951219512195,201,2.4512195122,279,3.40243902439,208,2.53658536585,116,1.41463414634,45,0.548780487805,165,2.01219512195,226,1496,18.243902439,
Michael Dickerson,VAN,2000-2001, 6-5,SG,25,70,2618,37.4,425,1020,.417,86,230,.374,206,270,.763,70,1.0,159,2.27142857143,229,3.27142857143,233,3.32857142857,62,0.885714285714,27,0.385714285714,162,2.31428571429,207,1142,16.3142857143,
Michael Dickerson,MEM,2001-2002, 6-5,SG,26,4,124,31.0,15,48,.313,8,21,.381,5,6,.833,3,0.75,9,2.25,12,3.0,9,2.25,3,0.75,1,0.25,8,2.0,12,43,10.75,
Michael Dickerson,MEM,2002-2003, 6-5,SG,27,6,87,14.5,10,24,.417,4,11,.364,5,5,1.000,1,0.166666666667,5,0.833333333333,6,1.0,8,1.33333333333,5,0.833333333333,1,0.166666666667,6,1.0,16,29,4.83333333333,
