Player,Team,Season,Height,Position,Age,G,MIN,MINPG,FGM,FGA,FGP,TPM,TPA,TPP,FTM,FTA,FTP,ORB,ORBPG,DRB,DRBPG,TRB,TRBPG,AST,ASTPG,STL,STLPG,BLK,BLKPG,TO,TOPG,PF,PTS,PTSPG,
Mickey Davis,PTC,1971-1972, 6-7,SF,21,23,126,5.47826086957,25,63,.397,0,2,.000,14,20,.700,21,0.913043478261,20,0.869565217391,41,1.78260869565,9,0.391304347826,.000,0.0,.000,0.0,17,0.739130434783,23,64,2.78260869565,
Mickey Davis,MIL,1972-1973, 6-7,SF,22,74,1046,14.1351351351,152,347,.438,.000,.000,.000,76,92,.826,.000,0.0,.000,0.0,226,3.05405405405,72,0.972972972973,.000,0.0,.000,0.0,.000,0.0,119,380,5.13513513514,
Mickey Davis,MIL,1973-1974, 6-7,SF,23,73,1012,13.8630136986,169,335,.504,.000,.000,.000,93,112,.830,78,1.06849315068,146,2.0,224,3.06849315068,87,1.19178082192,27,0.369863013699,5,0.0684931506849,.000,0.0,94,431,5.90410958904,
Mickey Davis,MIL,1974-1975, 6-7,SF,24,75,1077,14.36,174,363,.479,.000,.000,.000,78,88,.886,68,0.906666666667,169,2.25333333333,237,3.16,79,1.05333333333,30,0.4,5,0.0666666666667,.000,0.0,103,426,5.68,
Mickey Davis,MIL,1975-1976, 6-7,SF,25,45,411,9.13333333333,55,152,.362,.000,.000,.000,50,63,.794,25,0.555555555556,59,1.31111111111,84,1.86666666667,37,0.822222222222,13,0.288888888889,2,0.0444444444444,.000,0.0,36,160,3.55555555556,
Mickey Davis,MIL,1976-1977, 6-7,SF,26,19,165,8.68421052632,29,68,.426,.000,.000,.000,23,25,.920,11,0.578947368421,18,0.947368421053,29,1.52631578947,20,1.05263157895,6,0.315789473684,4,0.210526315789,.000,0.0,11,81,4.26315789474,
