Player,Team,Season,Height,Position,Age,G,MIN,MINPG,FGM,FGA,FGP,TPM,TPA,TPP,FTM,FTA,FTP,ORB,ORBPG,DRB,DRBPG,TRB,TRBPG,AST,ASTPG,STL,STLPG,BLK,BLKPG,TO,TOPG,PF,PTS,PTSPG,
Mickey Dillard,CLE,1981-1982, 6-3,PG,23,33,221,6.69696969697,29,79,.367,0,4,.000,15,23,.652,6,0.181818181818,9,0.272727272727,15,0.454545454545,34,1.0303030303,8,0.242424242424,2,0.0606060606061,17,0.515151515152,40,73,2.21212121212,
