Player,Team,Season,Height,Position,Age,G,MIN,MINPG,FGM,FGA,FGP,TPM,TPA,TPP,FTM,FTA,FTP,ORB,ORBPG,DRB,DRBPG,TRB,TRBPG,AST,ASTPG,STL,STLPG,BLK,BLKPG,TO,TOPG,PF,PTS,PTSPG,
Mickey Rottner,CHS,1946-1947, 5-10,,27,56,.000,0.0,190,655,.290,.000,.000,.000,43,79,.544,.000,0.0,.000,0.0,.000,0.0,93,1.66071428571,.000,0.0,.000,0.0,.000,0.0,109,423,7.55357142857,
Mickey Rottner,CHS,1947-1948, 5-10,,28,44,.000,0.0,53,184,.288,.000,.000,.000,11,34,.324,.000,0.0,.000,0.0,.000,0.0,46,1.04545454545,.000,0.0,.000,0.0,.000,0.0,49,117,2.65909090909,
