Player,Team,Season,Height,Position,Age,G,MIN,MINPG,FGM,FGA,FGP,TPM,TPA,TPP,FTM,FTA,FTP,ORB,ORBPG,DRB,DRBPG,TRB,TRBPG,AST,ASTPG,STL,STLPG,BLK,BLKPG,TO,TOPG,PF,PTS,PTSPG,
Mickell Gladness,TOT,2011-2012, 6-11,PF,25,26,252,9.69230769231,25,59,.424,0,0,.000,6,12,.500,14,0.538461538462,44,1.69230769231,58,2.23076923077,5,0.192307692308,4,0.153846153846,20,0.769230769231,7,0.269230769231,32,56,2.15384615385,
Mickell Gladness,MIA,2011-2012, 6-11,PF,25,8,28,3.5,1,3,.333,0,0,.000,0,0,.000,1,0.125,10,1.25,11,1.375,2,0.25,1,0.125,1,0.125,3,0.375,8,2,0.25,
Mickell Gladness,GSW,2011-2012, 6-11,PF,25,18,224,12.4444444444,24,56,.429,0,0,.000,6,12,.500,13,0.722222222222,34,1.88888888889,47,2.61111111111,3,0.166666666667,3,0.166666666667,19,1.05555555556,4,0.222222222222,24,54,3.0,
