Player,Team,Season,Height,Position,Age,G,MIN,MINPG,FGM,FGA,FGP,TPM,TPA,TPP,FTM,FTA,FTP,ORB,ORBPG,DRB,DRBPG,TRB,TRBPG,AST,ASTPG,STL,STLPG,BLK,BLKPG,TO,TOPG,PF,PTS,PTSPG,
Mickael Gelabale,SEA,2006-2007, 6-7,SF,23,70,1239,17.7,122,264,.462,11,47,.234,66,82,.805,59,0.842857142857,114,1.62857142857,173,2.47142857143,56,0.8,24,0.342857142857,22,0.314285714286,49,0.7,108,321,4.58571428571,
Mickael Gelabale,SEA,2007-2008, 6-7,SG,24,39,465,11.9230769231,69,157,.439,16,37,.432,14,18,.778,16,0.410256410256,42,1.07692307692,58,1.48717948718,33,0.846153846154,10,0.25641025641,9,0.230769230769,27,0.692307692308,31,168,4.30769230769,
Mickael Gelabale,MIN,2012-2013, 6-7,SF,29,25,536,21.44,59,114,.518,14,42,.333,19,22,.864,24,0.96,53,2.12,77,3.08,18,0.72,13,0.52,4,0.16,12,0.48,42,151,6.04,
