Player,Team,Season,Height,Position,Age,G,MIN,MINPG,FGM,FGA,FGP,TPM,TPA,TPP,FTM,FTA,FTP,ORB,ORBPG,DRB,DRBPG,TRB,TRBPG,AST,ASTPG,STL,STLPG,BLK,BLKPG,TO,TOPG,PF,PTS,PTSPG,
Mike Iuzzolino,DAL,1991-1992, 5-10,PG,24,52,1280,24.6153846154,160,355,.451,59,136,.434,107,128,.836,27,0.519230769231,71,1.36538461538,98,1.88461538462,194,3.73076923077,33,0.634615384615,1,0.0192307692308,92,1.76923076923,79,486,9.34615384615,
Mike Iuzzolino,DAL,1992-1993, 5-10,PG,25,70,1769,25.2714285714,221,478,.462,54,144,.375,114,149,.765,31,0.442857142857,109,1.55714285714,140,2.0,328,4.68571428571,49,0.7,6,0.0857142857143,129,1.84285714286,101,610,8.71428571429,
