Player,Team,Season,Height,Position,Age,G,MIN,MINPG,FGM,FGA,FGP,TPM,TPA,TPP,FTM,FTA,FTP,ORB,ORBPG,DRB,DRBPG,TRB,TRBPG,AST,ASTPG,STL,STLPG,BLK,BLKPG,TO,TOPG,PF,PTS,PTSPG,
Mike McCarron,TRH,1946-1947, 5-11,,24,60,.000,0.0,236,838,.282,.000,.000,.000,177,288,.615,.000,0.0,.000,0.0,.000,0.0,59,0.983333333333,.000,0.0,.000,0.0,.000,0.0,184,649,10.8166666667,
Mike McCarron,TOT,1949-1950, 5-11,,27,8,.000,0.0,3,15,.200,.000,.000,.000,3,5,.600,.000,0.0,.000,0.0,.000,0.0,3,0.375,.000,0.0,.000,0.0,.000,0.0,5,9,1.125,
Mike McCarron,BLB,1949-1950, 5-11,,27,3,.000,0.0,1,5,.200,.000,.000,.000,2,3,.667,.000,0.0,.000,0.0,.000,0.0,1,0.333333333333,.000,0.0,.000,0.0,.000,0.0,5,4,1.33333333333,
Mike McCarron,STB,1949-1950, 5-11,,27,5,.000,0.0,2,10,.200,.000,.000,.000,1,2,.500,.000,0.0,.000,0.0,.000,0.0,2,0.4,.000,0.0,.000,0.0,.000,0.0,0,5,1.0,
