Player,Team,Season,Height,Position,Age,G,MIN,MINPG,FGM,FGA,FGP,TPM,TPA,TPP,FTM,FTA,FTP,ORB,ORBPG,DRB,DRBPG,TRB,TRBPG,AST,ASTPG,STL,STLPG,BLK,BLKPG,TO,TOPG,PF,PTS,PTSPG,
Mike Scott,ATL,2012-2013, 6-8,PF,24,28,205,7.32142857143,32,70,.457,0,0,.000,19,26,.731,21,0.75,37,1.32142857143,58,2.07142857143,9,0.321428571429,4,0.142857142857,1,0.0357142857143,16,0.571428571429,20,83,2.96428571429,
