Player,Team,Season,Height,Position,Age,G,MIN,MINPG,FGM,FGA,FGP,TPM,TPA,TPP,FTM,FTA,FTP,ORB,ORBPG,DRB,DRBPG,TRB,TRBPG,AST,ASTPG,STL,STLPG,BLK,BLKPG,TO,TOPG,PF,PTS,PTSPG,
Mike Smith,WAS,2000-2001, 6-8,SF,24,17,180,10.5882352941,19,59,.322,3,18,.167,10,16,.625,10,0.588235294118,12,0.705882352941,22,1.29411764706,10,0.588235294118,5,0.294117647059,3,0.176470588235,7,0.411764705882,8,51,3.0,
