Player,Team,Season,Height,Position,Age,G,MIN,MINPG,FGM,FGA,FGP,TPM,TPA,TPP,FTM,FTA,FTP,ORB,ORBPG,DRB,DRBPG,TRB,TRBPG,AST,ASTPG,STL,STLPG,BLK,BLKPG,TO,TOPG,PF,PTS,PTSPG,
Mike Harper,POR,1980-1981, 6-10,PF,23,55,461,8.38181818182,56,136,.412,0,3,.000,37,85,.435,28,0.509090909091,65,1.18181818182,93,1.69090909091,17,0.309090909091,23,0.418181818182,20,0.363636363636,32,0.581818181818,73,149,2.70909090909,
Mike Harper,POR,1981-1982, 6-10,PF,24,68,1433,21.0735294118,184,370,.497,0,1,.000,96,153,.627,127,1.86764705882,212,3.11764705882,339,4.98529411765,54,0.794117647059,55,0.808823529412,82,1.20588235294,92,1.35294117647,229,464,6.82352941176,
