Player,Team,Season,Height,Position,Age,G,MIN,MINPG,FGM,FGA,FGP,TPM,TPA,TPP,FTM,FTA,FTP,ORB,ORBPG,DRB,DRBPG,TRB,TRBPG,AST,ASTPG,STL,STLPG,BLK,BLKPG,TO,TOPG,PF,PTS,PTSPG,
Mike Bratz,PHO,1977-1978, 6-2,PG,22,80,933,11.6625,159,395,.403,.000,.000,.000,56,68,.824,42,0.525,73,0.9125,115,1.4375,123,1.5375,39,0.4875,5,0.0625,89,1.1125,104,374,4.675,
Mike Bratz,PHO,1978-1979, 6-2,PG,23,77,1297,16.8441558442,242,533,.454,.000,.000,.000,139,170,.818,55,0.714285714286,86,1.11688311688,141,1.83116883117,179,2.32467532468,64,0.831168831169,7,0.0909090909091,135,1.75324675325,151,623,8.09090909091,
Mike Bratz,PHO,1979-1980, 6-2,PG,24,82,1589,19.3780487805,269,687,.392,21,86,.244,141,162,.870,50,0.609756097561,117,1.42682926829,167,2.03658536585,223,2.71951219512,93,1.13414634146,9,0.109756097561,135,1.64634146341,165,700,8.53658536585,
Mike Bratz,CLE,1980-1981, 6-2,PG,25,80,2595,32.4375,319,817,.390,57,169,.337,107,132,.811,66,0.825,132,1.65,198,2.475,452,5.65,136,1.7,17,0.2125,162,2.025,194,802,10.025,
Mike Bratz,SAS,1981-1982, 6-2,PG,26,81,1616,19.950617284,230,565,.407,46,138,.333,119,152,.783,40,0.493827160494,126,1.55555555556,166,2.04938271605,438,5.40740740741,65,0.802469135802,11,0.135802469136,139,1.71604938272,183,625,7.71604938272,
Mike Bratz,CHI,1982-1983, 6-2,PG,27,15,140,9.33333333333,14,42,.333,1,8,.125,10,13,.769,3,0.2,16,1.06666666667,19,1.26666666667,23,1.53333333333,7,0.466666666667,0,0.0,14,0.933333333333,20,39,2.6,
Mike Bratz,GSW,1983-1984, 6-2,PG,28,82,1428,17.4146341463,213,521,.409,15,51,.294,120,137,.876,41,0.5,102,1.24390243902,143,1.74390243902,252,3.07317073171,84,1.0243902439,6,0.0731707317073,109,1.32926829268,155,561,6.84146341463,
Mike Bratz,GSW,1984-1985, 6-2,PG,29,56,746,13.3214285714,106,250,.424,6,26,.231,69,82,.841,11,0.196428571429,47,0.839285714286,58,1.03571428571,122,2.17857142857,47,0.839285714286,4,0.0714285714286,54,0.964285714286,76,287,5.125,
Mike Bratz,SAC,1985-1986, 6-2,PG,30,33,269,8.15151515152,26,70,.371,4,14,.286,14,18,.778,2,0.0606060606061,21,0.636363636364,23,0.69696969697,39,1.18181818182,13,0.393939393939,0,0.0,17,0.515151515152,43,70,2.12121212121,
