Player,Team,Season,Height,Position,Age,G,MIN,MINPG,FGM,FGA,FGP,TPM,TPA,TPP,FTM,FTA,FTP,ORB,ORBPG,DRB,DRBPG,TRB,TRBPG,AST,ASTPG,STL,STLPG,BLK,BLKPG,TO,TOPG,PF,PTS,PTSPG,
Mike Smrek,CHI,1985-1986, 7-0,C,23,38,408,10.7368421053,46,122,.377,0,2,.000,16,29,.552,46,1.21052631579,64,1.68421052632,110,2.89473684211,19,0.5,6,0.157894736842,23,0.605263157895,29,0.763157894737,95,108,2.84210526316,
Mike Smrek,LAL,1986-1987, 7-0,C,24,35,233,6.65714285714,30,60,.500,0,0,.000,16,25,.640,13,0.371428571429,24,0.685714285714,37,1.05714285714,5,0.142857142857,4,0.114285714286,13,0.371428571429,19,0.542857142857,70,76,2.17142857143,
Mike Smrek,LAL,1987-1988, 7-0,C,25,48,421,8.77083333333,44,103,.427,0,0,.000,44,66,.667,27,0.5625,58,1.20833333333,85,1.77083333333,8,0.166666666667,7,0.145833333333,42,0.875,30,0.625,105,132,2.75,
Mike Smrek,SAS,1988-1989, 7-0,PF,26,43,623,14.488372093,72,153,.471,0,0,.000,49,76,.645,42,0.976744186047,87,2.02325581395,129,3.0,12,0.279069767442,13,0.302325581395,58,1.3488372093,48,1.11627906977,102,193,4.48837209302,
Mike Smrek,GSW,1989-1990, 7-0,C,27,13,107,8.23076923077,10,24,.417,0,0,.000,1,6,.167,11,0.846153846154,23,1.76923076923,34,2.61538461538,1,0.0769230769231,4,0.307692307692,11,0.846153846154,9,0.692307692308,18,21,1.61538461538,
Mike Smrek,TOT,1990-1991, 7-0,C,28,15,95,6.33333333333,9,27,.333,0,0,.000,6,12,.500,7,0.466666666667,19,1.26666666667,26,1.73333333333,4,0.266666666667,3,0.2,3,0.2,3,0.2,27,24,1.6,
Mike Smrek,GSW,1990-1991, 7-0,C,28,5,25,5.0,6,11,.545,0,0,.000,2,4,.500,3,0.6,4,0.8,7,1.4,1,0.2,2,0.4,0,0.0,2,0.4,9,14,2.8,
Mike Smrek,LAC,1990-1991, 7-0,C,28,10,70,7.0,3,16,.188,0,0,.000,4,8,.500,4,0.4,15,1.5,19,1.9,3,0.3,1,0.1,3,0.3,1,0.1,18,10,1.0,
Mike Smrek,GSW,1991-1992, 7-0,C,29,2,3,1.5,0,0,.000,0,0,.000,0,0,.000,0,0.0,1,0.5,1,0.5,0,0.0,0,0.0,0,0.0,0,0.0,0,0,0.0,
