Player,Team,Season,Height,Position,Age,G,MIN,MINPG,FGM,FGA,FGP,TPM,TPA,TPP,FTM,FTA,FTP,ORB,ORBPG,DRB,DRBPG,TRB,TRBPG,AST,ASTPG,STL,STLPG,BLK,BLKPG,TO,TOPG,PF,PTS,PTSPG,
Mike Bloom,TOT,1947-1948, 6-6,,33,48,.000,0.0,174,640,.272,.000,.000,.000,160,229,.699,.000,0.0,.000,0.0,.000,0.0,38,0.791666666667,.000,0.0,.000,0.0,.000,0.0,116,508,10.5833333333,
Mike Bloom,BLB,1947-1948, 6-6,,33,34,.000,0.0,128,471,.272,.000,.000,.000,123,172,.715,.000,0.0,.000,0.0,.000,0.0,24,0.705882352941,.000,0.0,.000,0.0,.000,0.0,79,379,11.1470588235,
Mike Bloom,BOS,1947-1948, 6-6,,33,14,.000,0.0,46,169,.272,.000,.000,.000,37,57,.649,.000,0.0,.000,0.0,.000,0.0,14,1.0,.000,0.0,.000,0.0,.000,0.0,37,129,9.21428571429,
Mike Bloom,TOT,1948-1949, 6-6,,34,45,.000,0.0,35,181,.193,.000,.000,.000,56,74,.757,.000,0.0,.000,0.0,.000,0.0,32,0.711111111111,.000,0.0,.000,0.0,.000,0.0,53,126,2.8,
Mike Bloom,MNL,1948-1949, 6-6,,34,24,.000,0.0,13,92,.141,.000,.000,.000,29,40,.725,.000,0.0,.000,0.0,.000,0.0,15,0.625,.000,0.0,.000,0.0,.000,0.0,22,55,2.29166666667,
Mike Bloom,CHS,1948-1949, 6-6,,34,21,.000,0.0,22,89,.247,.000,.000,.000,27,34,.794,.000,0.0,.000,0.0,.000,0.0,17,0.809523809524,.000,0.0,.000,0.0,.000,0.0,31,71,3.38095238095,
