Player,Team,Season,Height,Position,Age,G,MIN,MINPG,FGM,FGA,FGP,TPM,TPA,TPP,FTM,FTA,FTP,ORB,ORBPG,DRB,DRBPG,TRB,TRBPG,AST,ASTPG,STL,STLPG,BLK,BLKPG,TO,TOPG,PF,PTS,PTSPG,
Mike Williams,TOT,1989-1990, 6-8,PF,26,21,102,4.85714285714,6,18,.333,0,1,.000,3,6,.500,5,0.238095238095,18,0.857142857143,23,1.09523809524,2,0.0952380952381,3,0.142857142857,7,0.333333333333,3,0.142857142857,30,15,0.714285714286,
Mike Williams,SAC,1989-1990, 6-8,PF,26,16,88,5.5,6,14,.429,0,1,.000,3,6,.500,5,0.3125,17,1.0625,22,1.375,2,0.125,3,0.1875,7,0.4375,3,0.1875,28,15,0.9375,
Mike Williams,ATL,1989-1990, 6-8,SF,26,5,14,2.8,0,4,.000,0,0,.000,0,0,.000,0,0.0,1,0.2,1,0.2,0,0.0,0,0.0,0,0.0,0,0.0,2,0,0.0,
