Player,Team,Season,Height,Position,Age,G,MIN,MINPG,FGM,FGA,FGP,TPM,TPA,TPP,FTM,FTA,FTP,ORB,ORBPG,DRB,DRBPG,TRB,TRBPG,AST,ASTPG,STL,STLPG,BLK,BLKPG,TO,TOPG,PF,PTS,PTSPG,
Mike Todorovich,TOT,1949-1950, 6-5,,26,65,.000,0.0,263,852,.309,.000,.000,.000,266,370,.719,.000,0.0,.000,0.0,.000,0.0,207,3.18461538462,.000,0.0,.000,0.0,.000,0.0,230,792,12.1846153846,
Mike Todorovich,STB,1949-1950, 6-5,,26,14,.000,0.0,31,116,.267,.000,.000,.000,35,56,.625,.000,0.0,.000,0.0,.000,0.0,19,1.35714285714,.000,0.0,.000,0.0,.000,0.0,47,97,6.92857142857,
Mike Todorovich,TRI,1949-1950, 6-5,,26,51,.000,0.0,232,736,.315,.000,.000,.000,231,314,.736,.000,0.0,.000,0.0,.000,0.0,188,3.6862745098,.000,0.0,.000,0.0,.000,0.0,183,695,13.6274509804,
Mike Todorovich,TRI,1950-1951, 6-5,,27,66,.000,0.0,221,715,.309,.000,.000,.000,211,301,.701,.000,0.0,.000,0.0,455,6.89393939394,179,2.71212121212,.000,0.0,.000,0.0,.000,0.0,197,653,9.89393939394,
