Player,Team,Season,Height,Position,Age,G,MIN,MINPG,FGM,FGA,FGP,TPM,TPA,TPP,FTM,FTA,FTP,ORB,ORBPG,DRB,DRBPG,TRB,TRBPG,AST,ASTPG,STL,STLPG,BLK,BLKPG,TO,TOPG,PF,PTS,PTSPG,
Mike Farmer,NYK,1958-1959, 6-7,SF,22,72,1545,21.4583333333,176,498,.353,.000,.000,.000,83,99,.838,.000,0.0,.000,0.0,315,4.375,66,0.916666666667,.000,0.0,.000,0.0,.000,0.0,152,435,6.04166666667,
Mike Farmer,NYK,1959-1960, 6-7,SF,23,67,1536,22.9253731343,212,568,.373,.000,.000,.000,70,83,.843,.000,0.0,.000,0.0,385,5.74626865672,57,0.850746268657,.000,0.0,.000,0.0,.000,0.0,130,494,7.37313432836,
Mike Farmer,TOT,1960-1961, 6-7,SF,24,59,1301,22.0508474576,180,461,.390,.000,.000,.000,69,94,.734,.000,0.0,.000,0.0,380,6.4406779661,81,1.37288135593,.000,0.0,.000,0.0,.000,0.0,130,429,7.27118644068,
Mike Farmer,NYK,1960-1961, 6-7,SF,24,2,6,3.0,0,1,.000,.000,.000,.000,0,0,.000,.000,0.0,.000,0.0,2,1.0,0,0.0,.000,0.0,.000,0.0,.000,0.0,2,0,0.0,
Mike Farmer,CIN,1960-1961, 6-7,SF,24,57,1295,22.7192982456,180,460,.391,.000,.000,.000,69,94,.734,.000,0.0,.000,0.0,378,6.63157894737,81,1.42105263158,.000,0.0,.000,0.0,.000,0.0,128,429,7.52631578947,
Mike Farmer,STL,1962-1963, 6-7,SF,26,80,1724,21.55,239,562,.425,.000,.000,.000,117,139,.842,.000,0.0,.000,0.0,369,4.6125,143,1.7875,.000,0.0,.000,0.0,.000,0.0,155,595,7.4375,
Mike Farmer,STL,1963-1964, 6-7,SF,27,76,1361,17.9078947368,178,438,.406,.000,.000,.000,68,83,.819,.000,0.0,.000,0.0,225,2.96052631579,109,1.43421052632,.000,0.0,.000,0.0,.000,0.0,140,424,5.57894736842,
Mike Farmer,STL,1964-1965, 6-7,SF,28,60,1272,21.2,167,408,.409,.000,.000,.000,75,94,.798,.000,0.0,.000,0.0,258,4.3,88,1.46666666667,.000,0.0,.000,0.0,.000,0.0,123,409,6.81666666667,
Mike Farmer,STL,1965-1966, 6-7,SF,29,9,79,8.77777777778,13,30,.433,.000,.000,.000,4,5,.800,.000,0.0,.000,0.0,18,2.0,6,0.666666666667,.000,0.0,.000,0.0,.000,0.0,10,30,3.33333333333,
