Player,Team,Season,Height,Position,Age,G,MIN,MINPG,FGM,FGA,FGP,TPM,TPA,TPP,FTM,FTA,FTP,ORB,ORBPG,DRB,DRBPG,TRB,TRBPG,AST,ASTPG,STL,STLPG,BLK,BLKPG,TO,TOPG,PF,PTS,PTSPG,
Mike Conley,MEM,2007-2008, 6-1,PG,20,53,1381,26.0566037736,189,442,.428,30,91,.330,90,123,.732,21,0.396226415094,118,2.22641509434,139,2.62264150943,222,4.18867924528,44,0.830188679245,2,0.0377358490566,89,1.67924528302,85,498,9.39622641509,
Mike Conley,MEM,2008-2009, 6-1,PG,21,82,2508,30.5853658537,323,730,.442,88,217,.406,161,197,.817,25,0.30487804878,251,3.06097560976,276,3.36585365854,354,4.31707317073,90,1.09756097561,8,0.0975609756098,143,1.74390243902,146,895,10.9146341463,
Mike Conley,MEM,2009-2010, 6-1,PG,22,80,2569,32.1125,369,830,.445,82,212,.387,139,187,.743,30,0.375,161,2.0125,191,2.3875,425,5.3125,109,1.3625,12,0.15,170,2.125,178,959,11.9875,
Mike Conley,MEM,2010-2011, 6-1,PG,23,81,2872,35.4567901235,423,953,.444,80,217,.369,181,247,.733,32,0.395061728395,215,2.65432098765,247,3.04938271605,528,6.51851851852,144,1.77777777778,18,0.222222222222,176,2.17283950617,182,1107,13.6666666667,
Mike Conley,MEM,2011-2012, 6-1,PG,24,62,2174,35.064516129,296,684,.433,60,159,.377,136,158,.861,22,0.354838709677,134,2.16129032258,156,2.51612903226,404,6.51612903226,136,2.1935483871,11,0.177419354839,125,2.01612903226,133,788,12.7096774194,
Mike Conley,MEM,2012-2013, 6-1,PG,25,61,2072,33.9672131148,292,674,.433,81,224,.362,167,197,.848,29,0.475409836066,127,2.08196721311,156,2.55737704918,383,6.27868852459,140,2.29508196721,19,0.311475409836,148,2.4262295082,127,832,13.6393442623,
