Player,Team,Season,Height,Position,Age,G,MIN,MINPG,FGM,FGA,FGP,TPM,TPA,TPP,FTM,FTA,FTP,ORB,ORBPG,DRB,DRBPG,TRB,TRBPG,AST,ASTPG,STL,STLPG,BLK,BLKPG,TO,TOPG,PF,PTS,PTSPG,
Mike Dabich,TOT,1967-1968, 7-0,,25,10,49,4.9,8,12,.667,0,0,.000,4,9,.444,.000,0.0,.000,0.0,13,1.3,2,0.2,.000,0.0,.000,0.0,5,0.5,12,20,2.0,
Mike Dabich,OAK,1967-1968, 7-0,,25,7,26,3.71428571429,4,5,.800,0,0,.000,2,4,.500,.000,0.0,.000,0.0,6,0.857142857143,1,0.142857142857,.000,0.0,.000,0.0,5,0.714285714286,5,10,1.42857142857,
Mike Dabich,DLC,1967-1968, 7-0,,25,3,23,7.66666666667,4,7,.571,0,0,.000,2,5,.400,.000,0.0,.000,0.0,7,2.33333333333,1,0.333333333333,.000,0.0,.000,0.0,0,0.0,7,10,3.33333333333,
