Player,Team,Season,Height,Position,Age,G,MIN,MINPG,FGM,FGA,FGP,TPM,TPA,TPP,FTM,FTA,FTP,ORB,ORBPG,DRB,DRBPG,TRB,TRBPG,AST,ASTPG,STL,STLPG,BLK,BLKPG,TO,TOPG,PF,PTS,PTSPG,
Mike Peplowski,SAC,1993-1994, 6-10,C,23,55,667,12.1272727273,76,141,.539,0,1,.000,24,44,.545,49,0.890909090909,120,2.18181818182,169,3.07272727273,24,0.436363636364,17,0.309090909091,25,0.454545454545,34,0.618181818182,131,176,3.2,
Mike Peplowski,DET,1994-1995, 6-10,C,24,6,21,3.5,5,5,1.000,0,0,.000,1,2,.500,1,0.166666666667,2,0.333333333333,3,0.5,1,0.166666666667,1,0.166666666667,0,0.0,2,0.333333333333,10,11,1.83333333333,
Mike Peplowski,TOT,1995-1996, 6-10,C,25,7,17,2.42857142857,3,5,.600,0,0,.000,1,3,.333,1,0.142857142857,3,0.428571428571,4,0.571428571429,1,0.142857142857,1,0.142857142857,2,0.285714285714,2,0.285714285714,10,7,1.0,
Mike Peplowski,WSB,1995-1996, 6-10,C,25,2,5,2.5,0,0,.000,0,0,.000,0,0,.000,0,0.0,0,0.0,0,0.0,0,0.0,0,0.0,0,0.0,0,0.0,4,0,0.0,
Mike Peplowski,MIL,1995-1996, 6-10,C,25,5,12,2.4,3,5,.600,0,0,.000,1,3,.333,1,0.2,3,0.6,4,0.8,1,0.2,1,0.2,2,0.4,2,0.4,6,7,1.4,
