Player,Team,Season,Height,Position,Age,G,MIN,MINPG,FGM,FGA,FGP,TPM,TPA,TPP,FTM,FTA,FTP,ORB,ORBPG,DRB,DRBPG,TRB,TRBPG,AST,ASTPG,STL,STLPG,BLK,BLKPG,TO,TOPG,PF,PTS,PTSPG,
Mike Sweetney,NYK,2003-2004, 6-8,PF,21,42,494,11.7619047619,69,140,.493,0,1,.000,42,58,.724,68,1.61904761905,89,2.11904761905,157,3.7380952381,14,0.333333333333,18,0.428571428571,12,0.285714285714,32,0.761904761905,57,180,4.28571428571,
Mike Sweetney,NYK,2004-2005, 6-8,C,22,77,1509,19.5974025974,237,446,.531,0,1,.000,176,235,.749,169,2.19480519481,249,3.23376623377,418,5.42857142857,44,0.571428571429,27,0.350649350649,28,0.363636363636,108,1.4025974026,224,650,8.44155844156,
Mike Sweetney,CHI,2005-2006, 6-8,C,23,66,1222,18.5151515152,200,444,.450,0,0,.000,133,204,.652,118,1.78787878788,232,3.51515151515,350,5.30303030303,59,0.893939393939,19,0.287878787879,56,0.848484848485,95,1.43939393939,209,533,8.07575757576,
Mike Sweetney,CHI,2006-2007, 6-8,C,24,48,385,8.02083333333,58,134,.433,0,0,.000,37,66,.561,45,0.9375,75,1.5625,120,2.5,28,0.583333333333,9,0.1875,11,0.229166666667,42,0.875,79,153,3.1875,
