Player,Team,Season,Height,Position,Age,G,MIN,MINPG,FGM,FGA,FGP,TPM,TPA,TPP,FTM,FTA,FTP,ORB,ORBPG,DRB,DRBPG,TRB,TRBPG,AST,ASTPG,STL,STLPG,BLK,BLKPG,TO,TOPG,PF,PTS,PTSPG,
Mike Novak,ROC,1948-1949, 6-9,,33,60,.000,0.0,124,363,.342,.000,.000,.000,72,124,.581,.000,0.0,.000,0.0,.000,0.0,112,1.86666666667,.000,0.0,.000,0.0,.000,0.0,188,320,5.33333333333,
Mike Novak,TOT,1949-1950, 6-9,,34,60,.000,0.0,37,149,.248,.000,.000,.000,25,47,.532,.000,0.0,.000,0.0,.000,0.0,61,1.01666666667,.000,0.0,.000,0.0,.000,0.0,139,99,1.65,
Mike Novak,ROC,1949-1950, 6-9,,34,5,.000,0.0,1,11,.091,.000,.000,.000,1,1,1.000,.000,0.0,.000,0.0,.000,0.0,4,0.8,.000,0.0,.000,0.0,.000,0.0,10,3,0.6,
Mike Novak,PHW,1949-1950, 6-9,,34,55,.000,0.0,36,138,.261,.000,.000,.000,24,46,.522,.000,0.0,.000,0.0,.000,0.0,57,1.03636363636,.000,0.0,.000,0.0,.000,0.0,129,96,1.74545454545,
Mike Novak,SYR,1953-1954, 6-9,PF,38,5,24,4.8,0,7,.000,.000,.000,.000,1,2,.500,.000,0.0,.000,0.0,2,0.4,2,0.4,.000,0.0,.000,0.0,.000,0.0,9,1,0.2,
