Player,Team,Season,Height,Position,Age,G,MIN,MINPG,FGM,FGA,FGP,TPM,TPA,TPP,FTM,FTA,FTP,ORB,ORBPG,DRB,DRBPG,TRB,TRBPG,AST,ASTPG,STL,STLPG,BLK,BLKPG,TO,TOPG,PF,PTS,PTSPG,
Mike Jackson,UTS,1972-1973, 6-7,PF,23,30,191,6.36666666667,36,83,.434,0,0,.000,28,46,.609,24,0.8,38,1.26666666667,62,2.06666666667,2,0.0666666666667,.000,0.0,.000,0.0,27,0.9,46,100,3.33333333333,
Mike Jackson,TOT,1973-1974, 6-7,PF,24,72,1474,20.4722222222,247,489,.505,3,7,.429,110,152,.724,140,1.94444444444,240,3.33333333333,380,5.27777777778,57,0.791666666667,25,0.347222222222,15,0.208333333333,109,1.51388888889,222,607,8.43055555556,
Mike Jackson,UTS,1973-1974, 6-7,PF,24,33,677,20.5151515152,107,237,.451,0,0,.000,54,68,.794,62,1.87878787879,105,3.18181818182,167,5.06060606061,23,0.69696969697,13,0.393939393939,10,0.30303030303,52,1.57575757576,103,268,8.12121212121,
Mike Jackson,MMT,1973-1974, 6-7,PF,24,39,797,20.4358974359,140,252,.556,3,7,.429,56,84,.667,78,2.0,135,3.46153846154,213,5.46153846154,34,0.871794871795,12,0.307692307692,5,0.128205128205,57,1.46153846154,119,339,8.69230769231,
Mike Jackson,VIR,1974-1975, 6-7,PF,25,82,2023,24.6707317073,382,724,.528,1,3,.333,232,295,.786,183,2.23170731707,274,3.34146341463,457,5.57317073171,82,1.0,47,0.573170731707,19,0.231707317073,212,2.58536585366,308,997,12.1585365854,
Mike Jackson,VIR,1975-1976, 6-7,PF,26,80,2230,27.875,390,781,.499,0,5,.000,199,250,.796,209,2.6125,398,4.975,607,7.5875,113,1.4125,45,0.5625,29,0.3625,190,2.375,306,979,12.2375,
