Player,Team,Season,Height,Position,Age,G,MIN,MINPG,FGM,FGA,FGP,TPM,TPA,TPP,FTM,FTA,FTP,ORB,ORBPG,DRB,DRBPG,TRB,TRBPG,AST,ASTPG,STL,STLPG,BLK,BLKPG,TO,TOPG,PF,PTS,PTSPG,
Mike Barrett,WSA,1969-1970, 6-2,SG,26,84,2262,26.9285714286,479,1126,.425,62,180,.344,232,305,.761,139,1.65476190476,157,1.86904761905,296,3.52380952381,259,3.08333333333,.000,0.0,.000,0.0,223,2.65476190476,243,1252,14.9047619048,
Mike Barrett,VIR,1970-1971, 6-2,PG,27,84,2754,32.7857142857,458,988,.464,28,103,.272,208,274,.759,130,1.54761904762,142,1.69047619048,272,3.2380952381,425,5.05952380952,.000,0.0,.000,0.0,255,3.03571428571,202,1152,13.7142857143,
Mike Barrett,SDA,1972-1973, 6-2,SG,29,19,284,14.9473684211,37,101,.366,4,20,.200,18,35,.514,8,0.421052631579,16,0.842105263158,24,1.26315789474,46,2.42105263158,.000,0.0,.000,0.0,39,2.05263157895,28,96,5.05263157895,
