Player,Team,Season,Height,Position,Age,G,MIN,MINPG,FGM,FGA,FGP,TPM,TPA,TPP,FTM,FTA,FTP,ORB,ORBPG,DRB,DRBPG,TRB,TRBPG,AST,ASTPG,STL,STLPG,BLK,BLKPG,TO,TOPG,PF,PTS,PTSPG,
Mike Barr,VIR,1972-1973, 6-3,SG,22,79,2076,26.2784810127,289,612,.472,1,4,.250,141,188,.750,76,0.962025316456,151,1.91139240506,227,2.87341772152,254,3.21518987342,.000,0.0,.000,0.0,185,2.3417721519,220,720,9.11392405063,
Mike Barr,VIR,1973-1974, 6-3,SG,23,45,652,14.4888888889,82,171,.480,2,5,.400,33,43,.767,22,0.488888888889,49,1.08888888889,71,1.57777777778,82,1.82222222222,27,0.6,4,0.0888888888889,60,1.33333333333,80,199,4.42222222222,
Mike Barr,SSL,1974-1975, 6-3,SG,24,54,1341,24.8333333333,136,269,.506,0,2,.000,28,41,.683,20,0.37037037037,75,1.38888888889,95,1.75925925926,176,3.25925925926,67,1.24074074074,14,0.259259259259,100,1.85185185185,117,300,5.55555555556,
Mike Barr,SSL,1975-1976, 6-3,SG,25,56,1048,18.7142857143,124,240,.517,6,16,.375,46,55,.836,29,0.517857142857,80,1.42857142857,109,1.94642857143,174,3.10714285714,64,1.14285714286,7,0.125,83,1.48214285714,76,300,5.35714285714,
Mike Barr,KCK,1976-1977, 6-3,SG,26,73,1224,16.7671232877,122,279,.437,.000,.000,.000,41,57,.719,33,0.452054794521,97,1.32876712329,130,1.78082191781,175,2.39726027397,52,0.712328767123,18,0.246575342466,.000,0.0,96,285,3.90410958904,
