Player,Team,Season,Height,Position,Age,G,MIN,MINPG,FGM,FGA,FGP,TPM,TPA,TPP,FTM,FTA,FTP,ORB,ORBPG,DRB,DRBPG,TRB,TRBPG,AST,ASTPG,STL,STLPG,BLK,BLKPG,TO,TOPG,PF,PTS,PTSPG,
Mike O'Koren,NJN,1980-1981, 6-7,SF,22,79,2473,31.3037974684,365,751,.486,5,18,.278,135,212,.637,179,2.26582278481,299,3.78481012658,478,6.05063291139,252,3.18987341772,86,1.08860759494,27,0.341772151899,146,1.84810126582,243,870,11.0126582278,
Mike O'Koren,NJN,1981-1982, 6-7,SF,23,80,2018,25.225,383,778,.492,8,23,.348,135,189,.714,111,1.3875,194,2.425,305,3.8125,192,2.4,83,1.0375,13,0.1625,147,1.8375,175,909,11.3625,
Mike O'Koren,NJN,1982-1983, 6-7,SF,24,46,803,17.4565217391,136,259,.525,2,9,.222,34,48,.708,42,0.913043478261,72,1.5652173913,114,2.47826086957,82,1.78260869565,42,0.913043478261,11,0.239130434783,62,1.34782608696,67,308,6.69565217391,
Mike O'Koren,NJN,1983-1984, 6-7,SF,25,73,1191,16.3150684932,186,385,.483,5,28,.179,53,87,.609,71,0.972602739726,104,1.42465753425,175,2.39726027397,95,1.30136986301,34,0.465753424658,11,0.150684931507,75,1.02739726027,148,430,5.8904109589,
Mike O'Koren,NJN,1984-1985, 6-7,SF,26,43,1119,26.023255814,194,393,.494,8,21,.381,42,67,.627,46,1.06976744186,120,2.79069767442,166,3.86046511628,102,2.37209302326,32,0.744186046512,16,0.372093023256,51,1.18604651163,115,438,10.1860465116,
Mike O'Koren,NJN,1985-1986, 6-7,SF,27,67,1031,15.3880597015,160,336,.476,7,27,.259,23,39,.590,33,0.492537313433,102,1.5223880597,135,2.01492537313,118,1.76119402985,29,0.432835820896,9,0.134328358209,54,0.805970149254,134,350,5.22388059701,
Mike O'Koren,WSB,1986-1987, 6-7,SF,28,15,123,8.2,16,42,.381,0,2,.000,0,2,.000,6,0.4,8,0.533333333333,14,0.933333333333,13,0.866666666667,2,0.133333333333,0,0.0,6,0.4,10,32,2.13333333333,
Mike O'Koren,NJN,1987-1988, 6-7,SF,29,4,52,13.0,9,16,.563,0,1,.000,0,4,.000,1,0.25,3,0.75,4,1.0,2,0.5,3,0.75,2,0.5,0,0.0,2,18,4.5,
