Player,Team,Season,Height,Position,Age,G,MIN,MINPG,FGM,FGA,FGP,TPM,TPA,TPP,FTM,FTA,FTP,ORB,ORBPG,DRB,DRBPG,TRB,TRBPG,AST,ASTPG,STL,STLPG,BLK,BLKPG,TO,TOPG,PF,PTS,PTSPG,
Mike Butler,NOB,1968-1969, 6-2,SG,22,77,1315,17.0779220779,207,528,.392,50,162,.309,112,133,.842,26,0.337662337662,89,1.15584415584,115,1.49350649351,171,2.22077922078,.000,0.0,.000,0.0,113,1.46753246753,130,576,7.48051948052,
Mike Butler,NOB,1969-1970, 6-2,SG,23,83,1728,20.8192771084,298,800,.373,87,300,.290,135,161,.839,10,0.120481927711,109,1.31325301205,119,1.43373493976,134,1.61445783133,.000,0.0,.000,0.0,103,1.24096385542,193,818,9.85542168675,
Mike Butler,UTS,1970-1971, 6-2,SG,24,71,1414,19.9154929577,271,646,.420,32,125,.256,153,168,.911,24,0.338028169014,107,1.50704225352,131,1.84507042254,186,2.61971830986,.000,0.0,.000,0.0,107,1.50704225352,142,727,10.2394366197,
Mike Butler,UTS,1971-1972, 6-2,SG,25,14,97,6.92857142857,14,36,.389,3,9,.333,6,7,.857,4,0.285714285714,6,0.428571428571,10,0.714285714286,13,0.928571428571,.000,0.0,.000,0.0,12,0.857142857143,18,37,2.64285714286,
