Player,Team,Season,Height,Position,Age,G,MIN,MINPG,FGM,FGA,FGP,TPM,TPA,TPP,FTM,FTA,FTP,ORB,ORBPG,DRB,DRBPG,TRB,TRBPG,AST,ASTPG,STL,STLPG,BLK,BLKPG,TO,TOPG,PF,PTS,PTSPG,
Mike Holton,PHO,1984-1985, 6-4,SG,23,74,1761,23.7972972973,257,576,.446,14,45,.311,96,118,.814,30,0.405405405405,102,1.37837837838,132,1.78378378378,198,2.67567567568,59,0.797297297297,6,0.0810810810811,123,1.66216216216,141,624,8.43243243243,
Mike Holton,TOT,1985-1986, 6-4,PG,24,28,512,18.2857142857,77,175,.440,1,12,.083,28,44,.636,11,0.392857142857,22,0.785714285714,33,1.17857142857,55,1.96428571429,25,0.892857142857,0,0.0,27,0.964285714286,47,183,6.53571428571,
Mike Holton,PHO,1985-1986, 6-4,SG,24,4,65,16.25,4,20,.200,0,2,.000,4,6,.667,1,0.25,2,0.5,3,0.75,7,1.75,2,0.5,0,0.0,4,1.0,7,12,3.0,
Mike Holton,CHI,1985-1986, 6-4,PG,24,24,447,18.625,73,155,.471,1,10,.100,24,38,.632,10,0.416666666667,20,0.833333333333,30,1.25,48,2.0,23,0.958333333333,0,0.0,23,0.958333333333,40,171,7.125,
Mike Holton,POR,1986-1987, 6-4,PG,25,58,479,8.25862068966,70,171,.409,7,23,.304,44,55,.800,9,0.155172413793,29,0.5,38,0.655172413793,73,1.25862068966,16,0.275862068966,2,0.0344827586207,41,0.706896551724,51,191,3.29310344828,
Mike Holton,POR,1987-1988, 6-4,PG,26,82,1279,15.5975609756,163,353,.462,3,15,.200,107,129,.829,50,0.609756097561,99,1.20731707317,149,1.81707317073,211,2.57317073171,41,0.5,10,0.121951219512,86,1.0487804878,154,436,5.31707317073,
Mike Holton,CHH,1988-1989, 6-4,PG,27,67,1696,25.3134328358,215,504,.427,3,14,.214,120,143,.839,30,0.44776119403,75,1.11940298507,105,1.5671641791,424,6.32835820896,66,0.985074626866,12,0.179104477612,119,1.77611940299,165,553,8.25373134328,
Mike Holton,CHH,1989-1990, 6-4,PG,28,16,109,6.8125,14,26,.538,0,0,.000,1,2,.500,1,0.0625,1,0.0625,2,0.125,16,1.0,1,0.0625,0,0.0,13,0.8125,19,29,1.8125,
