Player,Team,Season,Height,Position,Age,G,MIN,MINPG,FGM,FGA,FGP,TPM,TPA,TPP,FTM,FTA,FTP,ORB,ORBPG,DRB,DRBPG,TRB,TRBPG,AST,ASTPG,STL,STLPG,BLK,BLKPG,TO,TOPG,PF,PTS,PTSPG,
Mike Penberthy,LAL,2000-2001, 6-3,PG,26,53,851,16.0566037736,92,222,.414,55,139,.396,28,31,.903,10,0.188679245283,53,1.0,63,1.18867924528,71,1.33962264151,22,0.415094339623,2,0.0377358490566,34,0.641509433962,57,267,5.03773584906,
Mike Penberthy,LAL,2001-2002, 6-3,PG,27,3,12,4.0,1,2,.500,0,0,.000,3,4,.750,0,0.0,2,0.666666666667,2,0.666666666667,2,0.666666666667,2,0.666666666667,0,0.0,0,0.0,0,5,1.66666666667,
