Player,Team,Season,Height,Position,Age,G,MIN,MINPG,FGM,FGA,FGP,TPM,TPA,TPP,FTM,FTA,FTP,ORB,ORBPG,DRB,DRBPG,TRB,TRBPG,AST,ASTPG,STL,STLPG,BLK,BLKPG,TO,TOPG,PF,PTS,PTSPG,
Mike Higgins,TOT,1989-1990, 6-9,SF,22,11,50,4.54545454545,3,8,.375,0,0,.000,8,10,.800,2,0.181818181818,2,0.181818181818,4,0.363636363636,3,0.272727272727,2,0.181818181818,2,0.181818181818,1,0.0909090909091,5,14,1.27272727273,
Mike Higgins,LAL,1989-1990, 6-9,SF,22,6,18,3.0,0,0,.000,0,0,.000,1,2,.500,1,0.166666666667,0,0.0,1,0.166666666667,1,0.166666666667,1,0.166666666667,2,0.333333333333,0,0.0,4,1,0.166666666667,
Mike Higgins,DEN,1989-1990, 6-9,SF,22,5,32,6.4,3,8,.375,0,0,.000,7,8,.875,1,0.2,2,0.4,3,0.6,2,0.4,1,0.2,0,0.0,1,0.2,1,13,2.6,
Mike Higgins,SAC,1990-1991, 6-9,SF,23,7,61,8.71428571429,6,10,.600,0,0,.000,4,7,.571,4,0.571428571429,1,0.142857142857,5,0.714285714286,2,0.285714285714,0,0.0,2,0.285714285714,4,0.571428571429,16,16,2.28571428571,
