Player,Team,Season,Height,Position,Age,G,MIN,MINPG,FGM,FGA,FGP,TPM,TPA,TPP,FTM,FTA,FTP,ORB,ORBPG,DRB,DRBPG,TRB,TRBPG,AST,ASTPG,STL,STLPG,BLK,BLKPG,TO,TOPG,PF,PTS,PTSPG,
Milt Palacio,VAN,1999-2000, 6-3,PG,21,53,394,7.43396226415,43,98,.439,0,2,.000,22,37,.595,17,0.320754716981,34,0.641509433962,51,0.962264150943,48,0.905660377358,20,0.377358490566,0,0.0,44,0.830188679245,32,108,2.03773584906,
Milt Palacio,BOS,2000-2001, 6-3,PG,22,58,1141,19.6724137931,126,267,.472,12,36,.333,78,92,.848,25,0.431034482759,77,1.3275862069,102,1.75862068966,151,2.60344827586,48,0.827586206897,0,0.0,80,1.37931034483,83,342,5.89655172414,
Milt Palacio,TOT,2001-2002, 6-3,PG,23,69,790,11.4492753623,82,214,.383,13,41,.317,54,74,.730,11,0.159420289855,62,0.898550724638,73,1.05797101449,83,1.20289855072,30,0.434782608696,4,0.0579710144928,40,0.579710144928,61,231,3.34782608696,
Milt Palacio,BOS,2001-2002, 6-3,PG,23,41,518,12.6341463415,52,135,.385,12,34,.353,36,51,.706,8,0.19512195122,42,1.0243902439,50,1.21951219512,54,1.31707317073,21,0.512195121951,3,0.0731707317073,24,0.585365853659,38,152,3.70731707317,
Milt Palacio,PHO,2001-2002, 6-3,SG,23,28,272,9.71428571429,30,79,.380,1,7,.143,18,23,.783,3,0.107142857143,20,0.714285714286,23,0.821428571429,29,1.03571428571,9,0.321428571429,1,0.0357142857143,16,0.571428571429,23,79,2.82142857143,
Milt Palacio,CLE,2002-2003, 6-3,PG,24,80,1976,24.7,162,388,.418,8,37,.216,65,87,.747,48,0.6,187,2.3375,235,2.9375,259,3.2375,68,0.85,16,0.2,131,1.6375,168,397,4.9625,
Milt Palacio,TOR,2003-2004, 6-3,PG,25,59,1211,20.5254237288,104,298,.349,4,26,.154,45,68,.662,15,0.254237288136,87,1.47457627119,102,1.72881355932,184,3.1186440678,41,0.694915254237,11,0.186440677966,87,1.47457627119,90,257,4.35593220339,
Milt Palacio,TOR,2004-2005, 6-3,PG,26,80,1533,19.1625,175,392,.446,2,12,.167,115,155,.742,26,0.325,108,1.35,134,1.675,279,3.4875,48,0.6,13,0.1625,104,1.3,126,467,5.8375,
Milt Palacio,UTA,2005-2006, 6-3,PG,27,71,1376,19.3802816901,171,403,.424,1,16,.063,98,150,.653,17,0.239436619718,117,1.64788732394,134,1.88732394366,190,2.67605633803,47,0.661971830986,14,0.197183098592,110,1.54929577465,125,441,6.21126760563,
