Player,Team,Season,Height,Position,Age,G,MIN,MINPG,FGM,FGA,FGP,TPM,TPA,TPP,FTM,FTA,FTP,ORB,ORBPG,DRB,DRBPG,TRB,TRBPG,AST,ASTPG,STL,STLPG,BLK,BLKPG,TO,TOPG,PF,PTS,PTSPG,
Milt Williams,NYK,1970-1971, 6-2,PG,25,5,13,2.6,1,1,1.000,.000,.000,.000,2,3,.667,.000,0.0,.000,0.0,0,0.0,2,0.4,.000,0.0,.000,0.0,.000,0.0,3,4,0.8,
Milt Williams,ATL,1971-1972, 6-2,PG,26,10,127,12.7,23,53,.434,.000,.000,.000,21,29,.724,.000,0.0,.000,0.0,4,0.4,20,2.0,.000,0.0,.000,0.0,.000,0.0,18,67,6.7,
Milt Williams,SEA,1973-1974, 6-2,PG,28,53,505,9.52830188679,62,149,.416,.000,.000,.000,41,63,.651,19,0.358490566038,28,0.528301886792,47,0.88679245283,103,1.94339622642,25,0.471698113208,0,0.0,.000,0.0,82,165,3.11320754717,
Milt Williams,SSL,1974-1975, 6-2,PG,29,4,95,23.75,11,19,.579,0,0,.000,0,0,.000,4,1.0,9,2.25,13,3.25,12,3.0,10,2.5,0,0.0,10,2.5,10,22,5.5,
