Player,Team,Season,Height,Position,Age,G,MIN,MINPG,FGM,FGA,FGP,TPM,TPA,TPP,FTM,FTA,FTP,ORB,ORBPG,DRB,DRBPG,TRB,TRBPG,AST,ASTPG,STL,STLPG,BLK,BLKPG,TO,TOPG,PF,PTS,PTSPG,
Mirsad Turkcan,TOT,1999-2000, 6-9,PF,23,17,90,5.29411764706,14,38,.368,0,6,.000,5,8,.625,13,0.764705882353,20,1.17647058824,33,1.94117647059,5,0.294117647059,3,0.176470588235,1,0.0588235294118,8,0.470588235294,14,33,1.94117647059,
Mirsad Turkcan,NYK,1999-2000, 6-9,PF,23,7,25,3.57142857143,2,10,.200,0,2,.000,0,0,.000,2,0.285714285714,8,1.14285714286,10,1.42857142857,1,0.142857142857,2,0.285714285714,0,0.0,1,0.142857142857,4,4,0.571428571429,
Mirsad Turkcan,MIL,1999-2000, 6-9,PF,23,10,65,6.5,12,28,.429,0,4,.000,5,8,.625,11,1.1,12,1.2,23,2.3,4,0.4,1,0.1,1,0.1,7,0.7,10,29,2.9,
