Player,Team,Season,Height,Position,Age,G,MIN,MINPG,FGM,FGA,FGP,TPM,TPA,TPP,FTM,FTA,FTP,ORB,ORBPG,DRB,DRBPG,TRB,TRBPG,AST,ASTPG,STL,STLPG,BLK,BLKPG,TO,TOPG,PF,PTS,PTSPG,
Mirza Teletovic,BRK,2012-2013, 6-8,C,27,42,396,9.42857142857,55,152,.362,29,90,.322,7,8,.875,29,0.690476190476,49,1.16666666667,78,1.85714285714,23,0.547619047619,10,0.238095238095,5,0.119047619048,14,0.333333333333,42,146,3.47619047619,
