Player,Team,Season,Height,Position,Age,G,MIN,MINPG,FGM,FGA,FGP,TPM,TPA,TPP,FTM,FTA,FTP,ORB,ORBPG,DRB,DRBPG,TRB,TRBPG,AST,ASTPG,STL,STLPG,BLK,BLKPG,TO,TOPG,PF,PTS,PTSPG,
Mitch Kupchak,WSB,1976-1977, 6-9,C,22,82,1513,18.4512195122,341,596,.572,.000,.000,.000,170,246,.691,183,2.23170731707,311,3.79268292683,494,6.0243902439,62,0.756097560976,22,0.268292682927,34,0.414634146341,.000,0.0,204,852,10.3902439024,
Mitch Kupchak,WSB,1977-1978, 6-9,PF,23,67,1759,26.2537313433,393,768,.512,.000,.000,.000,280,402,.697,162,2.41791044776,298,4.44776119403,460,6.86567164179,71,1.05970149254,28,0.417910447761,42,0.626865671642,184,2.74626865672,196,1066,15.9104477612,
Mitch Kupchak,WSB,1978-1979, 6-9,PF,24,66,1604,24.303030303,369,685,.539,.000,.000,.000,223,300,.743,152,2.30303030303,278,4.21212121212,430,6.51515151515,88,1.33333333333,23,0.348484848485,23,0.348484848485,120,1.81818181818,141,961,14.5606060606,
Mitch Kupchak,WSB,1979-1980, 6-9,PF,25,40,451,11.275,67,160,.419,0,2,.000,52,75,.693,32,0.8,73,1.825,105,2.625,16,0.4,8,0.2,8,0.2,40,1.0,49,186,4.65,
Mitch Kupchak,WSB,1980-1981, 6-9,PF,26,82,1934,23.5853658537,392,747,.525,0,1,.000,240,340,.706,198,2.41463414634,371,4.5243902439,569,6.93902439024,62,0.756097560976,36,0.439024390244,26,0.317073170732,161,1.96341463415,195,1024,12.487804878,
Mitch Kupchak,LAL,1981-1982, 6-9,PF,27,26,821,31.5769230769,153,267,.573,0,0,.000,65,98,.663,64,2.46153846154,146,5.61538461538,210,8.07692307692,33,1.26923076923,12,0.461538461538,10,0.384615384615,43,1.65384615385,80,371,14.2692307692,
Mitch Kupchak,LAL,1983-1984, 6-9,PF,29,34,324,9.52941176471,41,108,.380,0,1,.000,22,34,.647,35,1.02941176471,52,1.52941176471,87,2.55882352941,7,0.205882352941,4,0.117647058824,6,0.176470588235,22,0.647058823529,46,104,3.05882352941,
Mitch Kupchak,LAL,1984-1985, 6-9,PF,30,58,716,12.3448275862,123,244,.504,0,0,.000,60,91,.659,68,1.1724137931,116,2.0,184,3.1724137931,21,0.362068965517,19,0.327586206897,20,0.344827586207,48,0.827586206897,104,306,5.27586206897,
Mitch Kupchak,LAL,1985-1986, 6-9,PF,31,55,783,14.2363636364,124,257,.482,0,1,.000,84,112,.750,69,1.25454545455,122,2.21818181818,191,3.47272727273,17,0.309090909091,12,0.218181818182,7,0.127272727273,64,1.16363636364,102,332,6.03636363636,
