Player,Team,Season,Height,Position,Age,G,MIN,MINPG,FGM,FGA,FGP,TPM,TPA,TPP,FTM,FTA,FTP,ORB,ORBPG,DRB,DRBPG,TRB,TRBPG,AST,ASTPG,STL,STLPG,BLK,BLKPG,TO,TOPG,PF,PTS,PTSPG,
Mitchell Wiggins,CHI,1983-1984, 6-4,SG,24,82,2123,25.8902439024,399,890,.448,7,29,.241,213,287,.742,138,1.68292682927,190,2.31707317073,328,4.0,187,2.28048780488,106,1.29268292683,11,0.134146341463,139,1.69512195122,278,1018,12.4146341463,
Mitchell Wiggins,HOU,1984-1985, 6-4,SG,25,82,1575,19.2073170732,318,657,.484,6,23,.261,96,131,.733,110,1.34146341463,125,1.5243902439,235,2.86585365854,119,1.4512195122,83,1.01219512195,13,0.158536585366,90,1.09756097561,195,738,9.0,
Mitchell Wiggins,HOU,1985-1986, 6-4,SG,26,78,1198,15.358974359,222,489,.454,1,12,.083,86,118,.729,87,1.11538461538,72,0.923076923077,159,2.03846153846,101,1.29487179487,59,0.75641025641,5,0.0641025641026,62,0.794871794872,155,531,6.80769230769,
Mitchell Wiggins,HOU,1986-1987, 6-4,SG,27,32,788,24.625,153,350,.437,0,5,.000,49,65,.754,74,2.3125,59,1.84375,133,4.15625,76,2.375,44,1.375,3,0.09375,50,1.5625,82,355,11.09375,
Mitchell Wiggins,HOU,1989-1990, 6-4,SG,30,66,1852,28.0606060606,416,853,.488,0,3,.000,192,237,.810,133,2.01515151515,153,2.31818181818,286,4.33333333333,104,1.57575757576,85,1.28787878788,1,0.0151515151515,87,1.31818181818,165,1024,15.5151515152,
Mitchell Wiggins,PHI,1991-1992, 6-4,SG,32,49,569,11.612244898,88,229,.384,0,1,.000,35,51,.686,43,0.877551020408,51,1.04081632653,94,1.91836734694,22,0.448979591837,20,0.408163265306,1,0.0204081632653,25,0.510204081633,67,211,4.30612244898,
