Player,Team,Season,Height,Position,Age,G,MIN,MINPG,FGM,FGA,FGP,TPM,TPA,TPP,FTM,FTA,FTP,ORB,ORBPG,DRB,DRBPG,TRB,TRBPG,AST,ASTPG,STL,STLPG,BLK,BLKPG,TO,TOPG,PF,PTS,PTSPG,
Mitchell Butler,WSB,1993-1994, 6-5,SG,23,75,1321,17.6133333333,207,418,.495,0,5,.000,104,180,.578,106,1.41333333333,119,1.58666666667,225,3.0,77,1.02666666667,54,0.72,20,0.266666666667,87,1.16,131,518,6.90666666667,
Mitchell Butler,WSB,1994-1995, 6-5,SG,24,76,1554,20.4473684211,214,508,.421,46,141,.326,123,185,.665,43,0.565789473684,127,1.67105263158,170,2.23684210526,91,1.19736842105,61,0.802631578947,10,0.131578947368,106,1.39473684211,155,597,7.85526315789,
Mitchell Butler,WSB,1995-1996, 6-5,SG,25,61,858,14.0655737705,88,229,.384,13,60,.217,48,83,.578,29,0.475409836066,89,1.45901639344,118,1.93442622951,67,1.09836065574,41,0.672131147541,12,0.196721311475,67,1.09836065574,104,237,3.88524590164,
Mitchell Butler,POR,1996-1997, 6-5,SG,26,49,465,9.48979591837,52,125,.416,12,39,.308,32,50,.640,19,0.387755102041,34,0.69387755102,53,1.08163265306,30,0.612244897959,13,0.265306122449,2,0.0408163265306,27,0.551020408163,55,148,3.02040816327,
Mitchell Butler,CLE,1997-1998, 6-5,SG,27,18,206,11.4444444444,15,47,.319,1,6,.167,6,10,.600,6,0.333333333333,16,0.888888888889,22,1.22222222222,18,1.0,8,0.444444444444,0,0.0,8,0.444444444444,26,37,2.05555555556,
Mitchell Butler,CLE,1998-1999, 6-5,SG,28,31,418,13.4838709677,67,139,.482,11,29,.379,23,32,.719,13,0.41935483871,31,1.0,44,1.41935483871,22,0.709677419355,15,0.483870967742,4,0.129032258065,29,0.935483870968,41,168,5.41935483871,
Mitchell Butler,POR,2001-2002, 6-5,SG,31,11,90,8.18181818182,10,23,.435,1,3,.333,8,12,.667,6,0.545454545455,8,0.727272727273,14,1.27272727273,5,0.454545454545,0,0.0,1,0.0909090909091,5,0.454545454545,10,29,2.63636363636,
Mitchell Butler,WAS,2003-2004, 6-5,SG,33,41,552,13.4634146341,54,124,.435,11,30,.367,15,24,.625,24,0.585365853659,47,1.14634146341,71,1.73170731707,32,0.780487804878,22,0.536585365854,4,0.0975609756098,24,0.585365853659,54,134,3.26829268293,
