Player,Team,Season,Height,Position,Age,G,MIN,MINPG,FGM,FGA,FGP,TPM,TPA,TPP,FTM,FTA,FTP,ORB,ORBPG,DRB,DRBPG,TRB,TRBPG,AST,ASTPG,STL,STLPG,BLK,BLKPG,TO,TOPG,PF,PTS,PTSPG,
Moe Becker,TOT,1946-1947, 6-1,,29,43,.000,0.0,70,358,.196,.000,.000,.000,22,44,.500,.000,0.0,.000,0.0,.000,0.0,30,0.697674418605,.000,0.0,.000,0.0,.000,0.0,98,162,3.76744186047,
Moe Becker,PIT,1946-1947, 6-1,,29,17,.000,0.0,46,229,.201,.000,.000,.000,16,30,.533,.000,0.0,.000,0.0,.000,0.0,14,0.823529411765,.000,0.0,.000,0.0,.000,0.0,50,108,6.35294117647,
Moe Becker,BOS,1946-1947, 6-1,,29,6,.000,0.0,5,22,.227,.000,.000,.000,3,4,.750,.000,0.0,.000,0.0,.000,0.0,1,0.166666666667,.000,0.0,.000,0.0,.000,0.0,15,13,2.16666666667,
Moe Becker,DTF,1946-1947, 6-1,,29,20,.000,0.0,19,107,.178,.000,.000,.000,3,10,.300,.000,0.0,.000,0.0,.000,0.0,15,0.75,.000,0.0,.000,0.0,.000,0.0,33,41,2.05,
