Player,Team,Season,Height,Position,Age,G,MIN,MINPG,FGM,FGA,FGP,TPM,TPA,TPP,FTM,FTA,FTP,ORB,ORBPG,DRB,DRBPG,TRB,TRBPG,AST,ASTPG,STL,STLPG,BLK,BLKPG,TO,TOPG,PF,PTS,PTSPG,
Monte Towe,DNA,1975-1976, 5-7,PG,22,64,576,9.0,72,179,.402,9,42,.214,36,44,.818,6,0.09375,49,0.765625,55,0.859375,136,2.125,37,0.578125,5,0.078125,81,1.265625,84,189,2.953125,
Monte Towe,DEN,1976-1977, 5-7,PG,23,51,409,8.01960784314,56,138,.406,.000,.000,.000,18,25,.720,8,0.156862745098,26,0.509803921569,34,0.666666666667,87,1.70588235294,16,0.313725490196,0,0.0,.000,0.0,61,130,2.54901960784,
