Player,Team,Season,Height,Position,Age,G,MIN,MINPG,FGM,FGA,FGP,TPM,TPA,TPP,FTM,FTA,FTP,ORB,ORBPG,DRB,DRBPG,TRB,TRBPG,AST,ASTPG,STL,STLPG,BLK,BLKPG,TO,TOPG,PF,PTS,PTSPG,
Morris Almond,UTA,2007-2008, 6-6,SG,22,9,39,4.33333333333,4,15,.267,1,4,.250,4,6,.667,0,0.0,2,0.222222222222,2,0.222222222222,3,0.333333333333,1,0.111111111111,0,0.0,2,0.222222222222,5,13,1.44444444444,
Morris Almond,UTA,2008-2009, 6-6,SG,23,25,255,10.2,33,81,.407,5,17,.294,21,26,.808,9,0.36,27,1.08,36,1.44,7,0.28,4,0.16,4,0.16,16,0.64,31,92,3.68,
Morris Almond,WAS,2011-2012, 6-6,SG,26,4,67,16.75,6,17,.353,1,3,.333,1,3,.333,1,0.25,7,1.75,8,2.0,2,0.5,7,1.75,0,0.0,1,0.25,6,14,3.5,
