Player,Team,Season,Height,Position,Age,G,MIN,MINPG,FGM,FGA,FGP,TPM,TPA,TPP,FTM,FTA,FTP,ORB,ORBPG,DRB,DRBPG,TRB,TRBPG,AST,ASTPG,STL,STLPG,BLK,BLKPG,TO,TOPG,PF,PTS,PTSPG,
Mouhamed Sene,SEA,2006-2007, 6-11,C,20,28,169,6.03571428571,18,49,.367,0,0,.000,17,29,.586,16,0.571428571429,29,1.03571428571,45,1.60714285714,0,0.0,3,0.107142857143,12,0.428571428571,11,0.392857142857,33,53,1.89285714286,
Mouhamed Sene,SEA,2007-2008, 6-11,C,21,13,62,4.76923076923,11,24,.458,0,0,.000,8,17,.471,7,0.538461538462,9,0.692307692308,16,1.23076923077,1,0.0769230769231,0,0.0,7,0.538461538462,0,0.0,9,30,2.30769230769,
Mouhamed Sene,TOT,2008-2009, 6-11,C,22,6,29,4.83333333333,6,9,.667,0,0,.000,8,10,.800,5,0.833333333333,9,1.5,14,2.33333333333,0,0.0,1,0.166666666667,3,0.5,4,0.666666666667,2,20,3.33333333333,
Mouhamed Sene,OKC,2008-2009, 6-11,C,22,5,23,4.6,5,7,.714,0,0,.000,7,9,.778,3,0.6,6,1.2,9,1.8,0,0.0,1,0.2,2,0.4,3,0.6,2,17,3.4,
Mouhamed Sene,NYK,2008-2009, 6-11,C,22,1,6,6.0,1,2,.500,0,0,.000,1,1,1.000,2,2.0,3,3.0,5,5.0,0,0.0,0,0.0,1,1.0,1,1.0,0,3,3.0,
