Player,Team,Season,Height,Position,Age,G,MIN,MINPG,FGM,FGA,FGP,TPM,TPA,TPP,FTM,FTA,FTP,ORB,ORBPG,DRB,DRBPG,TRB,TRBPG,AST,ASTPG,STL,STLPG,BLK,BLKPG,TO,TOPG,PF,PTS,PTSPG,
Nando De Colo,SAS,2012-2013, 6-5,SG,25,57,653,11.4561403509,71,164,.433,21,57,.368,28,36,.778,17,0.298245614035,76,1.33333333333,93,1.63157894737,98,1.71929824561,24,0.421052631579,5,0.0877192982456,60,1.05263157895,53,191,3.35087719298,
