Player,Team,Season,Height,Position,Age,G,MIN,MINPG,FGM,FGA,FGP,TPM,TPA,TPP,FTM,FTA,FTP,ORB,ORBPG,DRB,DRBPG,TRB,TRBPG,AST,ASTPG,STL,STLPG,BLK,BLKPG,TO,TOPG,PF,PTS,PTSPG,
Nat Militzok,TOT,1946-1947, 6-3,,23,57,.000,0.0,90,343,.262,.000,.000,.000,64,112,.571,.000,0.0,.000,0.0,.000,0.0,42,0.736842105263,.000,0.0,.000,0.0,.000,0.0,120,244,4.28070175439,
Nat Militzok,NYK,1946-1947, 6-3,,23,36,.000,0.0,52,214,.243,.000,.000,.000,40,73,.548,.000,0.0,.000,0.0,.000,0.0,28,0.777777777778,.000,0.0,.000,0.0,.000,0.0,91,144,4.0,
Nat Militzok,TRH,1946-1947, 6-3,,23,21,.000,0.0,38,129,.295,.000,.000,.000,24,39,.615,.000,0.0,.000,0.0,.000,0.0,14,0.666666666667,.000,0.0,.000,0.0,.000,0.0,29,100,4.7619047619,
