Player,Team,Season,Height,Position,Age,G,MIN,MINPG,FGM,FGA,FGP,TPM,TPA,TPP,FTM,FTA,FTP,ORB,ORBPG,DRB,DRBPG,TRB,TRBPG,AST,ASTPG,STL,STLPG,BLK,BLKPG,TO,TOPG,PF,PTS,PTSPG,
Nate Hawthorne,LAL,1973-1974, 6-4,SG,24,33,229,6.93939393939,38,93,.409,.000,.000,.000,30,48,.625,16,0.484848484848,16,0.484848484848,32,0.969696969697,23,0.69696969697,9,0.272727272727,6,0.181818181818,.000,0.0,33,106,3.21212121212,
Nate Hawthorne,PHO,1974-1975, 6-4,SG,25,50,618,12.36,118,287,.411,.000,.000,.000,61,94,.649,34,0.68,58,1.16,92,1.84,39,0.78,30,0.6,21,0.42,.000,0.0,94,297,5.94,
Nate Hawthorne,PHO,1975-1976, 6-4,SG,26,79,1144,14.4810126582,182,423,.430,.000,.000,.000,115,170,.676,86,1.08860759494,123,1.55696202532,209,2.64556962025,46,0.582278481013,33,0.417721518987,15,0.189873417722,.000,0.0,147,479,6.06329113924,
