Player,Team,Season,Height,Position,Age,G,MIN,MINPG,FGM,FGA,FGP,TPM,TPA,TPP,FTM,FTA,FTP,ORB,ORBPG,DRB,DRBPG,TRB,TRBPG,AST,ASTPG,STL,STLPG,BLK,BLKPG,TO,TOPG,PF,PTS,PTSPG,
Nate Bowman,CHI,1966-1967, 6-10,C,23,9,65,7.22222222222,8,21,.381,.000,.000,.000,6,8,.750,.000,0.0,.000,0.0,28,3.11111111111,2,0.222222222222,.000,0.0,.000,0.0,.000,0.0,18,22,2.44444444444,
Nate Bowman,NYK,1967-1968, 6-10,C,24,42,272,6.47619047619,52,134,.388,.000,.000,.000,10,15,.667,.000,0.0,.000,0.0,113,2.69047619048,20,0.47619047619,.000,0.0,.000,0.0,.000,0.0,69,114,2.71428571429,
Nate Bowman,NYK,1968-1969, 6-10,C,25,67,607,9.05970149254,82,226,.363,.000,.000,.000,29,61,.475,.000,0.0,.000,0.0,220,3.28358208955,53,0.791044776119,.000,0.0,.000,0.0,.000,0.0,142,193,2.88059701493,
Nate Bowman,NYK,1969-1970, 6-10,C,26,81,744,9.18518518519,98,235,.417,.000,.000,.000,41,79,.519,.000,0.0,.000,0.0,257,3.17283950617,46,0.567901234568,.000,0.0,.000,0.0,.000,0.0,189,237,2.92592592593,
Nate Bowman,BUF,1970-1971, 6-10,C,27,44,483,10.9772727273,58,148,.392,.000,.000,.000,20,38,.526,.000,0.0,.000,0.0,173,3.93181818182,41,0.931818181818,.000,0.0,.000,0.0,.000,0.0,91,136,3.09090909091,
Nate Bowman,PTC,1971-1972, 6-10,C,28,18,217,12.0555555556,19,53,.358,0,1,.000,5,9,.556,32,1.77777777778,55,3.05555555556,87,4.83333333333,13,0.722222222222,.000,0.0,.000,0.0,17,0.944444444444,48,43,2.38888888889,
