Player,Team,Season,Height,Position,Age,G,MIN,MINPG,FGM,FGA,FGP,TPM,TPA,TPP,FTM,FTA,FTP,ORB,ORBPG,DRB,DRBPG,TRB,TRBPG,AST,ASTPG,STL,STLPG,BLK,BLKPG,TO,TOPG,PF,PTS,PTSPG,
Nathan Jawai,TOR,2008-2009, 6-10,PF,22,6,19,3.16666666667,1,4,.250,0,0,.000,0,0,.000,1,0.166666666667,1,0.166666666667,2,0.333333333333,0,0.0,0,0.0,0,0.0,2,0.333333333333,3,2,0.333333333333,
Nathan Jawai,MIN,2009-2010, 6-10,C,23,39,412,10.5641025641,49,111,.441,0,1,.000,26,38,.684,49,1.25641025641,55,1.41025641026,104,2.66666666667,24,0.615384615385,10,0.25641025641,9,0.230769230769,27,0.692307692308,58,124,3.17948717949,
