Player,Team,Season,Height,Position,Age,G,MIN,MINPG,FGM,FGA,FGP,TPM,TPA,TPP,FTM,FTA,FTP,ORB,ORBPG,DRB,DRBPG,TRB,TRBPG,AST,ASTPG,STL,STLPG,BLK,BLKPG,TO,TOPG,PF,PTS,PTSPG,
Nathaniel Clifton,NYK,1950-1951, 6-6,PF,28,65,.000,0.0,211,656,.322,.000,.000,.000,140,263,.532,.000,0.0,.000,0.0,491,7.55384615385,162,2.49230769231,.000,0.0,.000,0.0,.000,0.0,269,562,8.64615384615,
Nathaniel Clifton,NYK,1951-1952, 6-6,PF,29,62,2101,33.8870967742,244,729,.335,.000,.000,.000,170,256,.664,.000,0.0,.000,0.0,731,11.7903225806,209,3.37096774194,.000,0.0,.000,0.0,.000,0.0,227,658,10.6129032258,
Nathaniel Clifton,NYK,1952-1953, 6-6,PF,30,70,2496,35.6571428571,272,794,.343,.000,.000,.000,200,343,.583,.000,0.0,.000,0.0,761,10.8714285714,231,3.3,.000,0.0,.000,0.0,.000,0.0,274,744,10.6285714286,
Nathaniel Clifton,NYK,1953-1954, 6-6,PF,31,72,2179,30.2638888889,257,699,.368,.000,.000,.000,174,277,.628,.000,0.0,.000,0.0,528,7.33333333333,176,2.44444444444,.000,0.0,.000,0.0,.000,0.0,215,688,9.55555555556,
Nathaniel Clifton,NYK,1954-1955, 6-6,PF,32,72,2390,33.1944444444,360,932,.386,.000,.000,.000,224,328,.683,.000,0.0,.000,0.0,612,8.5,198,2.75,.000,0.0,.000,0.0,.000,0.0,221,944,13.1111111111,
Nathaniel Clifton,NYK,1955-1956, 6-6,PF,33,64,1537,24.015625,213,541,.394,.000,.000,.000,135,191,.707,.000,0.0,.000,0.0,386,6.03125,151,2.359375,.000,0.0,.000,0.0,.000,0.0,189,561,8.765625,
Nathaniel Clifton,NYK,1956-1957, 6-6,PF,34,71,2231,31.4225352113,308,818,.377,.000,.000,.000,146,217,.673,.000,0.0,.000,0.0,557,7.84507042254,164,2.30985915493,.000,0.0,.000,0.0,.000,0.0,243,762,10.7323943662,
Nathaniel Clifton,DET,1957-1958, 6-6,PF,35,68,1435,21.1029411765,217,597,.363,.000,.000,.000,91,146,.623,.000,0.0,.000,0.0,403,5.92647058824,76,1.11764705882,.000,0.0,.000,0.0,.000,0.0,202,525,7.72058823529,
