Player,Team,Season,Height,Position,Age,G,MIN,MINPG,FGM,FGA,FGP,TPM,TPA,TPP,FTM,FTA,FTP,ORB,ORBPG,DRB,DRBPG,TRB,TRBPG,AST,ASTPG,STL,STLPG,BLK,BLKPG,TO,TOPG,PF,PTS,PTSPG,
Neil Johnston,PHW,1951-1952, 6-8,C,22,64,993,15.515625,141,299,.472,.000,.000,.000,100,151,.662,.000,0.0,.000,0.0,342,5.34375,39,0.609375,.000,0.0,.000,0.0,.000,0.0,154,382,5.96875,
Neil Johnston,PHW,1952-1953, 6-8,C,23,70,3166,45.2285714286,504,1114,.452,.000,.000,.000,556,794,.700,.000,0.0,.000,0.0,976,13.9428571429,197,2.81428571429,.000,0.0,.000,0.0,.000,0.0,248,1564,22.3428571429,
Neil Johnston,PHW,1953-1954, 6-8,C,24,72,3296,45.7777777778,591,1317,.449,.000,.000,.000,577,772,.747,.000,0.0,.000,0.0,797,11.0694444444,203,2.81944444444,.000,0.0,.000,0.0,.000,0.0,259,1759,24.4305555556,
Neil Johnston,PHW,1954-1955, 6-8,C,25,72,2917,40.5138888889,521,1184,.440,.000,.000,.000,589,769,.766,.000,0.0,.000,0.0,1085,15.0694444444,215,2.98611111111,.000,0.0,.000,0.0,.000,0.0,255,1631,22.6527777778,
Neil Johnston,PHW,1955-1956, 6-8,C,26,70,2594,37.0571428571,499,1092,.457,.000,.000,.000,549,685,.801,.000,0.0,.000,0.0,872,12.4571428571,225,3.21428571429,.000,0.0,.000,0.0,.000,0.0,251,1547,22.1,
Neil Johnston,PHW,1956-1957, 6-8,C,27,69,2531,36.6811594203,520,1163,.447,.000,.000,.000,535,648,.826,.000,0.0,.000,0.0,855,12.3913043478,203,2.94202898551,.000,0.0,.000,0.0,.000,0.0,231,1575,22.8260869565,
Neil Johnston,PHW,1957-1958, 6-8,C,28,71,2408,33.9154929577,473,1102,.429,.000,.000,.000,442,540,.819,.000,0.0,.000,0.0,790,11.1267605634,166,2.33802816901,.000,0.0,.000,0.0,.000,0.0,233,1388,19.5492957746,
Neil Johnston,PHW,1958-1959, 6-8,C,29,28,393,14.0357142857,54,164,.329,.000,.000,.000,69,88,.784,.000,0.0,.000,0.0,139,4.96428571429,21,0.75,.000,0.0,.000,0.0,.000,0.0,50,177,6.32142857143,
