Player,Team,Season,Height,Position,Age,G,MIN,MINPG,FGM,FGA,FGP,TPM,TPA,TPP,FTM,FTA,FTP,ORB,ORBPG,DRB,DRBPG,TRB,TRBPG,AST,ASTPG,STL,STLPG,BLK,BLKPG,TO,TOPG,PF,PTS,PTSPG,
Neil Johnson,NYK,1966-1967, 6-7,PF,23,51,522,10.2352941176,59,171,.345,.000,.000,.000,57,86,.663,.000,0.0,.000,0.0,167,3.27450980392,38,0.745098039216,.000,0.0,.000,0.0,.000,0.0,102,175,3.43137254902,
Neil Johnson,NYK,1967-1968, 6-7,PF,24,43,286,6.6511627907,44,106,.415,.000,.000,.000,23,48,.479,.000,0.0,.000,0.0,75,1.74418604651,33,0.767441860465,.000,0.0,.000,0.0,.000,0.0,63,111,2.58139534884,
Neil Johnson,PHO,1968-1969, 6-7,PF,25,80,1319,16.4875,177,368,.481,.000,.000,.000,110,177,.621,.000,0.0,.000,0.0,396,4.95,134,1.675,.000,0.0,.000,0.0,.000,0.0,214,464,5.8,
Neil Johnson,PHO,1969-1970, 6-7,PF,26,28,136,4.85714285714,20,60,.333,.000,.000,.000,8,12,.667,.000,0.0,.000,0.0,47,1.67857142857,12,0.428571428571,.000,0.0,.000,0.0,.000,0.0,38,48,1.71428571429,
Neil Johnson,VIR,1970-1971, 6-7,PF,27,78,1838,23.5641025641,398,758,.525,0,2,.000,194,259,.749,268,3.4358974359,400,5.12820512821,668,8.5641025641,179,2.29487179487,.000,0.0,.000,0.0,163,2.08974358974,295,990,12.6923076923,
Neil Johnson,VIR,1971-1972, 6-7,PF,28,31,874,28.1935483871,128,273,.469,1,3,.333,65,94,.691,109,3.51612903226,177,5.70967741935,286,9.22580645161,78,2.51612903226,.000,0.0,.000,0.0,67,2.16129032258,123,322,10.3870967742,
Neil Johnson,VIR,1972-1973, 6-7,PF,29,69,1442,20.8985507246,210,429,.490,0,1,.000,103,156,.660,156,2.26086956522,208,3.01449275362,364,5.27536231884,158,2.28985507246,.000,0.0,.000,0.0,131,1.89855072464,232,523,7.57971014493,
