Player,Team,Season,Height,Position,Age,G,MIN,MINPG,FGM,FGA,FGP,TPM,TPA,TPP,FTM,FTA,FTP,ORB,ORBPG,DRB,DRBPG,TRB,TRBPG,AST,ASTPG,STL,STLPG,BLK,BLKPG,TO,TOPG,PF,PTS,PTSPG,
Nelson Bobb,PHW,1949-1950, 6-0,PG,25,57,.000,0.0,80,248,.323,.000,.000,.000,82,131,.626,.000,0.0,.000,0.0,.000,0.0,46,0.80701754386,.000,0.0,.000,0.0,.000,0.0,97,242,4.24561403509,
Nelson Bobb,PHW,1950-1951, 6-0,PG,26,53,.000,0.0,52,158,.329,.000,.000,.000,44,79,.557,.000,0.0,.000,0.0,101,1.90566037736,82,1.54716981132,.000,0.0,.000,0.0,.000,0.0,83,148,2.79245283019,
Nelson Bobb,PHW,1951-1952, 6-0,PG,27,62,1192,19.2258064516,110,306,.359,.000,.000,.000,99,167,.593,.000,0.0,.000,0.0,147,2.37096774194,168,2.70967741935,.000,0.0,.000,0.0,.000,0.0,182,319,5.14516129032,
Nelson Bobb,PHW,1952-1953, 6-0,PG,28,55,1286,23.3818181818,119,318,.374,.000,.000,.000,105,162,.648,.000,0.0,.000,0.0,157,2.85454545455,192,3.49090909091,.000,0.0,.000,0.0,.000,0.0,161,343,6.23636363636,
