Player,Team,Season,Height,Position,Age,G,MIN,MINPG,FGM,FGA,FGP,TPM,TPA,TPP,FTM,FTA,FTP,ORB,ORBPG,DRB,DRBPG,TRB,TRBPG,AST,ASTPG,STL,STLPG,BLK,BLKPG,TO,TOPG,PF,PTS,PTSPG,
Nick Vanos,PHO,1985-1986, 7-1,C,22,11,202,18.3636363636,23,72,.319,0,0,.000,8,23,.348,21,1.90909090909,39,3.54545454545,60,5.45454545455,16,1.45454545455,2,0.181818181818,5,0.454545454545,20,1.81818181818,34,54,4.90909090909,
Nick Vanos,PHO,1986-1987, 7-1,C,23,57,640,11.2280701754,65,158,.411,0,2,.000,38,59,.644,67,1.17543859649,113,1.98245614035,180,3.15789473684,43,0.754385964912,19,0.333333333333,23,0.40350877193,48,0.842105263158,94,168,2.94736842105,
