Player,Team,Season,Height,Position,Age,G,MIN,MINPG,FGM,FGA,FGP,TPM,TPA,TPP,FTM,FTA,FTP,ORB,ORBPG,DRB,DRBPG,TRB,TRBPG,AST,ASTPG,STL,STLPG,BLK,BLKPG,TO,TOPG,PF,PTS,PTSPG,
Nick Weatherspoon,CAP,1973-1974, 6-7,SF,23,65,1216,18.7076923077,199,483,.412,.000,.000,.000,96,139,.691,133,2.04615384615,264,4.06153846154,397,6.10769230769,38,0.584615384615,48,0.738461538462,16,0.246153846154,.000,0.0,179,494,7.6,
Nick Weatherspoon,WSB,1974-1975, 6-7,SF,24,82,1347,16.4268292683,256,562,.456,.000,.000,.000,103,138,.746,132,1.60975609756,214,2.60975609756,346,4.21951219512,51,0.621951219512,65,0.792682926829,21,0.256097560976,.000,0.0,212,615,7.5,
Nick Weatherspoon,WSB,1975-1976, 6-7,SF,25,64,1083,16.921875,218,458,.476,.000,.000,.000,96,137,.701,85,1.328125,189,2.953125,274,4.28125,55,0.859375,46,0.71875,16,0.25,.000,0.0,172,532,8.3125,
Nick Weatherspoon,TOT,1976-1977, 6-7,SF,26,62,1657,26.7258064516,310,690,.449,.000,.000,.000,91,144,.632,120,1.93548387097,308,4.96774193548,428,6.90322580645,53,0.854838709677,52,0.838709677419,28,0.451612903226,.000,0.0,168,711,11.4677419355,
Nick Weatherspoon,WSB,1976-1977, 6-7,SF,26,11,152,13.8181818182,27,76,.355,.000,.000,.000,5,8,.625,11,1.0,13,1.18181818182,24,2.18181818182,2,0.181818181818,3,0.272727272727,5,0.454545454545,.000,0.0,19,59,5.36363636364,
Nick Weatherspoon,SEA,1976-1977, 6-7,SF,26,51,1505,29.5098039216,283,614,.461,.000,.000,.000,86,136,.632,109,2.13725490196,295,5.78431372549,404,7.92156862745,51,1.0,49,0.960784313725,23,0.450980392157,.000,0.0,149,652,12.7843137255,
Nick Weatherspoon,CHI,1977-1978, 6-7,SF,27,41,611,14.9024390244,86,194,.443,.000,.000,.000,37,42,.881,57,1.39024390244,68,1.65853658537,125,3.0487804878,32,0.780487804878,19,0.463414634146,10,0.243902439024,49,1.19512195122,74,209,5.09756097561,
Nick Weatherspoon,SDC,1978-1979, 6-7,SF,28,82,2642,32.2195121951,479,998,.480,.000,.000,.000,176,238,.739,179,2.18292682927,275,3.35365853659,454,5.53658536585,135,1.64634146341,80,0.975609756098,37,0.451219512195,184,2.24390243902,287,1134,13.8292682927,
Nick Weatherspoon,SDC,1979-1980, 6-7,SF,29,57,1124,19.7192982456,164,378,.434,0,0,.000,63,91,.692,83,1.45614035088,125,2.19298245614,208,3.64912280702,54,0.947368421053,34,0.59649122807,17,0.298245614035,86,1.50877192982,136,391,6.85964912281,
