Player,Team,Season,Height,Position,Age,G,MIN,MINPG,FGM,FGA,FGP,TPM,TPA,TPP,FTM,FTA,FTP,ORB,ORBPG,DRB,DRBPG,TRB,TRBPG,AST,ASTPG,STL,STLPG,BLK,BLKPG,TO,TOPG,PF,PTS,PTSPG,
Nick Mantis,MNL,1959-1960, 6-3,SG,24,10,71,7.1,10,39,.256,.000,.000,.000,1,2,.500,.000,0.0,.000,0.0,6,0.6,9,0.9,.000,0.0,.000,0.0,.000,0.0,8,21,2.1,
Nick Mantis,TOT,1962-1963, 6-3,SG,27,42,684,16.2857142857,94,244,.385,.000,.000,.000,27,49,.551,.000,0.0,.000,0.0,85,2.02380952381,82,1.95238095238,.000,0.0,.000,0.0,.000,0.0,94,215,5.11904761905,
Nick Mantis,STL,1962-1963, 6-3,SG,27,9,58,6.44444444444,8,20,.400,.000,.000,.000,3,9,.333,.000,0.0,.000,0.0,6,0.666666666667,7,0.777777777778,.000,0.0,.000,0.0,.000,0.0,13,19,2.11111111111,
Nick Mantis,CHZ,1962-1963, 6-3,SG,27,33,626,18.9696969697,86,224,.384,.000,.000,.000,24,40,.600,.000,0.0,.000,0.0,79,2.39393939394,75,2.27272727273,.000,0.0,.000,0.0,.000,0.0,81,196,5.93939393939,
