Player,Team,Season,Height,Position,Age,G,MIN,MINPG,FGM,FGA,FGP,TPM,TPA,TPP,FTM,FTA,FTP,ORB,ORBPG,DRB,DRBPG,TRB,TRBPG,AST,ASTPG,STL,STLPG,BLK,BLKPG,TO,TOPG,PF,PTS,PTSPG,
Nick Jones,SDR,1967-1968, 6-2,PG,22,42,603,14.3571428571,86,232,.371,.000,.000,.000,55,69,.797,.000,0.0,.000,0.0,67,1.59523809524,89,2.11904761905,.000,0.0,.000,0.0,.000,0.0,84,227,5.40476190476,
Nick Jones,TOT,1968-1969, 6-2,,23,7,81,11.5714285714,9,28,.321,0,2,.000,2,6,.333,5,0.714285714286,3,0.428571428571,8,1.14285714286,6,0.857142857143,.000,0.0,.000,0.0,6,0.857142857143,14,20,2.85714285714,
Nick Jones,DLC,1968-1969, 6-2,,23,4,60,15.0,6,20,.300,0,2,.000,2,6,.333,4,1.0,1,0.25,5,1.25,5,1.25,.000,0.0,.000,0.0,6,1.5,10,14,3.5,
Nick Jones,MMF,1968-1969, 6-2,,23,3,21,7.0,3,8,.375,0,0,.000,0,0,.000,1,0.333333333333,2,0.666666666667,3,1.0,1,0.333333333333,.000,0.0,.000,0.0,0,0.0,4,6,2.0,
Nick Jones,SFW,1970-1971, 6-2,SG,25,81,1183,14.6049382716,225,523,.430,.000,.000,.000,111,151,.735,.000,0.0,.000,0.0,110,1.35802469136,113,1.3950617284,.000,0.0,.000,0.0,.000,0.0,192,561,6.92592592593,
Nick Jones,GSW,1971-1972, 6-2,SG,26,65,478,7.35384615385,82,196,.418,.000,.000,.000,51,61,.836,.000,0.0,.000,0.0,39,0.6,45,0.692307692308,.000,0.0,.000,0.0,.000,0.0,109,215,3.30769230769,
Nick Jones,DLC,1972-1973, 6-2,PG,27,3,16,5.33333333333,3,8,.375,0,0,.000,2,3,.667,1,0.333333333333,0,0.0,1,0.333333333333,1,0.333333333333,.000,0.0,.000,0.0,2,0.666666666667,4,8,2.66666666667,
