Player,Team,Season,Height,Position,Age,G,MIN,MINPG,FGM,FGA,FGP,TPM,TPA,TPP,FTM,FTA,FTP,ORB,ORBPG,DRB,DRBPG,TRB,TRBPG,AST,ASTPG,STL,STLPG,BLK,BLKPG,TO,TOPG,PF,PTS,PTSPG,
Nicolas Batum,POR,2008-2009, 6-8,SF,20,79,1454,18.4050632911,161,361,.446,62,168,.369,42,52,.808,84,1.06329113924,136,1.72151898734,220,2.78481012658,74,0.936708860759,50,0.632911392405,40,0.506329113924,50,0.632911392405,139,426,5.39240506329,
Nicolas Batum,POR,2009-2010, 6-8,SF,21,37,918,24.8108108108,139,268,.519,54,132,.409,43,51,.843,32,0.864864864865,109,2.94594594595,141,3.81081081081,44,1.18918918919,24,0.648648648649,25,0.675675675676,27,0.72972972973,83,375,10.1351351351,
Nicolas Batum,POR,2010-2011, 6-8,SF,22,80,2522,31.525,367,807,.455,118,342,.345,138,164,.841,109,1.3625,252,3.15,361,4.5125,123,1.5375,68,0.85,49,0.6125,83,1.0375,194,990,12.375,
Nicolas Batum,POR,2011-2012, 6-8,SF,23,59,1791,30.3559322034,289,641,.451,107,274,.391,133,159,.836,81,1.37288135593,190,3.22033898305,271,4.59322033898,84,1.42372881356,57,0.966101694915,60,1.01694915254,90,1.52542372881,105,818,13.8644067797,
Nicolas Batum,POR,2012-2013, 6-8,SF,24,62,2398,38.6774193548,309,727,.425,137,378,.362,165,194,.851,88,1.41935483871,279,4.5,367,5.91935483871,296,4.77419354839,79,1.27419354839,71,1.14516129032,169,2.72580645161,111,920,14.8387096774,
