Player,Team,Season,Height,Position,Age,G,MIN,MINPG,FGM,FGA,FGP,TPM,TPA,TPP,FTM,FTA,FTP,ORB,ORBPG,DRB,DRBPG,TRB,TRBPG,AST,ASTPG,STL,STLPG,BLK,BLKPG,TO,TOPG,PF,PTS,PTSPG,
Nikola Pekovic,MIN,2010-2011, 6-11,C,25,65,887,13.6461538462,136,263,.517,0,0,.000,87,114,.763,90,1.38461538462,103,1.58461538462,193,2.96923076923,27,0.415384615385,18,0.276923076923,35,0.538461538462,91,1.4,181,359,5.52307692308,
Nikola Pekovic,MIN,2011-2012, 6-11,C,26,47,1264,26.8936170213,256,454,.564,0,0,.000,139,187,.743,181,3.85106382979,165,3.51063829787,346,7.36170212766,31,0.659574468085,29,0.617021276596,31,0.659574468085,87,1.85106382979,98,651,13.8510638298,
Nikola Pekovic,MIN,2012-2013, 6-11,C,27,48,1519,31.6458333333,295,579,.509,0,0,.000,171,233,.734,180,3.75,244,5.08333333333,424,8.83333333333,42,0.875,35,0.729166666667,41,0.854166666667,85,1.77083333333,110,761,15.8541666667,
