Player,Team,Season,Height,Position,Age,G,MIN,MINPG,FGM,FGA,FGP,TPM,TPA,TPP,FTM,FTA,FTP,ORB,ORBPG,DRB,DRBPG,TRB,TRBPG,AST,ASTPG,STL,STLPG,BLK,BLKPG,TO,TOPG,PF,PTS,PTSPG,
Nikola Vucevic,PHI,2011-2012, 6-10,C,21,51,812,15.9215686275,131,291,.450,3,8,.375,18,34,.529,88,1.72549019608,158,3.09803921569,246,4.82352941176,31,0.607843137255,20,0.392156862745,34,0.666666666667,33,0.647058823529,111,283,5.54901960784,
Nikola Vucevic,ORL,2012-2013, 6-10,C,22,65,2116,32.5538461538,364,697,.522,0,3,.000,65,95,.684,222,3.41538461538,518,7.96923076923,740,11.3846153846,114,1.75384615385,43,0.661538461538,66,1.01538461538,113,1.73846153846,180,793,12.2,
