Player,Team,Season,Height,Position,Age,G,MIN,MINPG,FGM,FGA,FGP,TPM,TPA,TPP,FTM,FTA,FTP,ORB,ORBPG,DRB,DRBPG,TRB,TRBPG,AST,ASTPG,STL,STLPG,BLK,BLKPG,TO,TOPG,PF,PTS,PTSPG,
Noble Jorgensen,PIT,1946-1947, 6-9,C,21,15,.000,0.0,25,112,.223,.000,.000,.000,16,25,.640,.000,0.0,.000,0.0,.000,0.0,4,0.266666666667,.000,0.0,.000,0.0,.000,0.0,40,66,4.4,
Noble Jorgensen,SHE,1949-1950, 6-9,C,24,54,.000,0.0,218,618,.353,.000,.000,.000,268,350,.766,.000,0.0,.000,0.0,.000,0.0,90,1.66666666667,.000,0.0,.000,0.0,.000,0.0,201,704,13.037037037,
Noble Jorgensen,TOT,1950-1951, 6-9,C,25,63,.000,0.0,223,600,.372,.000,.000,.000,182,265,.687,.000,0.0,.000,0.0,338,5.36507936508,91,1.44444444444,.000,0.0,.000,0.0,.000,0.0,237,628,9.96825396825,
Noble Jorgensen,TRI,1950-1951, 6-9,C,25,22,.000,0.0,87,238,.366,.000,.000,.000,72,102,.706,.000,0.0,.000,0.0,112,5.09090909091,27,1.22727272727,.000,0.0,.000,0.0,.000,0.0,92,246,11.1818181818,
Noble Jorgensen,SYR,1950-1951, 6-9,C,25,41,.000,0.0,136,362,.376,.000,.000,.000,110,163,.675,.000,0.0,.000,0.0,226,5.51219512195,64,1.56097560976,.000,0.0,.000,0.0,.000,0.0,145,382,9.31707317073,
Noble Jorgensen,SYR,1951-1952, 6-9,C,26,66,1318,19.9696969697,190,460,.413,.000,.000,.000,149,187,.797,.000,0.0,.000,0.0,288,4.36363636364,63,0.954545454545,.000,0.0,.000,0.0,.000,0.0,190,529,8.01515151515,
Noble Jorgensen,SYR,1952-1953, 6-9,C,27,70,1355,19.3571428571,145,436,.333,.000,.000,.000,146,199,.734,.000,0.0,.000,0.0,236,3.37142857143,76,1.08571428571,.000,0.0,.000,0.0,.000,0.0,247,436,6.22857142857,
