Player,Team,Season,Height,Position,Age,G,MIN,MINPG,FGM,FGA,FGP,TPM,TPA,TPP,FTM,FTA,FTP,ORB,ORBPG,DRB,DRBPG,TRB,TRBPG,AST,ASTPG,STL,STLPG,BLK,BLKPG,TO,TOPG,PF,PTS,PTSPG,
Norm Richardson,TOT,2001-2002, 6-5,SG,22,11,67,6.09090909091,10,26,.385,4,8,.500,6,9,.667,3,0.272727272727,5,0.454545454545,8,0.727272727273,2,0.181818181818,0,0.0,0,0.0,3,0.272727272727,5,30,2.72727272727,
Norm Richardson,IND,2001-2002, 6-5,SG,22,3,4,1.33333333333,0,3,.000,0,0,.000,0,0,.000,1,0.333333333333,0,0.0,1,0.333333333333,1,0.333333333333,0,0.0,0,0.0,0,0.0,0,0,0.0,
Norm Richardson,CHI,2001-2002, 6-5,SG,22,8,63,7.875,10,23,.435,4,8,.500,6,9,.667,2,0.25,5,0.625,7,0.875,1,0.125,0,0.0,0,0.0,3,0.375,5,30,3.75,
