Player,Team,Season,Height,Position,Age,G,MIN,MINPG,FGM,FGA,FGP,TPM,TPA,TPP,FTM,FTA,FTP,ORB,ORBPG,DRB,DRBPG,TRB,TRBPG,AST,ASTPG,STL,STLPG,BLK,BLKPG,TO,TOPG,PF,PTS,PTSPG,
Norris Coleman,LAC,1987-1988, 6-8,SF,26,29,431,14.8620689655,66,191,.346,1,2,.500,20,36,.556,36,1.24137931034,45,1.55172413793,81,2.79310344828,13,0.448275862069,11,0.379310344828,6,0.206896551724,16,0.551724137931,51,153,5.27586206897,
