Player,Team,Season,Height,Position,Age,G,MIN,MINPG,FGM,FGA,FGP,TPM,TPA,TPP,FTM,FTA,FTP,ORB,ORBPG,DRB,DRBPG,TRB,TRBPG,AST,ASTPG,STL,STLPG,BLK,BLKPG,TO,TOPG,PF,PTS,PTSPG,
O.J. Mayo,MEM,2008-2009, 6-4,SG,21,82,3120,38.0487804878,562,1283,.438,145,378,.384,247,281,.879,56,0.682926829268,252,3.07317073171,308,3.75609756098,262,3.19512195122,91,1.10975609756,13,0.158536585366,226,2.75609756098,204,1516,18.487804878,
O.J. Mayo,MEM,2009-2010, 6-4,SG,22,82,3113,37.9634146341,542,1183,.458,136,355,.383,212,262,.809,61,0.743902439024,250,3.0487804878,311,3.79268292683,242,2.9512195122,98,1.19512195122,17,0.207317073171,176,2.14634146341,174,1432,17.4634146341,
O.J. Mayo,MEM,2010-2011, 6-4,SG,23,71,1869,26.323943662,304,747,.407,96,264,.364,99,131,.756,35,0.492957746479,135,1.9014084507,170,2.39436619718,145,2.04225352113,73,1.02816901408,26,0.366197183099,99,1.39436619718,127,803,11.3098591549,
O.J. Mayo,MEM,2011-2012, 6-4,SG,24,66,1771,26.8333333333,300,736,.408,100,275,.364,133,172,.773,30,0.454545454545,180,2.72727272727,210,3.18181818182,169,2.56060606061,71,1.07575757576,23,0.348484848485,124,1.87878787879,137,833,12.6212121212,
O.J. Mayo,DAL,2012-2013, 6-4,SG,25,63,2251,35.7301587302,390,844,.462,122,291,.419,179,216,.829,32,0.507936507937,202,3.20634920635,234,3.71428571429,278,4.4126984127,75,1.19047619048,19,0.301587301587,167,2.65079365079,154,1081,17.1587301587,
