Player,Team,Season,Height,Position,Age,G,MIN,MINPG,FGM,FGA,FGP,TPM,TPA,TPP,FTM,FTA,FTP,ORB,ORBPG,DRB,DRBPG,TRB,TRBPG,AST,ASTPG,STL,STLPG,BLK,BLKPG,TO,TOPG,PF,PTS,PTSPG,
Obinna Ekezie,VAN,1999-2000, 6-9,PF,24,39,351,9.0,41,88,.466,0,0,.000,43,64,.672,34,0.871794871795,58,1.48717948718,92,2.35897435897,8,0.205128205128,9,0.230769230769,4,0.102564102564,26,0.666666666667,61,125,3.20512820513,
Obinna Ekezie,TOT,2000-2001, 6-9,PF,25,33,281,8.51515151515,32,81,.395,0,0,.000,37,53,.698,31,0.939393939394,47,1.42424242424,78,2.36363636364,9,0.272727272727,5,0.151515151515,5,0.151515151515,14,0.424242424242,48,101,3.06060606061,
Obinna Ekezie,WAS,2000-2001, 6-9,PF,25,29,273,9.41379310345,32,77,.416,0,0,.000,37,53,.698,31,1.06896551724,45,1.55172413793,76,2.62068965517,9,0.310344827586,5,0.172413793103,5,0.172413793103,14,0.48275862069,46,101,3.48275862069,
Obinna Ekezie,DAL,2000-2001, 6-9,PF,25,4,8,2.0,0,4,.000,0,0,.000,0,0,.000,0,0.0,2,0.5,2,0.5,0,0.0,0,0.0,0,0.0,0,0.0,2,0,0.0,
Obinna Ekezie,LAC,2001-2002, 6-9,PF,26,29,152,5.24137931034,13,39,.333,0,0,.000,28,40,.700,12,0.413793103448,22,0.758620689655,34,1.1724137931,3,0.103448275862,2,0.0689655172414,6,0.206896551724,10,0.344827586207,16,54,1.86206896552,
Obinna Ekezie,ATL,2004-2005, 6-9,C,29,42,732,17.4285714286,79,182,.434,0,1,.000,72,93,.774,69,1.64285714286,110,2.61904761905,179,4.2619047619,11,0.261904761905,22,0.52380952381,12,0.285714285714,45,1.07142857143,129,230,5.47619047619,
