Player,Team,Season,Height,Position,Age,G,MIN,MINPG,FGM,FGA,FGP,TPM,TPA,TPP,FTM,FTA,FTP,ORB,ORBPG,DRB,DRBPG,TRB,TRBPG,AST,ASTPG,STL,STLPG,BLK,BLKPG,TO,TOPG,PF,PTS,PTSPG,
Oleksiy Pecherov,WAS,2007-2008, 7-0,C,22,35,320,9.14285714286,44,125,.352,17,60,.283,20,31,.645,21,0.6,45,1.28571428571,66,1.88571428571,7,0.2,6,0.171428571429,5,0.142857142857,17,0.485714285714,30,125,3.57142857143,
Oleksiy Pecherov,WAS,2008-2009, 7-0,C,23,32,277,8.65625,39,101,.386,14,43,.326,24,29,.828,35,1.09375,41,1.28125,76,2.375,2,0.0625,6,0.1875,3,0.09375,10,0.3125,34,116,3.625,
Oleksiy Pecherov,MIN,2009-2010, 7-0,C,24,44,447,10.1590909091,77,188,.410,14,52,.269,29,32,.906,32,0.727272727273,92,2.09090909091,124,2.81818181818,11,0.25,9,0.204545454545,14,0.318181818182,32,0.727272727273,55,197,4.47727272727,
