Player,Team,Season,Height,Position,Age,G,MIN,MINPG,FGM,FGA,FGP,TPM,TPA,TPP,FTM,FTA,FTP,ORB,ORBPG,DRB,DRBPG,TRB,TRBPG,AST,ASTPG,STL,STLPG,BLK,BLKPG,TO,TOPG,PF,PTS,PTSPG,
Oliver Taylor,NYA,1970-1971, 6-2,SG,23,80,1617,20.2125,251,496,.506,5,12,.417,187,277,.675,111,1.3875,196,2.45,307,3.8375,146,1.825,.000,0.0,.000,0.0,162,2.025,231,694,8.675,
Oliver Taylor,NYA,1971-1972, 6-2,SG,24,82,1891,23.0609756098,245,542,.452,0,6,.000,218,308,.708,128,1.56097560976,202,2.46341463415,330,4.0243902439,153,1.86585365854,.000,0.0,.000,0.0,153,1.86585365854,213,708,8.63414634146,
Oliver Taylor,SDA,1972-1973, 6-2,SG,25,69,2121,30.7391304348,325,757,.429,11,55,.200,286,425,.673,156,2.26086956522,209,3.02898550725,365,5.28985507246,275,3.98550724638,.000,0.0,.000,0.0,207,3.0,191,947,13.7246376812,
Oliver Taylor,TOT,1973-1974, 6-2,SG,26,31,519,16.7419354839,65,150,.433,2,4,.500,58,86,.674,34,1.09677419355,54,1.74193548387,88,2.83870967742,54,1.74193548387,20,0.645161290323,6,0.193548387097,58,1.87096774194,63,190,6.12903225806,
Oliver Taylor,NYA,1973-1974, 6-2,SG,26,8,76,9.5,9,24,.375,1,1,1.000,9,15,.600,5,0.625,9,1.125,14,1.75,10,1.25,3,0.375,0,0.0,9,1.125,9,28,3.5,
Oliver Taylor,CAR,1973-1974, 6-2,SG,26,23,443,19.2608695652,56,126,.444,1,3,.333,49,71,.690,29,1.26086956522,45,1.95652173913,74,3.21739130435,44,1.91304347826,17,0.739130434783,6,0.260869565217,49,2.13043478261,54,162,7.04347826087,
