Player,Team,Season,Height,Position,Age,G,MIN,MINPG,FGM,FGA,FGP,TPM,TPA,TPP,FTM,FTA,FTP,ORB,ORBPG,DRB,DRBPG,TRB,TRBPG,AST,ASTPG,STL,STLPG,BLK,BLKPG,TO,TOPG,PF,PTS,PTSPG,
Ollie Darden,INA,1967-1968, 6-7,PF,23,77,2045,26.5584415584,371,831,.446,0,1,.000,180,270,.667,.000,0.0,.000,0.0,527,6.84415584416,69,0.896103896104,.000,0.0,.000,0.0,140,1.81818181818,277,922,11.974025974,
Ollie Darden,TOT,1968-1969, 6-7,PF,24,77,1947,25.2857142857,318,714,.445,1,5,.200,178,240,.742,223,2.8961038961,371,4.81818181818,594,7.71428571429,104,1.35064935065,.000,0.0,.000,0.0,138,1.79220779221,274,815,10.5844155844,
Ollie Darden,NYA,1968-1969, 6-7,PF,24,30,726,24.2,133,279,.477,0,0,.000,78,110,.709,80,2.66666666667,134,4.46666666667,214,7.13333333333,42,1.4,.000,0.0,.000,0.0,72,2.4,107,344,11.4666666667,
Ollie Darden,KEN,1968-1969, 6-7,PF,24,47,1221,25.9787234043,185,435,.425,1,5,.200,100,130,.769,143,3.04255319149,237,5.04255319149,380,8.08510638298,62,1.31914893617,.000,0.0,.000,0.0,66,1.40425531915,167,471,10.0212765957,
Ollie Darden,TOT,1969-1970, 6-7,PF,25,69,819,11.8695652174,126,327,.385,1,5,.200,57,87,.655,93,1.34782608696,167,2.42028985507,260,3.76811594203,46,0.666666666667,.000,0.0,.000,0.0,82,1.1884057971,142,310,4.49275362319,
Ollie Darden,KEN,1969-1970, 6-7,PF,25,43,531,12.3488372093,79,206,.383,0,1,.000,41,64,.641,71,1.6511627907,99,2.3023255814,170,3.95348837209,33,0.767441860465,.000,0.0,.000,0.0,57,1.32558139535,94,199,4.62790697674,
Ollie Darden,INA,1969-1970, 6-7,PF,25,26,288,11.0769230769,47,121,.388,1,4,.250,16,23,.696,22,0.846153846154,68,2.61538461538,90,3.46153846154,13,0.5,.000,0.0,.000,0.0,25,0.961538461538,48,111,4.26923076923,
