Player,Team,Season,Height,Position,Age,G,MIN,MINPG,FGM,FGA,FGP,TPM,TPA,TPP,FTM,FTA,FTP,ORB,ORBPG,DRB,DRBPG,TRB,TRBPG,AST,ASTPG,STL,STLPG,BLK,BLKPG,TO,TOPG,PF,PTS,PTSPG,
Ollie Mack,TOT,1979-1980, 6-3,SG,22,50,681,13.62,98,199,.492,0,5,.000,38,51,.745,32,0.64,39,0.78,71,1.42,53,1.06,24,0.48,3,0.06,35,0.7,50,234,4.68,
Ollie Mack,LAL,1979-1980, 6-3,SG,22,27,155,5.74074074074,21,50,.420,0,1,.000,9,18,.500,7,0.259259259259,15,0.555555555556,22,0.814814814815,20,0.740740740741,4,0.148148148148,0,0.0,9,0.333333333333,16,51,1.88888888889,
Ollie Mack,CHI,1979-1980, 6-3,SG,22,23,526,22.8695652174,77,149,.517,0,4,.000,29,33,.879,25,1.08695652174,24,1.04347826087,49,2.13043478261,33,1.4347826087,20,0.869565217391,3,0.130434782609,26,1.13043478261,34,183,7.95652173913,
Ollie Mack,TOT,1980-1981, 6-3,SG,23,65,1682,25.8769230769,279,606,.460,0,9,.000,80,125,.640,92,1.41538461538,138,2.12307692308,230,3.53846153846,163,2.50769230769,56,0.861538461538,7,0.107692307692,70,1.07692307692,117,638,9.81538461538,
Ollie Mack,CHI,1980-1981, 6-3,SG,23,3,16,5.33333333333,1,6,.167,0,0,.000,1,2,.500,0,0.0,1,0.333333333333,1,0.333333333333,1,0.333333333333,1,0.333333333333,0,0.0,0,0.0,3,3,1.0,
Ollie Mack,DAL,1980-1981, 6-3,SG,23,62,1666,26.8709677419,278,600,.463,0,9,.000,79,123,.642,92,1.48387096774,137,2.20967741935,229,3.6935483871,162,2.61290322581,55,0.887096774194,7,0.112903225806,70,1.12903225806,114,635,10.2419354839,
Ollie Mack,DAL,1981-1982, 6-3,SG,24,13,150,11.5384615385,19,59,.322,0,2,.000,6,8,.750,8,0.615384615385,10,0.769230769231,18,1.38461538462,14,1.07692307692,5,0.384615384615,1,0.0769230769231,4,0.307692307692,6,44,3.38461538462,
