Player,Team,Season,Height,Position,Age,G,MIN,MINPG,FGM,FGA,FGP,TPM,TPA,TPP,FTM,FTA,FTP,ORB,ORBPG,DRB,DRBPG,TRB,TRBPG,AST,ASTPG,STL,STLPG,BLK,BLKPG,TO,TOPG,PF,PTS,PTSPG,
Omar Cook,POR,2003-2004, 6-1,PG,22,17,139,8.17647058824,7,27,.259,0,1,.000,0,0,.000,3,0.176470588235,3,0.176470588235,6,0.352941176471,24,1.41176470588,10,0.588235294118,0,0.0,10,0.588235294118,14,14,0.823529411765,
Omar Cook,TOR,2004-2005, 6-1,PG,23,5,74,14.8,10,24,.417,0,4,.000,3,6,.500,2,0.4,5,1.0,7,1.4,22,4.4,6,1.2,1,0.2,6,1.2,6,23,4.6,
