Player,Team,Season,Height,Position,Age,G,MIN,MINPG,FGM,FGA,FGP,TPM,TPA,TPP,FTM,FTA,FTP,ORB,ORBPG,DRB,DRBPG,TRB,TRBPG,AST,ASTPG,STL,STLPG,BLK,BLKPG,TO,TOPG,PF,PTS,PTSPG,
Omer Asik,CHI,2010-2011, 7-0,C,24,82,989,12.0609756098,78,141,.553,0,0,.000,73,145,.503,112,1.36585365854,194,2.36585365854,306,3.73170731707,32,0.390243902439,20,0.243902439024,56,0.682926829268,64,0.780487804878,153,229,2.79268292683,
Omer Asik,CHI,2011-2012, 7-0,C,25,66,971,14.7121212121,79,156,.506,0,0,.000,47,103,.456,127,1.92424242424,223,3.37878787879,350,5.30303030303,32,0.484848484848,30,0.454545454545,68,1.0303030303,68,1.0303030303,121,205,3.10606060606,
Omer Asik,HOU,2012-2013, 7-0,C,26,65,1960,30.1538461538,264,489,.540,0,0,.000,144,263,.548,219,3.36923076923,545,8.38461538462,764,11.7538461538,58,0.892307692308,38,0.584615384615,69,1.06153846154,141,2.16923076923,175,672,10.3384615385,
