Player,Team,Season,Height,Position,Age,G,MIN,MINPG,FGM,FGA,FGP,TPM,TPA,TPP,FTM,FTA,FTP,ORB,ORBPG,DRB,DRBPG,TRB,TRBPG,AST,ASTPG,STL,STLPG,BLK,BLKPG,TO,TOPG,PF,PTS,PTSPG,
Omri Casspi,SAC,2009-2010, 6-9,SF,21,77,1931,25.0779220779,300,672,.446,75,203,.369,117,174,.672,75,0.974025974026,274,3.55844155844,349,4.53246753247,95,1.23376623377,54,0.701298701299,17,0.220779220779,98,1.27272727273,125,792,10.2857142857,
Omri Casspi,SAC,2010-2011, 6-9,SF,22,71,1702,23.9718309859,225,546,.412,92,247,.372,68,101,.673,74,1.04225352113,233,3.28169014085,307,4.32394366197,74,1.04225352113,54,0.760563380282,13,0.183098591549,68,0.957746478873,115,610,8.59154929577,
Omri Casspi,CLE,2011-2012, 6-9,SF,23,65,1341,20.6307692308,166,412,.403,53,168,.315,74,108,.685,63,0.969230769231,165,2.53846153846,228,3.50769230769,66,1.01538461538,37,0.569230769231,21,0.323076923077,64,0.984615384615,115,459,7.06153846154,
Omri Casspi,CLE,2012-2013, 6-9,SF,24,29,332,11.4482758621,40,109,.367,20,56,.357,15,27,.556,14,0.48275862069,50,1.72413793103,64,2.20689655172,13,0.448275862069,12,0.413793103448,6,0.206896551724,14,0.48275862069,26,115,3.96551724138,
