Player,Team,Season,Height,Position,Age,G,MIN,MINPG,FGM,FGA,FGP,TPM,TPA,TPP,FTM,FTA,FTP,ORB,ORBPG,DRB,DRBPG,TRB,TRBPG,AST,ASTPG,STL,STLPG,BLK,BLKPG,TO,TOPG,PF,PTS,PTSPG,
Orien Greene,BOS,2005-2006, 6-4,PG,23,80,1235,15.4375,100,253,.395,9,40,.225,45,68,.662,37,0.4625,108,1.35,145,1.8125,129,1.6125,77,0.9625,10,0.125,109,1.3625,181,254,3.175,
Orien Greene,IND,2006-2007, 6-4,SG,24,41,254,6.19512195122,23,62,.371,2,11,.182,15,25,.600,12,0.292682926829,32,0.780487804878,44,1.07317073171,22,0.536585365854,17,0.414634146341,4,0.0975609756098,28,0.682926829268,38,63,1.53658536585,
Orien Greene,SAC,2007-2008, 6-4,SG,25,7,61,8.71428571429,3,11,.273,0,1,.000,0,0,.000,0,0.0,6,0.857142857143,6,0.857142857143,3,0.428571428571,3,0.428571428571,1,0.142857142857,7,1.0,9,6,0.857142857143,
Orien Greene,NJN,2010-2011, 6-4,SG,28,3,5,1.66666666667,1,2,.500,0,0,.000,1,2,.500,0,0.0,0,0.0,0,0.0,1,0.333333333333,1,0.333333333333,0,0.0,0,0.0,0,3,1.0,
