Player,Team,Season,Height,Position,Age,G,MIN,MINPG,FGM,FGA,FGP,TPM,TPA,TPP,FTM,FTA,FTP,ORB,ORBPG,DRB,DRBPG,TRB,TRBPG,AST,ASTPG,STL,STLPG,BLK,BLKPG,TO,TOPG,PF,PTS,PTSPG,
Othello Hunter,ATL,2008-2009, 6-8,PF,22,16,92,5.75,11,20,.550,0,0,.000,0,5,.000,9,0.5625,15,0.9375,24,1.5,1,0.0625,2,0.125,5,0.3125,2,0.125,11,22,1.375,
Othello Hunter,ATL,2009-2010, 6-8,SF,23,7,33,4.71428571429,4,12,.333,0,0,.000,3,4,.750,6,0.857142857143,6,0.857142857143,12,1.71428571429,0,0.0,0,0.0,1,0.142857142857,3,0.428571428571,5,11,1.57142857143,
