Player,Team,Season,Height,Position,Age,G,MIN,MINPG,FGM,FGA,FGP,TPM,TPA,TPP,FTM,FTA,FTP,ORB,ORBPG,DRB,DRBPG,TRB,TRBPG,AST,ASTPG,STL,STLPG,BLK,BLKPG,TO,TOPG,PF,PTS,PTSPG,
Othell Wilson,GSW,1984-1985, 6-0,PG,23,74,1260,17.027027027,134,291,.460,3,16,.188,54,76,.711,35,0.472972972973,96,1.2972972973,131,1.77027027027,217,2.93243243243,77,1.04054054054,12,0.162162162162,95,1.28378378378,122,325,4.39189189189,
Othell Wilson,SAC,1986-1987, 6-0,PG,25,53,789,14.8867924528,82,185,.443,3,18,.167,43,54,.796,28,0.528301886792,53,1.0,81,1.52830188679,207,3.90566037736,42,0.792452830189,4,0.0754716981132,77,1.45283018868,67,210,3.96226415094,
