Player,Team,Season,Height,Position,Age,G,MIN,MINPG,FGM,FGA,FGP,TPM,TPA,TPP,FTM,FTA,FTP,ORB,ORBPG,DRB,DRBPG,TRB,TRBPG,AST,ASTPG,STL,STLPG,BLK,BLKPG,TO,TOPG,PF,PTS,PTSPG,
Othyus Jeffers,UTA,2009-2010, 6-5,SG,24,14,73,5.21428571429,12,29,.414,0,0,.000,13,19,.684,8,0.571428571429,11,0.785714285714,19,1.35714285714,1,0.0714285714286,4,0.285714285714,0,0.0,6,0.428571428571,10,37,2.64285714286,
Othyus Jeffers,TOT,2010-2011, 6-5,SG,25,17,322,18.9411764706,31,65,.477,1,4,.250,30,46,.652,25,1.47058823529,42,2.47058823529,67,3.94117647059,20,1.17647058824,17,1.0,0,0.0,14,0.823529411765,32,93,5.47058823529,
Othyus Jeffers,SAS,2010-2011, 6-5,SG,25,1,8,8.0,1,3,.333,0,0,.000,0,0,.000,0,0.0,2,2.0,2,2.0,1,1.0,0,0.0,0,0.0,1,1.0,1,2,2.0,
Othyus Jeffers,WAS,2010-2011, 6-5,SG,25,16,314,19.625,30,62,.484,1,4,.250,30,46,.652,25,1.5625,40,2.5,65,4.0625,19,1.1875,17,1.0625,0,0.0,13,0.8125,31,91,5.6875,
