Player,Team,Season,Height,Position,Age,G,MIN,MINPG,FGM,FGA,FGP,TPM,TPA,TPP,FTM,FTA,FTP,ORB,ORBPG,DRB,DRBPG,TRB,TRBPG,AST,ASTPG,STL,STLPG,BLK,BLKPG,TO,TOPG,PF,PTS,PTSPG,
Otis Smith,DEN,1986-1987, 6-5,SG,23,28,168,6.0,33,79,.418,0,2,.000,12,21,.571,17,0.607142857143,17,0.607142857143,34,1.21428571429,22,0.785714285714,1,0.0357142857143,1,0.0357142857143,19,0.678571428571,30,78,2.78571428571,
Otis Smith,TOT,1987-1988, 6-5,SG,24,72,1549,21.5138888889,325,662,.491,13,41,.317,178,229,.777,126,1.75,121,1.68055555556,247,3.43055555556,155,2.15277777778,91,1.26388888889,42,0.583333333333,107,1.48611111111,160,841,11.6805555556,
Otis Smith,DEN,1987-1988, 6-5,SG,24,15,191,12.7333333333,37,93,.398,0,0,.000,21,28,.750,16,1.06666666667,14,0.933333333333,30,2.0,11,0.733333333333,5,0.333333333333,6,0.4,12,0.8,23,95,6.33333333333,
Otis Smith,GSW,1987-1988, 6-5,SG,24,57,1358,23.8245614035,288,569,.506,13,41,.317,157,201,.781,110,1.9298245614,107,1.87719298246,217,3.80701754386,144,2.52631578947,86,1.50877192982,36,0.631578947368,95,1.66666666667,137,746,13.0877192982,
Otis Smith,GSW,1988-1989, 6-5,SG,25,80,1597,19.9625,311,715,.435,7,37,.189,174,218,.798,128,1.6,202,2.525,330,4.125,140,1.75,88,1.1,40,0.5,129,1.6125,165,803,10.0375,
Otis Smith,ORL,1989-1990, 6-5,SF,26,65,1644,25.2923076923,348,708,.492,10,40,.250,169,222,.761,117,1.8,183,2.81538461538,300,4.61538461538,147,2.26153846154,76,1.16923076923,57,0.876923076923,102,1.56923076923,174,875,13.4615384615,
Otis Smith,ORL,1990-1991, 6-5,SF,27,75,1885,25.1333333333,407,902,.451,9,46,.196,221,301,.734,176,2.34666666667,213,2.84,389,5.18666666667,169,2.25333333333,85,1.13333333333,35,0.466666666667,140,1.86666666667,190,1044,13.92,
Otis Smith,ORL,1991-1992, 6-5,SG,28,55,877,15.9454545455,116,318,.365,8,21,.381,70,91,.769,40,0.727272727273,76,1.38181818182,116,2.10909090909,57,1.03636363636,36,0.654545454545,13,0.236363636364,62,1.12727272727,85,310,5.63636363636,
