Player,Team,Season,Height,Position,Age,G,MIN,MINPG,FGM,FGA,FGP,TPM,TPA,TPP,FTM,FTA,FTP,ORB,ORBPG,DRB,DRBPG,TRB,TRBPG,AST,ASTPG,STL,STLPG,BLK,BLKPG,TO,TOPG,PF,PTS,PTSPG,
Otto Schnellbacher,TOT,1948-1949, 6-4,,25,43,.000,0.0,93,280,.332,.000,.000,.000,89,133,.669,.000,0.0,.000,0.0,.000,0.0,64,1.48837209302,.000,0.0,.000,0.0,.000,0.0,109,275,6.39534883721,
Otto Schnellbacher,PRO,1948-1949, 6-4,,25,23,.000,0.0,34,118,.288,.000,.000,.000,34,54,.630,.000,0.0,.000,0.0,.000,0.0,19,0.826086956522,.000,0.0,.000,0.0,.000,0.0,48,102,4.4347826087,
Otto Schnellbacher,STB,1948-1949, 6-4,,25,20,.000,0.0,59,162,.364,.000,.000,.000,55,79,.696,.000,0.0,.000,0.0,.000,0.0,45,2.25,.000,0.0,.000,0.0,.000,0.0,61,173,8.65,
