Player,Team,Season,Height,Position,Age,G,MIN,MINPG,FGM,FGA,FGP,TPM,TPA,TPP,FTM,FTA,FTP,ORB,ORBPG,DRB,DRBPG,TRB,TRBPG,AST,ASTPG,STL,STLPG,BLK,BLKPG,TO,TOPG,PF,PTS,PTSPG,
Ozell Jones,SAS,1984-1985, 6-11,C,24,67,888,13.2537313433,106,180,.589,0,1,.000,33,83,.398,65,0.970149253731,173,2.58208955224,238,3.55223880597,56,0.835820895522,30,0.44776119403,57,0.850746268657,61,0.910447761194,139,245,3.65671641791,
Ozell Jones,LAC,1985-1986, 6-11,C,25,3,18,6.0,0,2,.000,0,0,.000,0,0,.000,0,0.0,2,0.666666666667,2,0.666666666667,0,0.0,2,0.666666666667,1,0.333333333333,3,1.0,5,0,0.0,
