Player,Team,Season,Height,Position,Age,G,MIN,MINPG,FGM,FGA,FGP,TPM,TPA,TPP,FTM,FTA,FTP,ORB,ORBPG,DRB,DRBPG,TRB,TRBPG,AST,ASTPG,STL,STLPG,BLK,BLKPG,TO,TOPG,PF,PTS,PTSPG,
Pace Mannion,GSW,1983-1984, 6-7,SF,23,57,469,8.22807017544,50,126,.397,3,13,.231,18,23,.783,23,0.40350877193,36,0.631578947368,59,1.0350877193,47,0.824561403509,25,0.438596491228,2,0.0350877192982,23,0.40350877193,63,121,2.12280701754,
Pace Mannion,UTA,1984-1985, 6-7,SF,24,34,190,5.58823529412,27,63,.429,0,1,.000,16,23,.696,12,0.352941176471,11,0.323529411765,23,0.676470588235,27,0.794117647059,16,0.470588235294,3,0.0882352941176,18,0.529411764706,17,70,2.05882352941,
Pace Mannion,UTA,1985-1986, 6-7,SF,25,57,673,11.8070175439,97,214,.453,8,42,.190,53,82,.646,26,0.456140350877,56,0.982456140351,82,1.43859649123,55,0.964912280702,32,0.561403508772,5,0.0877192982456,41,0.719298245614,68,255,4.47368421053,
Pace Mannion,NJN,1986-1987, 6-7,SF,26,23,284,12.347826087,31,94,.330,3,9,.333,18,31,.581,10,0.434782608696,29,1.26086956522,39,1.69565217391,45,1.95652173913,18,0.782608695652,4,0.173913043478,23,1.0,32,83,3.60869565217,
Pace Mannion,MIL,1987-1988, 6-7,SF,27,35,477,13.6285714286,48,118,.407,2,12,.167,25,37,.676,17,0.485714285714,34,0.971428571429,51,1.45714285714,55,1.57142857143,13,0.371428571429,7,0.2,24,0.685714285714,53,123,3.51428571429,
Pace Mannion,TOT,1988-1989, 6-7,SF,28,10,32,3.2,4,8,.500,0,2,.000,0,0,.000,0,0.0,5,0.5,5,0.5,2,0.2,3,0.3,0,0.0,3,0.3,5,8,0.8,
Pace Mannion,DET,1988-1989, 6-7,SF,28,5,14,2.8,2,2,1.000,0,0,.000,0,0,.000,0,0.0,3,0.6,3,0.6,0,0.0,1,0.2,0,0.0,0,0.0,3,4,0.8,
Pace Mannion,ATL,1988-1989, 6-7,SF,28,5,18,3.6,2,6,.333,0,2,.000,0,0,.000,0,0.0,2,0.4,2,0.4,2,0.4,2,0.4,0,0.0,3,0.6,2,4,0.8,
