Player,Team,Season,Height,Position,Age,G,MIN,MINPG,FGM,FGA,FGP,TPM,TPA,TPP,FTM,FTA,FTP,ORB,ORBPG,DRB,DRBPG,TRB,TRBPG,AST,ASTPG,STL,STLPG,BLK,BLKPG,TO,TOPG,PF,PTS,PTSPG,
Pape Sow,TOR,2004-2005, 6-10,C,23,27,255,9.44444444444,23,58,.397,0,0,.000,16,27,.593,18,0.666666666667,39,1.44444444444,57,2.11111111111,2,0.0740740740741,12,0.444444444444,4,0.148148148148,10,0.37037037037,46,62,2.2962962963,
Pape Sow,TOR,2005-2006, 6-10,C,24,42,590,14.0476190476,53,123,.431,0,0,.000,41,57,.719,54,1.28571428571,92,2.19047619048,146,3.47619047619,8,0.190476190476,21,0.5,19,0.452380952381,30,0.714285714286,118,147,3.5,
Pape Sow,TOR,2006-2007, 6-10,C,25,7,34,4.85714285714,3,9,.333,0,0,.000,4,6,.667,6,0.857142857143,5,0.714285714286,11,1.57142857143,2,0.285714285714,1,0.142857142857,1,0.142857142857,1,0.142857142857,2,10,1.42857142857,
