Player,Team,Season,Height,Position,Age,G,MIN,MINPG,FGM,FGA,FGP,TPM,TPA,TPP,FTM,FTA,FTP,ORB,ORBPG,DRB,DRBPG,TRB,TRBPG,AST,ASTPG,STL,STLPG,BLK,BLKPG,TO,TOPG,PF,PTS,PTSPG,
Pat Burke,ORL,2002-2003, 6-11,C,29,62,783,12.6290322581,113,296,.382,1,7,.143,40,58,.690,57,0.91935483871,89,1.43548387097,146,2.35483870968,23,0.370967741935,19,0.306451612903,25,0.403225806452,47,0.758064516129,99,267,4.3064516129,
Pat Burke,PHO,2005-2006, 6-11,C,32,42,346,8.2380952381,63,127,.496,2,7,.286,13,21,.619,21,0.5,52,1.2380952381,73,1.7380952381,16,0.380952380952,6,0.142857142857,13,0.309523809524,33,0.785714285714,62,141,3.35714285714,
Pat Burke,PHO,2006-2007, 6-11,C,33,23,164,7.13043478261,23,65,.354,6,22,.273,8,13,.615,12,0.521739130435,35,1.52173913043,47,2.04347826087,5,0.217391304348,3,0.130434782609,2,0.0869565217391,7,0.304347826087,19,60,2.60869565217,
