Player,Team,Season,Height,Position,Age,G,MIN,MINPG,FGM,FGA,FGP,TPM,TPA,TPP,FTM,FTA,FTP,ORB,ORBPG,DRB,DRBPG,TRB,TRBPG,AST,ASTPG,STL,STLPG,BLK,BLKPG,TO,TOPG,PF,PTS,PTSPG,
Patrick Mills,POR,2009-2010, 6-0,PG,21,10,38,3.8,10,24,.417,2,4,.500,4,7,.571,1,0.1,1,0.1,2,0.2,5,0.5,0,0.0,0,0.0,4,0.4,6,26,2.6,
Patrick Mills,POR,2010-2011, 6-0,PG,22,64,783,12.234375,135,328,.412,47,133,.353,36,47,.766,19,0.296875,32,0.5,51,0.796875,109,1.703125,27,0.421875,1,0.015625,62,0.96875,63,353,5.515625,
Patrick Mills,SAS,2011-2012, 6-0,PG,23,16,261,16.3125,63,130,.485,24,56,.429,15,15,1.000,4,0.25,24,1.5,28,1.75,39,2.4375,10,0.625,1,0.0625,26,1.625,14,165,10.3125,
Patrick Mills,SAS,2012-2013, 6-0,PG,24,54,580,10.7407407407,97,202,.480,43,108,.398,16,17,.941,9,0.166666666667,36,0.666666666667,45,0.833333333333,52,0.962962962963,22,0.407407407407,3,0.0555555555556,35,0.648148148148,47,253,4.68518518519,
