Player,Team,Season,Height,Position,Age,G,MIN,MINPG,FGM,FGA,FGP,TPM,TPA,TPP,FTM,FTA,FTP,ORB,ORBPG,DRB,DRBPG,TRB,TRBPG,AST,ASTPG,STL,STLPG,BLK,BLKPG,TO,TOPG,PF,PTS,PTSPG,
Patrick Patterson,HOU,2010-2011, 6-9,PF,21,52,868,16.6923076923,149,267,.558,0,2,.000,30,42,.714,86,1.65384615385,114,2.19230769231,200,3.84615384615,41,0.788461538462,17,0.326923076923,37,0.711538461538,31,0.596153846154,77,328,6.30769230769,
Patrick Patterson,HOU,2011-2012, 6-9,PF,22,64,1483,23.171875,225,511,.440,0,3,.000,40,57,.702,112,1.75,174,2.71875,286,4.46875,53,0.828125,27,0.421875,36,0.5625,49,0.765625,113,490,7.65625,
Patrick Patterson,TOT,2012-2013, 6-9,PF,23,57,1402,24.5964912281,266,514,.518,42,109,.385,43,57,.754,85,1.49122807018,179,3.14035087719,264,4.63157894737,61,1.0701754386,23,0.40350877193,33,0.578947368421,49,0.859649122807,108,617,10.8245614035,
Patrick Patterson,HOU,2012-2013, 6-9,PF,23,47,1219,25.9361702128,236,455,.519,35,96,.365,37,49,.755,73,1.55319148936,148,3.14893617021,221,4.70212765957,51,1.08510638298,18,0.382978723404,27,0.574468085106,42,0.893617021277,90,544,11.5744680851,
Patrick Patterson,SAC,2012-2013, 6-9,,23,10,183,18.3,30,59,.508,7,13,.538,6,8,.750,12,1.2,31,3.1,43,4.3,10,1.0,5,0.5,6,0.6,7,0.7,18,73,7.3,
