Player,Team,Season,Height,Position,Age,G,MIN,MINPG,FGM,FGA,FGP,TPM,TPA,TPP,FTM,FTA,FTP,ORB,ORBPG,DRB,DRBPG,TRB,TRBPG,AST,ASTPG,STL,STLPG,BLK,BLKPG,TO,TOPG,PF,PTS,PTSPG,
Paul Grant,TOT,1998-1999, 7-0,C,25,6,13,2.16666666667,2,6,.333,0,0,.000,0,0,.000,1,0.166666666667,0,0.0,1,0.166666666667,0,0.0,1,0.166666666667,0,0.0,2,0.333333333333,4,4,0.666666666667,
Paul Grant,MIN,1998-1999, 7-0,C,25,4,8,2.0,1,4,.250,0,0,.000,0,0,.000,1,0.25,0,0.0,1,0.25,0,0.0,0,0.0,0,0.0,1,0.25,4,2,0.5,
Paul Grant,MIL,1998-1999, 7-0,C,25,2,5,2.5,1,2,.500,0,0,.000,0,0,.000,0,0.0,0,0.0,0,0.0,0,0.0,1,0.5,0,0.0,1,0.5,0,2,1.0,
Paul Grant,UTA,2003-2004, 7-0,C,30,10,98,9.8,11,23,.478,0,0,.000,3,8,.375,7,0.7,10,1.0,17,1.7,3,0.3,1,0.1,1,0.1,7,0.7,17,25,2.5,
