Player,Team,Season,Height,Position,Age,G,MIN,MINPG,FGM,FGA,FGP,TPM,TPA,TPP,FTM,FTA,FTP,ORB,ORBPG,DRB,DRBPG,TRB,TRBPG,AST,ASTPG,STL,STLPG,BLK,BLKPG,TO,TOPG,PF,PTS,PTSPG,
Paul Cloyd,TOT,1949-1950, 6-2,,29,7,.000,0.0,7,26,.269,.000,.000,.000,5,8,.625,.000,0.0,.000,0.0,.000,0.0,2,0.285714285714,.000,0.0,.000,0.0,.000,0.0,5,19,2.71428571429,
Paul Cloyd,BLB,1949-1950, 6-2,,29,3,.000,0.0,1,8,.125,.000,.000,.000,3,3,1.000,.000,0.0,.000,0.0,.000,0.0,1,0.333333333333,.000,0.0,.000,0.0,.000,0.0,4,5,1.66666666667,
Paul Cloyd,WAT,1949-1950, 6-2,,29,4,.000,0.0,6,18,.333,.000,.000,.000,2,5,.400,.000,0.0,.000,0.0,.000,0.0,1,0.25,.000,0.0,.000,0.0,.000,0.0,1,14,3.5,
