Player,Team,Season,Height,Position,Age,G,MIN,MINPG,FGM,FGA,FGP,TPM,TPA,TPP,FTM,FTA,FTP,ORB,ORBPG,DRB,DRBPG,TRB,TRBPG,AST,ASTPG,STL,STLPG,BLK,BLKPG,TO,TOPG,PF,PTS,PTSPG,
Paul Walther,TOT,1949-1950, 6-2,SG,22,53,.000,0.0,114,290,.393,.000,.000,.000,63,109,.578,.000,0.0,.000,0.0,.000,0.0,56,1.05660377358,.000,0.0,.000,0.0,.000,0.0,123,291,5.49056603774,
Paul Walther,MNL,1949-1950, 6-2,SG,22,22,.000,0.0,32,80,.400,.000,.000,.000,11,21,.524,.000,0.0,.000,0.0,.000,0.0,10,0.454545454545,.000,0.0,.000,0.0,.000,0.0,39,75,3.40909090909,
Paul Walther,INO,1949-1950, 6-2,SG,22,31,.000,0.0,82,210,.390,.000,.000,.000,52,88,.591,.000,0.0,.000,0.0,.000,0.0,46,1.48387096774,.000,0.0,.000,0.0,.000,0.0,84,216,6.96774193548,
Paul Walther,INO,1950-1951, 6-2,SG,23,63,.000,0.0,213,634,.336,.000,.000,.000,145,209,.694,.000,0.0,.000,0.0,226,3.5873015873,225,3.57142857143,.000,0.0,.000,0.0,.000,0.0,201,571,9.06349206349,
Paul Walther,INO,1951-1952, 6-2,SG,24,55,1903,34.6,220,549,.401,.000,.000,.000,231,308,.750,.000,0.0,.000,0.0,246,4.47272727273,137,2.49090909091,.000,0.0,.000,0.0,.000,0.0,171,671,12.2,
Paul Walther,INO,1952-1953, 6-2,SG,25,67,2468,36.8358208955,227,645,.352,.000,.000,.000,264,354,.746,.000,0.0,.000,0.0,284,4.23880597015,205,3.05970149254,.000,0.0,.000,0.0,.000,0.0,260,718,10.7164179104,
Paul Walther,PHW,1953-1954, 6-2,SG,26,64,2067,32.296875,138,392,.352,.000,.000,.000,145,206,.704,.000,0.0,.000,0.0,257,4.015625,220,3.4375,.000,0.0,.000,0.0,.000,0.0,199,421,6.578125,
Paul Walther,FTW,1954-1955, 6-2,SG,27,68,820,12.0588235294,56,161,.348,.000,.000,.000,54,88,.614,.000,0.0,.000,0.0,155,2.27941176471,131,1.92647058824,.000,0.0,.000,0.0,.000,0.0,115,166,2.44117647059,
