Player,Team,Season,Height,Position,Age,G,MIN,MINPG,FGM,FGA,FGP,TPM,TPA,TPP,FTM,FTA,FTP,ORB,ORBPG,DRB,DRBPG,TRB,TRBPG,AST,ASTPG,STL,STLPG,BLK,BLKPG,TO,TOPG,PF,PTS,PTSPG,
Paul Graham,ATL,1991-1992, 6-6,SG,24,78,1718,22.0256410256,305,682,.447,55,141,.390,126,170,.741,72,0.923076923077,159,2.03846153846,231,2.96153846154,175,2.24358974359,96,1.23076923077,21,0.269230769231,91,1.16666666667,193,791,10.141025641,
Paul Graham,ATL,1992-1993, 6-6,SG,25,80,1508,18.85,256,560,.457,42,141,.298,96,131,.733,61,0.7625,129,1.6125,190,2.375,164,2.05,86,1.075,6,0.075,120,1.5,185,650,8.125,
Paul Graham,ATL,1993-1994, 6-6,SG,26,21,128,6.09523809524,21,57,.368,3,13,.231,13,17,.765,4,0.190476190476,8,0.380952380952,12,0.571428571429,13,0.619047619048,4,0.190476190476,5,0.238095238095,5,0.238095238095,11,58,2.7619047619,
