Player,Team,Season,Height,Position,Age,G,MIN,MINPG,FGM,FGA,FGP,TPM,TPA,TPP,FTM,FTA,FTP,ORB,ORBPG,DRB,DRBPG,TRB,TRBPG,AST,ASTPG,STL,STLPG,BLK,BLKPG,TO,TOPG,PF,PTS,PTSPG,
Paul Long,DET,1967-1968, 6-2,SG,23,16,93,5.8125,23,51,.451,.000,.000,.000,11,15,.733,.000,0.0,.000,0.0,15,0.9375,12,0.75,.000,0.0,.000,0.0,.000,0.0,13,57,3.5625,
Paul Long,KEN,1968-1969, 6-2,SG,24,9,82,9.11111111111,9,40,.225,0,0,.000,17,21,.810,5,0.555555555556,4,0.444444444444,9,1.0,12,1.33333333333,.000,0.0,.000,0.0,15,1.66666666667,21,35,3.88888888889,
Paul Long,DET,1969-1970, 6-2,SG,25,25,130,5.2,28,62,.452,.000,.000,.000,27,38,.711,.000,0.0,.000,0.0,11,0.44,17,0.68,.000,0.0,.000,0.0,.000,0.0,22,83,3.32,
Paul Long,BUF,1970-1971, 6-2,SG,26,30,213,7.1,57,120,.475,.000,.000,.000,20,24,.833,.000,0.0,.000,0.0,31,1.03333333333,25,0.833333333333,.000,0.0,.000,0.0,.000,0.0,23,134,4.46666666667,
