Player,Team,Season,Height,Position,Age,G,MIN,MINPG,FGM,FGA,FGP,TPM,TPA,TPP,FTM,FTA,FTP,ORB,ORBPG,DRB,DRBPG,TRB,TRBPG,AST,ASTPG,STL,STLPG,BLK,BLKPG,TO,TOPG,PF,PTS,PTSPG,
Paul Thompson,CLE,1983-1984, 6-6,SF,22,82,1731,21.1097560976,309,662,.467,9,39,.231,115,149,.772,120,1.46341463415,192,2.34146341463,312,3.80487804878,122,1.48780487805,70,0.853658536585,37,0.451219512195,73,0.890243902439,192,742,9.0487804878,
Paul Thompson,TOT,1984-1985, 6-6,SF,23,49,942,19.2244897959,189,459,.412,6,30,.200,69,87,.793,57,1.16326530612,101,2.0612244898,158,3.22448979592,78,1.59183673469,56,1.14285714286,25,0.510204081633,57,1.16326530612,119,453,9.24489795918,
Paul Thompson,CLE,1984-1985, 6-6,SF,23,33,715,21.6666666667,148,354,.418,6,23,.261,45,53,.849,36,1.09090909091,80,2.42424242424,116,3.51515151515,58,1.75757575758,41,1.24242424242,20,0.606060606061,42,1.27272727273,77,347,10.5151515152,
Paul Thompson,MIL,1984-1985, 6-6,SF,23,16,227,14.1875,41,105,.390,0,7,.000,24,34,.706,21,1.3125,21,1.3125,42,2.625,20,1.25,15,0.9375,5,0.3125,15,0.9375,42,106,6.625,
Paul Thompson,PHI,1985-1986, 6-6,SF,24,23,432,18.7826086957,70,194,.361,2,12,.167,37,43,.860,27,1.17391304348,36,1.5652173913,63,2.73913043478,24,1.04347826087,15,0.652173913043,17,0.739130434783,30,1.30434782609,49,179,7.78260869565,
