Player,Team,Season,Height,Position,Age,G,MIN,MINPG,FGM,FGA,FGP,TPM,TPA,TPP,FTM,FTA,FTP,ORB,ORBPG,DRB,DRBPG,TRB,TRBPG,AST,ASTPG,STL,STLPG,BLK,BLKPG,TO,TOPG,PF,PTS,PTSPG,
Paul McPherson,TOT,2000-2001, 6-4,PG,22,55,595,10.8181818182,109,216,.505,2,12,.167,42,58,.724,40,0.727272727273,39,0.709090909091,79,1.43636363636,38,0.690909090909,25,0.454545454545,4,0.0727272727273,47,0.854545454545,80,262,4.76363636364,
Paul McPherson,PHO,2000-2001, 6-4,PG,22,33,308,9.33333333333,47,96,.490,0,6,.000,18,24,.750,20,0.606060606061,28,0.848484848485,48,1.45454545455,16,0.484848484848,12,0.363636363636,3,0.0909090909091,23,0.69696969697,48,112,3.39393939394,
Paul McPherson,GSW,2000-2001, 6-4,PG,22,22,287,13.0454545455,62,120,.517,2,6,.333,24,34,.706,20,0.909090909091,11,0.5,31,1.40909090909,22,1.0,13,0.590909090909,1,0.0454545454545,24,1.09090909091,32,150,6.81818181818,
