Player,Team,Season,Height,Position,Age,G,MIN,MINPG,FGM,FGA,FGP,TPM,TPA,TPP,FTM,FTA,FTP,ORB,ORBPG,DRB,DRBPG,TRB,TRBPG,AST,ASTPG,STL,STLPG,BLK,BLKPG,TO,TOPG,PF,PTS,PTSPG,
Paul Davis,LAC,2006-2007, 6-11,C,22,31,180,5.8064516129,22,52,.423,0,0,.000,7,10,.700,21,0.677419354839,23,0.741935483871,44,1.41935483871,7,0.225806451613,6,0.193548387097,5,0.161290322581,8,0.258064516129,28,51,1.64516129032,
Paul Davis,LAC,2007-2008, 6-11,PF,23,22,194,8.81818181818,24,65,.369,0,0,.000,6,10,.600,25,1.13636363636,22,1.0,47,2.13636363636,10,0.454545454545,6,0.272727272727,6,0.272727272727,9,0.409090909091,33,54,2.45454545455,
Paul Davis,LAC,2008-2009, 6-11,PF,24,27,320,11.8518518519,40,98,.408,0,1,.000,27,34,.794,28,1.03703703704,39,1.44444444444,67,2.48148148148,12,0.444444444444,10,0.37037037037,3,0.111111111111,13,0.481481481481,44,107,3.96296296296,
Paul Davis,WAS,2009-2010, 6-11,PF,25,2,8,4.0,2,4,.500,0,0,.000,1,2,.500,0,0.0,0,0.0,0,0.0,3,1.5,0,0.0,1,0.5,0,0.0,0,5,2.5,
