Player,Team,Season,Height,Position,Age,G,MIN,MINPG,FGM,FGA,FGP,TPM,TPA,TPP,FTM,FTA,FTP,ORB,ORBPG,DRB,DRBPG,TRB,TRBPG,AST,ASTPG,STL,STLPG,BLK,BLKPG,TO,TOPG,PF,PTS,PTSPG,
Paul Neumann,SYR,1961-1962, 6-1,PG,24,79,1365,17.2784810127,172,401,.429,.000,.000,.000,133,172,.773,.000,0.0,.000,0.0,194,2.45569620253,176,2.22784810127,.000,0.0,.000,0.0,.000,0.0,203,477,6.03797468354,
Paul Neumann,SYR,1962-1963, 6-1,PG,25,80,1581,19.7625,237,503,.471,.000,.000,.000,181,222,.815,.000,0.0,.000,0.0,200,2.5,227,2.8375,.000,0.0,.000,0.0,.000,0.0,221,655,8.1875,
Paul Neumann,PHI,1963-1964, 6-1,PG,26,74,1973,26.6621621622,324,732,.443,.000,.000,.000,210,266,.789,.000,0.0,.000,0.0,246,3.32432432432,291,3.93243243243,.000,0.0,.000,0.0,.000,0.0,211,858,11.5945945946,
Paul Neumann,TOT,1964-1965, 6-1,PG,27,76,2034,26.7631578947,365,772,.473,.000,.000,.000,234,303,.772,.000,0.0,.000,0.0,198,2.60526315789,233,3.06578947368,.000,0.0,.000,0.0,.000,0.0,218,964,12.6842105263,
Paul Neumann,PHI,1964-1965, 6-1,PG,27,40,1100,27.5,213,434,.491,.000,.000,.000,148,184,.804,.000,0.0,.000,0.0,102,2.55,139,3.475,.000,0.0,.000,0.0,.000,0.0,119,574,14.35,
Paul Neumann,SFW,1964-1965, 6-1,PG,27,36,934,25.9444444444,152,338,.450,.000,.000,.000,86,119,.723,.000,0.0,.000,0.0,96,2.66666666667,94,2.61111111111,.000,0.0,.000,0.0,.000,0.0,99,390,10.8333333333,
Paul Neumann,SFW,1965-1966, 6-1,PG,28,66,1729,26.196969697,343,817,.420,.000,.000,.000,265,317,.836,.000,0.0,.000,0.0,208,3.15151515152,184,2.78787878788,.000,0.0,.000,0.0,.000,0.0,174,951,14.4090909091,
Paul Neumann,SFW,1966-1967, 6-1,PG,29,78,2421,31.0384615385,386,911,.424,.000,.000,.000,312,390,.800,.000,0.0,.000,0.0,272,3.48717948718,342,4.38461538462,.000,0.0,.000,0.0,.000,0.0,266,1084,13.8974358974,
