Player,Team,Season,Height,Position,Age,G,MIN,MINPG,FGM,FGA,FGP,TPM,TPA,TPP,FTM,FTA,FTP,ORB,ORBPG,DRB,DRBPG,TRB,TRBPG,AST,ASTPG,STL,STLPG,BLK,BLKPG,TO,TOPG,PF,PTS,PTSPG,
Paul Millsap,UTA,2006-2007, 6-8,PF,21,82,1472,17.9512195122,209,398,.525,1,3,.333,140,208,.673,183,2.23170731707,240,2.92682926829,423,5.15853658537,62,0.756097560976,67,0.817073170732,74,0.90243902439,94,1.14634146341,236,559,6.81707317073,
Paul Millsap,UTA,2007-2008, 6-8,PF,22,82,1702,20.756097561,253,502,.504,0,4,.000,155,229,.677,167,2.03658536585,293,3.57317073171,460,5.60975609756,81,0.987804878049,72,0.878048780488,73,0.890243902439,87,1.06097560976,269,661,8.06097560976,
Paul Millsap,UTA,2008-2009, 6-8,PF,23,76,2290,30.1315789474,400,749,.534,0,4,.000,228,326,.699,251,3.30263157895,403,5.30263157895,654,8.60526315789,138,1.81578947368,78,1.02631578947,73,0.960526315789,129,1.69736842105,288,1028,13.5263157895,
Paul Millsap,UTA,2009-2010, 6-8,PF,24,82,2277,27.7682926829,385,716,.538,1,9,.111,183,264,.693,186,2.26829268293,373,4.5487804878,559,6.81707317073,131,1.59756097561,64,0.780487804878,99,1.20731707317,116,1.41463414634,285,954,11.6341463415,
Paul Millsap,UTA,2010-2011, 6-8,PF,25,76,2605,34.2763157895,525,988,.531,9,23,.391,256,338,.757,164,2.15789473684,415,5.46052631579,579,7.61842105263,187,2.46052631579,103,1.35526315789,69,0.907894736842,145,1.90789473684,272,1315,17.3026315789,
Paul Millsap,UTA,2011-2012, 6-8,PF,26,64,2100,32.8125,426,861,.495,7,31,.226,202,255,.792,180,2.8125,383,5.984375,563,8.796875,150,2.34375,118,1.84375,52,0.8125,112,1.75,222,1061,16.578125,
Paul Millsap,UTA,2012-2013, 6-8,PF,27,61,1853,30.3770491803,340,699,.486,12,35,.343,225,302,.745,141,2.31147540984,311,5.09836065574,452,7.40983606557,156,2.55737704918,77,1.26229508197,64,1.04918032787,104,1.70491803279,182,917,15.0327868852,
