Player,Team,Season,Height,Position,Age,G,MIN,MINPG,FGM,FGA,FGP,TPM,TPA,TPP,FTM,FTA,FTP,ORB,ORBPG,DRB,DRBPG,TRB,TRBPG,AST,ASTPG,STL,STLPG,BLK,BLKPG,TO,TOPG,PF,PTS,PTSPG,
Paul Stovall,PHO,1972-1973, 6-4,SF,24,25,211,8.44,26,76,.342,.000,.000,.000,24,38,.632,.000,0.0,.000,0.0,61,2.44,13,0.52,.000,0.0,.000,0.0,.000,0.0,37,76,3.04,
Paul Stovall,SDA,1973-1974, 6-4,SF,25,13,194,14.9230769231,36,73,.493,0,0,.000,28,44,.636,21,1.61538461538,37,2.84615384615,58,4.46153846154,12,0.923076923077,4,0.307692307692,6,0.461538461538,21,1.61538461538,32,100,7.69230769231,
