Player,Team,Season,Height,Position,Age,G,MIN,MINPG,FGM,FGA,FGP,TPM,TPA,TPP,FTM,FTA,FTP,ORB,ORBPG,DRB,DRBPG,TRB,TRBPG,AST,ASTPG,STL,STLPG,BLK,BLKPG,TO,TOPG,PF,PTS,PTSPG,
Paul Hoffman,BLB,1947-1948, 6-2,,25,37,.000,0.0,142,408,.348,.000,.000,.000,104,157,.662,.000,0.0,.000,0.0,.000,0.0,23,0.621621621622,.000,0.0,.000,0.0,.000,0.0,123,388,10.4864864865,
Paul Hoffman,BLB,1949-1950, 6-2,,27,60,.000,0.0,312,914,.341,.000,.000,.000,242,364,.665,.000,0.0,.000,0.0,.000,0.0,161,2.68333333333,.000,0.0,.000,0.0,.000,0.0,234,866,14.4333333333,
Paul Hoffman,BLB,1950-1951, 6-2,,28,41,.000,0.0,127,399,.318,.000,.000,.000,105,156,.673,.000,0.0,.000,0.0,202,4.92682926829,111,2.70731707317,.000,0.0,.000,0.0,.000,0.0,135,359,8.75609756098,
Paul Hoffman,BLB,1952-1953, 6-2,SG,30,69,1955,28.3333333333,240,656,.366,.000,.000,.000,224,342,.655,.000,0.0,.000,0.0,317,4.59420289855,237,3.4347826087,.000,0.0,.000,0.0,.000,0.0,282,704,10.2028985507,
Paul Hoffman,BLB,1953-1954, 6-2,PG,31,72,2505,34.7916666667,253,761,.332,.000,.000,.000,217,303,.716,.000,0.0,.000,0.0,486,6.75,285,3.95833333333,.000,0.0,.000,0.0,.000,0.0,271,723,10.0416666667,
Paul Hoffman,TOT,1954-1955, 6-2,,32,38,670,17.6315789474,65,216,.301,.000,.000,.000,64,93,.688,.000,0.0,.000,0.0,124,3.26315789474,94,2.47368421053,.000,0.0,.000,0.0,.000,0.0,93,194,5.10526315789,
