Player,Team,Season,Height,Position,Age,G,MIN,MINPG,FGM,FGA,FGP,TPM,TPA,TPP,FTM,FTA,FTP,ORB,ORBPG,DRB,DRBPG,TRB,TRBPG,AST,ASTPG,STL,STLPG,BLK,BLKPG,TO,TOPG,PF,PTS,PTSPG,
Paul Hogue,NYK,1962-1963, 6-9,C,22,50,1340,26.8,152,419,.363,.000,.000,.000,79,174,.454,.000,0.0,.000,0.0,430,8.6,42,0.84,.000,0.0,.000,0.0,.000,0.0,220,383,7.66,
Paul Hogue,TOT,1963-1964, 6-9,C,23,15,147,9.8,12,30,.400,.000,.000,.000,2,7,.286,.000,0.0,.000,0.0,31,2.06666666667,6,0.4,.000,0.0,.000,0.0,.000,0.0,35,26,1.73333333333,
Paul Hogue,NYK,1963-1964, 6-9,C,23,6,89,14.8333333333,9,16,.563,.000,.000,.000,1,5,.200,.000,0.0,.000,0.0,15,2.5,5,0.833333333333,.000,0.0,.000,0.0,.000,0.0,15,19,3.16666666667,
Paul Hogue,BAL,1963-1964, 6-9,C,23,9,58,6.44444444444,3,14,.214,.000,.000,.000,1,2,.500,.000,0.0,.000,0.0,16,1.77777777778,1,0.111111111111,.000,0.0,.000,0.0,.000,0.0,20,7,0.777777777778,
