Player,Team,Season,Height,Position,Age,G,MIN,MINPG,FGM,FGA,FGP,TPM,TPA,TPP,FTM,FTA,FTP,ORB,ORBPG,DRB,DRBPG,TRB,TRBPG,AST,ASTPG,STL,STLPG,BLK,BLKPG,TO,TOPG,PF,PTS,PTSPG,
Paul Noel,NYK,1947-1948, 6-4,,23,29,.000,0.0,40,138,.290,.000,.000,.000,19,30,.633,.000,0.0,.000,0.0,.000,0.0,3,0.103448275862,.000,0.0,.000,0.0,.000,0.0,41,99,3.41379310345,
Paul Noel,NYK,1948-1949, 6-4,,24,47,.000,0.0,70,277,.253,.000,.000,.000,37,60,.617,.000,0.0,.000,0.0,.000,0.0,33,0.702127659574,.000,0.0,.000,0.0,.000,0.0,84,177,3.76595744681,
Paul Noel,NYK,1949-1950, 6-4,,25,65,.000,0.0,98,291,.337,.000,.000,.000,53,87,.609,.000,0.0,.000,0.0,.000,0.0,67,1.03076923077,.000,0.0,.000,0.0,.000,0.0,132,249,3.83076923077,
Paul Noel,ROC,1950-1951, 6-4,,26,52,.000,0.0,49,174,.282,.000,.000,.000,32,45,.711,.000,0.0,.000,0.0,81,1.55769230769,34,0.653846153846,.000,0.0,.000,0.0,.000,0.0,61,130,2.5,
Paul Noel,ROC,1951-1952, 6-4,,27,8,32,4.0,2,9,.222,.000,.000,.000,2,3,.667,.000,0.0,.000,0.0,4,0.5,3,0.375,.000,0.0,.000,0.0,.000,0.0,6,6,0.75,
