Player,Team,Season,Height,Position,Age,G,MIN,MINPG,FGM,FGA,FGP,TPM,TPA,TPP,FTM,FTA,FTP,ORB,ORBPG,DRB,DRBPG,TRB,TRBPG,AST,ASTPG,STL,STLPG,BLK,BLKPG,TO,TOPG,PF,PTS,PTSPG,
Pearl Washington,NJN,1986-1987, 6-2,PG,23,72,1600,22.2222222222,257,538,.478,4,24,.167,98,125,.784,37,0.513888888889,92,1.27777777778,129,1.79166666667,301,4.18055555556,92,1.27777777778,7,0.0972222222222,175,2.43055555556,184,616,8.55555555556,
Pearl Washington,NJN,1987-1988, 6-2,PG,24,68,1379,20.2794117647,245,547,.448,11,49,.224,132,189,.698,54,0.794117647059,64,0.941176470588,118,1.73529411765,206,3.02941176471,91,1.33823529412,4,0.0588235294118,141,2.07352941176,163,633,9.30882352941,
Pearl Washington,MIA,1988-1989, 6-2,PG,25,54,1065,19.7222222222,164,387,.424,1,14,.071,82,104,.788,49,0.907407407407,74,1.37037037037,123,2.27777777778,226,4.18518518519,73,1.35185185185,4,0.0740740740741,122,2.25925925926,101,411,7.61111111111,
