Player,Team,Season,Height,Position,Age,G,MIN,MINPG,FGM,FGA,FGP,TPM,TPA,TPP,FTM,FTA,FTP,ORB,ORBPG,DRB,DRBPG,TRB,TRBPG,AST,ASTPG,STL,STLPG,BLK,BLKPG,TO,TOPG,PF,PTS,PTSPG,
Pep Saul,ROC,1949-1950, 6-2,SG,25,49,.000,0.0,74,183,.404,.000,.000,.000,34,47,.723,.000,0.0,.000,0.0,.000,0.0,28,0.571428571429,.000,0.0,.000,0.0,.000,0.0,33,182,3.71428571429,
Pep Saul,ROC,1950-1951, 6-2,SG,26,65,.000,0.0,105,310,.339,.000,.000,.000,72,105,.686,.000,0.0,.000,0.0,84,1.29230769231,68,1.04615384615,.000,0.0,.000,0.0,.000,0.0,85,282,4.33846153846,
Pep Saul,TOT,1951-1952, 6-2,,27,64,1479,23.109375,157,436,.360,.000,.000,.000,119,153,.778,.000,0.0,.000,0.0,165,2.578125,147,2.296875,.000,0.0,.000,0.0,.000,0.0,120,433,6.765625,
Pep Saul,MNL,1952-1953, 6-2,SG,28,70,1796,25.6571428571,187,471,.397,.000,.000,.000,142,200,.710,.000,0.0,.000,0.0,141,2.01428571429,110,1.57142857143,.000,0.0,.000,0.0,.000,0.0,174,516,7.37142857143,
Pep Saul,MNL,1953-1954, 6-2,SG,29,71,1805,25.4225352113,162,467,.347,.000,.000,.000,128,170,.753,.000,0.0,.000,0.0,159,2.23943661972,139,1.95774647887,.000,0.0,.000,0.0,.000,0.0,149,452,6.3661971831,
Pep Saul,MLH,1954-1955, 6-2,SG,30,65,1139,17.5230769231,96,303,.317,.000,.000,.000,95,123,.772,.000,0.0,.000,0.0,134,2.06153846154,104,1.6,.000,0.0,.000,0.0,.000,0.0,126,287,4.41538461538,
