Player,Team,Season,Height,Position,Age,G,MIN,MINPG,FGM,FGA,FGP,TPM,TPA,TPP,FTM,FTA,FTP,ORB,ORBPG,DRB,DRBPG,TRB,TRBPG,AST,ASTPG,STL,STLPG,BLK,BLKPG,TO,TOPG,PF,PTS,PTSPG,
Pepe Sanchez,TOT,2000-2001, 6-4,PG,23,29,150,5.1724137931,9,28,.321,0,1,.000,2,2,1.000,3,0.103448275862,12,0.413793103448,15,0.51724137931,41,1.41379310345,11,0.379310344828,1,0.0344827586207,6,0.206896551724,21,20,0.689655172414,
Pepe Sanchez,ATL,2000-2001, 6-4,PG,23,5,34,6.8,0,7,.000,0,0,.000,0,0,.000,1,0.2,0,0.0,1,0.2,5,1.0,2,0.4,0,0.0,3,0.6,3,0,0.0,
Pepe Sanchez,PHI,2000-2001, 6-4,PG,23,24,116,4.83333333333,9,21,.429,0,1,.000,2,2,1.000,2,0.0833333333333,12,0.5,14,0.583333333333,36,1.5,9,0.375,1,0.0416666666667,3,0.125,18,20,0.833333333333,
Pepe Sanchez,DET,2002-2003, 6-4,PG,25,9,37,4.11111111111,0,5,.000,0,0,.000,0,0,.000,4,0.444444444444,2,0.222222222222,6,0.666666666667,8,0.888888888889,5,0.555555555556,0,0.0,2,0.222222222222,3,0,0.0,
