Player,Team,Season,Height,Position,Age,G,MIN,MINPG,FGM,FGA,FGP,TPM,TPA,TPP,FTM,FTA,FTP,ORB,ORBPG,DRB,DRBPG,TRB,TRBPG,AST,ASTPG,STL,STLPG,BLK,BLKPG,TO,TOPG,PF,PTS,PTSPG,
Perry Young,TOT,1986-1987, 6-5,SG,23,9,72,8.0,6,21,.286,0,0,.000,1,2,.500,3,0.333333333333,5,0.555555555556,8,0.888888888889,7,0.777777777778,5,0.555555555556,1,0.111111111111,4,0.444444444444,14,13,1.44444444444,
Perry Young,CHI,1986-1987, 6-5,SG,23,5,20,4.0,2,4,.500,0,0,.000,1,2,.500,0,0.0,1,0.2,1,0.2,0,0.0,1,0.2,0,0.0,1,0.2,3,5,1.0,
Perry Young,POR,1986-1987, 6-5,SG,23,4,52,13.0,4,17,.235,0,0,.000,0,0,.000,3,0.75,4,1.0,7,1.75,7,1.75,4,1.0,1,0.25,3,0.75,11,8,2.0,
