Player,Team,Season,Height,Position,Age,G,MIN,MINPG,FGM,FGA,FGP,TPM,TPA,TPP,FTM,FTA,FTP,ORB,ORBPG,DRB,DRBPG,TRB,TRBPG,AST,ASTPG,STL,STLPG,BLK,BLKPG,TO,TOPG,PF,PTS,PTSPG,
Perry Moss,TOT,1985-1986, 6-2,PG,27,72,1012,14.0555555556,116,292,.397,7,32,.219,65,89,.730,34,0.472222222222,81,1.125,115,1.59722222222,108,1.5,56,0.777777777778,15,0.208333333333,79,1.09722222222,132,304,4.22222222222,
Perry Moss,WSB,1985-1986, 6-2,PG,27,12,160,13.3333333333,21,53,.396,2,7,.286,11,15,.733,9,0.75,16,1.33333333333,25,2.08333333333,19,1.58333333333,6,0.5,3,0.25,18,1.5,26,55,4.58333333333,
Perry Moss,PHI,1985-1986, 6-2,PG,27,60,852,14.2,95,239,.397,5,25,.200,54,74,.730,25,0.416666666667,65,1.08333333333,90,1.5,89,1.48333333333,50,0.833333333333,12,0.2,61,1.01666666667,106,249,4.15,
Perry Moss,GSW,1986-1987, 6-2,PG,28,64,698,10.90625,91,207,.440,1,14,.071,49,69,.710,29,0.453125,66,1.03125,95,1.484375,90,1.40625,42,0.65625,3,0.046875,57,0.890625,96,232,3.625,
