Player,Team,Season,Height,Position,Age,G,MIN,MINPG,FGM,FGA,FGP,TPM,TPA,TPP,FTM,FTA,FTP,ORB,ORBPG,DRB,DRBPG,TRB,TRBPG,AST,ASTPG,STL,STLPG,BLK,BLKPG,TO,TOPG,PF,PTS,PTSPG,
Pete Cross,SEA,1970-1971, 6-9,C,22,79,2194,27.7721518987,245,554,.442,.000,.000,.000,140,203,.690,.000,0.0,.000,0.0,949,12.0126582278,113,1.43037974684,.000,0.0,.000,0.0,.000,0.0,212,630,7.9746835443,
Pete Cross,SEA,1971-1972, 6-9,C,23,74,1424,19.2432432432,152,355,.428,.000,.000,.000,103,140,.736,.000,0.0,.000,0.0,509,6.87837837838,63,0.851351351351,.000,0.0,.000,0.0,.000,0.0,135,407,5.5,
Pete Cross,TOT,1972-1973, 6-9,C,24,29,157,5.41379310345,6,25,.240,.000,.000,.000,8,18,.444,.000,0.0,.000,0.0,61,2.10344827586,11,0.379310344828,.000,0.0,.000,0.0,.000,0.0,29,20,0.689655172414,
Pete Cross,KCO,1972-1973, 6-9,C,24,3,24,8.0,0,4,.000,.000,.000,.000,0,0,.000,.000,0.0,.000,0.0,4,1.33333333333,0,0.0,.000,0.0,.000,0.0,.000,0.0,5,0,0.0,
Pete Cross,SEA,1972-1973, 6-9,C,24,26,133,5.11538461538,6,21,.286,.000,.000,.000,8,18,.444,.000,0.0,.000,0.0,57,2.19230769231,11,0.423076923077,.000,0.0,.000,0.0,.000,0.0,24,20,0.769230769231,
