Player,Team,Season,Height,Position,Age,G,MIN,MINPG,FGM,FGA,FGP,TPM,TPA,TPP,FTM,FTA,FTP,ORB,ORBPG,DRB,DRBPG,TRB,TRBPG,AST,ASTPG,STL,STLPG,BLK,BLKPG,TO,TOPG,PF,PTS,PTSPG,
Pete Verhoeven,POR,1981-1982, 6-9,PF,22,71,1207,17.0,149,296,.503,0,0,.000,51,72,.708,106,1.49295774648,148,2.08450704225,254,3.57746478873,52,0.732394366197,42,0.591549295775,22,0.30985915493,55,0.774647887324,215,349,4.91549295775,
Pete Verhoeven,POR,1982-1983, 6-9,PF,23,48,527,10.9791666667,87,171,.509,0,1,.000,21,31,.677,44,0.916666666667,52,1.08333333333,96,2.0,32,0.666666666667,18,0.375,9,0.1875,40,0.833333333333,95,195,4.0625,
Pete Verhoeven,POR,1983-1984, 6-9,PF,24,43,327,7.60465116279,50,100,.500,0,1,.000,17,25,.680,27,0.627906976744,34,0.790697674419,61,1.41860465116,20,0.46511627907,22,0.511627906977,11,0.255813953488,21,0.488372093023,75,117,2.72093023256,
Pete Verhoeven,KCK,1984-1985, 6-9,PF,25,54,366,6.77777777778,51,108,.472,0,0,.000,21,25,.840,28,0.518518518519,35,0.648148148148,63,1.16666666667,17,0.314814814815,15,0.277777777778,7,0.12962962963,20,0.37037037037,85,123,2.27777777778,
Pete Verhoeven,GSW,1985-1986, 6-9,PF,26,61,749,12.2786885246,90,167,.539,1,2,.500,25,43,.581,65,1.06557377049,95,1.55737704918,160,2.62295081967,29,0.475409836066,29,0.475409836066,17,0.27868852459,30,0.491803278689,141,206,3.37704918033,
Pete Verhoeven,IND,1986-1987, 6-9,PF,27,5,44,8.8,5,14,.357,0,0,.000,0,0,.000,2,0.4,5,1.0,7,1.4,2,0.4,2,0.4,1,0.2,0,0.0,11,10,2.0,
