Player,Team,Season,Height,Position,Age,G,MIN,MINPG,FGM,FGA,FGP,TPM,TPA,TPP,FTM,FTA,FTP,ORB,ORBPG,DRB,DRBPG,TRB,TRBPG,AST,ASTPG,STL,STLPG,BLK,BLKPG,TO,TOPG,PF,PTS,PTSPG,
Pete Williams,DEN,1985-1986, 6-7,PF,20,53,573,10.8113207547,67,111,.604,0,0,.000,17,40,.425,47,0.88679245283,99,1.8679245283,146,2.75471698113,14,0.264150943396,19,0.358490566038,23,0.433962264151,19,0.358490566038,68,151,2.84905660377,
Pete Williams,DEN,1986-1987, 6-7,PF,21,5,10,2.0,1,2,.500,0,0,.000,0,0,.000,0,0.0,1,0.2,1,0.2,1,0.2,0,0.0,0,0.0,1,0.2,1,2,0.4,
