Player,Team,Season,Height,Position,Age,G,MIN,MINPG,FGM,FGA,FGP,TPM,TPA,TPP,FTM,FTA,FTP,ORB,ORBPG,DRB,DRBPG,TRB,TRBPG,AST,ASTPG,STL,STLPG,BLK,BLKPG,TO,TOPG,PF,PTS,PTSPG,
Petur Gudmundsson,POR,1981-1982, 7-2,C,23,68,845,12.4264705882,83,166,.500,1,1,1.000,52,76,.684,51,0.75,135,1.98529411765,186,2.73529411765,59,0.867647058824,13,0.191176470588,30,0.441176470588,73,1.07352941176,163,219,3.22058823529,
Petur Gudmundsson,LAL,1985-1986, 7-2,C,27,8,128,16.0,20,37,.541,0,0,.000,18,27,.667,17,2.125,21,2.625,38,4.75,3,0.375,3,0.375,4,0.5,11,1.375,25,58,7.25,
Petur Gudmundsson,SAS,1987-1988, 7-2,C,29,69,1017,14.7391304348,139,280,.496,0,1,.000,117,145,.807,93,1.34782608696,230,3.33333333333,323,4.68115942029,86,1.24637681159,18,0.260869565217,61,0.884057971014,103,1.49275362319,197,395,5.72463768116,
Petur Gudmundsson,SAS,1988-1989, 7-2,C,30,5,70,14.0,9,25,.360,0,0,.000,3,4,.750,5,1.0,11,2.2,16,3.2,5,1.0,1,0.2,1,0.2,8,1.6,15,21,4.2,
