Player,Team,Season,Height,Position,Age,G,MIN,MINPG,FGM,FGA,FGP,TPM,TPA,TPP,FTM,FTA,FTP,ORB,ORBPG,DRB,DRBPG,TRB,TRBPG,AST,ASTPG,STL,STLPG,BLK,BLKPG,TO,TOPG,PF,PTS,PTSPG,
Phil Ford,KCK,1978-1979, 6-2,PG,22,79,2723,34.4683544304,467,1004,.465,.000,.000,.000,326,401,.813,33,0.417721518987,149,1.88607594937,182,2.30379746835,681,8.62025316456,174,2.20253164557,6,0.0759493670886,323,4.08860759494,245,1260,15.9493670886,
Phil Ford,KCK,1979-1980, 6-2,PG,23,82,2621,31.9634146341,489,1058,.462,4,23,.174,346,423,.818,29,0.353658536585,143,1.74390243902,172,2.09756097561,610,7.43902439024,136,1.65853658537,4,0.0487804878049,282,3.43902439024,208,1328,16.1951219512,
Phil Ford,KCK,1980-1981, 6-2,PG,24,66,2287,34.6515151515,424,887,.478,11,36,.306,294,354,.831,26,0.393939393939,102,1.54545454545,128,1.93939393939,580,8.78787878788,99,1.5,6,0.0909090909091,241,3.65151515152,190,1153,17.4696969697,
Phil Ford,KCK,1981-1982, 6-2,PG,25,72,1952,27.1111111111,285,649,.439,7,32,.219,136,166,.819,24,0.333333333333,81,1.125,105,1.45833333333,451,6.26388888889,63,0.875,1,0.0138888888889,194,2.69444444444,160,713,9.90277777778,
Phil Ford,TOT,1982-1983, 6-2,PG,26,77,1610,20.9090909091,213,445,.479,1,9,.111,97,123,.789,18,0.233766233766,85,1.1038961039,103,1.33766233766,290,3.76623376623,52,0.675324675325,3,0.038961038961,134,1.74025974026,190,524,6.80519480519,
Phil Ford,NJN,1982-1983, 6-2,PG,26,7,163,23.2857142857,20,35,.571,0,1,.000,7,10,.700,0,0.0,7,1.0,7,1.0,38,5.42857142857,6,0.857142857143,0,0.0,21,3.0,22,47,6.71428571429,
Phil Ford,MIL,1982-1983, 6-2,PG,26,70,1447,20.6714285714,193,410,.471,1,8,.125,90,113,.796,18,0.257142857143,78,1.11428571429,96,1.37142857143,252,3.6,46,0.657142857143,3,0.0428571428571,113,1.61428571429,168,477,6.81428571429,
Phil Ford,HOU,1983-1984, 6-2,PG,27,81,2020,24.9382716049,236,470,.502,2,15,.133,98,117,.838,28,0.345679012346,109,1.34567901235,137,1.69135802469,410,5.06172839506,59,0.728395061728,8,0.0987654320988,135,1.66666666667,243,572,7.06172839506,
Phil Ford,HOU,1984-1985, 6-2,PG,28,25,290,11.6,14,47,.298,0,4,.000,16,18,.889,3,0.12,24,0.96,27,1.08,61,2.44,6,0.24,1,0.04,17,0.68,33,44,1.76,
