Player,Team,Season,Height,Position,Age,G,MIN,MINPG,FGM,FGA,FGP,TPM,TPA,TPP,FTM,FTA,FTP,ORB,ORBPG,DRB,DRBPG,TRB,TRBPG,AST,ASTPG,STL,STLPG,BLK,BLKPG,TO,TOPG,PF,PTS,PTSPG,
Phil Lumpkin,POR,1974-1975, 6-0,PG,23,48,792,16.5,86,190,.453,.000,.000,.000,30,39,.769,10,0.208333333333,49,1.02083333333,59,1.22916666667,177,3.6875,20,0.416666666667,3,0.0625,.000,0.0,80,202,4.20833333333,
Phil Lumpkin,PHO,1975-1976, 6-0,PG,24,34,370,10.8823529412,22,65,.338,.000,.000,.000,26,30,.867,7,0.205882352941,16,0.470588235294,23,0.676470588235,48,1.41176470588,15,0.441176470588,0,0.0,.000,0.0,26,70,2.05882352941,
