Player,Team,Season,Height,Position,Age,G,MIN,MINPG,FGM,FGA,FGP,TPM,TPA,TPP,FTM,FTA,FTP,ORB,ORBPG,DRB,DRBPG,TRB,TRBPG,AST,ASTPG,STL,STLPG,BLK,BLKPG,TO,TOPG,PF,PTS,PTSPG,
Phil Farbman,TOT,1948-1949, 6-1,,24,48,.000,0.0,50,163,.307,.000,.000,.000,55,81,.679,.000,0.0,.000,0.0,.000,0.0,36,0.75,.000,0.0,.000,0.0,.000,0.0,86,155,3.22916666667,
Phil Farbman,PHW,1948-1949, 6-1,,24,27,.000,0.0,29,85,.341,.000,.000,.000,25,43,.581,.000,0.0,.000,0.0,.000,0.0,18,0.666666666667,.000,0.0,.000,0.0,.000,0.0,50,83,3.07407407407,
Phil Farbman,BOS,1948-1949, 6-1,,24,21,.000,0.0,21,78,.269,.000,.000,.000,30,38,.789,.000,0.0,.000,0.0,.000,0.0,18,0.857142857143,.000,0.0,.000,0.0,.000,0.0,36,72,3.42857142857,
