Player,Team,Season,Height,Position,Age,G,MIN,MINPG,FGM,FGA,FGP,TPM,TPA,TPP,FTM,FTA,FTP,ORB,ORBPG,DRB,DRBPG,TRB,TRBPG,AST,ASTPG,STL,STLPG,BLK,BLKPG,TO,TOPG,PF,PTS,PTSPG,
Pop Goodwin,PRO,1946-1947, 6-2,,26,55,.000,0.0,98,348,.282,.000,.000,.000,60,75,.800,.000,0.0,.000,0.0,.000,0.0,15,0.272727272727,.000,0.0,.000,0.0,.000,0.0,94,256,4.65454545455,
Pop Goodwin,PRO,1947-1948, 6-2,,27,24,.000,0.0,36,155,.232,.000,.000,.000,19,27,.704,.000,0.0,.000,0.0,.000,0.0,7,0.291666666667,.000,0.0,.000,0.0,.000,0.0,36,91,3.79166666667,
