Player,Team,Season,Height,Position,Age,G,MIN,MINPG,FGM,FGA,FGP,TPM,TPA,TPP,FTM,FTA,FTP,ORB,ORBPG,DRB,DRBPG,TRB,TRBPG,AST,ASTPG,STL,STLPG,BLK,BLKPG,TO,TOPG,PF,PTS,PTSPG,
Predrag Drobnjak,SEA,2001-2002, 6-11,C,26,64,1174,18.34375,191,414,.461,0,2,.000,55,73,.753,75,1.171875,144,2.25,219,3.421875,51,0.796875,20,0.3125,31,0.484375,51,0.796875,109,437,6.828125,
Predrag Drobnjak,SEA,2002-2003, 6-11,C,27,82,1984,24.1951219512,325,789,.412,30,85,.353,91,115,.791,111,1.35365853659,209,2.5487804878,320,3.90243902439,86,1.0487804878,48,0.585365853659,38,0.463414634146,65,0.792682926829,180,771,9.40243902439,
Predrag Drobnjak,LAC,2003-2004, 6-11,C,28,61,949,15.5573770492,149,379,.393,11,36,.306,73,86,.849,54,0.885245901639,142,2.32786885246,196,3.2131147541,39,0.639344262295,22,0.360655737705,24,0.393442622951,48,0.786885245902,85,382,6.26229508197,
Predrag Drobnjak,ATL,2004-2005, 6-11,C,29,71,1435,20.2112676056,238,543,.438,25,71,.352,96,120,.800,73,1.02816901408,165,2.32394366197,238,3.35211267606,49,0.69014084507,42,0.591549295775,24,0.338028169014,78,1.0985915493,138,597,8.40845070423,
