Player,Team,Season,Height,Position,Age,G,MIN,MINPG,FGM,FGA,FGP,TPM,TPA,TPP,FTM,FTA,FTP,ORB,ORBPG,DRB,DRBPG,TRB,TRBPG,AST,ASTPG,STL,STLPG,BLK,BLKPG,TO,TOPG,PF,PTS,PTSPG,
Predrag Savovic,DEN,2002-2003, 6-6,SG,26,27,256,9.48148148148,29,93,.312,4,26,.154,21,29,.724,9,0.333333333333,16,0.592592592593,25,0.925925925926,22,0.814814814815,14,0.518518518519,1,0.037037037037,21,0.777777777778,33,83,3.07407407407,
