Player,Team,Season,Height,Position,Age,G,MIN,MINPG,FGM,FGA,FGP,TPM,TPA,TPP,FTM,FTA,FTP,ORB,ORBPG,DRB,DRBPG,TRB,TRBPG,AST,ASTPG,STL,STLPG,BLK,BLKPG,TO,TOPG,PF,PTS,PTSPG,
Priest Lauderdale,ATL,1996-1997, 7-4,C,23,35,180,5.14285714286,49,89,.551,0,1,.000,13,23,.565,16,0.457142857143,27,0.771428571429,43,1.22857142857,12,0.342857142857,1,0.0285714285714,9,0.257142857143,37,1.05714285714,39,111,3.17142857143,
Priest Lauderdale,DEN,1997-1998, 7-4,C,24,39,345,8.84615384615,53,127,.417,0,0,.000,38,69,.551,27,0.692307692308,73,1.87179487179,100,2.5641025641,21,0.538461538462,7,0.179487179487,17,0.435897435897,46,1.17948717949,63,144,3.69230769231,
