Player,Team,Season,Height,Position,Age,G,MIN,MINPG,FGM,FGA,FGP,TPM,TPA,TPP,FTM,FTA,FTP,ORB,ORBPG,DRB,DRBPG,TRB,TRBPG,AST,ASTPG,STL,STLPG,BLK,BLKPG,TO,TOPG,PF,PTS,PTSPG,
Quincy Pondexter,NOH,2010-2011, 6-6,SF,22,66,734,11.1212121212,73,180,.406,18,50,.360,24,34,.706,23,0.348484848485,65,0.984848484848,88,1.33333333333,28,0.424242424242,17,0.257575757576,10,0.151515151515,16,0.242424242424,63,188,2.84848484848,
Quincy Pondexter,MEM,2011-2012, 6-6,SF,23,64,1002,15.65625,108,239,.452,22,73,.301,33,53,.623,55,0.859375,71,1.109375,126,1.96875,27,0.421875,27,0.421875,5,0.078125,30,0.46875,90,271,4.234375,
Quincy Pondexter,MEM,2012-2013, 6-6,SF,24,40,880,22.0,93,206,.451,48,112,.429,45,58,.776,30,0.75,62,1.55,92,2.3,49,1.225,24,0.6,3,0.075,29,0.725,61,279,6.975,
