Player,Team,Season,Height,Position,Age,G,MIN,MINPG,FGM,FGA,FGP,TPM,TPA,TPP,FTM,FTA,FTP,ORB,ORBPG,DRB,DRBPG,TRB,TRBPG,AST,ASTPG,STL,STLPG,BLK,BLKPG,TO,TOPG,PF,PTS,PTSPG,
Quinton Ross,LAC,2004-2005, 6-6,SG,23,78,1659,21.2692307692,161,373,.432,1,4,.250,74,110,.673,59,0.75641025641,151,1.9358974359,210,2.69230769231,109,1.39743589744,51,0.653846153846,22,0.282051282051,54,0.692307692308,165,397,5.08974358974,
Quinton Ross,LAC,2005-2006, 6-6,SG,24,67,1515,22.6119402985,130,308,.422,0,7,.000,57,75,.760,38,0.567164179104,132,1.97014925373,170,2.53731343284,79,1.17910447761,51,0.761194029851,16,0.238805970149,47,0.701492537313,155,317,4.73134328358,
Quinton Ross,LAC,2006-2007, 6-6,SG,25,81,1700,20.987654321,177,379,.467,2,10,.200,68,87,.782,60,0.740740740741,130,1.6049382716,190,2.34567901235,86,1.06172839506,70,0.864197530864,32,0.395061728395,33,0.407407407407,179,424,5.23456790123,
Quinton Ross,LAC,2007-2008, 6-6,SG,26,76,1505,19.8026315789,131,335,.391,9,21,.429,40,60,.667,54,0.710526315789,118,1.55263157895,172,2.26315789474,88,1.15789473684,43,0.565789473684,33,0.434210526316,29,0.381578947368,132,311,4.09210526316,
Quinton Ross,MEM,2008-2009, 6-6,SF,27,68,1164,17.1176470588,99,259,.382,33,88,.375,34,42,.810,29,0.426470588235,97,1.42647058824,126,1.85294117647,47,0.691176470588,32,0.470588235294,14,0.205882352941,36,0.529411764706,114,265,3.89705882353,
Quinton Ross,TOT,2009-2010, 6-6,SF,28,52,562,10.8076923077,40,111,.360,4,21,.190,8,14,.571,17,0.326923076923,32,0.615384615385,49,0.942307692308,12,0.230769230769,13,0.25,6,0.115384615385,11,0.211538461538,69,92,1.76923076923,
Quinton Ross,DAL,2009-2010, 6-6,SF,28,27,301,11.1481481481,23,56,.411,3,13,.231,5,8,.625,11,0.407407407407,16,0.592592592593,27,1.0,7,0.259259259259,7,0.259259259259,4,0.148148148148,3,0.111111111111,34,54,2.0,
Quinton Ross,WAS,2009-2010, 6-6,SG,28,25,261,10.44,17,55,.309,1,8,.125,3,6,.500,6,0.24,16,0.64,22,0.88,5,0.2,6,0.24,2,0.08,8,0.32,35,38,1.52,
Quinton Ross,NJN,2010-2011, 6-6,SF,29,36,353,9.80555555556,26,59,.441,0,3,.000,5,14,.357,10,0.277777777778,20,0.555555555556,30,0.833333333333,10,0.277777777778,3,0.0833333333333,6,0.166666666667,7,0.194444444444,40,57,1.58333333333,
