Player,Team,Season,Height,Position,Age,G,MIN,MINPG,FGM,FGA,FGP,TPM,TPA,TPP,FTM,FTA,FTP,ORB,ORBPG,DRB,DRBPG,TRB,TRBPG,AST,ASTPG,STL,STLPG,BLK,BLKPG,TO,TOPG,PF,PTS,PTSPG,
Ralph Polson,TOT,1952-1953, 6-7,PF,23,49,810,16.5306122449,65,179,.363,.000,.000,.000,61,96,.635,.000,0.0,.000,0.0,211,4.30612244898,24,0.489795918367,.000,0.0,.000,0.0,.000,0.0,102,191,3.89795918367,
Ralph Polson,NYK,1952-1953, 6-7,PF,23,3,37,12.3333333333,3,9,.333,.000,.000,.000,4,6,.667,.000,0.0,.000,0.0,8,2.66666666667,2,0.666666666667,.000,0.0,.000,0.0,.000,0.0,8,10,3.33333333333,
Ralph Polson,PHW,1952-1953, 6-7,PF,23,46,773,16.8043478261,62,170,.365,.000,.000,.000,57,90,.633,.000,0.0,.000,0.0,203,4.41304347826,22,0.478260869565,.000,0.0,.000,0.0,.000,0.0,94,181,3.9347826087,
