Player,Team,Season,Height,Position,Age,G,MIN,MINPG,FGM,FGA,FGP,TPM,TPA,TPP,FTM,FTA,FTP,ORB,ORBPG,DRB,DRBPG,TRB,TRBPG,AST,ASTPG,STL,STLPG,BLK,BLKPG,TO,TOPG,PF,PTS,PTSPG,
Ralph Hamilton,TOT,1948-1949, 6-1,,27,48,.000,0.0,114,447,.255,.000,.000,.000,61,91,.670,.000,0.0,.000,0.0,.000,0.0,83,1.72916666667,.000,0.0,.000,0.0,.000,0.0,67,289,6.02083333333,
Ralph Hamilton,FTW,1948-1949, 6-1,,27,10,.000,0.0,16,66,.242,.000,.000,.000,10,13,.769,.000,0.0,.000,0.0,.000,0.0,3,0.3,.000,0.0,.000,0.0,.000,0.0,10,42,4.2,
Ralph Hamilton,INJ,1948-1949, 6-1,,27,38,.000,0.0,98,381,.257,.000,.000,.000,51,78,.654,.000,0.0,.000,0.0,.000,0.0,80,2.10526315789,.000,0.0,.000,0.0,.000,0.0,57,247,6.5,
