Player,Team,Season,Height,Position,Age,G,MIN,MINPG,FGM,FGA,FGP,TPM,TPA,TPP,FTM,FTA,FTP,ORB,ORBPG,DRB,DRBPG,TRB,TRBPG,AST,ASTPG,STL,STLPG,BLK,BLKPG,TO,TOPG,PF,PTS,PTSPG,
Ralph Siewert,TOT,1946-1947, 7-1,,23,21,.000,0.0,6,44,.136,.000,.000,.000,8,15,.533,.000,0.0,.000,0.0,.000,0.0,4,0.190476190476,.000,0.0,.000,0.0,.000,0.0,18,20,0.952380952381,
Ralph Siewert,STB,1946-1947, 7-1,,23,7,.000,0.0,1,13,.077,.000,.000,.000,2,5,.400,.000,0.0,.000,0.0,.000,0.0,0,0.0,.000,0.0,.000,0.0,.000,0.0,8,4,0.571428571429,
Ralph Siewert,TRH,1946-1947, 7-1,,23,14,.000,0.0,5,31,.161,.000,.000,.000,6,10,.600,.000,0.0,.000,0.0,.000,0.0,4,0.285714285714,.000,0.0,.000,0.0,.000,0.0,10,16,1.14285714286,
