Player,Team,Season,Height,Position,Age,G,MIN,MINPG,FGM,FGA,FGP,TPM,TPA,TPP,FTM,FTA,FTP,ORB,ORBPG,DRB,DRBPG,TRB,TRBPG,AST,ASTPG,STL,STLPG,BLK,BLKPG,TO,TOPG,PF,PTS,PTSPG,
Ralph Davis,CIN,1960-1961, 6-4,SG,22,73,1210,16.5753424658,181,451,.401,.000,.000,.000,34,52,.654,.000,0.0,.000,0.0,86,1.17808219178,177,2.42465753425,.000,0.0,.000,0.0,.000,0.0,127,396,5.42465753425,
Ralph Davis,CHP,1961-1962, 6-4,SG,23,77,1992,25.8701298701,364,881,.413,.000,.000,.000,71,103,.689,.000,0.0,.000,0.0,162,2.1038961039,247,3.20779220779,.000,0.0,.000,0.0,.000,0.0,187,799,10.3766233766,
