Player,Team,Season,Height,Position,Age,G,MIN,MINPG,FGM,FGA,FGP,TPM,TPA,TPP,FTM,FTA,FTP,ORB,ORBPG,DRB,DRBPG,TRB,TRBPG,AST,ASTPG,STL,STLPG,BLK,BLKPG,TO,TOPG,PF,PTS,PTSPG,
Ralph O'Brien,INO,1951-1952, 5-9,SG,23,64,1577,24.640625,228,613,.372,.000,.000,.000,122,149,.819,.000,0.0,.000,0.0,122,1.90625,124,1.9375,.000,0.0,.000,0.0,.000,0.0,115,578,9.03125,
Ralph O'Brien,TOT,1952-1953, 5-9,PG,24,55,758,13.7818181818,96,286,.336,.000,.000,.000,78,92,.848,.000,0.0,.000,0.0,70,1.27272727273,56,1.01818181818,.000,0.0,.000,0.0,.000,0.0,74,270,4.90909090909,
Ralph O'Brien,INO,1952-1953, 5-9,,24,34,526,15.4705882353,59,190,.311,.000,.000,.000,57,65,.877,.000,0.0,.000,0.0,50,1.47058823529,35,1.02941176471,.000,0.0,.000,0.0,.000,0.0,37,175,5.14705882353,
Ralph O'Brien,FTW,1952-1953, 5-9,,24,7,50,7.14285714286,10,24,.417,.000,.000,.000,3,5,.600,.000,0.0,.000,0.0,0,0.0,4,0.571428571429,.000,0.0,.000,0.0,.000,0.0,7,23,3.28571428571,
Ralph O'Brien,BLB,1952-1953, 5-9,PG,24,14,182,13.0,27,72,.375,.000,.000,.000,18,22,.818,.000,0.0,.000,0.0,20,1.42857142857,17,1.21428571429,.000,0.0,.000,0.0,.000,0.0,30,72,5.14285714286,
