Player,Team,Season,Height,Position,Age,G,MIN,MINPG,FGM,FGA,FGP,TPM,TPA,TPP,FTM,FTA,FTP,ORB,ORBPG,DRB,DRBPG,TRB,TRBPG,AST,ASTPG,STL,STLPG,BLK,BLKPG,TO,TOPG,PF,PTS,PTSPG,
Ralph Lewis,DET,1987-1988, 6-6,SG,24,50,310,6.2,27,87,.310,0,1,.000,29,48,.604,17,0.34,34,0.68,51,1.02,14,0.28,13,0.26,4,0.08,19,0.38,36,83,1.66,
Ralph Lewis,CHH,1988-1989, 6-6,SG,25,42,336,8.0,58,121,.479,1,3,.333,19,39,.487,35,0.833333333333,26,0.619047619048,61,1.45238095238,15,0.357142857143,11,0.261904761905,3,0.0714285714286,24,0.571428571429,28,136,3.2380952381,
Ralph Lewis,TOT,1989-1990, 6-6,SG,26,7,26,3.71428571429,4,7,.571,0,0,.000,2,2,1.000,4,0.571428571429,2,0.285714285714,6,0.857142857143,0,0.0,1,0.142857142857,0,0.0,2,0.285714285714,3,10,1.42857142857,
Ralph Lewis,DET,1989-1990, 6-6,SG,26,4,6,1.5,0,1,.000,0,0,.000,0,0,.000,0,0.0,0,0.0,0,0.0,0,0.0,0,0.0,0,0.0,1,0.25,1,0,0.0,
Ralph Lewis,CHH,1989-1990, 6-6,SG,26,3,20,6.66666666667,4,6,.667,0,0,.000,2,2,1.000,4,1.33333333333,2,0.666666666667,6,2.0,0,0.0,1,0.333333333333,0,0.0,1,0.333333333333,2,10,3.33333333333,
