Player,Team,Season,Height,Position,Age,G,MIN,MINPG,FGM,FGA,FGP,TPM,TPA,TPP,FTM,FTA,FTP,ORB,ORBPG,DRB,DRBPG,TRB,TRBPG,AST,ASTPG,STL,STLPG,BLK,BLKPG,TO,TOPG,PF,PTS,PTSPG,
Ralph Beard,INO,1949-1950, 5-10,,22,60,.000,0.0,340,936,.363,.000,.000,.000,215,282,.762,.000,0.0,.000,0.0,.000,0.0,233,3.88333333333,.000,0.0,.000,0.0,.000,0.0,132,895,14.9166666667,
Ralph Beard,INO,1950-1951, 5-10,,23,66,.000,0.0,409,1110,.368,.000,.000,.000,293,378,.775,.000,0.0,.000,0.0,251,3.80303030303,318,4.81818181818,.000,0.0,.000,0.0,.000,0.0,96,1111,16.8333333333,
