Player,Team,Season,Height,Position,Age,G,MIN,MINPG,FGM,FGA,FGP,TPM,TPA,TPP,FTM,FTA,FTP,ORB,ORBPG,DRB,DRBPG,TRB,TRBPG,AST,ASTPG,STL,STLPG,BLK,BLKPG,TO,TOPG,PF,PTS,PTSPG,
Ramon Rivas,BOS,1988-1989, 6-10,C,22,28,91,3.25,12,31,.387,0,1,.000,16,25,.640,9,0.321428571429,15,0.535714285714,24,0.857142857143,3,0.107142857143,4,0.142857142857,1,0.0357142857143,9,0.321428571429,21,40,1.42857142857,
