Player,Team,Season,Height,Position,Age,G,MIN,MINPG,FGM,FGA,FGP,TPM,TPA,TPP,FTM,FTA,FTP,ORB,ORBPG,DRB,DRBPG,TRB,TRBPG,AST,ASTPG,STL,STLPG,BLK,BLKPG,TO,TOPG,PF,PTS,PTSPG,
Ramon Sessions,MIL,2007-2008, 6-3,PG,21,17,450,26.4705882353,51,117,.436,3,7,.429,32,41,.780,8,0.470588235294,50,2.94117647059,58,3.41176470588,127,7.47058823529,17,1.0,3,0.176470588235,36,2.11764705882,26,137,8.05882352941,
Ramon Sessions,MIL,2008-2009, 6-3,PG,22,79,2173,27.5063291139,345,775,.445,6,34,.176,281,354,.794,64,0.810126582278,205,2.59493670886,269,3.40506329114,452,5.72151898734,83,1.05063291139,7,0.0886075949367,152,1.92405063291,158,977,12.3670886076,
Ramon Sessions,MIN,2009-2010, 6-3,PG,23,82,1732,21.1219512195,253,555,.456,1,15,.067,167,233,.717,58,0.707317073171,156,1.90243902439,214,2.60975609756,258,3.14634146341,55,0.670731707317,5,0.0609756097561,137,1.67073170732,137,674,8.21951219512,
Ramon Sessions,CLE,2010-2011, 6-3,PG,24,81,2133,26.3333333333,362,776,.466,3,15,.200,348,423,.823,46,0.567901234568,209,2.58024691358,255,3.14814814815,419,5.17283950617,60,0.740740740741,8,0.0987654320988,178,2.1975308642,93,1075,13.2716049383,
Ramon Sessions,TOT,2011-2012, 6-3,PG,25,64,1707,26.671875,242,565,.428,43,97,.443,194,248,.782,33,0.515625,181,2.828125,214,3.34375,354,5.53125,44,0.6875,3,0.046875,141,2.203125,100,721,11.265625,
Ramon Sessions,CLE,2011-2012, 6-3,PG,25,41,1006,24.5365853659,141,354,.398,26,62,.419,122,147,.830,19,0.463414634146,108,2.63414634146,127,3.09756097561,212,5.17073170732,27,0.658536585366,1,0.0243902439024,82,2.0,63,430,10.487804878,
Ramon Sessions,LAL,2011-2012, 6-3,PG,25,23,701,30.4782608696,101,211,.479,17,35,.486,72,101,.713,14,0.608695652174,73,3.17391304348,87,3.78260869565,142,6.17391304348,17,0.739130434783,2,0.0869565217391,59,2.5652173913,37,291,12.652173913,
Ramon Sessions,CHA,2012-2013, 6-3,SG,26,61,1652,27.0819672131,276,676,.408,33,107,.308,291,347,.839,27,0.44262295082,142,2.32786885246,169,2.77049180328,230,3.77049180328,48,0.786885245902,7,0.114754098361,104,1.70491803279,91,876,14.3606557377,
