Player,Team,Season,Height,Position,Age,G,MIN,MINPG,FGM,FGA,FGP,TPM,TPA,TPP,FTM,FTA,FTP,ORB,ORBPG,DRB,DRBPG,TRB,TRBPG,AST,ASTPG,STL,STLPG,BLK,BLKPG,TO,TOPG,PF,PTS,PTSPG,
Randolph Keys,CLE,1988-1989, 6-7,SF,22,42,331,7.88095238095,74,172,.430,1,10,.100,20,29,.690,23,0.547619047619,33,0.785714285714,56,1.33333333333,19,0.452380952381,12,0.285714285714,6,0.142857142857,21,0.5,51,169,4.02380952381,
Randolph Keys,TOT,1989-1990, 6-7,SF,23,80,1615,20.1875,293,678,.432,14,43,.326,101,140,.721,100,1.25,153,1.9125,253,3.1625,88,1.1,68,0.85,8,0.1,84,1.05,224,701,8.7625,
Randolph Keys,CLE,1989-1990, 6-7,SF,23,48,892,18.5833333333,151,359,.421,2,10,.200,61,82,.744,52,1.08333333333,85,1.77083333333,137,2.85416666667,39,0.8125,38,0.791666666667,2,0.0416666666667,47,0.979166666667,117,365,7.60416666667,
Randolph Keys,CHH,1989-1990, 6-7,SF,23,32,723,22.59375,142,319,.445,12,33,.364,40,58,.690,48,1.5,68,2.125,116,3.625,49,1.53125,30,0.9375,6,0.1875,37,1.15625,107,336,10.5,
Randolph Keys,CHH,1990-1991, 6-7,SF,24,44,473,10.75,59,145,.407,3,14,.214,19,33,.576,40,0.909090909091,60,1.36363636364,100,2.27272727273,18,0.409090909091,22,0.5,15,0.340909090909,35,0.795454545455,93,140,3.18181818182,
Randolph Keys,LAL,1994-1995, 6-7,SF,28,6,83,13.8333333333,9,26,.346,0,9,.000,2,2,1.000,6,1.0,11,1.83333333333,17,2.83333333333,2,0.333333333333,1,0.166666666667,2,0.333333333333,2,0.333333333333,16,20,3.33333333333,
Randolph Keys,MIL,1995-1996, 6-7,SF,29,69,816,11.8260869565,87,208,.418,22,71,.310,36,43,.837,41,0.594202898551,84,1.21739130435,125,1.8115942029,65,0.942028985507,32,0.463768115942,13,0.188405797101,33,0.478260869565,139,232,3.36231884058,
