Player,Team,Season,Height,Position,Age,G,MIN,MINPG,FGM,FGA,FGP,TPM,TPA,TPP,FTM,FTA,FTP,ORB,ORBPG,DRB,DRBPG,TRB,TRBPG,AST,ASTPG,STL,STLPG,BLK,BLKPG,TO,TOPG,PF,PTS,PTSPG,
Randy Allen,SAC,1988-1989, 6-8,SG,24,7,43,6.14285714286,8,19,.421,0,1,.000,1,2,.500,3,0.428571428571,4,0.571428571429,7,1.0,0,0.0,1,0.142857142857,1,0.142857142857,2,0.285714285714,7,17,2.42857142857,
Randy Allen,SAC,1989-1990, 6-8,SG,25,63,746,11.8412698413,106,239,.444,0,7,.000,23,43,.535,49,0.777777777778,89,1.4126984127,138,2.19047619048,23,0.365079365079,16,0.253968253968,19,0.301587301587,28,0.444444444444,102,235,3.73015873016,
