Player,Team,Season,Height,Position,Age,G,MIN,MINPG,FGM,FGA,FGP,TPM,TPA,TPP,FTM,FTA,FTP,ORB,ORBPG,DRB,DRBPG,TRB,TRBPG,AST,ASTPG,STL,STLPG,BLK,BLKPG,TO,TOPG,PF,PTS,PTSPG,
Randy Woods,LAC,1992-1993, 5-10,PG,22,41,174,4.24390243902,23,66,.348,3,14,.214,19,26,.731,6,0.146341463415,8,0.19512195122,14,0.341463414634,40,0.975609756098,14,0.341463414634,1,0.0243902439024,16,0.390243902439,26,68,1.65853658537,
Randy Woods,LAC,1993-1994, 5-10,PG,23,40,352,8.8,49,133,.368,27,78,.346,20,35,.571,13,0.325,16,0.4,29,0.725,71,1.775,24,0.6,2,0.05,34,0.85,40,145,3.625,
Randy Woods,LAC,1994-1995, 5-10,PG,24,62,495,7.98387096774,37,117,.316,22,74,.297,28,38,.737,10,0.161290322581,34,0.548387096774,44,0.709677419355,134,2.16129032258,41,0.661290322581,0,0.0,55,0.887096774194,87,124,2.0,
Randy Woods,DEN,1995-1996, 5-10,PG,25,8,72,9.0,6,22,.273,5,21,.238,2,2,1.000,3,0.375,3,0.375,6,0.75,12,1.5,6,0.75,1,0.125,5,0.625,13,19,2.375,
