Player,Team,Season,Height,Position,Age,G,MIN,MINPG,FGM,FGA,FGP,TPM,TPA,TPP,FTM,FTA,FTP,ORB,ORBPG,DRB,DRBPG,TRB,TRBPG,AST,ASTPG,STL,STLPG,BLK,BLKPG,TO,TOPG,PF,PTS,PTSPG,
Randy Foye,MIN,2006-2007, 6-4,PG,23,82,1879,22.9146341463,300,691,.434,68,185,.368,164,192,.854,49,0.59756097561,169,2.06097560976,218,2.65853658537,232,2.82926829268,53,0.646341463415,21,0.256097560976,152,1.85365853659,184,832,10.1463414634,
Randy Foye,MIN,2007-2008, 6-4,PG,24,39,1259,32.2820512821,198,462,.429,61,148,.412,53,65,.815,13,0.333333333333,115,2.94871794872,128,3.28205128205,164,4.20512820513,36,0.923076923077,3,0.0769230769231,79,2.02564102564,102,510,13.0769230769,
Randy Foye,MIN,2008-2009, 6-4,SG,25,70,2494,35.6285714286,399,981,.407,111,308,.360,230,272,.846,34,0.485714285714,180,2.57142857143,214,3.05714285714,303,4.32857142857,72,1.02857142857,26,0.371428571429,150,2.14285714286,201,1139,16.2714285714,
Randy Foye,WAS,2009-2010, 6-4,PG,26,70,1667,23.8142857143,256,619,.414,63,182,.346,129,145,.890,16,0.228571428571,114,1.62857142857,130,1.85714285714,228,3.25714285714,33,0.471428571429,10,0.142857142857,94,1.34285714286,123,704,10.0571428571,
Randy Foye,LAC,2010-2011, 6-4,SG,27,63,1551,24.619047619,206,531,.388,71,217,.327,133,149,.893,13,0.206349206349,90,1.42857142857,103,1.63492063492,170,2.69841269841,47,0.746031746032,21,0.333333333333,95,1.50793650794,122,616,9.77777777778,
Randy Foye,LAC,2011-2012, 6-4,SG,28,65,1682,25.8769230769,256,644,.398,127,329,.386,73,85,.859,25,0.384615384615,113,1.73846153846,138,2.12307692308,146,2.24615384615,46,0.707692307692,24,0.369230769231,73,1.12307692308,130,712,10.9538461538,
Randy Foye,UTA,2012-2013, 6-4,SG,29,65,1753,26.9692307692,234,603,.388,137,341,.402,98,120,.817,14,0.215384615385,81,1.24615384615,95,1.46153846154,134,2.06153846154,52,0.8,21,0.323076923077,79,1.21538461538,146,703,10.8153846154,
