Player,Team,Season,Height,Position,Age,G,MIN,MINPG,FGM,FGA,FGP,TPM,TPA,TPP,FTM,FTA,FTP,ORB,ORBPG,DRB,DRBPG,TRB,TRBPG,AST,ASTPG,STL,STLPG,BLK,BLKPG,TO,TOPG,PF,PTS,PTSPG,
Randy White,DAL,1989-1990, 6-8,PF,22,55,707,12.8545454545,93,252,.369,1,14,.071,50,89,.562,78,1.41818181818,95,1.72727272727,173,3.14545454545,21,0.381818181818,24,0.436363636364,6,0.109090909091,47,0.854545454545,124,237,4.30909090909,
Randy White,DAL,1990-1991, 6-8,PF,23,79,1901,24.0632911392,265,665,.398,6,37,.162,159,225,.707,173,2.18987341772,331,4.18987341772,504,6.37974683544,63,0.79746835443,81,1.0253164557,44,0.556962025316,131,1.6582278481,308,695,8.79746835443,
Randy White,DAL,1991-1992, 6-8,PF,24,65,1021,15.7076923077,145,382,.380,4,27,.148,124,162,.765,96,1.47692307692,140,2.15384615385,236,3.63076923077,31,0.476923076923,31,0.476923076923,22,0.338461538462,68,1.04615384615,157,418,6.43076923077,
Randy White,DAL,1992-1993, 6-8,PF,25,64,1433,22.390625,235,540,.435,10,42,.238,138,184,.750,154,2.40625,216,3.375,370,5.78125,49,0.765625,63,0.984375,45,0.703125,108,1.6875,226,618,9.65625,
Randy White,DAL,1993-1994, 6-8,PF,26,18,320,17.7777777778,45,112,.402,6,20,.300,19,33,.576,30,1.66666666667,53,2.94444444444,83,4.61111111111,11,0.611111111111,10,0.555555555556,10,0.555555555556,18,1.0,46,115,6.38888888889,
