Player,Team,Season,Height,Position,Age,G,MIN,MINPG,FGM,FGA,FGP,TPM,TPA,TPP,FTM,FTA,FTP,ORB,ORBPG,DRB,DRBPG,TRB,TRBPG,AST,ASTPG,STL,STLPG,BLK,BLKPG,TO,TOPG,PF,PTS,PTSPG,
Randolph Morris,NYK,2006-2007, 6-10,C,21,5,44,8.8,1,6,.167,0,0,.000,2,6,.333,1,0.2,8,1.6,9,1.8,1,0.2,2,0.4,1,0.2,2,0.4,4,4,0.8,
Randolph Morris,NYK,2007-2008, 6-10,C,22,18,181,10.0555555556,21,58,.362,0,0,.000,14,29,.483,12,0.666666666667,25,1.38888888889,37,2.05555555556,2,0.111111111111,4,0.222222222222,2,0.111111111111,9,0.5,37,56,3.11111111111,
Randolph Morris,ATL,2008-2009, 6-10,C,23,23,89,3.86956521739,7,17,.412,0,0,.000,4,4,1.000,4,0.173913043478,16,0.695652173913,20,0.869565217391,2,0.0869565217391,2,0.0869565217391,1,0.0434782608696,7,0.304347826087,25,18,0.782608695652,
Randolph Morris,ATL,2009-2010, 6-10,PF,24,28,124,4.42857142857,23,41,.561,0,0,.000,16,27,.593,10,0.357142857143,28,1.0,38,1.35714285714,2,0.0714285714286,5,0.178571428571,3,0.107142857143,12,0.428571428571,34,62,2.21428571429,
