Player,Team,Season,Height,Position,Age,G,MIN,MINPG,FGM,FGA,FGP,TPM,TPA,TPP,FTM,FTA,FTP,ORB,ORBPG,DRB,DRBPG,TRB,TRBPG,AST,ASTPG,STL,STLPG,BLK,BLKPG,TO,TOPG,PF,PTS,PTSPG,
Randell Jackson,WAS,1998-1999, 6-11,PF,23,27,271,10.037037037,46,108,.426,1,7,.143,21,32,.656,30,1.11111111111,24,0.888888888889,54,2.0,8,0.296296296296,3,0.111111111111,11,0.407407407407,26,0.962962962963,29,114,4.22222222222,
Randell Jackson,DAL,1999-2000, 6-11,PF,24,1,1,1.0,0,0,.000,0,0,.000,0,0,.000,0,0.0,0,0.0,0,0.0,0,0.0,0,0.0,0,0.0,0,0.0,0,0,0.0,
