Player,Team,Season,Height,Position,Age,G,MIN,MINPG,FGM,FGA,FGP,TPM,TPA,TPP,FTM,FTA,FTP,ORB,ORBPG,DRB,DRBPG,TRB,TRBPG,AST,ASTPG,STL,STLPG,BLK,BLKPG,TO,TOPG,PF,PTS,PTSPG,
Rashad McCants,MIN,2005-2006, 6-4,SG,21,79,1362,17.2405063291,241,535,.450,67,180,.372,78,106,.736,29,0.367088607595,114,1.44303797468,143,1.81012658228,63,0.79746835443,44,0.556962025316,22,0.278481012658,86,1.08860759494,176,627,7.93670886076,
Rashad McCants,MIN,2006-2007, 6-4,SG,22,37,554,14.972972973,62,177,.350,20,75,.267,40,58,.690,14,0.378378378378,33,0.891891891892,47,1.27027027027,38,1.02702702703,26,0.702702702703,7,0.189189189189,40,1.08108108108,71,184,4.97297297297,
Rashad McCants,MIN,2007-2008, 6-4,SG,23,75,2020,26.9333333333,428,944,.453,142,349,.407,116,155,.748,50,0.666666666667,156,2.08,206,2.74666666667,162,2.16,66,0.88,18,0.24,172,2.29333333333,234,1114,14.8533333333,
Rashad McCants,TOT,2008-2009, 6-4,SG,24,58,1101,18.9827586207,192,488,.393,63,189,.333,107,141,.759,21,0.362068965517,89,1.53448275862,110,1.89655172414,68,1.1724137931,47,0.810344827586,14,0.241379310345,64,1.10344827586,103,554,9.55172413793,
Rashad McCants,MIN,2008-2009, 6-4,SG,24,34,636,18.7058823529,105,292,.360,38,119,.319,60,81,.741,11,0.323529411765,52,1.52941176471,63,1.85294117647,32,0.941176470588,27,0.794117647059,6,0.176470588235,45,1.32352941176,63,308,9.05882352941,
Rashad McCants,SAC,2008-2009, 6-4,SG,24,24,465,19.375,87,196,.444,25,70,.357,47,60,.783,10,0.416666666667,37,1.54166666667,47,1.95833333333,36,1.5,20,0.833333333333,8,0.333333333333,19,0.791666666667,40,246,10.25,
