Player,Team,Season,Height,Position,Age,G,MIN,MINPG,FGM,FGA,FGP,TPM,TPA,TPP,FTM,FTA,FTP,ORB,ORBPG,DRB,DRBPG,TRB,TRBPG,AST,ASTPG,STL,STLPG,BLK,BLKPG,TO,TOPG,PF,PTS,PTSPG,
Ray Lumpp,TOT,1948-1949, 6-1,,25,61,.000,0.0,279,800,.349,.000,.000,.000,219,283,.774,.000,0.0,.000,0.0,.000,0.0,158,2.59016393443,.000,0.0,.000,0.0,.000,0.0,173,777,12.737704918,
Ray Lumpp,INJ,1948-1949, 6-1,,25,37,.000,0.0,162,489,.331,.000,.000,.000,129,171,.754,.000,0.0,.000,0.0,.000,0.0,124,3.35135135135,.000,0.0,.000,0.0,.000,0.0,99,453,12.2432432432,
Ray Lumpp,NYK,1948-1949, 6-1,,25,24,.000,0.0,117,311,.376,.000,.000,.000,90,112,.804,.000,0.0,.000,0.0,.000,0.0,34,1.41666666667,.000,0.0,.000,0.0,.000,0.0,74,324,13.5,
Ray Lumpp,NYK,1949-1950, 6-1,,26,58,.000,0.0,91,283,.322,.000,.000,.000,86,108,.796,.000,0.0,.000,0.0,.000,0.0,90,1.55172413793,.000,0.0,.000,0.0,.000,0.0,117,268,4.62068965517,
Ray Lumpp,NYK,1950-1951, 6-1,,27,64,.000,0.0,153,379,.404,.000,.000,.000,124,160,.775,.000,0.0,.000,0.0,125,1.953125,115,1.796875,.000,0.0,.000,0.0,.000,0.0,160,430,6.71875,
Ray Lumpp,NYK,1951-1952, 6-1,SG,28,62,1317,21.2419354839,184,476,.387,.000,.000,.000,90,119,.756,.000,0.0,.000,0.0,125,2.01612903226,123,1.98387096774,.000,0.0,.000,0.0,.000,0.0,165,458,7.38709677419,
Ray Lumpp,TOT,1952-1953, 6-1,PG,29,55,1422,25.8545454545,188,506,.372,.000,.000,.000,153,206,.743,.000,0.0,.000,0.0,141,2.56363636364,168,3.05454545455,.000,0.0,.000,0.0,.000,0.0,178,529,9.61818181818,
Ray Lumpp,NYK,1952-1953, 6-1,,29,6,99,16.5,8,30,.267,.000,.000,.000,12,12,1.000,.000,0.0,.000,0.0,22,3.66666666667,15,2.5,.000,0.0,.000,0.0,.000,0.0,17,28,4.66666666667,
Ray Lumpp,BLB,1952-1953, 6-1,PG,29,49,1323,27.0,180,476,.378,.000,.000,.000,141,194,.727,.000,0.0,.000,0.0,119,2.42857142857,153,3.12244897959,.000,0.0,.000,0.0,.000,0.0,161,501,10.2244897959,
