Player,Team,Season,Height,Position,Age,G,MIN,MINPG,FGM,FGA,FGP,TPM,TPA,TPP,FTM,FTA,FTP,ORB,ORBPG,DRB,DRBPG,TRB,TRBPG,AST,ASTPG,STL,STLPG,BLK,BLKPG,TO,TOPG,PF,PTS,PTSPG,
Red Owens,TOT,1949-1950, 6-3,SG,24,61,.000,0.0,86,288,.299,.000,.000,.000,68,101,.673,.000,0.0,.000,0.0,.000,0.0,73,1.19672131148,.000,0.0,.000,0.0,.000,0.0,152,240,3.93442622951,
Red Owens,TRI,1949-1950, 6-3,SG,24,26,.000,0.0,42,137,.307,.000,.000,.000,40,59,.678,.000,0.0,.000,0.0,.000,0.0,32,1.23076923077,.000,0.0,.000,0.0,.000,0.0,65,124,4.76923076923,
Red Owens,AND,1949-1950, 6-3,SG,24,35,.000,0.0,44,151,.291,.000,.000,.000,28,42,.667,.000,0.0,.000,0.0,.000,0.0,41,1.17142857143,.000,0.0,.000,0.0,.000,0.0,87,116,3.31428571429,
Red Owens,TOT,1951-1952, 6-3,SG,26,29,626,21.5862068966,83,252,.329,.000,.000,.000,64,114,.561,.000,0.0,.000,0.0,102,3.51724137931,64,2.20689655172,.000,0.0,.000,0.0,.000,0.0,92,230,7.93103448276,
Red Owens,BLB,1951-1952, 6-3,SG,26,19,341,17.9473684211,55,161,.342,.000,.000,.000,40,75,.533,.000,0.0,.000,0.0,71,3.73684210526,32,1.68421052632,.000,0.0,.000,0.0,.000,0.0,51,150,7.89473684211,
Red Owens,MLH,1951-1952, 6-3,SG,26,10,285,28.5,28,91,.308,.000,.000,.000,24,39,.615,.000,0.0,.000,0.0,31,3.1,32,3.2,.000,0.0,.000,0.0,.000,0.0,41,80,8.0,
