Player,Team,Season,Height,Position,Age,G,MIN,MINPG,FGM,FGA,FGP,TPM,TPA,TPP,FTM,FTA,FTP,ORB,ORBPG,DRB,DRBPG,TRB,TRBPG,AST,ASTPG,STL,STLPG,BLK,BLKPG,TO,TOPG,PF,PTS,PTSPG,
Red Holzman,ROC,1948-1949, 5-10,PG,28,60,.000,0.0,225,691,.326,.000,.000,.000,96,157,.611,.000,0.0,.000,0.0,.000,0.0,149,2.48333333333,.000,0.0,.000,0.0,.000,0.0,93,546,9.1,
Red Holzman,ROC,1949-1950, 5-10,PG,29,68,.000,0.0,206,625,.330,.000,.000,.000,144,210,.686,.000,0.0,.000,0.0,.000,0.0,200,2.94117647059,.000,0.0,.000,0.0,.000,0.0,67,556,8.17647058824,
Red Holzman,ROC,1950-1951, 5-10,PG,30,68,.000,0.0,183,561,.326,.000,.000,.000,130,179,.726,.000,0.0,.000,0.0,152,2.23529411765,147,2.16176470588,.000,0.0,.000,0.0,.000,0.0,94,496,7.29411764706,
Red Holzman,ROC,1951-1952, 5-10,PG,31,65,1065,16.3846153846,104,372,.280,.000,.000,.000,61,85,.718,.000,0.0,.000,0.0,106,1.63076923077,115,1.76923076923,.000,0.0,.000,0.0,.000,0.0,95,269,4.13846153846,
Red Holzman,ROC,1952-1953, 5-10,PG,32,46,392,8.52173913043,38,149,.255,.000,.000,.000,27,38,.711,.000,0.0,.000,0.0,40,0.869565217391,35,0.760869565217,.000,0.0,.000,0.0,.000,0.0,56,103,2.23913043478,
Red Holzman,MLH,1953-1954, 5-10,PG,33,51,649,12.7254901961,74,224,.330,.000,.000,.000,48,73,.658,.000,0.0,.000,0.0,46,0.901960784314,75,1.47058823529,.000,0.0,.000,0.0,.000,0.0,73,196,3.8431372549,
