Player,Team,Season,Height,Position,Age,G,MIN,MINPG,FGM,FGA,FGP,TPM,TPA,TPP,FTM,FTA,FTP,ORB,ORBPG,DRB,DRBPG,TRB,TRBPG,AST,ASTPG,STL,STLPG,BLK,BLKPG,TO,TOPG,PF,PTS,PTSPG,
Red Morrison,BOS,1954-1955, 6-8,C,22,71,1227,17.2816901408,120,284,.423,.000,.000,.000,72,115,.626,.000,0.0,.000,0.0,451,6.35211267606,82,1.15492957746,.000,0.0,.000,0.0,.000,0.0,222,312,4.39436619718,
Red Morrison,BOS,1955-1956, 6-8,C,23,71,910,12.8169014085,89,240,.371,.000,.000,.000,44,89,.494,.000,0.0,.000,0.0,345,4.85915492958,53,0.746478873239,.000,0.0,.000,0.0,.000,0.0,159,222,3.12676056338,
Red Morrison,STL,1957-1958, 6-8,C,25,13,79,6.07692307692,9,26,.346,.000,.000,.000,3,4,.750,.000,0.0,.000,0.0,26,2.0,0,0.0,.000,0.0,.000,0.0,.000,0.0,12,21,1.61538461538,
