Player,Team,Season,Height,Position,Age,G,MIN,MINPG,FGM,FGA,FGP,TPM,TPA,TPP,FTM,FTA,FTP,ORB,ORBPG,DRB,DRBPG,TRB,TRBPG,AST,ASTPG,STL,STLPG,BLK,BLKPG,TO,TOPG,PF,PTS,PTSPG,
Red Rocha,STB,1947-1948, 6-9,C,24,48,.000,0.0,232,740,.314,.000,.000,.000,147,213,.690,.000,0.0,.000,0.0,.000,0.0,39,0.8125,.000,0.0,.000,0.0,.000,0.0,209,611,12.7291666667,
Red Rocha,STB,1948-1949, 6-9,C,25,58,.000,0.0,223,574,.389,.000,.000,.000,162,211,.768,.000,0.0,.000,0.0,.000,0.0,157,2.70689655172,.000,0.0,.000,0.0,.000,0.0,251,608,10.4827586207,
Red Rocha,STB,1949-1950, 6-9,C,26,65,.000,0.0,275,679,.405,.000,.000,.000,220,313,.703,.000,0.0,.000,0.0,.000,0.0,155,2.38461538462,.000,0.0,.000,0.0,.000,0.0,257,770,11.8461538462,
Red Rocha,BLB,1950-1951, 6-9,C,27,64,.000,0.0,297,843,.352,.000,.000,.000,242,299,.809,.000,0.0,.000,0.0,511,7.984375,147,2.296875,.000,0.0,.000,0.0,.000,0.0,242,836,13.0625,
Red Rocha,SYR,1951-1952, 6-9,C,28,66,2543,38.5303030303,300,749,.401,.000,.000,.000,254,330,.770,.000,0.0,.000,0.0,549,8.31818181818,128,1.93939393939,.000,0.0,.000,0.0,.000,0.0,249,854,12.9393939394,
Red Rocha,SYR,1952-1953, 6-9,C,29,69,2454,35.5652173913,268,690,.388,.000,.000,.000,234,310,.755,.000,0.0,.000,0.0,510,7.39130434783,137,1.98550724638,.000,0.0,.000,0.0,.000,0.0,257,770,11.1594202899,
Red Rocha,SYR,1954-1955, 6-9,C,31,72,2473,34.3472222222,295,801,.368,.000,.000,.000,222,284,.782,.000,0.0,.000,0.0,489,6.79166666667,178,2.47222222222,.000,0.0,.000,0.0,.000,0.0,242,812,11.2777777778,
Red Rocha,SYR,1955-1956, 6-9,C,32,72,1883,26.1527777778,250,692,.361,.000,.000,.000,220,281,.783,.000,0.0,.000,0.0,416,5.77777777778,131,1.81944444444,.000,0.0,.000,0.0,.000,0.0,244,720,10.0,
Red Rocha,FTW,1956-1957, 6-9,C,33,72,1154,16.0277777778,136,390,.349,.000,.000,.000,109,144,.757,.000,0.0,.000,0.0,272,3.77777777778,81,1.125,.000,0.0,.000,0.0,.000,0.0,162,381,5.29166666667,
