Player,Team,Season,Height,Position,Age,G,MIN,MINPG,FGM,FGA,FGP,TPM,TPA,TPP,FTM,FTA,FTP,ORB,ORBPG,DRB,DRBPG,TRB,TRBPG,AST,ASTPG,STL,STLPG,BLK,BLKPG,TO,TOPG,PF,PTS,PTSPG,
Red Wallace,TOT,1946-1947, 6-1,,28,61,.000,0.0,225,809,.278,.000,.000,.000,106,196,.541,.000,0.0,.000,0.0,.000,0.0,58,0.950819672131,.000,0.0,.000,0.0,.000,0.0,167,556,9.11475409836,
Red Wallace,BOS,1946-1947, 6-1,,28,24,.000,0.0,55,224,.246,.000,.000,.000,21,48,.438,.000,0.0,.000,0.0,.000,0.0,20,0.833333333333,.000,0.0,.000,0.0,.000,0.0,42,131,5.45833333333,
Red Wallace,TRH,1946-1947, 6-1,,28,37,.000,0.0,170,585,.291,.000,.000,.000,85,148,.574,.000,0.0,.000,0.0,.000,0.0,38,1.02702702703,.000,0.0,.000,0.0,.000,0.0,125,425,11.4864864865,
