Player,Team,Season,Height,Position,Age,G,MIN,MINPG,FGM,FGA,FGP,TPM,TPA,TPP,FTM,FTA,FTP,ORB,ORBPG,DRB,DRBPG,TRB,TRBPG,AST,ASTPG,STL,STLPG,BLK,BLKPG,TO,TOPG,PF,PTS,PTSPG,
Reggie Jordan,LAL,1993-1994, 6-4,SG,26,23,259,11.2608695652,44,103,.427,2,4,.500,35,51,.686,46,2.0,21,0.913043478261,67,2.91304347826,26,1.13043478261,14,0.608695652174,5,0.217391304348,14,0.608695652174,26,125,5.4347826087,
Reggie Jordan,ATL,1995-1996, 6-4,PG,28,24,247,10.2916666667,36,71,.507,0,0,.000,22,38,.579,23,0.958333333333,29,1.20833333333,52,2.16666666667,29,1.20833333333,12,0.5,7,0.291666666667,19,0.791666666667,30,94,3.91666666667,
Reggie Jordan,TOT,1996-1997, 6-4,SG,29,19,130,6.84210526316,16,26,.615,0,0,.000,8,17,.471,11,0.578947368421,16,0.842105263158,27,1.42105263158,12,0.631578947368,7,0.368421052632,3,0.157894736842,8,0.421052631579,15,40,2.10526315789,
Reggie Jordan,POR,1996-1997, 6-4,SG,29,9,99,11.0,8,16,.500,0,0,.000,4,10,.400,11,1.22222222222,12,1.33333333333,23,2.55555555556,11,1.22222222222,5,0.555555555556,3,0.333333333333,6,0.666666666667,13,20,2.22222222222,
Reggie Jordan,MIN,1996-1997, 6-4,SG,29,10,31,3.1,8,10,.800,0,0,.000,4,7,.571,0,0.0,4,0.4,4,0.4,1,0.1,2,0.2,0,0.0,2,0.2,2,20,2.0,
Reggie Jordan,MIN,1997-1998, 6-4,SG,30,57,487,8.54385964912,54,113,.478,0,1,.000,41,72,.569,57,1.0,40,0.701754385965,97,1.70175438596,50,0.877192982456,35,0.614035087719,9,0.157894736842,30,0.526315789474,63,149,2.61403508772,
Reggie Jordan,MIN,1998-1999, 6-4,SG,31,27,296,10.962962963,15,54,.278,0,0,.000,21,38,.553,27,1.0,32,1.18518518519,59,2.18518518519,41,1.51851851852,12,0.444444444444,5,0.185185185185,14,0.518518518519,38,51,1.88888888889,
Reggie Jordan,WAS,1999-2000, 6-4,PG,32,36,243,6.75,17,53,.321,0,1,.000,7,13,.538,16,0.444444444444,25,0.694444444444,41,1.13888888889,32,0.888888888889,12,0.333333333333,2,0.0555555555556,19,0.527777777778,29,41,1.13888888889,
