Player,Team,Season,Height,Position,Age,G,MIN,MINPG,FGM,FGA,FGP,TPM,TPA,TPP,FTM,FTA,FTP,ORB,ORBPG,DRB,DRBPG,TRB,TRBPG,AST,ASTPG,STL,STLPG,BLK,BLKPG,TO,TOPG,PF,PTS,PTSPG,
Reggie Geary,CLE,1996-1997, 6-2,PG,23,39,246,6.30769230769,22,58,.379,8,21,.381,5,11,.455,4,0.102564102564,11,0.282051282051,15,0.384615384615,36,0.923076923077,13,0.333333333333,2,0.0512820512821,15,0.384615384615,36,57,1.46153846154,
Reggie Geary,SAS,1997-1998, 6-2,PG,24,62,685,11.0483870968,56,169,.331,12,40,.300,28,56,.500,19,0.306451612903,48,0.774193548387,67,1.08064516129,74,1.1935483871,37,0.596774193548,12,0.193548387097,42,0.677419354839,95,152,2.45161290323,
