Player,Team,Season,Height,Position,Age,G,MIN,MINPG,FGM,FGA,FGP,TPM,TPA,TPP,FTM,FTA,FTP,ORB,ORBPG,DRB,DRBPG,TRB,TRBPG,AST,ASTPG,STL,STLPG,BLK,BLKPG,TO,TOPG,PF,PTS,PTSPG,
Reggie Jackson,OKC,2011-2012, 6-3,PG,21,45,501,11.1333333333,51,159,.321,13,62,.210,25,29,.862,14,0.311111111111,39,0.866666666667,53,1.17777777778,71,1.57777777778,25,0.555555555556,1,0.0222222222222,36,0.8,31,140,3.11111111111,
Reggie Jackson,OKC,2012-2013, 6-3,PG,22,53,666,12.5660377358,99,212,.467,20,72,.278,31,40,.775,12,0.22641509434,103,1.94339622642,115,2.16981132075,87,1.64150943396,16,0.301886792453,5,0.0943396226415,40,0.754716981132,56,249,4.69811320755,
