Player,Team,Season,Height,Position,Age,G,MIN,MINPG,FGM,FGA,FGP,TPM,TPA,TPP,FTM,FTA,FTP,ORB,ORBPG,DRB,DRBPG,TRB,TRBPG,AST,ASTPG,STL,STLPG,BLK,BLKPG,TO,TOPG,PF,PTS,PTSPG,
Reggie Johnson,SAS,1980-1981, 6-9,PF,23,79,1716,21.7215189873,340,682,.499,0,1,.000,128,193,.663,132,1.67088607595,226,2.86075949367,358,4.53164556962,78,0.987341772152,45,0.569620253165,48,0.607594936709,130,1.64556962025,283,808,10.2278481013,
Reggie Johnson,TOT,1981-1982, 6-9,PF,24,75,1904,25.3866666667,351,662,.530,0,1,.000,118,156,.756,140,1.86666666667,311,4.14666666667,451,6.01333333333,73,0.973333333333,33,0.44,60,0.8,100,1.33333333333,257,820,10.9333333333,
Reggie Johnson,SAS,1981-1982, 6-9,PF,24,21,504,24.0,94,194,.485,0,0,.000,32,40,.800,43,2.04761904762,94,4.47619047619,137,6.52380952381,20,0.952380952381,7,0.333333333333,16,0.761904761905,26,1.2380952381,67,220,10.4761904762,
Reggie Johnson,CLE,1981-1982, 6-9,PF,24,23,617,26.8260869565,94,175,.537,0,0,.000,35,44,.795,43,1.86956521739,82,3.5652173913,125,5.4347826087,22,0.95652173913,6,0.260869565217,17,0.739130434783,24,1.04347826087,73,223,9.69565217391,
Reggie Johnson,KCK,1981-1982, 6-9,PF,24,31,783,25.2580645161,163,293,.556,0,1,.000,51,72,.708,54,1.74193548387,135,4.35483870968,189,6.09677419355,31,1.0,20,0.645161290323,27,0.870967741935,50,1.61290322581,117,377,12.1612903226,
Reggie Johnson,TOT,1982-1983, 6-9,SF,25,79,1541,19.5063291139,247,509,.485,1,4,.250,95,130,.731,107,1.35443037975,184,2.32911392405,291,3.6835443038,71,0.898734177215,26,0.329113924051,43,0.544303797468,104,1.3164556962,232,590,7.46835443038,
Reggie Johnson,KCK,1982-1983, 6-9,SF,25,50,992,19.84,178,355,.501,1,4,.250,73,100,.730,75,1.5,126,2.52,201,4.02,48,0.96,18,0.36,26,0.52,69,1.38,150,430,8.6,
Reggie Johnson,PHI,1982-1983, 6-9,SF,25,29,549,18.9310344828,69,154,.448,0,0,.000,22,30,.733,32,1.10344827586,58,2.0,90,3.10344827586,23,0.793103448276,8,0.275862068966,17,0.586206896552,35,1.20689655172,82,160,5.51724137931,
Reggie Johnson,NJN,1983-1984, 6-9,PF,26,72,818,11.3611111111,127,256,.496,0,1,.000,92,126,.730,53,0.736111111111,85,1.18055555556,138,1.91666666667,40,0.555555555556,24,0.333333333333,18,0.25,59,0.819444444444,141,346,4.80555555556,
