Player,Team,Season,Height,Position,Age,G,MIN,MINPG,FGM,FGA,FGP,TPM,TPA,TPP,FTM,FTA,FTP,ORB,ORBPG,DRB,DRBPG,TRB,TRBPG,AST,ASTPG,STL,STLPG,BLK,BLKPG,TO,TOPG,PF,PTS,PTSPG,
Reggie King,KCK,1979-1980, 6-6,PF,22,82,2052,25.0243902439,257,499,.515,0,1,.000,159,219,.726,184,2.24390243902,382,4.65853658537,566,6.90243902439,106,1.29268292683,69,0.841463414634,31,0.378048780488,100,1.21951219512,230,673,8.20731707317,
Reggie King,KCK,1980-1981, 6-6,PF,23,81,2743,33.8641975309,472,867,.544,0,0,.000,264,386,.684,235,2.9012345679,551,6.8024691358,786,9.7037037037,122,1.50617283951,102,1.25925925926,41,0.506172839506,164,2.02469135802,227,1208,14.9135802469,
Reggie King,KCK,1981-1982, 6-6,SF,24,80,2609,32.6125,383,752,.509,0,0,.000,201,285,.705,162,2.025,361,4.5125,523,6.5375,173,2.1625,84,1.05,29,0.3625,155,1.9375,221,967,12.0875,
Reggie King,KCK,1982-1983, 6-6,SF,25,58,995,17.1551724138,104,225,.462,0,0,.000,73,96,.760,91,1.56896551724,149,2.56896551724,240,4.13793103448,58,1.0,28,0.48275862069,11,0.189655172414,65,1.12068965517,94,281,4.84482758621,
Reggie King,SEA,1983-1984, 6-6,SF,26,77,2086,27.0909090909,233,448,.520,0,2,.000,136,206,.660,134,1.74025974026,336,4.36363636364,470,6.1038961039,179,2.32467532468,54,0.701298701299,24,0.311688311688,127,1.64935064935,159,602,7.81818181818,
Reggie King,SEA,1984-1985, 6-6,SF,27,60,860,14.3333333333,63,149,.423,0,0,.000,41,59,.695,44,0.733333333333,78,1.3,122,2.03333333333,53,0.883333333333,28,0.466666666667,11,0.183333333333,42,0.7,74,167,2.78333333333,
