Player,Team,Season,Height,Position,Age,G,MIN,MINPG,FGM,FGA,FGP,TPM,TPA,TPP,FTM,FTA,FTP,ORB,ORBPG,DRB,DRBPG,TRB,TRBPG,AST,ASTPG,STL,STLPG,BLK,BLKPG,TO,TOPG,PF,PTS,PTSPG,
Reggie Carter,NYK,1980-1981, 6-3,SG,23,60,536,8.93333333333,59,179,.330,0,3,.000,51,69,.739,30,0.5,39,0.65,69,1.15,76,1.26666666667,22,0.366666666667,2,0.0333333333333,38,0.633333333333,68,169,2.81666666667,
Reggie Carter,NYK,1981-1982, 6-3,SG,24,75,923,12.3066666667,119,280,.425,0,0,.000,64,80,.800,35,0.466666666667,60,0.8,95,1.26666666667,130,1.73333333333,36,0.48,6,0.08,78,1.04,124,302,4.02666666667,
