Player,Team,Season,Height,Position,Age,G,MIN,MINPG,FGM,FGA,FGP,TPM,TPA,TPP,FTM,FTA,FTP,ORB,ORBPG,DRB,DRBPG,TRB,TRBPG,AST,ASTPG,STL,STLPG,BLK,BLKPG,TO,TOPG,PF,PTS,PTSPG,
Rex Morgan,BOS,1970-1971, 6-5,SG,22,34,266,7.82352941176,41,102,.402,.000,.000,.000,35,54,.648,.000,0.0,.000,0.0,61,1.79411764706,22,0.647058823529,.000,0.0,.000,0.0,.000,0.0,58,117,3.44117647059,
Rex Morgan,BOS,1971-1972, 6-5,SG,23,28,150,5.35714285714,16,50,.320,.000,.000,.000,23,31,.742,.000,0.0,.000,0.0,30,1.07142857143,17,0.607142857143,.000,0.0,.000,0.0,.000,0.0,34,55,1.96428571429,
