Player,Team,Season,Height,Position,Age,G,MIN,MINPG,FGM,FGA,FGP,TPM,TPA,TPP,FTM,FTA,FTP,ORB,ORBPG,DRB,DRBPG,TRB,TRBPG,AST,ASTPG,STL,STLPG,BLK,BLKPG,TO,TOPG,PF,PTS,PTSPG,
Richard Fisher,TOT,1971-1972, 6-5,PF,23,12,66,5.5,18,34,.529,0,0,.000,1,1,1.000,14,1.16666666667,18,1.5,32,2.66666666667,5,0.416666666667,.000,0.0,.000,0.0,4,0.333333333333,9,37,3.08333333333,
Richard Fisher,UTS,1971-1972, 6-5,,23,9,59,6.55555555556,15,29,.517,0,0,.000,1,1,1.000,11,1.22222222222,17,1.88888888889,28,3.11111111111,3,0.333333333333,.000,0.0,.000,0.0,3,0.333333333333,8,31,3.44444444444,
Richard Fisher,FLO,1971-1972, 6-5,PF,23,3,7,2.33333333333,3,5,.600,0,0,.000,0,0,.000,3,1.0,1,0.333333333333,4,1.33333333333,2,0.666666666667,.000,0.0,.000,0.0,1,0.333333333333,1,6,2.0,
