Player,Team,Season,Height,Position,Age,G,MIN,MINPG,FGM,FGA,FGP,TPM,TPA,TPP,FTM,FTA,FTP,ORB,ORBPG,DRB,DRBPG,TRB,TRBPG,AST,ASTPG,STL,STLPG,BLK,BLKPG,TO,TOPG,PF,PTS,PTSPG,
Richard Anderson,SDC,1982-1983, 6-10,C,22,78,1274,16.3333333333,174,431,.404,7,19,.368,48,69,.696,111,1.42307692308,161,2.0641025641,272,3.48717948718,120,1.53846153846,57,0.730769230769,26,0.333333333333,93,1.19230769231,170,403,5.16666666667,
Richard Anderson,DEN,1983-1984, 6-10,PF,23,78,1380,17.6923076923,272,638,.426,3,19,.158,116,150,.773,136,1.74358974359,270,3.46153846154,406,5.20512820513,193,2.47435897436,46,0.589743589744,28,0.358974358974,109,1.39743589744,183,663,8.5,
Richard Anderson,HOU,1986-1987, 6-10,PF,26,51,312,6.11764705882,59,139,.424,4,16,.250,22,29,.759,24,0.470588235294,55,1.07843137255,79,1.54901960784,33,0.647058823529,7,0.137254901961,3,0.0588235294118,19,0.372549019608,37,144,2.82352941176,
Richard Anderson,TOT,1987-1988, 6-10,PF,27,74,1350,18.2432432432,171,439,.390,48,150,.320,58,77,.753,91,1.22972972973,212,2.86486486486,303,4.09459459459,112,1.51351351351,51,0.689189189189,16,0.216216216216,61,0.824324324324,137,448,6.05405405405,
Richard Anderson,HOU,1987-1988, 6-10,PF,27,12,53,4.41666666667,11,26,.423,6,15,.400,4,5,.800,9,0.75,8,0.666666666667,17,1.41666666667,4,0.333333333333,1,0.0833333333333,0,0.0,1,0.0833333333333,4,32,2.66666666667,
Richard Anderson,POR,1987-1988, 6-10,PF,27,62,1297,20.9193548387,160,413,.387,42,135,.311,54,72,.750,82,1.32258064516,204,3.29032258065,286,4.61290322581,108,1.74193548387,50,0.806451612903,16,0.258064516129,60,0.967741935484,133,416,6.70967741935,
Richard Anderson,POR,1988-1989, 6-10,PF,28,72,1082,15.0277777778,145,348,.417,49,141,.348,32,38,.842,62,0.861111111111,169,2.34722222222,231,3.20833333333,98,1.36111111111,44,0.611111111111,12,0.166666666667,54,0.75,100,371,5.15277777778,
Richard Anderson,CHH,1989-1990, 6-10,PF,29,54,604,11.1851851852,88,211,.417,37,100,.370,18,23,.783,33,0.611111111111,94,1.74074074074,127,2.35185185185,55,1.01851851852,20,0.37037037037,9,0.166666666667,26,0.481481481481,64,231,4.27777777778,
