Player,Team,Season,Height,Position,Age,G,MIN,MINPG,FGM,FGA,FGP,TPM,TPA,TPP,FTM,FTA,FTP,ORB,ORBPG,DRB,DRBPG,TRB,TRBPG,AST,ASTPG,STL,STLPG,BLK,BLKPG,TO,TOPG,PF,PTS,PTSPG,
Richie Frahm,SEA,2003-2004, 6-5,SF,26,54,469,8.68518518519,63,139,.453,34,92,.370,23,26,.885,12,0.222222222222,44,0.814814814815,56,1.03703703704,24,0.444444444444,16,0.296296296296,4,0.0740740740741,7,0.12962962963,50,183,3.38888888889,
Richie Frahm,POR,2004-2005, 6-5,SG,27,43,499,11.6046511628,56,140,.400,31,80,.388,21,25,.840,17,0.395348837209,44,1.02325581395,61,1.41860465116,30,0.697674418605,15,0.348837209302,4,0.093023255814,14,0.325581395349,35,164,3.81395348837,
Richie Frahm,TOT,2005-2006, 6-5,SG,28,33,342,10.3636363636,39,100,.390,23,70,.329,7,10,.700,3,0.0909090909091,30,0.909090909091,33,1.0,21,0.636363636364,4,0.121212121212,2,0.0606060606061,8,0.242424242424,30,108,3.27272727273,
Richie Frahm,MIN,2005-2006, 6-5,SG,28,25,225,9.0,24,65,.369,15,48,.313,3,5,.600,3,0.12,20,0.8,23,0.92,15,0.6,3,0.12,2,0.08,4,0.16,22,66,2.64,
Richie Frahm,HOU,2005-2006, 6-5,SG,28,8,117,14.625,15,35,.429,8,22,.364,4,5,.800,0,0.0,10,1.25,10,1.25,6,0.75,1,0.125,0,0.0,4,0.5,8,42,5.25,
Richie Frahm,LAC,2007-2008, 6-5,SG,30,10,163,16.3,20,54,.370,7,25,.280,0,2,.000,4,0.4,10,1.0,14,1.4,8,0.8,2,0.2,0,0.0,6,0.6,7,47,4.7,
