Player,Team,Season,Height,Position,Age,G,MIN,MINPG,FGM,FGA,FGP,TPM,TPA,TPP,FTM,FTA,FTP,ORB,ORBPG,DRB,DRBPG,TRB,TRBPG,AST,ASTPG,STL,STLPG,BLK,BLKPG,TO,TOPG,PF,PTS,PTSPG,
Richard Dumas,PHO,1992-1993, 6-7,SF,23,48,1320,27.5,302,576,.524,1,3,.333,152,215,.707,100,2.08333333333,123,2.5625,223,4.64583333333,60,1.25,85,1.77083333333,39,0.8125,92,1.91666666667,127,757,15.7708333333,
Richard Dumas,PHO,1994-1995, 6-7,SF,25,15,167,11.1333333333,37,73,.507,0,1,.000,8,16,.500,18,1.2,11,0.733333333333,29,1.93333333333,7,0.466666666667,10,0.666666666667,2,0.133333333333,9,0.6,22,82,5.46666666667,
Richard Dumas,PHI,1995-1996, 6-7,PF,26,39,739,18.9487179487,95,203,.468,2,9,.222,49,70,.700,42,1.07692307692,57,1.46153846154,99,2.53846153846,44,1.12820512821,42,1.07692307692,6,0.153846153846,49,1.25641025641,79,241,6.17948717949,
