Player,Team,Season,Height,Position,Age,G,MIN,MINPG,FGM,FGA,FGP,TPM,TPA,TPP,FTM,FTA,FTP,ORB,ORBPG,DRB,DRBPG,TRB,TRBPG,AST,ASTPG,STL,STLPG,BLK,BLKPG,TO,TOPG,PF,PTS,PTSPG,
Rich Johnson,BOS,1968-1969, 6-7,C,22,31,163,5.25806451613,29,76,.382,.000,.000,.000,11,23,.478,.000,0.0,.000,0.0,52,1.67741935484,7,0.225806451613,.000,0.0,.000,0.0,.000,0.0,40,69,2.22580645161,
Rich Johnson,BOS,1969-1970, 6-7,C,23,65,898,13.8153846154,167,361,.463,.000,.000,.000,46,70,.657,.000,0.0,.000,0.0,208,3.2,32,0.492307692308,.000,0.0,.000,0.0,.000,0.0,155,380,5.84615384615,
Rich Johnson,TOT,1970-1971, 6-7,
   <td align="right" >39,24,39,555,14.2307692308,96,196,.490,0,0,.000,36,54,.667,46,1.17948717949,111,2.84615384615,157,4.02564102564,19,0.487179487179,.000,0.0,.000,0.0,27,0.692307692308,86,228,5.84615384615,
Rich Johnson,BOS,1970-1971, 6-7,C,24,1,13,13.0,4,5,.800,.000,.000,.000,0,0,.000,.000,0.0,.000,0.0,5,5.0,0,0.0,.000,0.0,.000,0.0,.000,0.0,3,8,8.0,
Rich Johnson,FLO,1970-1971, 6-7,C,24,7,117,16.7142857143,16,28,.571,0,0,.000,4,7,.571,13,1.85714285714,18,2.57142857143,31,4.42857142857,5,0.714285714286,.000,0.0,.000,0.0,13,1.85714285714,15,36,5.14285714286,
Rich Johnson,CAR,1970-1971, 6-7,PF,24,25,395,15.8,70,151,.464,0,0,.000,29,41,.707,27,1.08,83,3.32,110,4.4,11,0.44,.000,0.0,.000,0.0,12,0.48,65,169,6.76,
Rich Johnson,PTC,1970-1971, 6-7,C,24,6,30,5.0,6,12,.500,0,0,.000,3,6,.500,6,1.0,5,0.833333333333,11,1.83333333333,3,0.5,.000,0.0,.000,0.0,2,0.333333333333,3,15,2.5,
Rich Johnson,TOT,1970-1971, 6-7,PF,24,38,542,14.2631578947,92,191,.482,0,0,.000,36,54,.667,46,1.21052631579,106,2.78947368421,152,4.0,19,0.5,.000,0.0,.000,0.0,27,0.710526315789,83,220,5.78947368421,
