Player,Team,Season,Height,Position,Age,G,MIN,MINPG,FGM,FGA,FGP,TPM,TPA,TPP,FTM,FTA,FTP,ORB,ORBPG,DRB,DRBPG,TRB,TRBPG,AST,ASTPG,STL,STLPG,BLK,BLKPG,TO,TOPG,PF,PTS,PTSPG,
Richie Regan,ROC,1955-1956, 6-2,PG,25,72,1746,24.25,240,681,.352,.000,.000,.000,85,133,.639,.000,0.0,.000,0.0,174,2.41666666667,222,3.08333333333,.000,0.0,.000,0.0,.000,0.0,179,565,7.84722222222,
Richie Regan,ROC,1956-1957, 6-2,PG,26,71,2100,29.5774647887,257,780,.329,.000,.000,.000,182,235,.774,.000,0.0,.000,0.0,205,2.88732394366,222,3.12676056338,.000,0.0,.000,0.0,.000,0.0,179,696,9.80281690141,
Richie Regan,CIN,1957-1958, 6-2,SG,27,72,1648,22.8888888889,202,569,.355,.000,.000,.000,120,172,.698,.000,0.0,.000,0.0,175,2.43055555556,185,2.56944444444,.000,0.0,.000,0.0,.000,0.0,174,524,7.27777777778,
