Player,Team,Season,Height,Position,Age,G,MIN,MINPG,FGM,FGA,FGP,TPM,TPA,TPP,FTM,FTA,FTP,ORB,ORBPG,DRB,DRBPG,TRB,TRBPG,AST,ASTPG,STL,STLPG,BLK,BLKPG,TO,TOPG,PF,PTS,PTSPG,
Richard Washington,KCK,1976-1977, 6-11,PF,21,82,2265,27.6219512195,446,1034,.431,.000,.000,.000,177,254,.697,201,2.4512195122,497,6.06097560976,698,8.51219512195,85,1.03658536585,63,0.768292682927,90,1.09756097561,.000,0.0,324,1069,13.0365853659,
Richard Washington,KCK,1977-1978, 6-11,PF,22,78,2231,28.6025641026,425,891,.477,.000,.000,.000,150,199,.754,188,2.41025641026,466,5.97435897436,654,8.38461538462,118,1.51282051282,74,0.948717948718,73,0.935897435897,191,2.44871794872,324,1000,12.8205128205,
Richard Washington,KCK,1978-1979, 6-11,PF,23,18,161,8.94444444444,14,41,.341,.000,.000,.000,10,16,.625,11,0.611111111111,37,2.05555555556,48,2.66666666667,7,0.388888888889,7,0.388888888889,3,0.166666666667,15,0.833333333333,31,38,2.11111111111,
Richard Washington,MIL,1979-1980, 6-11,PF,24,75,1092,14.56,197,421,.468,0,0,.000,46,76,.605,95,1.26666666667,181,2.41333333333,276,3.68,55,0.733333333333,26,0.346666666667,48,0.64,63,0.84,166,440,5.86666666667,
Richard Washington,TOT,1980-1981, 6-11,PF,25,80,1812,22.65,340,747,.455,1,2,.500,119,159,.748,158,1.975,295,3.6875,453,5.6625,129,1.6125,46,0.575,61,0.7625,129,1.6125,283,800,10.0,
Richard Washington,DAL,1980-1981, 6-11,PF,25,11,307,27.9090909091,51,117,.436,0,0,.000,17,23,.739,25,2.27272727273,59,5.36363636364,84,7.63636363636,16,1.45454545455,5,0.454545454545,7,0.636363636364,21,1.90909090909,37,119,10.8181818182,
Richard Washington,CLE,1980-1981, 6-11,PF,25,69,1505,21.8115942029,289,630,.459,1,2,.500,102,136,.750,133,1.92753623188,236,3.42028985507,369,5.34782608696,113,1.63768115942,41,0.594202898551,54,0.782608695652,108,1.5652173913,246,681,9.86956521739,
Richard Washington,CLE,1981-1982, 6-11,PF,26,18,313,17.3888888889,50,115,.435,0,2,.000,9,15,.600,32,1.77777777778,43,2.38888888889,75,4.16666666667,15,0.833333333333,8,0.444444444444,2,0.111111111111,35,1.94444444444,51,109,6.05555555556,
