Player,Team,Season,Height,Position,Age,G,MIN,MINPG,FGM,FGA,FGP,TPM,TPA,TPP,FTM,FTA,FTP,ORB,ORBPG,DRB,DRBPG,TRB,TRBPG,AST,ASTPG,STL,STLPG,BLK,BLKPG,TO,TOPG,PF,PTS,PTSPG,
Rich King,SEA,1991-1992, 7-2,C,22,40,213,5.325,27,71,.380,0,1,.000,34,45,.756,20,0.5,29,0.725,49,1.225,12,0.3,4,0.1,5,0.125,18,0.45,42,88,2.2,
Rich King,SEA,1992-1993, 7-2,C,23,3,12,4.0,2,5,.400,0,0,.000,2,2,1.000,1,0.333333333333,4,1.33333333333,5,1.66666666667,1,0.333333333333,0,0.0,0,0.0,3,1.0,1,6,2.0,
Rich King,SEA,1993-1994, 7-2,C,24,27,78,2.88888888889,15,34,.441,0,1,.000,11,22,.500,9,0.333333333333,11,0.407407407407,20,0.740740740741,8,0.296296296296,1,0.037037037037,2,0.0740740740741,7,0.259259259259,18,41,1.51851851852,
Rich King,SEA,1994-1995, 7-2,C,25,2,6,3.0,0,2,.000,0,0,.000,0,2,.000,0,0.0,0,0.0,0,0.0,0,0.0,0,0.0,0,0.0,0,0.0,1,0,0.0,
