Player,Team,Season,Height,Position,Age,G,MIN,MINPG,FGM,FGA,FGP,TPM,TPA,TPP,FTM,FTA,FTP,ORB,ORBPG,DRB,DRBPG,TRB,TRBPG,AST,ASTPG,STL,STLPG,BLK,BLKPG,TO,TOPG,PF,PTS,PTSPG,
Rich Jones,DLC,1969-1970, 6-6,SF,23,2,50,25.0,9,20,.450,0,0,.000,10,11,.909,7,3.5,16,8.0,23,11.5,1,0.5,.000,0.0,.000,0.0,6,3.0,11,28,14.0,
Rich Jones,TEX,1970-1971, 6-6,SF,24,79,2074,26.253164557,371,910,.408,33,95,.347,175,230,.761,172,2.17721518987,353,4.46835443038,525,6.64556962025,182,2.30379746835,.000,0.0,.000,0.0,174,2.20253164557,246,950,12.0253164557,
Rich Jones,DLC,1971-1972, 6-6,SF,25,82,2932,35.756097561,475,1053,.451,14,47,.298,212,279,.760,199,2.42682926829,497,6.06097560976,696,8.48780487805,222,2.70731707317,.000,0.0,.000,0.0,152,1.85365853659,298,1176,14.3414634146,
Rich Jones,DLC,1972-1973, 6-6,SF,26,67,2691,40.1641791045,564,1364,.413,43,127,.339,324,414,.783,174,2.59701492537,493,7.35820895522,667,9.9552238806,274,4.08955223881,.000,0.0,.000,0.0,225,3.35820895522,240,1495,22.3134328358,
Rich Jones,SAA,1973-1974, 6-6,PF,27,78,2843,36.4487179487,510,1175,.434,13,46,.283,186,241,.772,170,2.17948717949,411,5.26923076923,581,7.44871794872,268,3.4358974359,70,0.897435897436,13,0.166666666667,145,1.85897435897,273,1219,15.6282051282,
Rich Jones,SAA,1974-1975, 6-6,PF,28,83,3097,37.313253012,649,1480,.439,13,50,.260,287,374,.767,247,2.97590361446,398,4.79518072289,645,7.77108433735,270,3.25301204819,88,1.06024096386,32,0.385542168675,210,2.53012048193,297,1598,19.2530120482,
Rich Jones,NYA,1975-1976, 6-6,PF,29,83,2427,29.2409638554,441,1153,.382,15,67,.224,199,261,.762,103,1.24096385542,325,3.9156626506,428,5.15662650602,131,1.57831325301,81,0.975903614458,21,0.253012048193,159,1.9156626506,294,1096,13.2048192771,
Rich Jones,NYN,1976-1977, 6-6,SF,30,34,877,25.7941176471,134,348,.385,.000,.000,.000,92,121,.760,48,1.41176470588,146,4.29411764706,194,5.70588235294,46,1.35294117647,38,1.11764705882,11,0.323529411765,.000,0.0,109,360,10.5882352941,
