Player,Team,Season,Height,Position,Age,G,MIN,MINPG,FGM,FGA,FGP,TPM,TPA,TPP,FTM,FTA,FTP,ORB,ORBPG,DRB,DRBPG,TRB,TRBPG,AST,ASTPG,STL,STLPG,BLK,BLKPG,TO,TOPG,PF,PTS,PTSPG,
Rickey Williams,UTA,1982-1983, 6-1,SG,25,44,346,7.86363636364,56,135,.415,0,3,.000,35,53,.660,15,0.340909090909,23,0.522727272727,38,0.863636363636,37,0.840909090909,20,0.454545454545,4,0.0909090909091,38,0.863636363636,42,147,3.34090909091,
