Player,Team,Season,Height,Position,Age,G,MIN,MINPG,FGM,FGA,FGP,TPM,TPA,TPP,FTM,FTA,FTP,ORB,ORBPG,DRB,DRBPG,TRB,TRBPG,AST,ASTPG,STL,STLPG,BLK,BLKPG,TO,TOPG,PF,PTS,PTSPG,
Rick Carlisle,BOS,1984-1985, 6-5,SG,25,38,179,4.71052631579,26,67,.388,0,2,.000,15,17,.882,8,0.210526315789,13,0.342105263158,21,0.552631578947,25,0.657894736842,3,0.0789473684211,0,0.0,19,0.5,21,67,1.76315789474,
Rick Carlisle,BOS,1985-1986, 6-5,SG,26,77,760,9.87012987013,92,189,.487,0,10,.000,15,23,.652,22,0.285714285714,55,0.714285714286,77,1.0,104,1.35064935065,19,0.246753246753,4,0.0519480519481,50,0.649350649351,92,199,2.58441558442,
Rick Carlisle,BOS,1986-1987, 6-5,SG,27,42,297,7.07142857143,30,92,.326,5,16,.313,15,20,.750,8,0.190476190476,22,0.52380952381,30,0.714285714286,35,0.833333333333,8,0.190476190476,0,0.0,25,0.595238095238,28,80,1.90476190476,
Rick Carlisle,NYK,1987-1988, 6-5,SG,28,26,204,7.84615384615,29,67,.433,6,17,.353,10,11,.909,6,0.230769230769,7,0.269230769231,13,0.5,32,1.23076923077,11,0.423076923077,4,0.153846153846,22,0.846153846154,39,74,2.84615384615,
Rick Carlisle,NJN,1989-1990, 6-5,SG,30,5,21,4.2,1,7,.143,0,3,.000,0,0,.000,0,0.0,0,0.0,0,0.0,5,1.0,1,0.2,1,0.2,4,0.8,7,2,0.4,
