Player,Team,Season,Height,Position,Age,G,MIN,MINPG,FGM,FGA,FGP,TPM,TPA,TPP,FTM,FTA,FTP,ORB,ORBPG,DRB,DRBPG,TRB,TRBPG,AST,ASTPG,STL,STLPG,BLK,BLKPG,TO,TOPG,PF,PTS,PTSPG,
Rick Hughes,DAL,1999-2000, 6-9,PF,26,21,224,10.6666666667,35,72,.486,0,1,.000,12,26,.462,24,1.14285714286,25,1.19047619048,49,2.33333333333,9,0.428571428571,3,0.142857142857,1,0.047619047619,14,0.666666666667,30,82,3.90476190476,
