Player,Team,Season,Height,Position,Age,G,MIN,MINPG,FGM,FGA,FGP,TPM,TPA,TPP,FTM,FTA,FTP,ORB,ORBPG,DRB,DRBPG,TRB,TRBPG,AST,ASTPG,STL,STLPG,BLK,BLKPG,TO,TOPG,PF,PTS,PTSPG,
Ricky Wilson,TOT,1987-1988, 6-3,PG,23,24,420,17.5,43,110,.391,10,26,.385,29,40,.725,2,0.0833333333333,25,1.04166666667,27,1.125,69,2.875,23,0.958333333333,3,0.125,25,1.04166666667,40,125,5.20833333333,
Ricky Wilson,NJN,1987-1988, 6-3,PG,23,6,47,7.83333333333,7,11,.636,1,1,1.000,6,11,.545,1,0.166666666667,0,0.0,1,0.166666666667,6,1.0,6,1.0,0,0.0,4,0.666666666667,6,21,3.5,
Ricky Wilson,SAS,1987-1988, 6-3,PG,23,18,373,20.7222222222,36,99,.364,9,25,.360,23,29,.793,1,0.0555555555556,25,1.38888888889,26,1.44444444444,63,3.5,17,0.944444444444,3,0.166666666667,21,1.16666666667,34,104,5.77777777778,
