Player,Team,Season,Height,Position,Age,G,MIN,MINPG,FGM,FGA,FGP,TPM,TPA,TPP,FTM,FTA,FTP,ORB,ORBPG,DRB,DRBPG,TRB,TRBPG,AST,ASTPG,STL,STLPG,BLK,BLKPG,TO,TOPG,PF,PTS,PTSPG,
Rick Roberson,LAL,1969-1970, 6-9,C,22,74,2005,27.0945945946,262,586,.447,.000,.000,.000,120,212,.566,.000,0.0,.000,0.0,672,9.08108108108,92,1.24324324324,.000,0.0,.000,0.0,.000,0.0,256,644,8.7027027027,
Rick Roberson,LAL,1970-1971, 6-9,C,23,65,909,13.9846153846,125,301,.415,.000,.000,.000,88,143,.615,.000,0.0,.000,0.0,304,4.67692307692,47,0.723076923077,.000,0.0,.000,0.0,.000,0.0,125,338,5.2,
Rick Roberson,CLE,1971-1972, 6-9,PF,24,63,2207,35.0317460317,304,688,.442,.000,.000,.000,215,366,.587,.000,0.0,.000,0.0,801,12.7142857143,109,1.73015873016,.000,0.0,.000,0.0,.000,0.0,251,823,13.0634920635,
Rick Roberson,CLE,1972-1973, 6-9,C,25,62,2127,34.3064516129,307,709,.433,.000,.000,.000,167,290,.576,.000,0.0,.000,0.0,693,11.1774193548,134,2.16129032258,.000,0.0,.000,0.0,.000,0.0,249,781,12.5967741935,
Rick Roberson,POR,1973-1974, 6-9,C,26,69,2060,29.8550724638,364,797,.457,.000,.000,.000,205,316,.649,251,3.63768115942,450,6.52173913043,701,10.1594202899,133,1.92753623188,65,0.942028985507,55,0.797101449275,.000,0.0,252,933,13.5217391304,
Rick Roberson,NOJ,1974-1975, 6-9,C,27,16,339,21.1875,48,108,.444,.000,.000,.000,23,40,.575,39,2.4375,79,4.9375,118,7.375,23,1.4375,7,0.4375,8,0.5,.000,0.0,49,119,7.4375,
Rick Roberson,KCK,1975-1976, 6-9,C,28,74,709,9.58108108108,73,180,.406,.000,.000,.000,42,103,.408,74,1.0,159,2.14864864865,233,3.14864864865,53,0.716216216216,18,0.243243243243,17,0.22972972973,.000,0.0,126,188,2.54054054054,
