Player,Team,Season,Height,Position,Age,G,MIN,MINPG,FGM,FGA,FGP,TPM,TPA,TPP,FTM,FTA,FTP,ORB,ORBPG,DRB,DRBPG,TRB,TRBPG,AST,ASTPG,STL,STLPG,BLK,BLKPG,TO,TOPG,PF,PTS,PTSPG,
Ricky Marsh,GSW,1977-1978, 6-3,SG,23,60,851,14.1833333333,123,289,.426,.000,.000,.000,23,33,.697,16,0.266666666667,59,0.983333333333,75,1.25,90,1.5,29,0.483333333333,19,0.316666666667,50,0.833333333333,111,269,4.48333333333,
