Player,Team,Season,Height,Position,Age,G,MIN,MINPG,FGM,FGA,FGP,TPM,TPA,TPP,FTM,FTA,FTP,ORB,ORBPG,DRB,DRBPG,TRB,TRBPG,AST,ASTPG,STL,STLPG,BLK,BLKPG,TO,TOPG,PF,PTS,PTSPG,
Robert Werdann,DEN,1992-1993, 6-11,C,22,28,149,5.32142857143,18,59,.305,0,1,.000,17,31,.548,23,0.821428571429,29,1.03571428571,52,1.85714285714,7,0.25,6,0.214285714286,4,0.142857142857,12,0.428571428571,38,53,1.89285714286,
Robert Werdann,NJN,1995-1996, 6-11,C,25,13,93,7.15384615385,16,32,.500,0,0,.000,7,13,.538,5,0.384615384615,18,1.38461538462,23,1.76923076923,2,0.153846153846,5,0.384615384615,3,0.230769230769,6,0.461538461538,17,39,3.0,
Robert Werdann,NJN,1996-1997, 6-11,C,26,6,31,5.16666666667,3,7,.429,0,0,.000,3,3,1.000,3,0.5,3,0.5,6,1.0,0,0.0,2,0.333333333333,1,0.166666666667,2,0.333333333333,10,9,1.5,
