Player,Team,Season,Height,Position,Age,G,MIN,MINPG,FGM,FGA,FGP,TPM,TPA,TPP,FTM,FTA,FTP,ORB,ORBPG,DRB,DRBPG,TRB,TRBPG,AST,ASTPG,STL,STLPG,BLK,BLKPG,TO,TOPG,PF,PTS,PTSPG,
Robert Archibald,MEM,2002-2003, 6-11,PF,22,12,72,6.0,6,20,.300,0,0,.000,7,18,.389,6,0.5,11,0.916666666667,17,1.41666666667,3,0.25,0,0.0,3,0.25,7,0.583333333333,9,19,1.58333333333,
Robert Archibald,TOT,2003-2004, 6-11,C-,23,32,256,8.0,9,33,.273,0,0,.000,14,31,.452,21,0.65625,31,0.96875,52,1.625,13,0.40625,14,0.4375,3,0.09375,10,0.3125,50,32,1.0,
Robert Archibald,PHO,2003-2004, 6-11,PF,23,1,6,6.0,0,1,.000,0,0,.000,1,2,.500,0,0.0,1,1.0,1,1.0,1,1.0,0,0.0,0,0.0,1,1.0,1,1,1.0,
Robert Archibald,ORL,2003-2004, 6-11,PF,23,1,4,4.0,1,2,.500,0,0,.000,0,2,.000,0,0.0,1,1.0,1,1.0,0,0.0,1,1.0,0,0.0,0,0.0,0,2,2.0,
Robert Archibald,TOR,2003-2004, 6-11,C,23,30,246,8.2,8,30,.267,0,0,.000,13,27,.481,21,0.7,29,0.966666666667,50,1.66666666667,12,0.4,13,0.433333333333,3,0.1,9,0.3,49,29,0.966666666667,
