Player,Team,Season,Height,Position,Age,G,MIN,MINPG,FGM,FGA,FGP,TPM,TPA,TPP,FTM,FTA,FTP,ORB,ORBPG,DRB,DRBPG,TRB,TRBPG,AST,ASTPG,STL,STLPG,BLK,BLKPG,TO,TOPG,PF,PTS,PTSPG,
Robert Whaley,UTA,2005-2006, 6-10,C,23,23,212,9.21739130435,23,57,.404,0,0,.000,3,6,.500,16,0.695652173913,27,1.17391304348,43,1.86956521739,17,0.739130434783,7,0.304347826087,8,0.347826086957,14,0.608695652174,41,49,2.13043478261,
