Player,Team,Season,Height,Position,Age,G,MIN,MINPG,FGM,FGA,FGP,TPM,TPA,TPP,FTM,FTA,FTP,ORB,ORBPG,DRB,DRBPG,TRB,TRBPG,AST,ASTPG,STL,STLPG,BLK,BLKPG,TO,TOPG,PF,PTS,PTSPG,
Robin Lopez,PHO,2008-2009, 7-0,C,20,60,614,10.2333333333,71,137,.518,0,1,.000,47,68,.691,52,0.866666666667,66,1.1,118,1.96666666667,8,0.133333333333,11,0.183333333333,41,0.683333333333,28,0.466666666667,97,189,3.15,
Robin Lopez,PHO,2009-2010, 7-0,C,21,51,986,19.3333333333,171,291,.588,0,0,.000,88,125,.704,104,2.03921568627,144,2.82352941176,248,4.86274509804,7,0.137254901961,10,0.196078431373,53,1.03921568627,41,0.803921568627,117,430,8.43137254902,
Robin Lopez,PHO,2010-2011, 7-0,C,22,67,991,14.7910447761,179,357,.501,0,0,.000,74,100,.740,82,1.22388059701,134,2.0,216,3.22388059701,8,0.119402985075,18,0.268656716418,45,0.671641791045,48,0.716417910448,143,432,6.44776119403,
Robin Lopez,PHO,2011-2012, 7-0,C,23,64,895,13.984375,124,269,.461,0,0,.000,100,140,.714,90,1.40625,119,1.859375,209,3.265625,20,0.3125,18,0.28125,60,0.9375,43,0.671875,128,348,5.4375,
Robin Lopez,NOH,2012-2013, 7-0,C,24,65,1674,25.7538461538,302,559,.540,0,0,.000,124,161,.770,162,2.49230769231,185,2.84615384615,347,5.33846153846,49,0.753846153846,28,0.430769230769,106,1.63076923077,77,1.18461538462,133,728,11.2,
