Player,Team,Season,Height,Position,Age,G,MIN,MINPG,FGM,FGA,FGP,TPM,TPA,TPP,FTM,FTA,FTP,ORB,ORBPG,DRB,DRBPG,TRB,TRBPG,AST,ASTPG,STL,STLPG,BLK,BLKPG,TO,TOPG,PF,PTS,PTSPG,
Rod Foster,PHO,1983-1984, 6-1,PG,23,80,1424,17.8,260,580,.448,22,84,.262,122,155,.787,39,0.4875,81,1.0125,120,1.5,172,2.15,54,0.675,9,0.1125,108,1.35,193,664,8.3,
Rod Foster,PHO,1984-1985, 6-1,PG,24,79,1318,16.6835443038,286,636,.450,41,126,.325,83,110,.755,27,0.341772151899,53,0.670886075949,80,1.01265822785,186,2.35443037975,61,0.772151898734,0,0.0,117,1.48101265823,171,696,8.81012658228,
Rod Foster,PHO,1985-1986, 6-1,PG,25,48,704,14.6666666667,85,218,.390,9,32,.281,23,32,.719,9,0.1875,49,1.02083333333,58,1.20833333333,121,2.52083333333,22,0.458333333333,1,0.0208333333333,61,1.27083333333,77,202,4.20833333333,
