Player,Team,Season,Height,Position,Age,G,MIN,MINPG,FGM,FGA,FGP,TPM,TPA,TPP,FTM,FTA,FTP,ORB,ORBPG,DRB,DRBPG,TRB,TRBPG,AST,ASTPG,STL,STLPG,BLK,BLKPG,TO,TOPG,PF,PTS,PTSPG,
Rod Derline,SEA,1974-1975, 6-0,SG,22,58,666,11.4827586207,142,332,.428,.000,.000,.000,43,56,.768,12,0.206896551724,47,0.810344827586,59,1.01724137931,45,0.775862068966,23,0.396551724138,4,0.0689655172414,.000,0.0,47,327,5.63793103448,
Rod Derline,SEA,1975-1976, 6-0,SG,23,49,339,6.91836734694,73,181,.403,.000,.000,.000,45,56,.804,8,0.163265306122,19,0.387755102041,27,0.551020408163,26,0.530612244898,11,0.224489795918,1,0.0204081632653,.000,0.0,22,191,3.89795918367,
