Player,Team,Season,Height,Position,Age,G,MIN,MINPG,FGM,FGA,FGP,TPM,TPA,TPP,FTM,FTA,FTP,ORB,ORBPG,DRB,DRBPG,TRB,TRBPG,AST,ASTPG,STL,STLPG,BLK,BLKPG,TO,TOPG,PF,PTS,PTSPG,
Rodney Buford,MIA,1999-2000, 6-5,SG,22,34,386,11.3529411765,62,151,.411,7,29,.241,16,22,.727,10,0.294117647059,38,1.11764705882,48,1.41176470588,21,0.617647058824,10,0.294117647059,8,0.235294117647,9,0.264705882353,44,147,4.32352941176,
Rodney Buford,PHI,2000-2001, 6-5,SF,23,47,573,12.1914893617,104,241,.432,16,38,.421,24,29,.828,16,0.340425531915,58,1.23404255319,74,1.57446808511,17,0.36170212766,17,0.36170212766,6,0.127659574468,29,0.617021276596,68,248,5.27659574468,
Rodney Buford,MEM,2001-2002, 6-5,SG,24,63,1769,28.0793650794,258,593,.435,17,70,.243,58,80,.725,52,0.825396825397,220,3.49206349206,272,4.31746031746,71,1.12698412698,42,0.666666666667,12,0.190476190476,63,1.0,110,591,9.38095238095,
Rodney Buford,SAC,2003-2004, 6-5,SF,26,22,141,6.40909090909,19,56,.339,0,2,.000,3,6,.500,6,0.272727272727,9,0.409090909091,15,0.681818181818,7,0.318181818182,6,0.272727272727,1,0.0454545454545,4,0.181818181818,9,41,1.86363636364,
Rodney Buford,NJN,2004-2005, 6-5,SF,27,64,1313,20.515625,187,489,.382,34,108,.315,37,45,.822,33,0.515625,156,2.4375,189,2.953125,63,0.984375,40,0.625,4,0.0625,35,0.546875,101,445,6.953125,
