Player,Team,Season,Height,Position,Age,G,MIN,MINPG,FGM,FGA,FGP,TPM,TPA,TPP,FTM,FTA,FTP,ORB,ORBPG,DRB,DRBPG,TRB,TRBPG,AST,ASTPG,STL,STLPG,BLK,BLKPG,TO,TOPG,PF,PTS,PTSPG,
Rodney White,DET,2001-2002, 6-9,SF,21,16,129,8.0625,21,60,.350,2,9,.222,12,14,.857,2,0.125,16,1.0,18,1.125,12,0.75,9,0.5625,2,0.125,14,0.875,6,56,3.5,
Rodney White,DEN,2002-2003, 6-9,SG,22,72,1563,21.7083333333,260,638,.408,32,134,.239,98,125,.784,43,0.597222222222,170,2.36111111111,213,2.95833333333,121,1.68055555556,45,0.625,32,0.444444444444,156,2.16666666667,134,650,9.02777777778,
Rodney White,DEN,2003-2004, 6-9,SF,23,72,985,13.6805555556,215,468,.459,33,87,.379,78,104,.750,44,0.611111111111,121,1.68055555556,165,2.29166666667,60,0.833333333333,32,0.444444444444,20,0.277777777778,78,1.08333333333,105,541,7.51388888889,
Rodney White,TOT,2004-2005, 6-9,SF,24,58,677,11.6724137931,121,289,.419,24,60,.400,27,44,.614,24,0.413793103448,65,1.12068965517,89,1.53448275862,44,0.758620689655,32,0.551724137931,11,0.189655172414,37,0.637931034483,64,293,5.05172413793,
Rodney White,DEN,2004-2005, 6-9,SF,24,42,531,12.6428571429,98,227,.432,19,44,.432,21,34,.618,20,0.47619047619,54,1.28571428571,74,1.7619047619,36,0.857142857143,30,0.714285714286,10,0.238095238095,27,0.642857142857,51,236,5.61904761905,
Rodney White,GSW,2004-2005, 6-9,SF,24,16,146,9.125,23,62,.371,5,16,.313,6,10,.600,4,0.25,11,0.6875,15,0.9375,8,0.5,2,0.125,1,0.0625,10,0.625,13,57,3.5625,
