Player,Team,Season,Height,Position,Age,G,MIN,MINPG,FGM,FGA,FGP,TPM,TPA,TPP,FTM,FTA,FTP,ORB,ORBPG,DRB,DRBPG,TRB,TRBPG,AST,ASTPG,STL,STLPG,BLK,BLKPG,TO,TOPG,PF,PTS,PTSPG,
Rodney Carney,PHI,2006-2007, 6-7,SF,22,67,1169,17.447761194,182,392,.464,25,72,.347,53,87,.609,39,0.582089552239,89,1.32835820896,128,1.91044776119,26,0.388059701493,38,0.567164179104,23,0.34328358209,43,0.641791044776,118,442,6.59701492537,
Rodney Carney,PHI,2007-2008, 6-7,SF,23,70,1039,14.8428571429,158,392,.403,38,120,.317,55,81,.679,50,0.714285714286,99,1.41428571429,149,2.12857142857,32,0.457142857143,39,0.557142857143,23,0.328571428571,34,0.485714285714,96,409,5.84285714286,
Rodney Carney,MIN,2008-2009, 6-7,SG,24,67,1199,17.8955223881,176,423,.416,79,226,.350,50,66,.758,36,0.537313432836,90,1.34328358209,126,1.88059701493,26,0.388059701493,45,0.671641791045,29,0.432835820896,43,0.641791044776,94,481,7.17910447761,
Rodney Carney,PHI,2009-2010, 6-7,SG,25,68,857,12.6029411765,113,282,.401,41,135,.304,52,63,.825,26,0.382352941176,111,1.63235294118,137,2.01470588235,37,0.544117647059,25,0.367647058824,20,0.294117647059,21,0.308823529412,79,319,4.69117647059,
Rodney Carney,TOT,2010-2011, 6-7,SF,26,27,336,12.4444444444,46,110,.418,17,38,.447,18,27,.667,13,0.481481481481,35,1.2962962963,48,1.77777777778,11,0.407407407407,12,0.444444444444,5,0.185185185185,16,0.592592592593,33,127,4.7037037037,
Rodney Carney,GSW,2010-2011, 6-7,SF,26,25,331,13.24,45,107,.421,17,37,.459,18,27,.667,12,0.48,35,1.4,47,1.88,11,0.44,11,0.44,5,0.2,16,0.64,33,125,5.0,
Rodney Carney,MEM,2010-2011, 6-7,SF,26,2,5,2.5,1,3,.333,0,1,.000,0,0,.000,1,0.5,0,0.0,1,0.5,0,0.0,1,0.5,0,0.0,0,0.0,0,2,1.0,
