Player,Team,Season,Height,Position,Age,G,MIN,MINPG,FGM,FGA,FGP,TPM,TPA,TPP,FTM,FTA,FTP,ORB,ORBPG,DRB,DRBPG,TRB,TRBPG,AST,ASTPG,STL,STLPG,BLK,BLKPG,TO,TOPG,PF,PTS,PTSPG,
Rodney Stuckey,DET,2007-2008, 6-5,PG,21,57,1081,18.9649122807,153,382,.401,3,16,.188,127,156,.814,32,0.561403508772,97,1.70175438596,129,2.26315789474,160,2.80701754386,49,0.859649122807,6,0.105263157895,78,1.36842105263,113,436,7.64912280702,
Rodney Stuckey,DET,2008-2009, 6-5,PG,22,79,2517,31.8607594937,401,913,.439,23,78,.295,233,290,.803,69,0.873417721519,206,2.60759493671,275,3.48101265823,387,4.89873417722,78,0.987341772152,11,0.139240506329,173,2.18987341772,217,1058,13.3924050633,
Rodney Stuckey,DET,2009-2010, 6-5,PG,23,73,2499,34.2328767123,449,1109,.405,18,79,.228,299,359,.833,67,0.917808219178,214,2.93150684932,281,3.84931506849,348,4.76712328767,101,1.38356164384,12,0.164383561644,163,2.23287671233,205,1215,16.6438356164,
Rodney Stuckey,DET,2010-2011, 6-5,PG,24,70,2183,31.1857142857,363,827,.439,26,90,.289,330,381,.866,70,1.0,146,2.08571428571,216,3.08571428571,361,5.15714285714,76,1.08571428571,10,0.142857142857,155,2.21428571429,177,1082,15.4571428571,
Rodney Stuckey,DET,2011-2012, 6-5,SG,25,55,1644,29.8909090909,256,597,.429,33,104,.317,267,320,.834,38,0.690909090909,104,1.89090909091,142,2.58181818182,210,3.81818181818,44,0.8,10,0.181818181818,106,1.92727272727,124,812,14.7636363636,
Rodney Stuckey,DET,2012-2013, 6-5,SG,26,61,1700,27.868852459,229,580,.395,37,141,.262,168,214,.785,35,0.573770491803,138,2.26229508197,173,2.83606557377,205,3.3606557377,41,0.672131147541,14,0.229508196721,99,1.62295081967,100,663,10.868852459,
