Player,Team,Season,Height,Position,Age,G,MIN,MINPG,FGM,FGA,FGP,TPM,TPA,TPP,FTM,FTA,FTP,ORB,ORBPG,DRB,DRBPG,TRB,TRBPG,AST,ASTPG,STL,STLPG,BLK,BLKPG,TO,TOPG,PF,PTS,PTSPG,
Rodrick Rhodes,HOU,1997-1998, 6-6,SF,24,58,1070,18.4482758621,112,305,.367,2,8,.250,111,180,.617,28,0.48275862069,42,0.724137931034,70,1.20689655172,110,1.89655172414,62,1.06896551724,10,0.172413793103,97,1.6724137931,125,337,5.81034482759,
Rodrick Rhodes,TOT,1998-1999, 6-6,SG,25,13,156,12.0,13,52,.250,1,7,.143,16,25,.640,9,0.692307692308,8,0.615384615385,17,1.30769230769,11,0.846153846154,5,0.384615384615,2,0.153846153846,20,1.53846153846,21,43,3.30769230769,
Rodrick Rhodes,HOU,1998-1999, 6-6,SF,25,3,33,11.0,2,8,.250,0,0,.000,5,6,.833,2,0.666666666667,2,0.666666666667,4,1.33333333333,1,0.333333333333,1,0.333333333333,0,0.0,5,1.66666666667,5,9,3.0,
Rodrick Rhodes,VAN,1998-1999, 6-6,SG,25,10,123,12.3,11,44,.250,1,7,.143,11,19,.579,7,0.7,6,0.6,13,1.3,10,1.0,4,0.4,2,0.2,15,1.5,16,34,3.4,
Rodrick Rhodes,DAL,1999-2000, 6-6,SF,26,1,8,8.0,0,3,.000,0,0,.000,0,0,.000,1,1.0,0,0.0,1,1.0,0,0.0,2,2.0,0,0.0,2,2.0,0,0,0.0,
