Player,Team,Season,Height,Position,Age,G,MIN,MINPG,FGM,FGA,FGP,TPM,TPA,TPP,FTM,FTA,FTP,ORB,ORBPG,DRB,DRBPG,TRB,TRBPG,AST,ASTPG,STL,STLPG,BLK,BLKPG,TO,TOPG,PF,PTS,PTSPG,
Rodrigue Beaubois,DAL,2009-2010, 6-0,PG,21,56,700,12.5,155,299,.518,45,110,.409,42,52,.808,12,0.214285714286,66,1.17857142857,78,1.39285714286,74,1.32142857143,29,0.517857142857,12,0.214285714286,54,0.964285714286,84,397,7.08928571429,
Rodrigue Beaubois,DAL,2010-2011, 6-0,PG,22,28,496,17.7142857143,94,223,.422,25,83,.301,23,30,.767,7,0.25,45,1.60714285714,52,1.85714285714,64,2.28571428571,20,0.714285714286,8,0.285714285714,47,1.67857142857,76,236,8.42857142857,
Rodrigue Beaubois,DAL,2011-2012, 6-0,PG,23,53,1151,21.7169811321,188,445,.422,38,132,.288,58,69,.841,19,0.358490566038,132,2.49056603774,151,2.84905660377,152,2.8679245283,56,1.05660377358,28,0.528301886792,70,1.32075471698,98,472,8.90566037736,
Rodrigue Beaubois,DAL,2012-2013, 6-0,PG,24,43,521,12.1162790698,59,165,.358,18,67,.269,27,34,.794,8,0.186046511628,46,1.06976744186,54,1.25581395349,79,1.83720930233,18,0.418604651163,3,0.0697674418605,30,0.697674418605,50,163,3.79069767442,
