Player,Team,Season,Height,Position,Age,G,MIN,MINPG,FGM,FGA,FGP,TPM,TPA,TPP,FTM,FTA,FTP,ORB,ORBPG,DRB,DRBPG,TRB,TRBPG,AST,ASTPG,STL,STLPG,BLK,BLKPG,TO,TOPG,PF,PTS,PTSPG,
Rollen Hans,BLB,1953-1954, 6-2,SG,22,67,1556,23.223880597,191,515,.371,.000,.000,.000,101,180,.561,.000,0.0,.000,0.0,160,2.38805970149,181,2.70149253731,.000,0.0,.000,0.0,.000,0.0,172,483,7.20895522388,
Rollen Hans,BLB,1954-1955, 6-2,SG,23,13,178,13.6923076923,30,67,.448,.000,.000,.000,13,25,.520,.000,0.0,.000,0.0,16,1.23076923077,26,2.0,.000,0.0,.000,0.0,.000,0.0,20,73,5.61538461538,
