Player,Team,Season,Height,Position,Age,G,MIN,MINPG,FGM,FGA,FGP,TPM,TPA,TPP,FTM,FTA,FTP,ORB,ORBPG,DRB,DRBPG,TRB,TRBPG,AST,ASTPG,STL,STLPG,BLK,BLKPG,TO,TOPG,PF,PTS,PTSPG,
Ron Williams,SFW,1968-1969, 6-3,PG,24,75,1472,19.6266666667,238,567,.420,.000,.000,.000,109,142,.768,.000,0.0,.000,0.0,178,2.37333333333,247,3.29333333333,.000,0.0,.000,0.0,.000,0.0,176,585,7.8,
Ron Williams,SFW,1969-1970, 6-3,PG,25,80,2435,30.4375,452,1046,.432,.000,.000,.000,277,337,.822,.000,0.0,.000,0.0,190,2.375,424,5.3,.000,0.0,.000,0.0,.000,0.0,287,1181,14.7625,
Ron Williams,SFW,1970-1971, 6-3,PG,26,82,2809,34.256097561,426,977,.436,.000,.000,.000,331,392,.844,.000,0.0,.000,0.0,244,2.9756097561,480,5.85365853659,.000,0.0,.000,0.0,.000,0.0,301,1183,14.4268292683,
Ron Williams,GSW,1971-1972, 6-3,PG,27,80,1932,24.15,291,614,.474,.000,.000,.000,195,234,.833,.000,0.0,.000,0.0,147,1.8375,308,3.85,.000,0.0,.000,0.0,.000,0.0,232,777,9.7125,
Ron Williams,GSW,1972-1973, 6-3,PG,28,73,1016,13.9178082192,180,409,.440,.000,.000,.000,75,83,.904,.000,0.0,.000,0.0,81,1.1095890411,114,1.56164383562,.000,0.0,.000,0.0,.000,0.0,108,435,5.95890410959,
Ron Williams,MIL,1973-1974, 6-3,PG,29,71,1130,15.9154929577,192,393,.489,.000,.000,.000,60,68,.882,19,0.267605633803,50,0.704225352113,69,0.971830985915,153,2.15492957746,49,0.69014084507,2,0.0281690140845,.000,0.0,114,444,6.25352112676,
Ron Williams,MIL,1974-1975, 6-3,PG,30,46,526,11.4347826087,62,165,.376,.000,.000,.000,24,29,.828,10,0.217391304348,33,0.717391304348,43,0.934782608696,71,1.54347826087,23,0.5,2,0.0434782608696,.000,0.0,70,148,3.21739130435,
Ron Williams,LAL,1975-1976, 6-3,PG,31,9,158,17.5555555556,17,43,.395,.000,.000,.000,10,13,.769,2,0.222222222222,17,1.88888888889,19,2.11111111111,21,2.33333333333,3,0.333333333333,0,0.0,.000,0.0,15,44,4.88888888889,
