Player,Team,Season,Height,Position,Age,G,MIN,MINPG,FGM,FGA,FGP,TPM,TPA,TPP,FTM,FTA,FTP,ORB,ORBPG,DRB,DRBPG,TRB,TRBPG,AST,ASTPG,STL,STLPG,BLK,BLKPG,TO,TOPG,PF,PTS,PTSPG,
Ron Perry,MNM,1967-1968, 6-3,PG,24,67,2125,31.7164179104,339,878,.386,62,178,.348,118,179,.659,.000,0.0,.000,0.0,223,3.32835820896,139,2.07462686567,.000,0.0,.000,0.0,169,2.5223880597,151,858,12.8059701493,
Ron Perry,TOT,1968-1969, 6-3,PG,25,74,2385,32.2297297297,402,1060,.379,67,192,.349,212,292,.726,83,1.12162162162,158,2.13513513514,241,3.25675675676,244,3.2972972973,.000,0.0,.000,0.0,201,2.71621621622,255,1083,14.6351351351,
Ron Perry,MMF,1968-1969, 6-3,PG,25,24,708,29.5,100,299,.334,12,44,.273,62,91,.681,27,1.125,46,1.91666666667,73,3.04166666667,62,2.58333333333,.000,0.0,.000,0.0,61,2.54166666667,66,274,11.4166666667,
Ron Perry,NYA,1968-1969, 6-3,SG,25,23,812,35.3043478261,165,425,.388,22,57,.386,92,131,.702,32,1.39130434783,63,2.73913043478,95,4.13043478261,85,3.69565217391,.000,0.0,.000,0.0,73,3.17391304348,81,444,19.3043478261,
Ron Perry,INA,1968-1969, 6-3,SG,25,27,865,32.037037037,137,336,.408,33,91,.363,58,70,.829,24,0.888888888889,49,1.81481481481,73,2.7037037037,97,3.59259259259,.000,0.0,.000,0.0,67,2.48148148148,108,365,13.5185185185,
Ron Perry,TOT,1969-1970, 6-3,SG,26,46,522,11.347826087,104,272,.382,10,35,.286,69,97,.711,24,0.521739130435,29,0.630434782609,53,1.15217391304,37,0.804347826087,.000,0.0,.000,0.0,51,1.10869565217,78,287,6.23913043478,
Ron Perry,CAR,1969-1970, 6-3,,26,19,221,11.6315789474,42,103,.408,2,10,.200,32,43,.744,4,0.210526315789,14,0.736842105263,18,0.947368421053,18,0.947368421053,.000,0.0,.000,0.0,19,1.0,34,118,6.21052631579,
Ron Perry,NOB,1969-1970, 6-3,SG,26,27,301,11.1481481481,62,169,.367,8,25,.320,37,54,.685,20,0.740740740741,15,0.555555555556,35,1.2962962963,19,0.703703703704,.000,0.0,.000,0.0,32,1.18518518519,44,169,6.25925925926,
