Player,Team,Season,Height,Position,Age,G,MIN,MINPG,FGM,FGA,FGP,TPM,TPA,TPP,FTM,FTA,FTP,ORB,ORBPG,DRB,DRBPG,TRB,TRBPG,AST,ASTPG,STL,STLPG,BLK,BLKPG,TO,TOPG,PF,PTS,PTSPG,
Ron Johnson,TOT,1960-1961, 6-8,,22,14,92,6.57142857143,13,43,.302,.000,.000,.000,11,17,.647,.000,0.0,.000,0.0,29,2.07142857143,2,0.142857142857,.000,0.0,.000,0.0,.000,0.0,10,37,2.64285714286,
Ron Johnson,DET,1960-1961, 6-8,,22,6,49,8.16666666667,11,30,.367,.000,.000,.000,9,14,.643,.000,0.0,.000,0.0,14,2.33333333333,1,0.166666666667,.000,0.0,.000,0.0,.000,0.0,6,31,5.16666666667,
Ron Johnson,LAL,1960-1961, 6-8,,22,8,43,5.375,2,13,.154,.000,.000,.000,2,3,.667,.000,0.0,.000,0.0,15,1.875,1,0.125,.000,0.0,.000,0.0,.000,0.0,4,6,0.75,
