Player,Team,Season,Height,Position,Age,G,MIN,MINPG,FGM,FGA,FGP,TPM,TPA,TPP,FTM,FTA,FTP,ORB,ORBPG,DRB,DRBPG,TRB,TRBPG,AST,ASTPG,STL,STLPG,BLK,BLKPG,TO,TOPG,PF,PTS,PTSPG,
Ron Sobie,NYK,1956-1957, 6-3,SG,22,71,1378,19.4084507042,166,442,.376,.000,.000,.000,152,199,.764,.000,0.0,.000,0.0,326,4.59154929577,129,1.81690140845,.000,0.0,.000,0.0,.000,0.0,158,484,6.81690140845,
Ron Sobie,NYK,1957-1958, 6-3,PG,23,55,1399,25.4363636364,217,539,.403,.000,.000,.000,196,239,.820,.000,0.0,.000,0.0,263,4.78181818182,125,2.27272727273,.000,0.0,.000,0.0,.000,0.0,147,630,11.4545454545,
Ron Sobie,NYK,1958-1959, 6-3,PG,24,50,857,17.14,144,400,.360,.000,.000,.000,112,133,.842,.000,0.0,.000,0.0,154,3.08,78,1.56,.000,0.0,.000,0.0,.000,0.0,84,400,8.0,
Ron Sobie,TOT,1959-1960, 6-3,PG,25,16,234,14.625,37,108,.343,.000,.000,.000,31,37,.838,.000,0.0,.000,0.0,48,3.0,21,1.3125,.000,0.0,.000,0.0,.000,0.0,32,105,6.5625,
Ron Sobie,NYK,1959-1960, 6-3,,25,15,221,14.7333333333,36,104,.346,.000,.000,.000,31,36,.861,.000,0.0,.000,0.0,46,3.06666666667,19,1.26666666667,.000,0.0,.000,0.0,.000,0.0,28,103,6.86666666667,
Ron Sobie,MNL,1959-1960, 6-3,PG,25,1,13,13.0,1,4,.250,.000,.000,.000,0,1,.000,.000,0.0,.000,0.0,2,2.0,2,2.0,.000,0.0,.000,0.0,.000,0.0,4,2,2.0,
