Player,Team,Season,Height,Position,Age,G,MIN,MINPG,FGM,FGA,FGP,TPM,TPA,TPP,FTM,FTA,FTP,ORB,ORBPG,DRB,DRBPG,TRB,TRBPG,AST,ASTPG,STL,STLPG,BLK,BLKPG,TO,TOPG,PF,PTS,PTSPG,
Ron Reed,DET,1965-1966, 6-5,PF,23,57,997,17.4912280702,186,524,.355,.000,.000,.000,54,100,.540,.000,0.0,.000,0.0,339,5.94736842105,92,1.61403508772,.000,0.0,.000,0.0,.000,0.0,133,426,7.47368421053,
Ron Reed,DET,1966-1967, 6-5,PF,24,62,1248,20.1290322581,223,600,.372,.000,.000,.000,79,133,.594,.000,0.0,.000,0.0,423,6.82258064516,81,1.3064516129,.000,0.0,.000,0.0,.000,0.0,145,525,8.46774193548,
