Player,Team,Season,Height,Position,Age,G,MIN,MINPG,FGM,FGA,FGP,TPM,TPA,TPP,FTM,FTA,FTP,ORB,ORBPG,DRB,DRBPG,TRB,TRBPG,AST,ASTPG,STL,STLPG,BLK,BLKPG,TO,TOPG,PF,PTS,PTSPG,
Ron Grandison,BOS,1988-1989, 6-6,PF,24,72,528,7.33333333333,59,142,.415,0,10,.000,59,80,.738,47,0.652777777778,45,0.625,92,1.27777777778,42,0.583333333333,18,0.25,3,0.0416666666667,36,0.5,71,177,2.45833333333,
Ron Grandison,CHH,1991-1992, 6-6,PF,27,3,25,8.33333333333,2,4,.500,0,0,.000,6,10,.600,3,1.0,8,2.66666666667,11,3.66666666667,1,0.333333333333,1,0.333333333333,1,0.333333333333,3,1.0,4,10,3.33333333333,
Ron Grandison,NYK,1994-1995, 6-6,PF,30,2,8,4.0,1,4,.250,0,0,.000,0,0,.000,3,1.5,2,1.0,5,2.5,2,1.0,0,0.0,0,0.0,0,0.0,2,2,1.0,
Ron Grandison,TOT,1995-1996, 6-6,PF,31,28,311,11.1071428571,22,58,.379,4,14,.286,17,25,.680,20,0.714285714286,35,1.25,55,1.96428571429,13,0.464285714286,12,0.428571428571,2,0.0714285714286,12,0.428571428571,31,65,2.32142857143,
Ron Grandison,MIA,1995-1996, 6-6,PF,31,18,235,13.0555555556,13,39,.333,4,13,.308,13,19,.684,14,0.777777777778,22,1.22222222222,36,2.0,10,0.555555555556,8,0.444444444444,1,0.0555555555556,11,0.611111111111,27,43,2.38888888889,
Ron Grandison,ATL,1995-1996, 6-6,PF,31,4,19,4.75,2,4,.500,0,1,.000,0,0,.000,1,0.25,5,1.25,6,1.5,1,0.25,0,0.0,0,0.0,0,0.0,0,4,1.0,
Ron Grandison,NYK,1995-1996, 6-6,PF,31,6,57,9.5,7,15,.467,0,0,.000,4,6,.667,5,0.833333333333,8,1.33333333333,13,2.16666666667,2,0.333333333333,4,0.666666666667,1,0.166666666667,1,0.166666666667,4,18,3.0,
