Player,Team,Season,Height,Position,Age,G,MIN,MINPG,FGM,FGA,FGP,TPM,TPA,TPP,FTM,FTA,FTP,ORB,ORBPG,DRB,DRBPG,TRB,TRBPG,AST,ASTPG,STL,STLPG,BLK,BLKPG,TO,TOPG,PF,PTS,PTSPG,
Ron Knight,POR,1970-1971, 6-7,PF,23,52,662,12.7307692308,99,230,.430,.000,.000,.000,19,38,.500,.000,0.0,.000,0.0,167,3.21153846154,50,0.961538461538,.000,0.0,.000,0.0,.000,0.0,99,217,4.17307692308,
Ron Knight,POR,1971-1972, 6-7,SF,24,49,483,9.85714285714,112,257,.436,.000,.000,.000,31,62,.500,.000,0.0,.000,0.0,116,2.36734693878,33,0.673469387755,.000,0.0,.000,0.0,.000,0.0,52,255,5.20408163265,
