Player,Team,Season,Height,Position,Age,G,MIN,MINPG,FGM,FGA,FGP,TPM,TPA,TPP,FTM,FTA,FTP,ORB,ORBPG,DRB,DRBPG,TRB,TRBPG,AST,ASTPG,STL,STLPG,BLK,BLKPG,TO,TOPG,PF,PTS,PTSPG,
Ron Carter,LAL,1978-1979, 6-5,SG,22,46,332,7.21739130435,54,124,.435,.000,.000,.000,36,54,.667,21,0.45652173913,24,0.521739130435,45,0.978260869565,25,0.54347826087,17,0.369565217391,7,0.152173913043,40,0.869565217391,54,144,3.13043478261,
Ron Carter,IND,1979-1980, 6-5,SG,23,13,117,9.0,15,37,.405,0,0,.000,2,7,.286,5,0.384615384615,14,1.07692307692,19,1.46153846154,9,0.692307692308,2,0.153846153846,3,0.230769230769,10,0.769230769231,19,32,2.46153846154,
