Player,Team,Season,Height,Position,Age,G,MIN,MINPG,FGM,FGA,FGP,TPM,TPA,TPP,FTM,FTA,FTP,ORB,ORBPG,DRB,DRBPG,TRB,TRBPG,AST,ASTPG,STL,STLPG,BLK,BLKPG,TO,TOPG,PF,PTS,PTSPG,
Ron Riley,KCO,1972-1973, 6-8,PF,22,74,1634,22.0810810811,273,634,.431,.000,.000,.000,79,116,.681,.000,0.0,.000,0.0,507,6.85135135135,76,1.02702702703,.000,0.0,.000,0.0,.000,0.0,226,625,8.44594594595,
Ron Riley,TOT,1973-1974, 6-8,PF,23,48,591,12.3125,81,202,.401,.000,.000,.000,24,38,.632,48,1.0,129,2.6875,177,3.6875,37,0.770833333333,18,0.375,24,0.5,.000,0.0,95,186,3.875,
Ron Riley,KCO,1973-1974, 6-8,PF,23,12,170,14.1666666667,24,57,.421,.000,.000,.000,14,24,.583,13,1.08333333333,43,3.58333333333,56,4.66666666667,8,0.666666666667,3,0.25,2,0.166666666667,.000,0.0,27,62,5.16666666667,
Ron Riley,HOU,1973-1974, 6-8,PF,23,36,421,11.6944444444,57,145,.393,.000,.000,.000,10,14,.714,35,0.972222222222,86,2.38888888889,121,3.36111111111,29,0.805555555556,15,0.416666666667,22,0.611111111111,.000,0.0,68,124,3.44444444444,
Ron Riley,HOU,1974-1975, 6-8,PF,24,77,1578,20.4935064935,196,470,.417,.000,.000,.000,71,97,.732,137,1.77922077922,243,3.15584415584,380,4.93506493506,130,1.68831168831,56,0.727272727273,22,0.285714285714,.000,0.0,197,463,6.01298701299,
Ron Riley,HOU,1975-1976, 6-8,PF,25,65,1049,16.1384615385,115,280,.411,.000,.000,.000,38,56,.679,91,1.4,213,3.27692307692,304,4.67692307692,75,1.15384615385,32,0.492307692308,21,0.323076923077,.000,0.0,137,268,4.12307692308,
