Player,Team,Season,Height,Position,Age,G,MIN,MINPG,FGM,FGA,FGP,TPM,TPA,TPP,FTM,FTA,FTP,ORB,ORBPG,DRB,DRBPG,TRB,TRBPG,AST,ASTPG,STL,STLPG,BLK,BLKPG,TO,TOPG,PF,PTS,PTSPG,
Ronald Dupree,CHI,2003-2004, 6-7,SF,23,47,893,19.0,111,282,.394,4,9,.444,66,105,.629,55,1.17021276596,112,2.3829787234,167,3.55319148936,55,1.17021276596,32,0.68085106383,18,0.382978723404,51,1.08510638298,134,292,6.21276595745,
Ronald Dupree,DET,2004-2005, 6-7,SF,24,47,472,10.0425531915,61,127,.480,1,2,.500,29,47,.617,34,0.723404255319,61,1.29787234043,95,2.02127659574,24,0.510638297872,7,0.148936170213,10,0.212765957447,22,0.468085106383,60,152,3.23404255319,
Ronald Dupree,MIN,2005-2006, 6-7,SF,25,36,265,7.36111111111,33,63,.524,0,1,.000,14,41,.341,21,0.583333333333,28,0.777777777778,49,1.36111111111,14,0.388888888889,12,0.333333333333,0,0.0,14,0.388888888889,44,80,2.22222222222,
Ronald Dupree,DET,2006-2007, 6-7,SF,26,19,94,4.94736842105,11,31,.355,0,0,.000,3,9,.333,5,0.263157894737,12,0.631578947368,17,0.894736842105,5,0.263157894737,5,0.263157894737,1,0.0526315789474,3,0.157894736842,12,25,1.31578947368,
Ronald Dupree,TOT,2007-2008, 6-7,SF,27,5,21,4.2,1,3,.333,0,0,.000,2,2,1.000,1,0.2,7,1.4,8,1.6,1,0.2,1,0.2,0,0.0,0,0.0,0,4,0.8,
Ronald Dupree,DET,2007-2008, 6-7,SF,27,1,3,3.0,0,0,.000,0,0,.000,0,0,.000,0,0.0,0,0.0,0,0.0,0,0.0,0,0.0,0,0.0,0,0.0,0,0,0.0,
Ronald Dupree,SEA,2007-2008, 6-7,SF,27,4,18,4.5,1,3,.333,0,0,.000,2,2,1.000,1,0.25,7,1.75,8,2.0,1,0.25,1,0.25,0,0.0,0,0.0,0,4,1.0,
Ronald Dupree,TOR,2010-2011, 6-7,SF,30,3,13,4.33333333333,1,4,.250,0,1,.000,0,0,.000,0,0.0,3,1.0,3,1.0,1,0.333333333333,0,0.0,0,0.0,0,0.0,2,2,0.666666666667,
