Player,Team,Season,Height,Position,Age,G,MIN,MINPG,FGM,FGA,FGP,TPM,TPA,TPP,FTM,FTA,FTP,ORB,ORBPG,DRB,DRBPG,TRB,TRBPG,AST,ASTPG,STL,STLPG,BLK,BLKPG,TO,TOPG,PF,PTS,PTSPG,
Ronnie Lester,CHI,1980-1981, 6-2,PG,22,8,83,10.375,10,24,.417,0,0,.000,10,11,.909,3,0.375,3,0.375,6,0.75,7,0.875,2,0.25,0,0.0,9,1.125,5,30,3.75,
Ronnie Lester,CHI,1981-1982, 6-2,PG,23,75,2252,30.0266666667,329,657,.501,4,8,.500,208,256,.813,75,1.0,138,1.84,213,2.84,362,4.82666666667,80,1.06666666667,14,0.186666666667,185,2.46666666667,158,870,11.6,
Ronnie Lester,CHI,1982-1983, 6-2,PG,24,65,1437,22.1076923077,202,446,.453,0,5,.000,124,171,.725,46,0.707692307692,126,1.93846153846,172,2.64615384615,332,5.10769230769,51,0.784615384615,6,0.0923076923077,134,2.06153846154,121,528,8.12307692308,
Ronnie Lester,CHI,1983-1984, 6-2,PG,25,43,687,15.976744186,78,188,.415,1,5,.200,75,87,.862,20,0.46511627907,26,0.604651162791,46,1.06976744186,168,3.90697674419,30,0.697674418605,6,0.139534883721,72,1.67441860465,59,232,5.39534883721,
Ronnie Lester,LAL,1984-1985, 6-2,PG,26,32,278,8.6875,34,82,.415,0,1,.000,21,31,.677,4,0.125,22,0.6875,26,0.8125,80,2.5,15,0.46875,3,0.09375,32,1.0,25,89,2.78125,
Ronnie Lester,LAL,1985-1986, 6-2,PG,27,27,222,8.22222222222,26,52,.500,0,3,.000,15,19,.789,0,0.0,10,0.37037037037,10,0.37037037037,54,2.0,9,0.333333333333,3,0.111111111111,42,1.55555555556,27,67,2.48148148148,
