Player,Team,Season,Height,Position,Age,G,MIN,MINPG,FGM,FGA,FGP,TPM,TPA,TPP,FTM,FTA,FTP,ORB,ORBPG,DRB,DRBPG,TRB,TRBPG,AST,ASTPG,STL,STLPG,BLK,BLKPG,TO,TOPG,PF,PTS,PTSPG,
Ronnie Robinson,TOT,1973-1974, 6-8,PF,22,62,1170,18.8709677419,174,394,.442,0,1,.000,49,73,.671,103,1.66129032258,178,2.87096774194,281,4.53225806452,49,0.790322580645,20,0.322580645161,9,0.145161290323,68,1.09677419355,123,397,6.40322580645,
Ronnie Robinson,UTS,1973-1974, 6-8,PF,22,22,308,14.0,46,112,.411,0,0,.000,18,27,.667,18,0.818181818182,46,2.09090909091,64,2.90909090909,12,0.545454545455,8,0.363636363636,2,0.0909090909091,23,1.04545454545,33,110,5.0,
Ronnie Robinson,MMT,1973-1974, 6-8,PF,22,40,862,21.55,128,282,.454,0,1,.000,31,46,.674,85,2.125,132,3.3,217,5.425,37,0.925,12,0.3,7,0.175,45,1.125,90,287,7.175,
Ronnie Robinson,MMS,1974-1975, 6-8,PF,23,10,102,10.2,18,38,.474,0,0,.000,4,6,.667,10,1.0,17,1.7,27,2.7,4,0.4,5,0.5,0,0.0,7,0.7,14,40,4.0,
