Player,Team,Season,Height,Position,Age,G,MIN,MINPG,FGM,FGA,FGP,TPM,TPA,TPP,FTM,FTA,FTP,ORB,ORBPG,DRB,DRBPG,TRB,TRBPG,AST,ASTPG,STL,STLPG,BLK,BLKPG,TO,TOPG,PF,PTS,PTSPG,
Rory White,PHO,1982-1983, 6-8,SF,23,65,626,9.63076923077,127,234,.543,0,1,.000,70,109,.642,47,0.723076923077,58,0.892307692308,105,1.61538461538,30,0.461538461538,16,0.246153846154,2,0.0307692307692,51,0.784615384615,54,324,4.98461538462,
Rory White,TOT,1983-1984, 6-8,SF,24,36,372,10.3333333333,80,170,.471,0,0,.000,26,47,.553,37,1.02777777778,37,1.02777777778,74,2.05555555556,15,0.416666666667,15,0.416666666667,3,0.0833333333333,24,0.666666666667,31,186,5.16666666667,
Rory White,PHO,1983-1984, 6-8,SF,24,22,308,14.0,69,144,.479,0,0,.000,24,42,.571,30,1.36363636364,32,1.45454545455,62,2.81818181818,14,0.636363636364,13,0.590909090909,2,0.0909090909091,18,0.818181818182,25,162,7.36363636364,
Rory White,MIL,1983-1984, 6-8,SF,24,8,45,5.625,7,17,.412,0,0,.000,2,5,.400,5,0.625,3,0.375,8,1.0,1,0.125,2,0.25,1,0.125,5,0.625,3,16,2.0,
Rory White,SDC,1983-1984, 6-8,SF,24,6,19,3.16666666667,4,9,.444,0,0,.000,0,0,.000,2,0.333333333333,2,0.333333333333,4,0.666666666667,0,0.0,0,0.0,0,0.0,1,0.166666666667,3,8,1.33333333333,
Rory White,LAC,1984-1985, 6-8,PF,25,80,1106,13.825,144,279,.516,0,0,.000,90,130,.692,94,1.175,101,1.2625,195,2.4375,34,0.425,35,0.4375,20,0.25,87,1.0875,115,378,4.725,
Rory White,LAC,1985-1986, 6-8,SF,26,75,1761,23.48,355,684,.519,1,9,.111,164,222,.739,82,1.09333333333,99,1.32,181,2.41333333333,74,0.986666666667,74,0.986666666667,8,0.106666666667,95,1.26666666667,161,875,11.6666666667,
Rory White,LAC,1986-1987, 6-8,SF,27,68,1545,22.7205882353,265,552,.480,0,3,.000,94,144,.653,90,1.32352941176,104,1.52941176471,194,2.85294117647,79,1.16176470588,47,0.691176470588,19,0.279411764706,73,1.07352941176,159,624,9.17647058824,
