Player,Team,Season,Height,Position,Age,G,MIN,MINPG,FGM,FGA,FGP,TPM,TPA,TPP,FTM,FTA,FTP,ORB,ORBPG,DRB,DRBPG,TRB,TRBPG,AST,ASTPG,STL,STLPG,BLK,BLKPG,TO,TOPG,PF,PTS,PTSPG,
Roshown McLeod,ATL,1998-1999, 6-8,SF,23,34,348,10.2352941176,62,163,.380,1,10,.100,37,45,.822,12,0.352941176471,38,1.11764705882,50,1.47058823529,14,0.411764705882,2,0.0588235294118,1,0.0294117647059,23,0.676470588235,24,162,4.76470588235,
Roshown McLeod,ATL,1999-2000, 6-8,SF,24,44,860,19.5454545455,131,332,.395,2,13,.154,54,70,.771,41,0.931818181818,97,2.20454545455,138,3.13636363636,52,1.18181818182,16,0.363636363636,5,0.113636363636,59,1.34090909091,84,318,7.22727272727,
Roshown McLeod,TOT,2000-2001, 6-8,SF,25,35,922,26.3428571429,145,332,.437,2,22,.091,45,51,.882,38,1.08571428571,82,2.34285714286,120,3.42857142857,58,1.65714285714,23,0.657142857143,8,0.228571428571,58,1.65714285714,90,337,9.62857142857,
Roshown McLeod,ATL,2000-2001, 6-8,SF,25,34,907,26.6764705882,144,330,.436,2,21,.095,45,51,.882,37,1.08823529412,81,2.38235294118,118,3.47058823529,58,1.70588235294,23,0.676470588235,8,0.235294117647,57,1.67647058824,88,335,9.85294117647,
Roshown McLeod,PHI,2000-2001, 6-8,SF,25,1,15,15.0,1,2,.500,0,1,.000,0,0,.000,1,1.0,1,1.0,2,2.0,0,0.0,0,0.0,0,0.0,1,1.0,2,2,2.0,
