Player,Team,Season,Height,Position,Age,G,MIN,MINPG,FGM,FGA,FGP,TPM,TPA,TPP,FTM,FTA,FTP,ORB,ORBPG,DRB,DRBPG,TRB,TRBPG,AST,ASTPG,STL,STLPG,BLK,BLKPG,TO,TOPG,PF,PTS,PTSPG,
Rowland Garrett,CHI,1972-1973, 6-6,SF,22,35,211,6.02857142857,52,118,.441,.000,.000,.000,21,31,.677,.000,0.0,.000,0.0,61,1.74285714286,8,0.228571428571,.000,0.0,.000,0.0,.000,0.0,29,125,3.57142857143,
Rowland Garrett,CHI,1973-1974, 6-6,SF,23,41,373,9.09756097561,68,184,.370,.000,.000,.000,21,32,.656,31,0.756097560976,39,0.951219512195,70,1.70731707317,11,0.268292682927,5,0.121951219512,9,0.219512195122,.000,0.0,43,157,3.82926829268,
Rowland Garrett,CHI,1974-1975, 6-6,SF,24,70,1183,16.9,228,474,.481,.000,.000,.000,77,97,.794,80,1.14285714286,167,2.38571428571,247,3.52857142857,43,0.614285714286,24,0.342857142857,13,0.185714285714,.000,0.0,124,533,7.61428571429,
Rowland Garrett,TOT,1975-1976, 6-6,SF,25,55,540,9.81818181818,108,258,.419,.000,.000,.000,53,65,.815,45,0.818181818182,72,1.30909090909,117,2.12727272727,17,0.309090909091,25,0.454545454545,7,0.127272727273,.000,0.0,68,269,4.89090909091,
Rowland Garrett,CHI,1975-1976, 6-6,SF,25,14,324,23.1428571429,57,131,.435,.000,.000,.000,38,44,.864,27,1.92857142857,48,3.42857142857,75,5.35714285714,7,0.5,8,0.571428571429,4,0.285714285714,.000,0.0,32,152,10.8571428571,
Rowland Garrett,CLE,1975-1976, 6-6,SF,25,41,216,5.26829268293,51,127,.402,.000,.000,.000,15,21,.714,18,0.439024390244,24,0.585365853659,42,1.0243902439,10,0.243902439024,17,0.414634146341,3,0.0731707317073,.000,0.0,36,117,2.85365853659,
Rowland Garrett,TOT,1976-1977, 6-6,SF,26,62,598,9.64516129032,106,239,.444,.000,.000,.000,41,51,.804,37,0.596774193548,75,1.20967741935,112,1.8064516129,27,0.435483870968,21,0.338709677419,10,0.161290322581,.000,0.0,80,253,4.08064516129,
Rowland Garrett,CLE,1976-1977, 6-6,SF,26,29,215,7.41379310345,40,93,.430,.000,.000,.000,18,22,.818,10,0.344827586207,30,1.03448275862,40,1.37931034483,7,0.241379310345,7,0.241379310345,3,0.103448275862,.000,0.0,30,98,3.37931034483,
Rowland Garrett,MIL,1976-1977, 6-6,SF,26,33,383,11.6060606061,66,146,.452,.000,.000,.000,23,29,.793,27,0.818181818182,45,1.36363636364,72,2.18181818182,20,0.606060606061,14,0.424242424242,7,0.212121212121,.000,0.0,50,155,4.69696969697,
