Player,Team,Season,Height,Position,Age,G,MIN,MINPG,FGM,FGA,FGP,TPM,TPA,TPP,FTM,FTA,FTP,ORB,ORBPG,DRB,DRBPG,TRB,TRBPG,AST,ASTPG,STL,STLPG,BLK,BLKPG,TO,TOPG,PF,PTS,PTSPG,
Roy Pugh,TOT,1948-1949, 6-6,,26,23,.000,0.0,13,51,.255,.000,.000,.000,6,19,.316,.000,0.0,.000,0.0,.000,0.0,9,0.391304347826,.000,0.0,.000,0.0,.000,0.0,17,32,1.39130434783,
Roy Pugh,INJ,1948-1949, 6-6,,26,6,.000,0.0,1,7,.143,.000,.000,.000,1,5,.200,.000,0.0,.000,0.0,.000,0.0,2,0.333333333333,.000,0.0,.000,0.0,.000,0.0,2,3,0.5,
Roy Pugh,FTW,1948-1949, 6-6,,26,4,.000,0.0,4,8,.500,.000,.000,.000,1,4,.250,.000,0.0,.000,0.0,.000,0.0,1,0.25,.000,0.0,.000,0.0,.000,0.0,3,9,2.25,
Roy Pugh,PHW,1948-1949, 6-6,,26,13,.000,0.0,8,36,.222,.000,.000,.000,4,10,.400,.000,0.0,.000,0.0,.000,0.0,6,0.461538461538,.000,0.0,.000,0.0,.000,0.0,12,20,1.53846153846,
