Player,Team,Season,Height,Position,Age,G,MIN,MINPG,FGM,FGA,FGP,TPM,TPA,TPP,FTM,FTA,FTP,ORB,ORBPG,DRB,DRBPG,TRB,TRBPG,AST,ASTPG,STL,STLPG,BLK,BLKPG,TO,TOPG,PF,PTS,PTSPG,
Roy Hibbert,IND,2008-2009, 7-2,C,22,70,1009,14.4142857143,198,420,.471,0,0,.000,98,147,.667,115,1.64285714286,128,1.82857142857,243,3.47142857143,49,0.7,20,0.285714285714,76,1.08571428571,55,0.785714285714,215,494,7.05714285714,
Roy Hibbert,IND,2009-2010, 7-2,C,23,81,2035,25.1234567901,387,782,.495,3,6,.500,169,224,.754,177,2.18518518519,287,3.54320987654,464,5.72839506173,158,1.95061728395,30,0.37037037037,131,1.61728395062,145,1.79012345679,285,946,11.6790123457,
Roy Hibbert,IND,2010-2011, 7-2,C,24,81,2244,27.7037037037,410,890,.461,0,4,.000,205,275,.745,182,2.24691358025,428,5.28395061728,610,7.53086419753,166,2.04938271605,33,0.407407407407,142,1.75308641975,185,2.28395061728,256,1025,12.6543209877,
Roy Hibbert,IND,2011-2012, 7-2,C,25,65,1937,29.8,332,668,.497,0,1,.000,170,239,.711,213,3.27692307692,359,5.52307692308,572,8.8,108,1.66153846154,32,0.492307692308,128,1.96923076923,128,1.96923076923,195,834,12.8307692308,
Roy Hibbert,IND,2012-2013, 7-2,C,26,63,1792,28.4444444444,280,643,.435,0,3,.000,111,152,.730,234,3.71428571429,269,4.26984126984,503,7.98412698413,91,1.44444444444,34,0.539682539683,172,2.73015873016,129,2.04761904762,222,671,10.6507936508,
