Player,Team,Season,Height,Position,Age,G,MIN,MINPG,FGM,FGA,FGP,TPM,TPA,TPP,FTM,FTA,FTP,ORB,ORBPG,DRB,DRBPG,TRB,TRBPG,AST,ASTPG,STL,STLPG,BLK,BLKPG,TO,TOPG,PF,PTS,PTSPG,
Ruben Garces,TOT,2000-2001, 6-9,PF,27,13,73,5.61538461538,7,22,.318,0,0,.000,2,8,.250,16,1.23076923077,13,1.0,29,2.23076923077,5,0.384615384615,3,0.230769230769,2,0.153846153846,5,0.384615384615,14,16,1.23076923077,
Ruben Garces,PHO,2000-2001, 6-9,PF,27,10,62,6.2,7,15,.467,0,0,.000,2,8,.250,12,1.2,10,1.0,22,2.2,4,0.4,2,0.2,1,0.1,5,0.5,14,16,1.6,
Ruben Garces,GSW,2000-2001, 6-9,PF,27,3,11,3.66666666667,0,7,.000,0,0,.000,0,0,.000,4,1.33333333333,3,1.0,7,2.33333333333,1,0.333333333333,1,0.333333333333,1,0.333333333333,0,0.0,0,0,0.0,
