Player,Team,Season,Height,Position,Age,G,MIN,MINPG,FGM,FGA,FGP,TPM,TPA,TPP,FTM,FTA,FTP,ORB,ORBPG,DRB,DRBPG,TRB,TRBPG,AST,ASTPG,STL,STLPG,BLK,BLKPG,TO,TOPG,PF,PTS,PTSPG,
Ruben Wolkowyski,SEA,2000-2001, 6-10,PF,27,34,305,8.97058823529,25,79,.316,0,2,.000,25,34,.735,12,0.352941176471,34,1.0,46,1.35294117647,3,0.0882352941176,6,0.176470588235,18,0.529411764706,12,0.352941176471,38,75,2.20588235294,
Ruben Wolkowyski,BOS,2002-2003, 6-10,PF,29,7,24,3.42857142857,2,4,.500,0,1,.000,1,4,.250,0,0.0,1,0.142857142857,1,0.142857142857,1,0.142857142857,0,0.0,0,0.0,1,0.142857142857,3,5,0.714285714286,
