Player,Team,Season,Height,Position,Age,G,MIN,MINPG,FGM,FGA,FGP,TPM,TPA,TPP,FTM,FTA,FTP,ORB,ORBPG,DRB,DRBPG,TRB,TRBPG,AST,ASTPG,STL,STLPG,BLK,BLKPG,TO,TOPG,PF,PTS,PTSPG,
Ruben Boumtje-Boumtje,POR,2001-2002, 7-0,C,23,33,245,7.42424242424,13,32,.406,0,0,.000,13,25,.520,21,0.636363636364,34,1.0303030303,55,1.66666666667,4,0.121212121212,3,0.0909090909091,16,0.484848484848,14,0.424242424242,38,39,1.18181818182,
Ruben Boumtje-Boumtje,POR,2002-2003, 7-0,C,24,2,5,2.5,0,1,.000,0,0,.000,0,0,.000,1,0.5,0,0.0,1,0.5,1,0.5,1,0.5,0,0.0,0,0.0,0,0,0.0,
Ruben Boumtje-Boumtje,POR,2003-2004, 7-0,C,25,9,26,2.88888888889,1,5,.200,0,0,.000,2,2,1.000,0,0.0,1,0.111111111111,1,0.111111111111,1,0.111111111111,0,0.0,1,0.111111111111,0,0.0,2,4,0.444444444444,
