Player,Team,Season,Height,Position,Age,G,MIN,MINPG,FGM,FGA,FGP,TPM,TPA,TPP,FTM,FTA,FTP,ORB,ORBPG,DRB,DRBPG,TRB,TRBPG,AST,ASTPG,STL,STLPG,BLK,BLKPG,TO,TOPG,PF,PTS,PTSPG,
Rubin Russell,TOT,1967-1968, 6-2,SG,23,26,269,10.3461538462,56,158,.354,4,22,.182,25,41,.610,.000,0.0,.000,0.0,52,2.0,7,0.269230769231,.000,0.0,.000,0.0,32,1.23076923077,40,141,5.42307692308,
Rubin Russell,DLC,1967-1968, 6-2,,23,16,157,9.8125,27,80,.338,2,13,.154,9,18,.500,.000,0.0,.000,0.0,23,1.4375,6,0.375,.000,0.0,.000,0.0,23,1.4375,18,65,4.0625,
Rubin Russell,KEN,1967-1968, 6-2,SG,23,10,112,11.2,29,78,.372,2,9,.222,16,23,.696,.000,0.0,.000,0.0,29,2.9,1,0.1,.000,0.0,.000,0.0,9,0.9,22,76,7.6,
