Player,Team,Season,Height,Position,Age,G,MIN,MINPG,FGM,FGA,FGP,TPM,TPA,TPP,FTM,FTA,FTP,ORB,ORBPG,DRB,DRBPG,TRB,TRBPG,AST,ASTPG,STL,STLPG,BLK,BLKPG,TO,TOPG,PF,PTS,PTSPG,
Rudy Hackett,SSL,1975-1976, 6-9,PF,22,22,414,18.8181818182,55,131,.420,0,0,.000,31,49,.633,20,0.909090909091,58,2.63636363636,78,3.54545454545,28,1.27272727273,15,0.681818181818,8,0.363636363636,24,1.09090909091,48,141,6.40909090909,
Rudy Hackett,TOT,1976-1977, 6-9,PF,23,6,46,7.66666666667,3,10,.300,.000,.000,.000,8,14,.571,4,0.666666666667,9,1.5,13,2.16666666667,3,0.5,0,0.0,1,0.166666666667,.000,0.0,8,14,2.33333333333,
Rudy Hackett,NYN,1976-1977, 6-9,PF,23,1,8,8.0,0,2,.000,.000,.000,.000,2,5,.400,1,1.0,2,2.0,3,3.0,0,0.0,0,0.0,0,0.0,.000,0.0,1,2,2.0,
Rudy Hackett,IND,1976-1977, 6-9,PF,23,5,38,7.6,3,8,.375,.000,.000,.000,6,9,.667,3,0.6,7,1.4,10,2.0,3,0.6,0,0.0,1,0.2,.000,0.0,7,12,2.4,
