Player,Team,Season,Height,Position,Age,G,MIN,MINPG,FGM,FGA,FGP,TPM,TPA,TPP,FTM,FTA,FTP,ORB,ORBPG,DRB,DRBPG,TRB,TRBPG,AST,ASTPG,STL,STLPG,BLK,BLKPG,TO,TOPG,PF,PTS,PTSPG,
Rudy White,HOU,1975-1976, 6-2,SG,22,32,284,8.875,42,102,.412,.000,.000,.000,18,25,.720,13,0.40625,25,0.78125,38,1.1875,30,0.9375,19,0.59375,5,0.15625,.000,0.0,32,102,3.1875,
Rudy White,HOU,1976-1977, 6-2,SG,23,46,368,8.0,47,106,.443,.000,.000,.000,15,25,.600,13,0.282608695652,28,0.608695652174,41,0.891304347826,35,0.760869565217,11,0.239130434783,1,0.0217391304348,.000,0.0,39,109,2.36956521739,
Rudy White,HOU,1977-1978, 6-2,SG,24,21,219,10.4285714286,31,85,.365,.000,.000,.000,14,18,.778,8,0.380952380952,13,0.619047619048,21,1.0,22,1.04761904762,8,0.380952380952,0,0.0,22,1.04761904762,24,76,3.61904761905,
Rudy White,HOU,1979-1980, 6-2,SG,26,9,106,11.7777777778,13,24,.542,0,0,.000,10,13,.769,0,0.0,9,1.0,9,1.0,5,0.555555555556,5,0.555555555556,0,0.0,8,0.888888888889,8,36,4.0,
Rudy White,TOT,1980-1981, 6-2,SG,27,16,208,13.0,23,65,.354,0,1,.000,15,16,.938,1,0.0625,10,0.625,11,0.6875,20,1.25,9,0.5625,1,0.0625,12,0.75,23,61,3.8125,
Rudy White,GSW,1980-1981, 6-2,SG,27,4,43,10.75,9,18,.500,0,0,.000,4,4,1.000,0,0.0,0,0.0,0,0.0,2,0.5,4,1.0,0,0.0,3,0.75,7,22,5.5,
Rudy White,SEA,1980-1981, 6-2,SG,27,12,165,13.75,14,47,.298,0,1,.000,11,12,.917,1,0.0833333333333,10,0.833333333333,11,0.916666666667,18,1.5,5,0.416666666667,1,0.0833333333333,9,0.75,16,39,3.25,
