Player,Team,Season,Height,Position,Age,G,MIN,MINPG,FGM,FGA,FGP,TPM,TPA,TPP,FTM,FTA,FTP,ORB,ORBPG,DRB,DRBPG,TRB,TRBPG,AST,ASTPG,STL,STLPG,BLK,BLKPG,TO,TOPG,PF,PTS,PTSPG,
Rudy Gay,MEM,2006-2007, 6-9,SF,20,78,2103,26.9615384615,321,760,.422,52,143,.364,152,209,.727,93,1.19230769231,255,3.26923076923,348,4.46153846154,100,1.28205128205,71,0.910256410256,74,0.948717948718,140,1.79487179487,192,846,10.8461538462,
Rudy Gay,MEM,2007-2008, 6-9,SF,21,81,3000,37.037037037,625,1355,.461,134,387,.346,248,316,.785,140,1.72839506173,359,4.43209876543,499,6.16049382716,158,1.95061728395,111,1.37037037037,79,0.975308641975,190,2.34567901235,230,1632,20.1481481481,
Rudy Gay,MEM,2008-2009, 6-9,SF,22,79,2945,37.2784810127,572,1262,.453,85,242,.351,264,344,.767,109,1.37974683544,328,4.15189873418,437,5.53164556962,135,1.70886075949,98,1.24050632911,59,0.746835443038,203,2.56962025316,221,1493,18.8987341772,
Rudy Gay,MEM,2009-2010, 6-9,SF,23,80,3175,39.6875,600,1288,.466,66,202,.327,301,400,.753,115,1.4375,357,4.4625,472,5.9,153,1.9125,118,1.475,64,0.8,169,2.1125,201,1567,19.5875,
Rudy Gay,MEM,2010-2011, 6-9,SF,24,54,2152,39.8518518519,409,869,.471,57,144,.396,194,241,.805,82,1.51851851852,254,4.7037037037,336,6.22222222222,153,2.83333333333,91,1.68518518519,58,1.07407407407,135,2.5,131,1069,19.7962962963,
Rudy Gay,MEM,2011-2012, 6-9,SF,25,65,2422,37.2615384615,485,1067,.455,54,173,.312,208,263,.791,130,2.0,287,4.41538461538,417,6.41538461538,147,2.26153846154,95,1.46153846154,55,0.846153846154,161,2.47692307692,138,1232,18.9538461538,
Rudy Gay,TOT,2012-2013, 6-9,SF,26,59,2173,36.8305084746,405,1015,.399,56,197,.284,190,235,.809,80,1.35593220339,280,4.74576271186,360,6.10169491525,156,2.64406779661,94,1.59322033898,43,0.728813559322,156,2.64406779661,138,1056,17.8983050847,
Rudy Gay,MEM,2012-2013, 6-9,SF,26,42,1541,36.6904761905,281,688,.408,40,129,.310,121,156,.776,56,1.33333333333,193,4.59523809524,249,5.92857142857,108,2.57142857143,56,1.33333333333,31,0.738095238095,104,2.47619047619,87,723,17.2142857143,
Rudy Gay,TOR,2012-2013, 6-9,SF,26,17,632,37.1764705882,124,327,.379,16,68,.235,69,79,.873,24,1.41176470588,87,5.11764705882,111,6.52941176471,48,2.82352941176,38,2.23529411765,12,0.705882352941,52,3.05882352941,51,333,19.5882352941,
