Player,Team,Season,Height,Position,Age,G,MIN,MINPG,FGM,FGA,FGP,TPM,TPA,TPP,FTM,FTA,FTP,ORB,ORBPG,DRB,DRBPG,TRB,TRBPG,AST,ASTPG,STL,STLPG,BLK,BLKPG,TO,TOPG,PF,PTS,PTSPG,
Rudy Macklin,ATL,1981-1982, 6-7,SF,23,79,1516,19.1898734177,210,484,.434,0,3,.000,134,173,.775,113,1.43037974684,150,1.89873417722,263,3.32911392405,47,0.594936708861,40,0.506329113924,20,0.253164556962,112,1.41772151899,225,554,7.01265822785,
Rudy Macklin,ATL,1982-1983, 6-7,SF,24,73,1171,16.0410958904,170,360,.472,0,4,.000,101,131,.771,85,1.16438356164,105,1.43835616438,190,2.60273972603,71,0.972602739726,41,0.561643835616,10,0.13698630137,89,1.21917808219,189,441,6.04109589041,
Rudy Macklin,NYK,1983-1984, 6-7,SF,25,8,65,8.125,12,30,.400,0,0,.000,11,13,.846,5,0.625,6,0.75,11,1.375,3,0.375,1,0.125,0,0.0,6,0.75,17,35,4.375,
