Player,Team,Season,Height,Position,Age,G,MIN,MINPG,FGM,FGA,FGP,TPM,TPA,TPP,FTM,FTA,FTP,ORB,ORBPG,DRB,DRBPG,TRB,TRBPG,AST,ASTPG,STL,STLPG,BLK,BLKPG,TO,TOPG,PF,PTS,PTSPG,
Russell Westbrook,OKC,2008-2009, 6-3,PG,20,82,2668,32.5365853659,436,1095,.398,35,129,.271,349,428,.815,178,2.17073170732,221,2.69512195122,399,4.86585365854,435,5.30487804878,110,1.34146341463,16,0.19512195122,274,3.34146341463,191,1256,15.3170731707,
Russell Westbrook,OKC,2009-2010, 6-3,PG,21,82,2813,34.3048780488,485,1160,.418,23,104,.221,329,422,.780,143,1.74390243902,258,3.14634146341,401,4.89024390244,652,7.9512195122,108,1.31707317073,34,0.414634146341,268,3.26829268293,204,1322,16.1219512195,
Russell Westbrook,OKC,2010-2011, 6-3,PG,22,82,2847,34.7195121951,614,1390,.442,34,103,.330,531,631,.842,121,1.4756097561,258,3.14634146341,379,4.62195121951,670,8.17073170732,155,1.89024390244,30,0.365853658537,316,3.85365853659,207,1793,21.8658536585,
Russell Westbrook,OKC,2011-2012, 6-3,PG,23,66,2331,35.3181818182,578,1266,.457,62,196,.316,340,413,.823,96,1.45454545455,205,3.10606060606,301,4.56060606061,362,5.48484848485,112,1.69696969697,21,0.318181818182,239,3.62121212121,147,1558,23.6060606061,
Russell Westbrook,OKC,2012-2013, 6-3,PG,24,65,2302,35.4153846154,532,1217,.437,80,237,.338,365,457,.799,90,1.38461538462,248,3.81538461538,338,5.2,497,7.64615384615,119,1.83076923077,17,0.261538461538,229,3.52307692308,148,1509,23.2153846154,
