Player,Team,Season,Height,Position,Age,G,MIN,MINPG,FGM,FGA,FGP,TPM,TPA,TPP,FTM,FTA,FTP,ORB,ORBPG,DRB,DRBPG,TRB,TRBPG,AST,ASTPG,STL,STLPG,BLK,BLKPG,TO,TOPG,PF,PTS,PTSPG,
Russell Cross,GSW,1983-1984, 6-10,C,22,45,354,7.86666666667,64,112,.571,0,0,.000,38,91,.418,35,0.777777777778,47,1.04444444444,82,1.82222222222,22,0.488888888889,12,0.266666666667,7,0.155555555556,19,0.422222222222,58,166,3.68888888889,
