Player,Team,Season,Height,Position,Age,G,MIN,MINPG,FGM,FGA,FGP,TPM,TPA,TPP,FTM,FTA,FTP,ORB,ORBPG,DRB,DRBPG,TRB,TRBPG,AST,ASTPG,STL,STLPG,BLK,BLKPG,TO,TOPG,PF,PTS,PTSPG,
Russ Schoene,TOT,1982-1983, 6-10,PF,22,77,1222,15.8701298701,207,435,.476,1,4,.250,61,83,.735,96,1.24675324675,159,2.06493506494,255,3.31168831169,59,0.766233766234,25,0.324675324675,23,0.298701298701,81,1.05194805195,192,476,6.18181818182,
Russ Schoene,PHI,1982-1983, 6-10,PF,22,46,702,15.2608695652,106,207,.512,0,1,.000,21,28,.750,52,1.13043478261,102,2.21739130435,154,3.34782608696,32,0.695652173913,13,0.282608695652,9,0.195652173913,46,1.0,118,233,5.0652173913,
Russ Schoene,IND,1982-1983, 6-10,PF,22,31,520,16.7741935484,101,228,.443,1,3,.333,40,55,.727,44,1.41935483871,57,1.83870967742,101,3.25806451613,27,0.870967741935,12,0.387096774194,14,0.451612903226,35,1.12903225806,74,243,7.83870967742,
Russ Schoene,SEA,1986-1987, 6-10,PF,26,63,579,9.19047619048,71,190,.374,2,13,.154,29,46,.630,52,0.825396825397,65,1.03174603175,117,1.85714285714,27,0.428571428571,20,0.31746031746,11,0.174603174603,42,0.666666666667,94,173,2.74603174603,
Russ Schoene,SEA,1987-1988, 6-10,PF,27,81,973,12.012345679,208,454,.458,17,58,.293,51,63,.810,78,0.962962962963,120,1.48148148148,198,2.44444444444,53,0.654320987654,39,0.481481481481,13,0.16049382716,57,0.703703703704,151,484,5.97530864198,
Russ Schoene,SEA,1988-1989, 6-10,PF,28,69,774,11.2173913043,135,349,.387,42,110,.382,46,57,.807,58,0.840579710145,107,1.55072463768,165,2.39130434783,36,0.521739130435,37,0.536231884058,24,0.347826086957,48,0.695652173913,136,358,5.1884057971,
