Player,Team,Season,Height,Position,Age,G,MIN,MINPG,FGM,FGA,FGP,TPM,TPA,TPP,FTM,FTA,FTP,ORB,ORBPG,DRB,DRBPG,TRB,TRBPG,AST,ASTPG,STL,STLPG,BLK,BLKPG,TO,TOPG,PF,PTS,PTSPG,
Rusty LaRue,CHI,1997-1998, 6-2,PG,24,14,140,10.0,20,49,.408,4,16,.250,5,8,.625,1,0.0714285714286,7,0.5,8,0.571428571429,5,0.357142857143,3,0.214285714286,1,0.0714285714286,6,0.428571428571,12,49,3.5,
Rusty LaRue,CHI,1998-1999, 6-2,PG,25,43,732,17.023255814,78,217,.359,30,89,.337,17,17,1.000,9,0.209302325581,47,1.09302325581,56,1.3023255814,63,1.46511627907,33,0.767441860465,3,0.0697674418605,34,0.790697674419,66,203,4.72093023256,
Rusty LaRue,CHI,1999-2000, 6-2,PG,26,4,129,32.25,15,43,.349,2,14,.143,5,7,.714,1,0.25,9,2.25,10,2.5,11,2.75,7,1.75,0,0.0,7,1.75,9,37,9.25,
Rusty LaRue,UTA,2001-2002, 6-2,PG,28,33,542,16.4242424242,73,185,.395,17,50,.340,30,35,.857,11,0.333333333333,38,1.15151515152,49,1.48484848485,71,2.15151515152,17,0.515151515152,7,0.212121212121,43,1.30303030303,58,193,5.84848484848,
Rusty LaRue,GSW,2003-2004, 6-2,PG,30,4,22,5.5,1,3,.333,1,1,1.000,1,2,.500,0,0.0,3,0.75,3,0.75,2,0.5,2,0.5,0,0.0,4,1.0,2,4,1.0,
