Player,Team,Season,Height,Position,Age,G,MIN,MINPG,FGM,FGA,FGP,TPM,TPA,TPP,FTM,FTA,FTP,ORB,ORBPG,DRB,DRBPG,TRB,TRBPG,AST,ASTPG,STL,STLPG,BLK,BLKPG,TO,TOPG,PF,PTS,PTSPG,
Ryan Lorthridge,GSW,1994-1995, 6-4,SG,22,37,672,18.1621621622,106,223,.475,3,14,.214,57,88,.648,24,0.648648648649,47,1.27027027027,71,1.91891891892,101,2.72972972973,28,0.756756756757,1,0.027027027027,57,1.54054054054,42,272,7.35135135135,
