Player,Team,Season,Height,Position,Age,G,MIN,MINPG,FGM,FGA,FGP,TPM,TPA,TPP,FTM,FTA,FTP,ORB,ORBPG,DRB,DRBPG,TRB,TRBPG,AST,ASTPG,STL,STLPG,BLK,BLKPG,TO,TOPG,PF,PTS,PTSPG,
Ryan Humphrey,TOT,2002-2003, 6-8,PF,23,48,444,9.25,35,120,.292,0,0,.000,23,39,.590,34,0.708333333333,65,1.35416666667,99,2.0625,11,0.229166666667,9,0.1875,18,0.375,23,0.479166666667,75,93,1.9375,
Ryan Humphrey,ORL,2002-2003, 6-8,PF,23,35,322,9.2,23,85,.271,0,0,.000,18,28,.643,30,0.857142857143,39,1.11428571429,69,1.97142857143,7,0.2,4,0.114285714286,16,0.457142857143,21,0.6,57,64,1.82857142857,
Ryan Humphrey,MEM,2002-2003, 6-8,PF,23,13,122,9.38461538462,12,35,.343,0,0,.000,5,11,.455,4,0.307692307692,26,2.0,30,2.30769230769,4,0.307692307692,5,0.384615384615,2,0.153846153846,2,0.153846153846,18,29,2.23076923077,
Ryan Humphrey,MEM,2003-2004, 6-8,PF,24,2,11,5.5,1,4,.250,0,1,.000,0,0,.000,2,1.0,1,0.5,3,1.5,1,0.5,1,0.5,0,0.0,2,1.0,3,2,1.0,
Ryan Humphrey,MEM,2004-2005, 6-8,SF,25,35,317,9.05714285714,42,103,.408,0,2,.000,18,37,.486,50,1.42857142857,37,1.05714285714,87,2.48571428571,6,0.171428571429,10,0.285714285714,1,0.0285714285714,23,0.657142857143,35,102,2.91428571429,
