Player,Team,Season,Height,Position,Age,G,MIN,MINPG,FGM,FGA,FGP,TPM,TPA,TPP,FTM,FTA,FTP,ORB,ORBPG,DRB,DRBPG,TRB,TRBPG,AST,ASTPG,STL,STLPG,BLK,BLKPG,TO,TOPG,PF,PTS,PTSPG,
Ryan Gomes,BOS,2005-2006, 6-7,PF,23,61,1376,22.5573770492,173,355,.487,3,9,.333,112,149,.752,102,1.67213114754,196,3.2131147541,298,4.88524590164,58,0.950819672131,35,0.573770491803,5,0.0819672131148,55,0.901639344262,83,461,7.55737704918,
Ryan Gomes,BOS,2006-2007, 6-7,PF,24,73,2275,31.1643835616,338,723,.467,16,42,.381,189,233,.811,125,1.71232876712,282,3.86301369863,407,5.57534246575,119,1.6301369863,48,0.657534246575,13,0.178082191781,105,1.43835616438,169,881,12.0684931507,
Ryan Gomes,MIN,2007-2008, 6-7,PF,25,82,2434,29.6829268293,392,857,.457,59,179,.330,190,229,.830,133,1.62195121951,342,4.17073170732,475,5.79268292683,145,1.76829268293,65,0.792682926829,10,0.121951219512,96,1.17073170732,154,1033,12.5975609756,
Ryan Gomes,MIN,2008-2009, 6-7,SF,26,82,2614,31.8780487805,420,974,.431,106,285,.372,146,181,.807,106,1.29268292683,286,3.48780487805,392,4.78048780488,135,1.64634146341,63,0.768292682927,22,0.268292682927,128,1.56097560976,183,1092,13.3170731707,
Ryan Gomes,MIN,2009-2010, 6-7,SF,27,76,2210,29.0789473684,327,732,.447,74,199,.372,104,126,.825,76,1.0,272,3.57894736842,348,4.57894736842,124,1.63157894737,62,0.815789473684,16,0.210526315789,95,1.25,155,832,10.9473684211,
Ryan Gomes,LAC,2010-2011, 6-7,SF,28,76,2095,27.5657894737,207,505,.410,72,211,.341,61,85,.718,61,0.802631578947,193,2.53947368421,254,3.34210526316,118,1.55263157895,62,0.815789473684,12,0.157894736842,55,0.723684210526,159,547,7.19736842105,
Ryan Gomes,LAC,2011-2012, 6-7,SF,29,32,425,13.28125,31,95,.326,4,29,.138,8,11,.727,14,0.4375,47,1.46875,61,1.90625,12,0.375,16,0.5,0,0.0,15,0.46875,34,74,2.3125,
