Player,Team,Season,Height,Position,Age,G,MIN,MINPG,FGM,FGA,FGP,TPM,TPA,TPP,FTM,FTA,FTP,ORB,ORBPG,DRB,DRBPG,TRB,TRBPG,AST,ASTPG,STL,STLPG,BLK,BLKPG,TO,TOPG,PF,PTS,PTSPG,
Ryan Bowen,DEN,1999-2000, 6-7,SF,24,52,589,11.3269230769,46,117,.393,1,9,.111,38,53,.717,75,1.44230769231,39,0.75,114,2.19230769231,20,0.384615384615,39,0.75,13,0.25,14,0.269230769231,95,131,2.51923076923,
Ryan Bowen,DEN,2000-2001, 6-7,SF,25,57,696,12.2105263158,80,144,.556,4,11,.364,27,44,.614,62,1.08771929825,51,0.894736842105,113,1.98245614035,30,0.526315789474,37,0.649122807018,12,0.210526315789,24,0.421052631579,95,191,3.35087719298,
Ryan Bowen,DEN,2001-2002, 6-7,SF,26,75,1686,22.48,147,307,.479,1,12,.083,69,92,.750,134,1.78666666667,165,2.2,299,3.98666666667,52,0.693333333333,75,1.0,41,0.546666666667,41,0.546666666667,171,364,4.85333333333,
Ryan Bowen,DEN,2002-2003, 6-7,SG,27,62,996,16.064516129,97,197,.492,2,7,.286,27,41,.659,78,1.25806451613,79,1.27419354839,157,2.53225806452,54,0.870967741935,65,1.04838709677,29,0.467741935484,43,0.693548387097,82,223,3.59677419355,
Ryan Bowen,DEN,2003-2004, 6-7,PF,28,52,392,7.53846153846,18,53,.340,0,0,.000,10,12,.833,39,0.75,48,0.923076923077,87,1.67307692308,18,0.346153846154,18,0.346153846154,16,0.307692307692,6,0.115384615385,47,46,0.884615384615,
Ryan Bowen,HOU,2004-2005, 6-7,SF,29,66,604,9.15151515152,47,111,.423,3,6,.500,14,21,.667,21,0.318181818182,55,0.833333333333,76,1.15151515152,18,0.272727272727,23,0.348484848485,5,0.0757575757576,7,0.106060606061,61,111,1.68181818182,
Ryan Bowen,HOU,2005-2006, 6-7,SF,30,68,652,9.58823529412,37,124,.298,3,22,.136,11,14,.786,31,0.455882352941,57,0.838235294118,88,1.29411764706,24,0.352941176471,21,0.308823529412,6,0.0882352941176,13,0.191176470588,85,88,1.29411764706,
Ryan Bowen,NOH,2007-2008, 6-7,SF,32,53,660,12.4528301887,49,100,.490,0,1,.000,16,29,.552,55,1.03773584906,45,0.849056603774,100,1.88679245283,25,0.471698113208,32,0.603773584906,11,0.207547169811,15,0.283018867925,77,114,2.15094339623,
Ryan Bowen,NOH,2008-2009, 6-7,SF,33,21,219,10.4285714286,22,38,.579,0,0,.000,3,5,.600,10,0.47619047619,14,0.666666666667,24,1.14285714286,9,0.428571428571,14,0.666666666667,5,0.238095238095,5,0.238095238095,37,47,2.2380952381,
Ryan Bowen,OKC,2009-2010, 6-7,SF,34,1,8,8.0,1,1,1.000,0,0,.000,2,2,1.000,1,1.0,1,1.0,2,2.0,0,0.0,1,1.0,0,0.0,0,0.0,2,4,4.0,
