Player,Team,Season,Height,Position,Age,G,MIN,MINPG,FGM,FGA,FGP,TPM,TPA,TPP,FTM,FTA,FTP,ORB,ORBPG,DRB,DRBPG,TRB,TRBPG,AST,ASTPG,STL,STLPG,BLK,BLKPG,TO,TOPG,PF,PTS,PTSPG,
Sam Williams,GSW,1981-1982, 6-8,PF,22,59,1073,18.186440678,154,277,.556,0,0,.000,49,89,.551,91,1.54237288136,217,3.67796610169,308,5.22033898305,38,0.64406779661,45,0.762711864407,76,1.28813559322,64,1.08474576271,156,357,6.05084745763,
Sam Williams,GSW,1982-1983, 6-8,PF,23,75,1533,20.44,252,479,.526,0,1,.000,123,171,.719,153,2.04,240,3.2,393,5.24,45,0.6,71,0.946666666667,89,1.18666666667,101,1.34666666667,244,627,8.36,
Sam Williams,TOT,1983-1984, 6-8,PF,24,77,1434,18.6233766234,204,431,.473,0,1,.000,92,140,.657,121,1.57142857143,218,2.83116883117,339,4.4025974026,62,0.805194805195,68,0.883116883117,106,1.37662337662,99,1.28571428571,209,500,6.49350649351,
Sam Williams,GSW,1983-1984, 6-8,PF,24,7,59,8.42857142857,11,26,.423,0,0,.000,6,7,.857,4,0.571428571429,9,1.28571428571,13,1.85714285714,2,0.285714285714,6,0.857142857143,3,0.428571428571,3,0.428571428571,6,28,4.0,
Sam Williams,PHI,1983-1984, 6-8,PF,24,70,1375,19.6428571429,193,405,.477,0,1,.000,86,133,.647,117,1.67142857143,209,2.98571428571,326,4.65714285714,60,0.857142857143,62,0.885714285714,103,1.47142857143,96,1.37142857143,203,472,6.74285714286,
Sam Williams,PHI,1984-1985, 6-8,PF,25,46,488,10.6086956522,58,148,.392,0,1,.000,28,47,.596,38,0.826086956522,68,1.47826086957,106,2.30434782609,11,0.239130434783,26,0.565217391304,26,0.565217391304,44,0.95652173913,92,144,3.13043478261,
