Player,Team,Season,Height,Position,Age,G,MIN,MINPG,FGM,FGA,FGP,TPM,TPA,TPP,FTM,FTA,FTP,ORB,ORBPG,DRB,DRBPG,TRB,TRBPG,AST,ASTPG,STL,STLPG,BLK,BLKPG,TO,TOPG,PF,PTS,PTSPG,
Sam Mack,SAS,1992-1993, 6-7,SF,22,40,267,6.675,47,118,.398,3,22,.136,45,58,.776,18,0.45,30,0.75,48,1.2,15,0.375,14,0.35,5,0.125,22,0.55,44,142,3.55,
Sam Mack,HOU,1995-1996, 6-7,SF,25,31,868,28.0,121,287,.422,54,135,.400,39,46,.848,18,0.58064516129,80,2.58064516129,98,3.16129032258,79,2.54838709677,22,0.709677419355,9,0.290322580645,28,0.903225806452,75,335,10.8064516129,
Sam Mack,HOU,1996-1997, 6-7,SF,26,52,904,17.3846153846,105,262,.401,47,142,.331,35,42,.833,20,0.384615384615,86,1.65384615385,106,2.03846153846,58,1.11538461538,29,0.557692307692,6,0.115384615385,42,0.807692307692,67,292,5.61538461538,
Sam Mack,VAN,1997-1998, 6-7,SF,27,57,1414,24.8070175439,222,559,.397,110,269,.409,62,77,.805,30,0.526315789474,103,1.80701754386,133,2.33333333333,101,1.77192982456,41,0.719298245614,11,0.19298245614,69,1.21052631579,117,616,10.8070175439,
Sam Mack,TOT,1998-1999, 6-7,SF,28,44,1083,24.6136363636,167,384,.435,87,219,.397,51,58,.879,14,0.318181818182,81,1.84090909091,95,2.15909090909,55,1.25,35,0.795454545455,4,0.0909090909091,33,0.75,94,472,10.7272727273,
Sam Mack,VAN,1998-1999, 6-7,SF,28,19,577,30.3684210526,86,212,.406,42,108,.389,28,30,.933,7,0.368421052632,46,2.42105263158,53,2.78947368421,23,1.21052631579,20,1.05263157895,1,0.0526315789474,20,1.05263157895,53,242,12.7368421053,
Sam Mack,HOU,1998-1999, 6-7,SF,28,25,506,20.24,81,172,.471,45,111,.405,23,28,.821,7,0.28,35,1.4,42,1.68,32,1.28,15,0.6,3,0.12,13,0.52,41,230,9.2,
Sam Mack,GSW,1999-2000, 6-7,SF,29,23,333,14.4782608696,37,122,.303,21,64,.328,19,20,.950,7,0.304347826087,32,1.39130434783,39,1.69565217391,24,1.04347826087,18,0.782608695652,1,0.0434782608696,19,0.826086956522,45,114,4.95652173913,
Sam Mack,MIA,2001-2002, 6-7,SF,31,12,159,13.25,14,49,.286,7,28,.250,5,7,.714,2,0.166666666667,12,1.0,14,1.16666666667,4,0.333333333333,5,0.416666666667,1,0.0833333333333,7,0.583333333333,17,40,3.33333333333,
