Player,Team,Season,Height,Position,Age,G,MIN,MINPG,FGM,FGA,FGP,TPM,TPA,TPP,FTM,FTA,FTP,ORB,ORBPG,DRB,DRBPG,TRB,TRBPG,AST,ASTPG,STL,STLPG,BLK,BLKPG,TO,TOPG,PF,PTS,PTSPG,
Sam Pellom,ATL,1979-1980, 6-9,PF,28,44,373,8.47727272727,44,108,.407,0,0,.000,21,30,.700,28,0.636363636364,64,1.45454545455,92,2.09090909091,18,0.409090909091,12,0.272727272727,12,0.272727272727,18,0.409090909091,70,109,2.47727272727,
Sam Pellom,ATL,1980-1981, 6-9,PF,29,77,1472,19.1168831169,186,380,.489,0,1,.000,81,116,.698,122,1.58441558442,234,3.03896103896,356,4.62337662338,48,0.623376623377,50,0.649350649351,92,1.19480519481,99,1.28571428571,228,453,5.88311688312,
Sam Pellom,ATL,1981-1982, 6-9,PF,30,69,1037,15.0289855072,114,251,.454,0,1,.000,61,79,.772,90,1.30434782609,139,2.01449275362,229,3.31884057971,28,0.405797101449,29,0.420289855072,47,0.68115942029,57,0.826086956522,164,289,4.1884057971,
Sam Pellom,TOT,1982-1983, 6-9,PF,31,6,29,4.83333333333,6,16,.375,0,0,.000,0,0,.000,2,0.333333333333,6,1.0,8,1.33333333333,1,0.166666666667,0,0.0,0,0.0,2,0.333333333333,3,12,2.0,
Sam Pellom,ATL,1982-1983, 6-9,PF,31,2,9,4.5,2,6,.333,0,0,.000,0,0,.000,0,0.0,0,0.0,0,0.0,1,0.5,0,0.0,0,0.0,0,0.0,0,4,2.0,
Sam Pellom,MIL,1982-1983, 6-9,PF,31,4,20,5.0,4,10,.400,0,0,.000,0,0,.000,2,0.5,6,1.5,8,2.0,0,0.0,0,0.0,0,0.0,2,0.5,3,8,2.0,
