Player,Team,Season,Height,Position,Age,G,MIN,MINPG,FGM,FGA,FGP,TPM,TPA,TPP,FTM,FTA,FTP,ORB,ORBPG,DRB,DRBPG,TRB,TRBPG,AST,ASTPG,STL,STLPG,BLK,BLKPG,TO,TOPG,PF,PTS,PTSPG,
Sarunas Jasikevicius,IND,2005-2006, 6-4,PG,29,75,1557,20.76,170,429,.396,86,236,.364,121,133,.910,19,0.253333333333,134,1.78666666667,153,2.04,227,3.02666666667,40,0.533333333333,4,0.0533333333333,116,1.54666666667,108,547,7.29333333333,
Sarunas Jasikevicius,TOT,2006-2007, 6-4,SG,30,63,973,15.4444444444,128,322,.398,44,130,.338,86,95,.905,15,0.238095238095,54,0.857142857143,69,1.09523809524,172,2.73015873016,26,0.412698412698,1,0.015873015873,90,1.42857142857,75,386,6.12698412698,
Sarunas Jasikevicius,IND,2006-2007, 6-4,SG,30,37,664,17.9459459459,91,221,.412,32,86,.372,59,64,.922,10,0.27027027027,38,1.02702702703,48,1.2972972973,111,3.0,13,0.351351351351,0,0.0,59,1.59459459459,53,273,7.37837837838,
Sarunas Jasikevicius,GSW,2006-2007, 6-4,PG,30,26,309,11.8846153846,37,101,.366,12,44,.273,27,31,.871,5,0.192307692308,16,0.615384615385,21,0.807692307692,61,2.34615384615,13,0.5,1,0.0384615384615,31,1.19230769231,22,113,4.34615384615,
