Player,Team,Season,Height,Position,Age,G,MIN,MINPG,FGM,FGA,FGP,TPM,TPA,TPP,FTM,FTA,FTP,ORB,ORBPG,DRB,DRBPG,TRB,TRBPG,AST,ASTPG,STL,STLPG,BLK,BLKPG,TO,TOPG,PF,PTS,PTSPG,
Sasha Vujacic,LAL,2004-2005, 6-7,SG,20,35,403,11.5142857143,33,117,.282,17,63,.270,18,19,.947,13,0.371428571429,49,1.4,62,1.77142857143,51,1.45714285714,12,0.342857142857,2,0.0571428571429,15,0.428571428571,41,101,2.88571428571,
Sasha Vujacic,LAL,2005-2006, 6-7,PG,21,82,1449,17.6707317073,108,312,.346,59,172,.343,46,52,.885,33,0.40243902439,126,1.53658536585,159,1.93902439024,139,1.69512195122,48,0.585365853659,3,0.0365853658537,50,0.609756097561,150,321,3.91463414634,
Sasha Vujacic,LAL,2006-2007, 6-7,SG,22,73,935,12.8082191781,105,268,.392,60,161,.373,43,49,.878,28,0.383561643836,79,1.08219178082,107,1.46575342466,64,0.876712328767,41,0.561643835616,1,0.013698630137,30,0.41095890411,103,313,4.28767123288,
Sasha Vujacic,LAL,2007-2008, 6-7,SG,23,72,1279,17.7638888889,219,482,.454,118,270,.437,76,91,.835,19,0.263888888889,135,1.875,154,2.13888888889,72,1.0,36,0.5,5,0.0694444444444,52,0.722222222222,107,632,8.77777777778,
Sasha Vujacic,LAL,2008-2009, 6-7,SG,24,80,1293,16.1625,155,401,.387,81,223,.363,70,76,.921,19,0.2375,116,1.45,135,1.6875,113,1.4125,77,0.9625,7,0.0875,35,0.4375,154,461,5.7625,
Sasha Vujacic,LAL,2009-2010, 6-7,SG,25,67,575,8.58208955224,66,164,.402,25,81,.309,28,33,.848,25,0.373134328358,54,0.805970149254,79,1.17910447761,41,0.611940298507,20,0.298507462687,4,0.0597014925373,17,0.253731343284,67,185,2.76119402985,
Sasha Vujacic,TOT,2010-2011, 6-7,SG,26,67,1648,24.5970149254,239,595,.402,97,262,.370,81,96,.844,30,0.44776119403,156,2.32835820896,186,2.77611940299,132,1.97014925373,54,0.805970149254,5,0.0746268656716,66,0.985074626866,136,656,9.79104477612,
Sasha Vujacic,LAL,2010-2011, 6-7,SG,26,11,54,4.90909090909,8,23,.348,3,7,.429,1,2,.500,1,0.0909090909091,3,0.272727272727,4,0.363636363636,5,0.454545454545,1,0.0909090909091,0,0.0,5,0.454545454545,7,20,1.81818181818,
Sasha Vujacic,NJN,2010-2011, 6-7,SG,26,56,1594,28.4642857143,231,572,.404,94,255,.369,80,94,.851,29,0.517857142857,153,2.73214285714,182,3.25,127,2.26785714286,53,0.946428571429,5,0.0892857142857,61,1.08928571429,129,636,11.3571428571,
