Player,Team,Season,Height,Position,Age,G,MIN,MINPG,FGM,FGA,FGP,TPM,TPA,TPP,FTM,FTA,FTP,ORB,ORBPG,DRB,DRBPG,TRB,TRBPG,AST,ASTPG,STL,STLPG,BLK,BLKPG,TO,TOPG,PF,PTS,PTSPG,
Scott Roth,UTA,1987-1988, 6-8,SF,24,26,201,7.73076923077,30,74,.405,2,11,.182,22,30,.733,7,0.269230769231,21,0.807692307692,28,1.07692307692,16,0.615384615385,12,0.461538461538,0,0.0,11,0.423076923077,37,84,3.23076923077,
Scott Roth,TOT,1988-1989, 6-8,SF,25,63,536,8.50793650794,59,167,.353,3,16,.188,60,87,.690,20,0.31746031746,44,0.698412698413,64,1.01587301587,55,0.873015873016,24,0.380952380952,5,0.0793650793651,40,0.634920634921,69,181,2.87301587302,
Scott Roth,UTA,1988-1989, 6-8,SF,25,16,72,4.5,7,24,.292,1,6,.167,8,11,.727,0,0.0,8,0.5,8,0.5,7,0.4375,5,0.3125,1,0.0625,7,0.4375,14,23,1.4375,
Scott Roth,SAS,1988-1989, 6-8,SF,25,47,464,9.87234042553,52,143,.364,2,10,.200,52,76,.684,20,0.425531914894,36,0.765957446809,56,1.1914893617,48,1.02127659574,19,0.404255319149,4,0.0851063829787,33,0.702127659574,55,158,3.36170212766,
Scott Roth,MIN,1989-1990, 6-8,SF,26,71,1061,14.9436619718,159,420,.379,18,52,.346,150,201,.746,34,0.478873239437,78,1.0985915493,112,1.57746478873,115,1.61971830986,51,0.718309859155,6,0.0845070422535,85,1.19718309859,144,486,6.84507042254,
