Player,Team,Season,Height,Position,Age,G,MIN,MINPG,FGM,FGA,FGP,TPM,TPA,TPP,FTM,FTA,FTP,ORB,ORBPG,DRB,DRBPG,TRB,TRBPG,AST,ASTPG,STL,STLPG,BLK,BLKPG,TO,TOPG,PF,PTS,PTSPG,
Scott Haffner,MIA,1989-1990, 6-3,PG,23,43,559,13.0,88,217,.406,3,21,.143,17,25,.680,7,0.162790697674,44,1.02325581395,51,1.18604651163,80,1.86046511628,13,0.302325581395,2,0.046511627907,33,0.767441860465,53,196,4.55813953488,
Scott Haffner,CHH,1990-1991, 6-3,PG,24,7,50,7.14285714286,8,21,.381,0,2,.000,1,2,.500,2,0.285714285714,2,0.285714285714,4,0.571428571429,9,1.28571428571,3,0.428571428571,1,0.142857142857,4,0.571428571429,4,17,2.42857142857,
