Player,Team,Season,Height,Position,Age,G,MIN,MINPG,FGM,FGA,FGP,TPM,TPA,TPP,FTM,FTA,FTP,ORB,ORBPG,DRB,DRBPG,TRB,TRBPG,AST,ASTPG,STL,STLPG,BLK,BLKPG,TO,TOPG,PF,PTS,PTSPG,
Scott Haskin,IND,1993-1994, 6-11,C,23,27,186,6.88888888889,21,45,.467,0,0,.000,13,19,.684,17,0.62962962963,38,1.40740740741,55,2.03703703704,6,0.222222222222,2,0.0740740740741,15,0.555555555556,13,0.481481481481,33,55,2.03703703704,
