Player,Team,Season,Height,Position,Age,G,MIN,MINPG,FGM,FGA,FGP,TPM,TPA,TPP,FTM,FTA,FTP,ORB,ORBPG,DRB,DRBPG,TRB,TRBPG,AST,ASTPG,STL,STLPG,BLK,BLKPG,TO,TOPG,PF,PTS,PTSPG,
Scott May,CHI,1976-1977, 6-7,SF,22,72,2369,32.9027777778,431,955,.451,.000,.000,.000,188,227,.828,141,1.95833333333,296,4.11111111111,437,6.06944444444,145,2.01388888889,78,1.08333333333,17,0.236111111111,.000,0.0,185,1050,14.5833333333,
Scott May,CHI,1977-1978, 6-7,SF,23,55,1802,32.7636363636,280,617,.454,.000,.000,.000,175,216,.810,118,2.14545454545,214,3.89090909091,332,6.03636363636,114,2.07272727273,50,0.909090909091,6,0.109090909091,125,2.27272727273,170,735,13.3636363636,
Scott May,CHI,1978-1979, 6-7,SF,24,37,403,10.8918918919,59,136,.434,.000,.000,.000,30,40,.750,14,0.378378378378,50,1.35135135135,64,1.72972972973,39,1.05405405405,22,0.594594594595,1,0.027027027027,51,1.37837837838,51,148,4.0,
Scott May,CHI,1979-1980, 6-7,SF,25,54,1298,24.037037037,264,587,.450,0,4,.000,144,172,.837,78,1.44444444444,140,2.59259259259,218,4.03703703704,104,1.92592592593,45,0.833333333333,5,0.0925925925926,77,1.42592592593,126,672,12.4444444444,
Scott May,CHI,1980-1981, 6-7,SF,26,63,815,12.9365079365,165,338,.488,0,0,.000,113,149,.758,62,0.984126984127,93,1.47619047619,155,2.46031746032,63,1.0,35,0.555555555556,7,0.111111111111,71,1.12698412698,83,443,7.03174603175,
Scott May,MIL,1981-1982, 6-7,SF,27,65,1187,18.2615384615,212,417,.508,0,4,.000,159,193,.824,85,1.30769230769,133,2.04615384615,218,3.35384615385,133,2.04615384615,50,0.769230769231,6,0.0923076923077,92,1.41538461538,151,583,8.96923076923,
Scott May,DET,1982-1983, 6-7,SF,28,9,155,17.2222222222,21,50,.420,0,0,.000,17,21,.810,10,1.11111111111,16,1.77777777778,26,2.88888888889,12,1.33333333333,5,0.555555555556,2,0.222222222222,13,1.44444444444,24,59,6.55555555556,
