Player,Team,Season,Height,Position,Age,G,MIN,MINPG,FGM,FGA,FGP,TPM,TPA,TPP,FTM,FTA,FTP,ORB,ORBPG,DRB,DRBPG,TRB,TRBPG,AST,ASTPG,STL,STLPG,BLK,BLKPG,TO,TOPG,PF,PTS,PTSPG,
Sean Williams,NJN,2007-2008, 6-10,C,21,73,1278,17.5068493151,164,305,.538,0,0,.000,81,133,.609,115,1.57534246575,207,2.83561643836,322,4.41095890411,28,0.383561643836,28,0.383561643836,106,1.45205479452,70,0.958904109589,193,409,5.60273972603,
Sean Williams,NJN,2008-2009, 6-10,PF,22,33,366,11.0909090909,30,72,.417,0,0,.000,20,32,.625,34,1.0303030303,45,1.36363636364,79,2.39393939394,13,0.393939393939,7,0.212121212121,29,0.878787878788,20,0.606060606061,72,80,2.42424242424,
Sean Williams,NJN,2009-2010, 6-10,PF,23,20,227,11.35,21,49,.429,0,1,.000,10,19,.526,21,1.05,25,1.25,46,2.3,1,0.05,8,0.4,19,0.95,20,1.0,41,52,2.6,
Sean Williams,TOT,2011-2012, 6-10,C,25,11,107,9.72727272727,14,22,.636,0,0,.000,12,13,.923,13,1.18181818182,12,1.09090909091,25,2.27272727273,5,0.454545454545,4,0.363636363636,8,0.727272727273,10,0.909090909091,18,40,3.63636363636,
Sean Williams,DAL,2011-2012, 6-10,C,25,8,65,8.125,12,16,.750,0,0,.000,5,6,.833,9,1.125,4,0.5,13,1.625,2,0.25,1,0.125,5,0.625,7,0.875,14,29,3.625,
Sean Williams,BOS,2011-2012, 6-10,C,25,3,42,14.0,2,6,.333,0,0,.000,7,7,1.000,4,1.33333333333,8,2.66666666667,12,4.0,3,1.0,3,1.0,3,1.0,3,1.0,4,11,3.66666666667,
