Player,Team,Season,Height,Position,Age,G,MIN,MINPG,FGM,FGA,FGP,TPM,TPA,TPP,FTM,FTA,FTP,ORB,ORBPG,DRB,DRBPG,TRB,TRBPG,AST,ASTPG,STL,STLPG,BLK,BLKPG,TO,TOPG,PF,PTS,PTSPG,
Sean May,CHA,2005-2006, 6-9,PF,21,23,398,17.3043478261,70,171,.409,0,5,.000,49,64,.766,42,1.82608695652,67,2.91304347826,109,4.73913043478,22,0.95652173913,17,0.739130434783,12,0.521739130435,33,1.4347826087,58,189,8.21739130435,
Sean May,CHA,2006-2007, 6-9,PF,22,35,838,23.9428571429,164,328,.500,2,3,.667,86,112,.768,73,2.08571428571,160,4.57142857143,233,6.65714285714,66,1.88571428571,19,0.542857142857,24,0.685714285714,56,1.6,100,416,11.8857142857,
Sean May,CHA,2008-2009, 6-9,PF,24,24,301,12.5416666667,39,98,.398,1,1,1.000,14,20,.700,20,0.833333333333,49,2.04166666667,69,2.875,10,0.416666666667,5,0.208333333333,4,0.166666666667,26,1.08333333333,32,93,3.875,
Sean May,SAC,2009-2010, 6-9,C,25,37,331,8.94594594595,51,111,.459,0,4,.000,21,32,.656,20,0.540540540541,50,1.35135135135,70,1.89189189189,17,0.459459459459,12,0.324324324324,7,0.189189189189,19,0.513513513514,46,123,3.32432432432,
