Player,Team,Season,Height,Position,Age,G,MIN,MINPG,FGM,FGA,FGP,TPM,TPA,TPP,FTM,FTA,FTP,ORB,ORBPG,DRB,DRBPG,TRB,TRBPG,AST,ASTPG,STL,STLPG,BLK,BLKPG,TO,TOPG,PF,PTS,PTSPG,
Sean Singletary,TOT,2008-2009, 6-0,PG,23,37,303,8.18918918919,31,85,.365,10,25,.400,18,21,.857,10,0.27027027027,25,0.675675675676,35,0.945945945946,29,0.783783783784,11,0.297297297297,0,0.0,23,0.621621621622,45,90,2.43243243243,
Sean Singletary,PHO,2008-2009, 6-0,PG,23,13,122,9.38461538462,12,37,.324,4,10,.400,6,6,1.000,5,0.384615384615,11,0.846153846154,16,1.23076923077,12,0.923076923077,6,0.461538461538,0,0.0,5,0.384615384615,14,34,2.61538461538,
Sean Singletary,CHA,2008-2009, 6-0,PG,23,24,181,7.54166666667,19,48,.396,6,15,.400,12,15,.800,5,0.208333333333,14,0.583333333333,19,0.791666666667,17,0.708333333333,5,0.208333333333,0,0.0,18,0.75,31,56,2.33333333333,
