Player,Team,Season,Height,Position,Age,G,MIN,MINPG,FGM,FGA,FGP,TPM,TPA,TPP,FTM,FTA,FTP,ORB,ORBPG,DRB,DRBPG,TRB,TRBPG,AST,ASTPG,STL,STLPG,BLK,BLKPG,TO,TOPG,PF,PTS,PTSPG,
Sean Higgins,SAS,1990-1991, 6-9,SF,22,50,464,9.28,97,212,.458,3,19,.158,28,33,.848,18,0.36,45,0.9,63,1.26,35,0.7,8,0.16,1,0.02,49,0.98,53,225,4.5,
Sean Higgins,TOT,1991-1992, 6-9,PF,23,38,616,16.2105263158,127,277,.458,6,25,.240,31,36,.861,29,0.763157894737,73,1.92105263158,102,2.68421052632,41,1.07894736842,16,0.421052631579,6,0.157894736842,41,1.07894736842,58,291,7.65789473684,
Sean Higgins,SAS,1991-1992, 6-9,SF,23,6,36,6.0,4,15,.267,0,1,.000,7,7,1.000,2,0.333333333333,6,1.0,8,1.33333333333,4,0.666666666667,2,0.333333333333,0,0.0,4,0.666666666667,6,15,2.5,
Sean Higgins,ORL,1991-1992, 6-9,PF,23,32,580,18.125,123,262,.469,6,24,.250,24,29,.828,27,0.84375,67,2.09375,94,2.9375,37,1.15625,14,0.4375,6,0.1875,37,1.15625,52,276,8.625,
Sean Higgins,GSW,1992-1993, 6-9,SF,24,29,591,20.3793103448,96,215,.447,13,37,.351,35,47,.745,23,0.793103448276,45,1.55172413793,68,2.34482758621,66,2.27586206897,13,0.448275862069,5,0.172413793103,64,2.20689655172,54,240,8.27586206897,
Sean Higgins,NJN,1994-1995, 6-9,SF,26,57,735,12.8947368421,105,273,.385,23,78,.295,35,40,.875,25,0.438596491228,52,0.912280701754,77,1.35087719298,29,0.508771929825,10,0.175438596491,9,0.157894736842,35,0.614035087719,93,268,4.70175438596,
Sean Higgins,PHI,1995-1996, 6-9,SF,27,44,916,20.8181818182,134,323,.415,48,129,.372,35,37,.946,20,0.454545454545,72,1.63636363636,92,2.09090909091,55,1.25,24,0.545454545455,11,0.25,49,1.11363636364,90,351,7.97727272727,
Sean Higgins,POR,1997-1998, 6-9,SF,29,2,12,6.0,0,5,.000,0,2,.000,0,0,.000,0,0.0,0,0.0,0,0.0,0,0.0,2,1.0,0,0.0,1,0.5,3,0,0.0,
