Player,Team,Season,Height,Position,Age,G,MIN,MINPG,FGM,FGA,FGP,TPM,TPA,TPP,FTM,FTA,FTP,ORB,ORBPG,DRB,DRBPG,TRB,TRBPG,AST,ASTPG,STL,STLPG,BLK,BLKPG,TO,TOPG,PF,PTS,PTSPG,
Sedric Toney,TOT,1985-1986, 6-2,PG,23,13,230,17.6923076923,28,66,.424,3,10,.300,21,31,.677,3,0.230769230769,22,1.69230769231,25,1.92307692308,26,2.0,6,0.461538461538,0,0.0,22,1.69230769231,24,80,6.15384615385,
Sedric Toney,ATL,1985-1986, 6-2,PG,23,3,24,8.0,2,7,.286,0,0,.000,1,1,1.000,0,0.0,2,0.666666666667,2,0.666666666667,0,0.0,1,0.333333333333,0,0.0,3,1.0,6,5,1.66666666667,
Sedric Toney,PHO,1985-1986, 6-2,PG,23,10,206,20.6,26,59,.441,3,10,.300,20,30,.667,3,0.3,20,2.0,23,2.3,26,2.6,5,0.5,0,0.0,19,1.9,18,75,7.5,
Sedric Toney,NYK,1987-1988, 6-2,PG,25,21,139,6.61904761905,21,48,.438,5,14,.357,10,11,.909,3,0.142857142857,5,0.238095238095,8,0.380952380952,24,1.14285714286,9,0.428571428571,1,0.047619047619,12,0.571428571429,20,57,2.71428571429,
Sedric Toney,IND,1988-1989, 6-2,PG,26,2,9,4.5,1,5,.200,0,3,.000,0,1,.000,1,0.5,1,0.5,2,1.0,0,0.0,0,0.0,0,0.0,2,1.0,1,2,1.0,
Sedric Toney,TOT,1989-1990, 6-2,PG,27,64,968,15.125,87,250,.348,23,63,.365,67,83,.807,14,0.21875,46,0.71875,60,0.9375,174,2.71875,33,0.515625,0,0.0,73,1.140625,106,264,4.125,
Sedric Toney,ATL,1989-1990, 6-2,PG,27,32,286,8.9375,30,72,.417,7,13,.538,21,25,.840,3,0.09375,11,0.34375,14,0.4375,52,1.625,10,0.3125,0,0.0,21,0.65625,35,88,2.75,
Sedric Toney,SAC,1989-1990, 6-2,PG,27,32,682,21.3125,57,178,.320,16,50,.320,46,58,.793,11,0.34375,35,1.09375,46,1.4375,122,3.8125,23,0.71875,0,0.0,52,1.625,71,176,5.5,
Sedric Toney,CLE,1993-1994, 6-2,PG,31,12,64,5.33333333333,2,12,.167,0,1,.000,2,2,1.000,1,0.0833333333333,2,0.166666666667,3,0.25,11,0.916666666667,0,0.0,0,0.0,5,0.416666666667,8,6,0.5,
