Player,Team,Season,Height,Position,Age,G,MIN,MINPG,FGM,FGA,FGP,TPM,TPA,TPP,FTM,FTA,FTP,ORB,ORBPG,DRB,DRBPG,TRB,TRBPG,AST,ASTPG,STL,STLPG,BLK,BLKPG,TO,TOPG,PF,PTS,PTSPG,
Serge Ibaka,OKC,2009-2010, 6-10,PF,20,73,1323,18.1232876712,201,370,.543,1,2,.500,58,92,.630,138,1.8904109589,259,3.54794520548,397,5.43835616438,10,0.13698630137,25,0.342465753425,97,1.32876712329,68,0.931506849315,194,461,6.31506849315,
Serge Ibaka,OKC,2010-2011, 6-10,PF,21,82,2216,27.0243902439,335,617,.543,0,1,.000,138,184,.750,214,2.60975609756,408,4.9756097561,622,7.58536585366,22,0.268292682927,31,0.378048780488,198,2.41463414634,71,0.865853658537,267,808,9.85365853659,
Serge Ibaka,OKC,2011-2012, 6-10,PF,22,66,1792,27.1515151515,262,490,.535,1,3,.333,78,118,.661,193,2.92424242424,305,4.62121212121,498,7.54545454545,28,0.424242424242,33,0.5,241,3.65151515152,79,1.19696969697,179,603,9.13636363636,
Serge Ibaka,OKC,2012-2013, 6-10,PF,23,63,1996,31.6825396825,354,623,.568,16,45,.356,118,151,.781,174,2.7619047619,318,5.04761904762,492,7.80952380952,37,0.587301587302,20,0.31746031746,183,2.90476190476,102,1.61904761905,181,842,13.3650793651,
