Player,Team,Season,Height,Position,Age,G,MIN,MINPG,FGM,FGA,FGP,TPM,TPA,TPP,FTM,FTA,FTP,ORB,ORBPG,DRB,DRBPG,TRB,TRBPG,AST,ASTPG,STL,STLPG,BLK,BLKPG,TO,TOPG,PF,PTS,PTSPG,
Sergio Rodriguez,POR,2006-2007, 6-3,PG,20,67,862,12.8656716418,101,239,.423,24,85,.282,21,26,.808,20,0.298507462687,71,1.05970149254,91,1.35820895522,218,3.25373134328,35,0.522388059701,2,0.0298507462687,77,1.14925373134,72,247,3.68656716418,
Sergio Rodriguez,POR,2007-2008, 6-3,PG,21,72,628,8.72222222222,69,196,.352,17,58,.293,25,38,.658,13,0.180555555556,45,0.625,58,0.805555555556,123,1.70833333333,24,0.333333333333,0,0.0,53,0.736111111111,57,180,2.5,
Sergio Rodriguez,POR,2008-2009, 6-3,PG,22,80,1225,15.3125,129,329,.392,37,114,.325,61,77,.792,43,0.5375,87,1.0875,130,1.625,286,3.575,54,0.675,2,0.025,119,1.4875,133,356,4.45,
Sergio Rodriguez,TOT,2009-2010, 6-3,PG,23,66,1048,15.8787878788,167,351,.476,32,91,.352,68,93,.731,24,0.363636363636,65,0.984848484848,89,1.34848484848,212,3.21212121212,50,0.757575757576,5,0.0757575757576,114,1.72727272727,84,434,6.57575757576,
Sergio Rodriguez,SAC,2009-2010, 6-3,PG,23,39,517,13.2564102564,88,190,.463,15,42,.357,43,62,.694,15,0.384615384615,35,0.897435897436,50,1.28205128205,121,3.10256410256,29,0.74358974359,3,0.0769230769231,59,1.51282051282,46,234,6.0,
Sergio Rodriguez,NYK,2009-2010, 6-3,PG,23,27,531,19.6666666667,79,161,.491,17,49,.347,25,31,.806,9,0.333333333333,30,1.11111111111,39,1.44444444444,91,3.37037037037,21,0.777777777778,2,0.0740740740741,55,2.03703703704,38,200,7.40740740741,
