Player,Team,Season,Height,Position,Age,G,MIN,MINPG,FGM,FGA,FGP,TPM,TPA,TPP,FTM,FTA,FTP,ORB,ORBPG,DRB,DRBPG,TRB,TRBPG,AST,ASTPG,STL,STLPG,BLK,BLKPG,TO,TOPG,PF,PTS,PTSPG,
Shane Heal,MIN,1996-1997, 6-0,PG,26,43,236,5.48837209302,26,97,.268,20,65,.308,3,5,.600,2,0.046511627907,16,0.372093023256,18,0.418604651163,33,0.767441860465,3,0.0697674418605,3,0.0697674418605,17,0.395348837209,20,75,1.74418604651,
Shane Heal,SAS,2003-2004, 6-0,PG,33,6,72,12.0,7,24,.292,4,18,.222,4,5,.800,1,0.166666666667,3,0.5,4,0.666666666667,5,0.833333333333,1,0.166666666667,0,0.0,5,0.833333333333,2,22,3.66666666667,
