Player,Team,Season,Height,Position,Age,G,MIN,MINPG,FGM,FGA,FGP,TPM,TPA,TPP,FTM,FTA,FTP,ORB,ORBPG,DRB,DRBPG,TRB,TRBPG,AST,ASTPG,STL,STLPG,BLK,BLKPG,TO,TOPG,PF,PTS,PTSPG,
Sharone Wright,PHI,1994-1995, 6-11,C,22,79,2044,25.8734177215,361,776,.465,0,8,.000,182,282,.645,191,2.41772151899,281,3.55696202532,472,5.9746835443,48,0.607594936709,37,0.46835443038,104,1.3164556962,151,1.91139240506,246,904,11.4430379747,
Sharone Wright,TOT,1995-1996, 6-11,C,23,57,1434,25.1578947368,248,512,.484,1,3,.333,167,259,.645,148,2.59649122807,208,3.64912280702,356,6.24561403509,38,0.666666666667,30,0.526315789474,49,0.859649122807,109,1.91228070175,163,664,11.649122807,
Sharone Wright,PHI,1995-1996, 6-11,C,23,46,1136,24.6956521739,183,384,.477,0,0,.000,117,186,.629,124,2.69565217391,175,3.80434782609,299,6.5,27,0.586956521739,24,0.521739130435,39,0.847826086957,81,1.76086956522,125,483,10.5,
Sharone Wright,TOR,1995-1996, 6-11,C,23,11,298,27.0909090909,65,128,.508,1,3,.333,50,73,.685,24,2.18181818182,33,3.0,57,5.18181818182,11,1.0,6,0.545454545455,10,0.909090909091,28,2.54545454545,38,181,16.4545454545,
Sharone Wright,TOR,1996-1997, 6-11,C,24,60,1009,16.8166666667,161,403,.400,0,1,.000,68,133,.511,79,1.31666666667,107,1.78333333333,186,3.1,28,0.466666666667,15,0.25,50,0.833333333333,93,1.55,146,390,6.5,
Sharone Wright,TOR,1997-1998, 6-11,C,25,7,44,6.28571428571,7,14,.500,0,0,.000,2,4,.500,1,0.142857142857,8,1.14285714286,9,1.28571428571,4,0.571428571429,0,0.0,0,0.0,2,0.285714285714,7,16,2.28571428571,
