Player,Team,Season,Height,Position,Age,G,MIN,MINPG,FGM,FGA,FGP,TPM,TPA,TPP,FTM,FTA,FTP,ORB,ORBPG,DRB,DRBPG,TRB,TRBPG,AST,ASTPG,STL,STLPG,BLK,BLKPG,TO,TOPG,PF,PTS,PTSPG,
Shawne Williams,IND,2006-2007, 6-9,SG,20,46,556,12.0869565217,75,160,.469,19,52,.365,11,20,.550,33,0.717391304348,50,1.08695652174,83,1.80434782609,22,0.478260869565,6,0.130434782609,8,0.173913043478,24,0.521739130435,69,180,3.91304347826,
Shawne Williams,IND,2007-2008, 6-9,SF,21,65,967,14.8769230769,159,372,.427,43,137,.314,76,106,.717,54,0.830769230769,122,1.87692307692,176,2.70769230769,59,0.907692307692,26,0.4,26,0.4,58,0.892307692308,132,437,6.72307692308,
Shawne Williams,DAL,2008-2009, 6-9,SF,22,15,170,11.3333333333,16,56,.286,1,17,.059,9,11,.818,19,1.26666666667,27,1.8,46,3.06666666667,2,0.133333333333,2,0.133333333333,9,0.6,5,0.333333333333,19,42,2.8,
Shawne Williams,NYK,2010-2011, 6-9,PF,24,64,1323,20.671875,164,385,.426,85,212,.401,41,49,.837,60,0.9375,179,2.796875,239,3.734375,47,0.734375,39,0.609375,51,0.796875,46,0.71875,164,454,7.09375,
Shawne Williams,NJN,2011-2012, 6-9,SF,25,25,514,20.56,42,147,.286,21,87,.241,8,11,.727,20,0.8,48,1.92,68,2.72,16,0.64,10,0.4,11,0.44,13,0.52,44,113,4.52,
