Player,Team,Season,Height,Position,Age,G,MIN,MINPG,FGM,FGA,FGP,TPM,TPA,TPP,FTM,FTA,FTP,ORB,ORBPG,DRB,DRBPG,TRB,TRBPG,AST,ASTPG,STL,STLPG,BLK,BLKPG,TO,TOPG,PF,PTS,PTSPG,
Shawn Respert,MIL,1995-1996, 6-1,SG,23,62,845,13.6290322581,113,292,.387,42,122,.344,35,42,.833,28,0.451612903226,46,0.741935483871,74,1.1935483871,68,1.09677419355,32,0.516129032258,4,0.0645161290323,42,0.677419354839,67,303,4.88709677419,
Shawn Respert,TOT,1996-1997, 6-1,SG,24,41,495,12.0731707317,59,139,.424,20,57,.351,34,39,.872,14,0.341463414634,25,0.609756097561,39,0.951219512195,40,0.975609756098,20,0.487804878049,2,0.0487804878049,30,0.731707317073,40,172,4.19512195122,
Shawn Respert,MIL,1996-1997, 6-1,SG,24,14,83,5.92857142857,6,19,.316,1,9,.111,7,7,1.000,3,0.214285714286,4,0.285714285714,7,0.5,8,0.571428571429,0,0.0,0,0.0,8,0.571428571429,5,20,1.42857142857,
Shawn Respert,TOR,1996-1997, 6-1,SG,24,27,412,15.2592592593,53,120,.442,19,48,.396,27,32,.844,11,0.407407407407,21,0.777777777778,32,1.18518518519,32,1.18518518519,20,0.740740740741,2,0.0740740740741,22,0.814814814815,35,152,5.62962962963,
Shawn Respert,TOT,1997-1998, 6-1,SG,25,57,911,15.9824561404,130,293,.444,31,93,.333,48,61,.787,37,0.649122807018,63,1.10526315789,100,1.75438596491,61,1.0701754386,34,0.59649122807,1,0.0175438596491,48,0.842105263158,75,339,5.94736842105,
Shawn Respert,TOR,1997-1998, 6-1,SG,25,47,696,14.8085106383,94,209,.450,25,67,.373,44,54,.815,30,0.63829787234,43,0.914893617021,73,1.55319148936,44,0.936170212766,29,0.617021276596,1,0.0212765957447,33,0.702127659574,58,257,5.46808510638,
Shawn Respert,DAL,1997-1998, 6-1,SG,25,10,215,21.5,36,84,.429,6,26,.231,4,7,.571,7,0.7,20,2.0,27,2.7,17,1.7,5,0.5,0,0.0,15,1.5,17,82,8.2,
Shawn Respert,PHO,1998-1999, 6-1,SG,26,12,99,8.25,13,36,.361,4,13,.308,7,10,.700,2,0.166666666667,11,0.916666666667,13,1.08333333333,8,0.666666666667,5,0.416666666667,0,0.0,5,0.416666666667,10,37,3.08333333333,
