Player,Team,Season,Height,Position,Age,G,MIN,MINPG,FGM,FGA,FGP,TPM,TPA,TPP,FTM,FTA,FTP,ORB,ORBPG,DRB,DRBPG,TRB,TRBPG,AST,ASTPG,STL,STLPG,BLK,BLKPG,TO,TOPG,PF,PTS,PTSPG,
Shellie McMillon,DET,1958-1959, 6-5,PF,22,48,700,14.5833333333,127,289,.439,.000,.000,.000,55,104,.529,.000,0.0,.000,0.0,285,5.9375,26,0.541666666667,.000,0.0,.000,0.0,.000,0.0,110,309,6.4375,
Shellie McMillon,DET,1959-1960, 6-5,SF,23,75,1416,18.88,267,627,.426,.000,.000,.000,132,199,.663,.000,0.0,.000,0.0,431,5.74666666667,49,0.653333333333,.000,0.0,.000,0.0,.000,0.0,198,666,8.88,
Shellie McMillon,DET,1960-1961, 6-5,SF,24,78,1636,20.9743589744,322,752,.428,.000,.000,.000,140,201,.697,.000,0.0,.000,0.0,487,6.24358974359,98,1.25641025641,.000,0.0,.000,0.0,.000,0.0,238,784,10.0512820513,
Shellie McMillon,TOT,1961-1962, 6-5,SF,25,62,1225,19.7580645161,265,591,.448,.000,.000,.000,108,182,.593,.000,0.0,.000,0.0,368,5.93548387097,59,0.951612903226,.000,0.0,.000,0.0,.000,0.0,202,638,10.2903225806,
Shellie McMillon,DET,1961-1962, 6-5,SF,25,14,190,13.5714285714,26,83,.313,.000,.000,.000,20,36,.556,.000,0.0,.000,0.0,64,4.57142857143,6,0.428571428571,.000,0.0,.000,0.0,.000,0.0,37,72,5.14285714286,
Shellie McMillon,STL,1961-1962, 6-5,SF,25,48,1035,21.5625,239,508,.470,.000,.000,.000,88,146,.603,.000,0.0,.000,0.0,304,6.33333333333,53,1.10416666667,.000,0.0,.000,0.0,.000,0.0,165,566,11.7916666667,
