Player,Team,Season,Height,Position,Age,G,MIN,MINPG,FGM,FGA,FGP,TPM,TPA,TPP,FTM,FTA,FTP,ORB,ORBPG,DRB,DRBPG,TRB,TRBPG,AST,ASTPG,STL,STLPG,BLK,BLKPG,TO,TOPG,PF,PTS,PTSPG,
Shelton Jones,TOT,1988-1989, 6-9,SF,22,51,682,13.3725490196,93,209,.445,0,1,.000,58,80,.725,32,0.627450980392,81,1.58823529412,113,2.21568627451,42,0.823529411765,21,0.411764705882,15,0.294117647059,47,0.921568627451,58,244,4.78431372549,
Shelton Jones,SAS,1988-1989, 6-9,SF,22,7,92,13.1428571429,9,25,.360,0,0,.000,8,13,.615,6,0.857142857143,10,1.42857142857,16,2.28571428571,7,1.0,2,0.285714285714,2,0.285714285714,7,1.0,8,26,3.71428571429,
Shelton Jones,GSW,1988-1989, 6-9,SF,22,2,13,6.5,3,5,.600,0,0,.000,0,0,.000,2,1.0,0,0.0,2,1.0,2,1.0,3,1.5,0,0.0,1,0.5,0,6,3.0,
Shelton Jones,PHI,1988-1989, 6-9,SF,22,42,577,13.7380952381,81,179,.453,0,1,.000,50,67,.746,24,0.571428571429,71,1.69047619048,95,2.2619047619,33,0.785714285714,16,0.380952380952,13,0.309523809524,39,0.928571428571,50,212,5.04761904762,
