Player,Team,Season,Height,Position,Age,G,MIN,MINPG,FGM,FGA,FGP,TPM,TPA,TPP,FTM,FTA,FTP,ORB,ORBPG,DRB,DRBPG,TRB,TRBPG,AST,ASTPG,STL,STLPG,BLK,BLKPG,TO,TOPG,PF,PTS,PTSPG,
Sherell Ford,SEA,1995-1996, 6-7,SF,23,28,139,4.96428571429,30,80,.375,4,25,.160,26,34,.765,12,0.428571428571,12,0.428571428571,24,0.857142857143,5,0.178571428571,8,0.285714285714,1,0.0357142857143,6,0.214285714286,27,90,3.21428571429,
