Player,Team,Season,Height,Position,Age,G,MIN,MINPG,FGM,FGA,FGP,TPM,TPA,TPP,FTM,FTA,FTP,ORB,ORBPG,DRB,DRBPG,TRB,TRBPG,AST,ASTPG,STL,STLPG,BLK,BLKPG,TO,TOPG,PF,PTS,PTSPG,
Sidney Lowe,IND,1983-1984, 6-0,PG,24,78,1238,15.8717948718,107,259,.413,2,18,.111,108,139,.777,30,0.384615384615,92,1.17948717949,122,1.5641025641,269,3.44871794872,93,1.19230769231,5,0.0641025641026,106,1.35897435897,112,324,4.15384615385,
Sidney Lowe,TOT,1984-1985, 6-0,PG,25,21,190,9.04761904762,10,27,.370,0,1,.000,8,8,1.000,4,0.190476190476,12,0.571428571429,16,0.761904761905,50,2.38095238095,11,0.52380952381,0,0.0,13,0.619047619048,28,28,1.33333333333,
Sidney Lowe,DET,1984-1985, 6-0,PG,25,6,31,5.16666666667,2,7,.286,0,0,.000,0,0,.000,0,0.0,1,0.166666666667,1,0.166666666667,8,1.33333333333,0,0.0,0,0.0,2,0.333333333333,5,4,0.666666666667,
Sidney Lowe,ATL,1984-1985, 6-0,PG,25,15,159,10.6,8,20,.400,0,1,.000,8,8,1.000,4,0.266666666667,11,0.733333333333,15,1.0,42,2.8,11,0.733333333333,0,0.0,11,0.733333333333,23,24,1.6,
Sidney Lowe,CHH,1988-1989, 6-0,SG,29,14,250,17.8571428571,8,25,.320,0,2,.000,7,11,.636,6,0.428571428571,28,2.0,34,2.42857142857,93,6.64285714286,14,1.0,0,0.0,9,0.642857142857,28,23,1.64285714286,
Sidney Lowe,MIN,1989-1990, 6-0,PG,30,80,1744,21.8,73,229,.319,2,9,.222,39,54,.722,41,0.5125,122,1.525,163,2.0375,337,4.2125,73,0.9125,4,0.05,63,0.7875,114,187,2.3375,
