Player,Team,Season,Height,Position,Age,G,MIN,MINPG,FGM,FGA,FGP,TPM,TPA,TPP,FTM,FTA,FTP,ORB,ORBPG,DRB,DRBPG,TRB,TRBPG,AST,ASTPG,STL,STLPG,BLK,BLKPG,TO,TOPG,PF,PTS,PTSPG,
Simmie Hill,TOT,1969-1970, 6-7,SF,23,53,1499,28.2830188679,297,709,.419,5,30,.167,126,167,.754,170,3.20754716981,231,4.35849056604,401,7.56603773585,47,0.88679245283,.000,0.0,.000,0.0,147,2.77358490566,201,725,13.679245283,
Simmie Hill,LAS,1969-1970, 6-7,SF,23,6,41,6.83333333333,8,25,.320,0,1,.000,3,3,1.000,4,0.666666666667,8,1.33333333333,12,2.0,1,0.166666666667,.000,0.0,.000,0.0,7,1.16666666667,7,19,3.16666666667,
Simmie Hill,MMF,1969-1970, 6-7,SF,23,47,1458,31.0212765957,289,684,.423,5,29,.172,123,164,.750,166,3.53191489362,223,4.74468085106,389,8.27659574468,46,0.978723404255,.000,0.0,.000,0.0,140,2.97872340426,194,706,15.0212765957,
Simmie Hill,DLC,1971-1972, 6-7,SF,25,70,1845,26.3571428571,281,629,.447,4,13,.308,129,164,.787,127,1.81428571429,279,3.98571428571,406,5.8,94,1.34285714286,.000,0.0,.000,0.0,125,1.78571428571,234,695,9.92857142857,
Simmie Hill,SDA,1972-1973, 6-7,SF,26,69,1658,24.0289855072,315,743,.424,27,69,.391,103,135,.763,126,1.82608695652,225,3.26086956522,351,5.08695652174,131,1.89855072464,.000,0.0,.000,0.0,150,2.17391304348,221,760,11.0144927536,
Simmie Hill,SAA,1973-1974, 6-7,SF,27,60,837,13.95,112,244,.459,0,11,.000,45,62,.726,59,0.983333333333,113,1.88333333333,172,2.86666666667,62,1.03333333333,13,0.216666666667,16,0.266666666667,63,1.05,145,269,4.48333333333,
