Player,Team,Season,Height,Position,Age,G,MIN,MINPG,FGM,FGA,FGP,TPM,TPA,TPP,FTM,FTA,FTP,ORB,ORBPG,DRB,DRBPG,TRB,TRBPG,AST,ASTPG,STL,STLPG,BLK,BLKPG,TO,TOPG,PF,PTS,PTSPG,
Skeeter Swift,NOB,1969-1970, 6-3,SG,23,66,1089,16.5,215,546,.394,38,125,.304,139,168,.827,21,0.318181818182,79,1.19696969697,100,1.51515151515,77,1.16666666667,.000,0.0,.000,0.0,101,1.5303030303,208,607,9.19696969697,
Skeeter Swift,TOT,1970-1971, 6-3,SG,24,80,2134,26.675,402,895,.449,39,150,.260,206,246,.837,60,0.75,173,2.1625,233,2.9125,269,3.3625,.000,0.0,.000,0.0,198,2.475,264,1049,13.1125,
Skeeter Swift,MMP,1970-1971, 6-3,SG,24,28,507,18.1071428571,128,313,.409,13,65,.200,70,88,.795,18,0.642857142857,38,1.35714285714,56,2.0,44,1.57142857143,.000,0.0,.000,0.0,60,2.14285714286,79,339,12.1071428571,
Skeeter Swift,PTC,1970-1971, 6-3,SG,24,52,1627,31.2884615385,274,582,.471,26,85,.306,136,158,.861,42,0.807692307692,135,2.59615384615,177,3.40384615385,225,4.32692307692,.000,0.0,.000,0.0,138,2.65384615385,185,710,13.6538461538,
Skeeter Swift,PTC,1971-1972, 6-3,SG,25,79,2340,29.6202531646,401,856,.468,33,100,.330,224,265,.845,48,0.607594936709,152,1.92405063291,200,2.53164556962,309,3.91139240506,.000,0.0,.000,0.0,252,3.18987341772,277,1059,13.4050632911,
Skeeter Swift,DLC,1972-1973, 6-3,SG,26,42,1123,26.7380952381,177,374,.473,19,49,.388,128,149,.859,20,0.47619047619,62,1.47619047619,82,1.95238095238,150,3.57142857143,.000,0.0,.000,0.0,136,3.2380952381,140,501,11.9285714286,
Skeeter Swift,SAA,1973-1974, 6-3,SG,27,16,153,9.5625,23,67,.343,1,12,.083,16,20,.800,5,0.3125,11,0.6875,16,1.0,15,0.9375,3,0.1875,0,0.0,13,0.8125,26,63,3.9375,
