Player,Team,Season,Height,Position,Age,G,MIN,MINPG,FGM,FGA,FGP,TPM,TPA,TPP,FTM,FTA,FTP,ORB,ORBPG,DRB,DRBPG,TRB,TRBPG,AST,ASTPG,STL,STLPG,BLK,BLKPG,TO,TOPG,PF,PTS,PTSPG,
Slick Leonard,MNL,1956-1957, 6-3,PG,24,72,1943,26.9861111111,303,867,.349,.000,.000,.000,186,241,.772,.000,0.0,.000,0.0,220,3.05555555556,169,2.34722222222,.000,0.0,.000,0.0,.000,0.0,140,792,11.0,
Slick Leonard,MNL,1957-1958, 6-3,PG,25,66,2074,31.4242424242,266,794,.335,.000,.000,.000,205,268,.765,.000,0.0,.000,0.0,237,3.59090909091,218,3.30303030303,.000,0.0,.000,0.0,.000,0.0,145,737,11.1666666667,
Slick Leonard,MNL,1958-1959, 6-3,PG,26,58,1598,27.5517241379,206,552,.373,.000,.000,.000,120,160,.750,.000,0.0,.000,0.0,178,3.06896551724,186,3.20689655172,.000,0.0,.000,0.0,.000,0.0,119,532,9.1724137931,
Slick Leonard,MNL,1959-1960, 6-3,PG,27,73,2074,28.4109589041,231,717,.322,.000,.000,.000,136,193,.705,.000,0.0,.000,0.0,245,3.35616438356,252,3.45205479452,.000,0.0,.000,0.0,.000,0.0,171,598,8.19178082192,
Slick Leonard,LAL,1960-1961, 6-3,PG,28,55,600,10.9090909091,61,207,.295,.000,.000,.000,71,100,.710,.000,0.0,.000,0.0,70,1.27272727273,81,1.47272727273,.000,0.0,.000,0.0,.000,0.0,70,193,3.50909090909,
Slick Leonard,CHP,1961-1962, 6-3,PG,29,70,2464,35.2,423,1128,.375,.000,.000,.000,279,371,.752,.000,0.0,.000,0.0,199,2.84285714286,378,5.4,.000,0.0,.000,0.0,.000,0.0,186,1125,16.0714285714,
Slick Leonard,CHZ,1962-1963, 6-3,PG,30,32,879,27.46875,84,245,.343,.000,.000,.000,59,85,.694,.000,0.0,.000,0.0,68,2.125,143,4.46875,.000,0.0,.000,0.0,.000,0.0,84,227,7.09375,
