Player,Team,Season,Height,Position,Age,G,MIN,MINPG,FGM,FGA,FGP,TPM,TPA,TPP,FTM,FTA,FTP,ORB,ORBPG,DRB,DRBPG,TRB,TRBPG,AST,ASTPG,STL,STLPG,BLK,BLKPG,TO,TOPG,PF,PTS,PTSPG,
Sly Williams,NYK,1979-1980, 6-7,SF,22,57,556,9.75438596491,104,267,.390,0,4,.000,58,90,.644,65,1.14035087719,56,0.982456140351,121,2.12280701754,36,0.631578947368,19,0.333333333333,8,0.140350877193,49,0.859649122807,73,266,4.66666666667,
Sly Williams,NYK,1980-1981, 6-7,PF,23,67,1976,29.4925373134,349,708,.493,2,8,.250,185,268,.690,159,2.37313432836,257,3.83582089552,416,6.20895522388,180,2.68656716418,116,1.73134328358,18,0.268656716418,141,2.10447761194,199,885,13.2089552239,
Sly Williams,NYK,1981-1982, 6-7,SF,24,60,1521,25.35,349,628,.556,2,9,.222,131,173,.757,100,1.66666666667,127,2.11666666667,227,3.78333333333,142,2.36666666667,77,1.28333333333,16,0.266666666667,114,1.9,153,831,13.85,
Sly Williams,NYK,1982-1983, 6-7,PF,25,68,1385,20.3676470588,314,647,.485,2,19,.105,176,259,.680,94,1.38235294118,196,2.88235294118,290,4.26470588235,133,1.95588235294,73,1.07352941176,3,0.0441176470588,133,1.95588235294,166,806,11.8529411765,
Sly Williams,ATL,1983-1984, 6-7,SF,26,13,258,19.8461538462,34,114,.298,1,9,.111,36,46,.783,19,1.46153846154,31,2.38461538462,50,3.84615384615,16,1.23076923077,14,1.07692307692,1,0.0769230769231,18,1.38461538462,33,105,8.07692307692,
Sly Williams,ATL,1984-1985, 6-7,SF,27,34,867,25.5,167,380,.439,4,15,.267,79,123,.642,45,1.32352941176,123,3.61764705882,168,4.94117647059,94,2.76470588235,28,0.823529411765,8,0.235294117647,78,2.29411764706,83,417,12.2647058824,
Sly Williams,BOS,1985-1986, 6-7,SF,28,6,54,9.0,5,21,.238,0,4,.000,7,12,.583,7,1.16666666667,8,1.33333333333,15,2.5,2,0.333333333333,1,0.166666666667,1,0.166666666667,7,1.16666666667,15,17,2.83333333333,
