Player,Team,Season,Height,Position,Age,G,MIN,MINPG,FGM,FGA,FGP,TPM,TPA,TPP,FTM,FTA,FTP,ORB,ORBPG,DRB,DRBPG,TRB,TRBPG,AST,ASTPG,STL,STLPG,BLK,BLKPG,TO,TOPG,PF,PTS,PTSPG,
Smush Parker,CLE,2002-2003, 6-4,PG,21,66,1103,16.7121212121,136,338,.402,38,118,.322,98,118,.831,29,0.439393939394,90,1.36363636364,119,1.80303030303,162,2.45454545455,48,0.727272727273,12,0.181818181818,133,2.01515151515,106,408,6.18181818182,
Smush Parker,TOT,2004-2005, 6-4,PG,23,16,144,9.0,18,43,.419,3,13,.231,9,13,.692,4,0.25,8,0.5,12,0.75,15,0.9375,5,0.3125,0,0.0,19,1.1875,16,48,3.0,
Smush Parker,DET,2004-2005, 6-4,PG,23,11,110,10.0,11,28,.393,2,9,.222,9,13,.692,2,0.181818181818,7,0.636363636364,9,0.818181818182,11,1.0,3,0.272727272727,0,0.0,10,0.909090909091,13,33,3.0,
Smush Parker,PHO,2004-2005, 6-4,PG,23,5,34,6.8,7,15,.467,1,4,.250,0,0,.000,2,0.4,1,0.2,3,0.6,4,0.8,2,0.4,0,0.0,9,1.8,3,15,3.0,
Smush Parker,LAL,2005-2006, 6-4,PG,24,82,2773,33.8170731707,348,779,.447,120,328,.366,125,180,.694,37,0.451219512195,234,2.85365853659,271,3.30487804878,302,3.68292682927,140,1.70731707317,16,0.19512195122,147,1.79268292683,213,941,11.4756097561,
Smush Parker,LAL,2006-2007, 6-4,PG,25,82,2457,29.9634146341,342,785,.436,110,301,.365,113,175,.646,45,0.548780487805,161,1.96341463415,206,2.51219512195,228,2.78048780488,119,1.4512195122,10,0.121951219512,153,1.86585365854,211,907,11.0609756098,
Smush Parker,TOT,2007-2008, 6-4,PG,26,28,592,21.1428571429,64,184,.348,18,78,.231,19,28,.679,4,0.142857142857,47,1.67857142857,51,1.82142857143,84,3.0,24,0.857142857143,6,0.214285714286,44,1.57142857143,60,165,5.89285714286,
Smush Parker,MIA,2007-2008, 6-4,PG,26,9,183,20.3333333333,17,54,.315,6,24,.250,3,4,.750,2,0.222222222222,17,1.88888888889,19,2.11111111111,15,1.66666666667,5,0.555555555556,3,0.333333333333,8,0.888888888889,13,43,4.77777777778,
Smush Parker,LAC,2007-2008, 6-4,PG,26,19,409,21.5263157895,47,130,.362,12,54,.222,16,24,.667,2,0.105263157895,30,1.57894736842,32,1.68421052632,69,3.63157894737,19,1.0,3,0.157894736842,36,1.89473684211,47,122,6.42105263158,
