Player,Team,Season,Height,Position,Age,G,MIN,MINPG,FGM,FGA,FGP,TPM,TPA,TPP,FTM,FTA,FTP,ORB,ORBPG,DRB,DRBPG,TRB,TRBPG,AST,ASTPG,STL,STLPG,BLK,BLKPG,TO,TOPG,PF,PTS,PTSPG,
Solomon Alabi,TOR,2010-2011, 7-1,C,22,12,59,4.91666666667,3,15,.200,0,0,.000,0,2,.000,7,0.583333333333,7,0.583333333333,14,1.16666666667,2,0.166666666667,2,0.166666666667,2,0.166666666667,3,0.25,5,6,0.5,
Solomon Alabi,TOR,2011-2012, 7-1,C,23,14,122,8.71428571429,13,36,.361,0,0,.000,7,8,.875,15,1.07142857143,32,2.28571428571,47,3.35714285714,3,0.214285714286,2,0.142857142857,9,0.642857142857,5,0.357142857143,11,33,2.35714285714,
