Player,Team,Season,Height,Position,Age,G,MIN,MINPG,FGM,FGA,FGP,TPM,TPA,TPP,FTM,FTA,FTP,ORB,ORBPG,DRB,DRBPG,TRB,TRBPG,AST,ASTPG,STL,STLPG,BLK,BLKPG,TO,TOPG,PF,PTS,PTSPG,
Sonny Parker,GSW,1976-1977, 6-6,SF,21,65,889,13.6769230769,154,292,.527,.000,.000,.000,71,92,.772,85,1.30769230769,88,1.35384615385,173,2.66153846154,59,0.907692307692,53,0.815384615385,26,0.4,.000,0.0,77,379,5.83076923077,
Sonny Parker,GSW,1977-1978, 6-6,SF,22,82,2069,25.2317073171,406,783,.519,.000,.000,.000,122,173,.705,167,2.03658536585,222,2.70731707317,389,4.74390243902,155,1.89024390244,135,1.64634146341,36,0.439024390244,128,1.56097560976,186,934,11.3902439024,
Sonny Parker,GSW,1978-1979, 6-6,SF,23,79,2893,36.6202531646,512,1019,.502,.000,.000,.000,175,222,.788,164,2.07594936709,280,3.54430379747,444,5.62025316456,291,3.6835443038,144,1.82278481013,33,0.417721518987,193,2.44303797468,187,1199,15.1772151899,
Sonny Parker,GSW,1979-1980, 6-6,SF,24,82,2849,34.743902439,483,988,.489,0,2,.000,237,302,.785,166,2.0243902439,298,3.63414634146,464,5.65853658537,254,3.09756097561,173,2.10975609756,32,0.390243902439,163,1.98780487805,195,1203,14.6707317073,
Sonny Parker,GSW,1980-1981, 6-6,SG,25,73,1317,18.0410958904,191,388,.492,0,0,.000,94,128,.734,101,1.38356164384,93,1.27397260274,194,2.65753424658,106,1.45205479452,67,0.917808219178,13,0.178082191781,84,1.15068493151,112,476,6.52054794521,
Sonny Parker,GSW,1981-1982, 6-6,SF,26,71,899,12.661971831,116,245,.473,0,0,.000,48,72,.667,73,1.02816901408,104,1.46478873239,177,2.49295774648,89,1.25352112676,39,0.549295774648,11,0.154929577465,51,0.718309859155,101,280,3.94366197183,
