Player,Team,Season,Height,Position,Age,G,MIN,MINPG,FGM,FGA,FGP,TPM,TPA,TPP,FTM,FTA,FTP,ORB,ORBPG,DRB,DRBPG,TRB,TRBPG,AST,ASTPG,STL,STLPG,BLK,BLKPG,TO,TOPG,PF,PTS,PTSPG,
Sonny Hertzberg,NYK,1946-1947, 5-10,,24,59,.000,0.0,201,695,.289,.000,.000,.000,113,149,.758,.000,0.0,.000,0.0,.000,0.0,37,0.627118644068,.000,0.0,.000,0.0,.000,0.0,109,515,8.72881355932,
Sonny Hertzberg,TOT,1947-1948, 5-10,,25,41,.000,0.0,110,414,.266,.000,.000,.000,58,73,.795,.000,0.0,.000,0.0,.000,0.0,23,0.560975609756,.000,0.0,.000,0.0,.000,0.0,61,278,6.78048780488,
Sonny Hertzberg,NYK,1947-1948, 5-10,,25,4,.000,0.0,1,14,.071,.000,.000,.000,3,4,.750,.000,0.0,.000,0.0,.000,0.0,1,0.25,.000,0.0,.000,0.0,.000,0.0,3,5,1.25,
Sonny Hertzberg,WSC,1947-1948, 5-10,,25,37,.000,0.0,109,400,.273,.000,.000,.000,55,69,.797,.000,0.0,.000,0.0,.000,0.0,22,0.594594594595,.000,0.0,.000,0.0,.000,0.0,58,273,7.37837837838,
Sonny Hertzberg,WSC,1948-1949, 5-10,,26,60,.000,0.0,154,541,.285,.000,.000,.000,134,164,.817,.000,0.0,.000,0.0,.000,0.0,114,1.9,.000,0.0,.000,0.0,.000,0.0,140,442,7.36666666667,
Sonny Hertzberg,BOS,1949-1950, 5-10,,27,68,.000,0.0,275,865,.318,.000,.000,.000,143,191,.749,.000,0.0,.000,0.0,.000,0.0,200,2.94117647059,.000,0.0,.000,0.0,.000,0.0,153,693,10.1911764706,
Sonny Hertzberg,BOS,1950-1951, 5-10,,28,65,.000,0.0,206,651,.316,.000,.000,.000,223,270,.826,.000,0.0,.000,0.0,260,4.0,244,3.75384615385,.000,0.0,.000,0.0,.000,0.0,156,635,9.76923076923,
