Player,Team,Season,Height,Position,Age,G,MIN,MINPG,FGM,FGA,FGP,TPM,TPA,TPP,FTM,FTA,FTP,ORB,ORBPG,DRB,DRBPG,TRB,TRBPG,AST,ASTPG,STL,STLPG,BLK,BLKPG,TO,TOPG,PF,PTS,PTSPG,
Sonny Dove,DET,1967-1968, 6-7,PF,22,28,162,5.78571428571,22,75,.293,.000,.000,.000,12,26,.462,.000,0.0,.000,0.0,52,1.85714285714,11,0.392857142857,.000,0.0,.000,0.0,.000,0.0,27,56,2.0,
Sonny Dove,DET,1968-1969, 6-7,PF,23,29,236,8.13793103448,47,100,.470,.000,.000,.000,24,36,.667,.000,0.0,.000,0.0,62,2.13793103448,12,0.413793103448,.000,0.0,.000,0.0,.000,0.0,49,118,4.06896551724,
Sonny Dove,NYA,1969-1970, 6-7,PF,24,80,2284,28.55,456,987,.462,2,13,.154,240,379,.633,236,2.95,307,3.8375,543,6.7875,107,1.3375,.000,0.0,.000,0.0,201,2.5125,295,1154,14.425,
Sonny Dove,NYA,1970-1971, 6-7,PF,25,83,2280,27.4698795181,467,1006,.464,4,14,.286,186,273,.681,264,3.18072289157,412,4.96385542169,676,8.14457831325,88,1.06024096386,.000,0.0,.000,0.0,224,2.69879518072,304,1124,13.5421686747,
Sonny Dove,NYA,1971-1972, 6-7,PF,26,2,9,4.5,2,5,.400,0,0,.000,2,3,.667,1,0.5,0,0.0,1,0.5,1,0.5,.000,0.0,.000,0.0,2,1.0,4,6,3.0,
