Player,Team,Season,Height,Position,Age,G,MIN,MINPG,FGM,FGA,FGP,TPM,TPA,TPP,FTM,FTA,FTP,ORB,ORBPG,DRB,DRBPG,TRB,TRBPG,AST,ASTPG,STL,STLPG,BLK,BLKPG,TO,TOPG,PF,PTS,PTSPG,
Soumaila Samake,NJN,2000-2001, 7-0,C,22,34,226,6.64705882353,18,48,.375,0,0,.000,10,24,.417,22,0.647058823529,31,0.911764705882,53,1.55882352941,1,0.0294117647059,2,0.0588235294118,14,0.411764705882,4,0.117647058824,23,46,1.35294117647,
Soumaila Samake,LAL,2002-2003, 7-0,C,24,13,77,5.92307692308,10,24,.417,0,0,.000,2,2,1.000,10,0.769230769231,13,1.0,23,1.76923076923,4,0.307692307692,0,0.0,5,0.384615384615,2,0.153846153846,13,22,1.69230769231,
