Player,Team,Season,Height,Position,Age,G,MIN,MINPG,FGM,FGA,FGP,TPM,TPA,TPP,FTM,FTA,FTP,ORB,ORBPG,DRB,DRBPG,TRB,TRBPG,AST,ASTPG,STL,STLPG,BLK,BLKPG,TO,TOPG,PF,PTS,PTSPG,
Spencer Hawes,SAC,2007-2008, 7-0,C,19,71,931,13.1126760563,146,318,.459,4,21,.190,38,58,.655,68,0.957746478873,162,2.28169014085,230,3.23943661972,44,0.619718309859,14,0.197183098592,40,0.56338028169,56,0.788732394366,128,334,4.70422535211,
Spencer Hawes,SAC,2008-2009, 7-0,C,20,77,2259,29.3376623377,373,800,.466,40,115,.348,90,136,.662,148,1.92207792208,401,5.20779220779,549,7.12987012987,149,1.93506493506,44,0.571428571429,93,1.20779220779,160,2.07792207792,249,876,11.3766233766,
Spencer Hawes,SAC,2009-2010, 7-0,C,21,72,1904,26.4444444444,312,666,.468,26,87,.299,73,106,.689,145,2.01388888889,291,4.04166666667,436,6.05555555556,158,2.19444444444,32,0.444444444444,83,1.15277777778,131,1.81944444444,200,723,10.0416666667,
Spencer Hawes,PHI,2010-2011, 7-0,C,22,81,1718,21.2098765432,264,568,.465,9,37,.243,47,88,.534,129,1.59259259259,336,4.14814814815,465,5.74074074074,121,1.49382716049,29,0.358024691358,71,0.876543209877,97,1.1975308642,201,584,7.20987654321,
Spencer Hawes,PHI,2011-2012, 7-0,C,23,37,920,24.8648648649,156,319,.489,3,12,.250,40,55,.727,78,2.10810810811,192,5.18918918919,270,7.2972972973,98,2.64864864865,16,0.432432432432,48,1.2972972973,55,1.48648648649,100,355,9.59459459459,
Spencer Hawes,PHI,2012-2013, 7-0,C,24,64,1670,26.09375,272,604,.450,17,56,.304,98,127,.772,131,2.046875,295,4.609375,426,6.65625,122,1.90625,13,0.203125,81,1.265625,99,1.546875,183,659,10.296875,
