Player,Team,Season,Height,Position,Age,G,MIN,MINPG,FGM,FGA,FGP,TPM,TPA,TPP,FTM,FTA,FTP,ORB,ORBPG,DRB,DRBPG,TRB,TRBPG,AST,ASTPG,STL,STLPG,BLK,BLKPG,TO,TOPG,PF,PTS,PTSPG,
Spider Bennett,TOT,1968-1969, 6-3,PG,25,59,993,16.8305084746,147,385,.382,6,25,.240,140,216,.648,62,1.05084745763,85,1.4406779661,147,2.49152542373,84,1.42372881356,.000,0.0,.000,0.0,145,2.45762711864,165,440,7.45762711864,
Spider Bennett,DLC,1968-1969, 6-3,PG,25,46,823,17.8913043478,116,311,.373,2,11,.182,118,179,.659,44,0.95652173913,70,1.52173913043,114,2.47826086957,69,1.5,.000,0.0,.000,0.0,114,2.47826086957,125,352,7.65217391304,
Spider Bennett,HSM,1968-1969, 6-3,PG,25,13,170,13.0769230769,31,74,.419,4,14,.286,22,37,.595,18,1.38461538462,15,1.15384615385,33,2.53846153846,15,1.15384615385,.000,0.0,.000,0.0,31,2.38461538462,40,88,6.76923076923,
