Player,Team,Season,Height,Position,Age,G,MIN,MINPG,FGM,FGA,FGP,TPM,TPA,TPP,FTM,FTA,FTP,ORB,ORBPG,DRB,DRBPG,TRB,TRBPG,AST,ASTPG,STL,STLPG,BLK,BLKPG,TO,TOPG,PF,PTS,PTSPG,
Stanislav Medvedenko,LAL,2000-2001, 6-10,PF,21,7,39,5.57142857143,12,25,.480,1,1,1.000,7,12,.583,1,0.142857142857,8,1.14285714286,9,1.28571428571,2,0.285714285714,1,0.142857142857,1,0.142857142857,3,0.428571428571,9,32,4.57142857143,
Stanislav Medvedenko,LAL,2001-2002, 6-10,C,22,71,729,10.2676056338,145,304,.477,0,4,.000,41,62,.661,85,1.19718309859,73,1.02816901408,158,2.22535211268,43,0.605633802817,29,0.408450704225,11,0.154929577465,42,0.591549295775,119,331,4.66197183099,
Stanislav Medvedenko,LAL,2002-2003, 6-10,PF,23,58,620,10.6896551724,112,258,.434,0,2,.000,31,43,.721,66,1.13793103448,75,1.29310344828,141,2.43103448276,18,0.310344827586,11,0.189655172414,8,0.137931034483,37,0.637931034483,118,255,4.39655172414,
Stanislav Medvedenko,LAL,2003-2004, 6-10,PF,24,68,1442,21.2058823529,237,537,.441,0,3,.000,89,116,.767,148,2.17647058824,195,2.86764705882,343,5.04411764706,57,0.838235294118,38,0.558823529412,18,0.264705882353,59,0.867647058824,191,563,8.27941176471,
Stanislav Medvedenko,LAL,2004-2005, 6-10,PF,25,43,423,9.83720930233,71,156,.455,0,1,.000,23,28,.821,31,0.720930232558,48,1.11627906977,79,1.83720930233,13,0.302325581395,9,0.209302325581,2,0.046511627907,13,0.302325581395,64,165,3.83720930233,
Stanislav Medvedenko,LAL,2005-2006, 6-10,PF,26,2,6,3.0,1,2,.500,0,0,.000,0,0,.000,0,0.0,0,0.0,0,0.0,1,0.5,0,0.0,0,0.0,0,0.0,1,2,1.0,
Stanislav Medvedenko,ATL,2006-2007, 6-10,C,27,14,81,5.78571428571,12,29,.414,1,2,.500,17,20,.850,4,0.285714285714,10,0.714285714286,14,1.0,2,0.142857142857,0,0.0,2,0.142857142857,5,0.357142857143,16,42,3.0,
