Player,Team,Season,Height,Position,Age,G,MIN,MINPG,FGM,FGA,FGP,TPM,TPA,TPP,FTM,FTA,FTP,ORB,ORBPG,DRB,DRBPG,TRB,TRBPG,AST,ASTPG,STL,STLPG,BLK,BLKPG,TO,TOPG,PF,PTS,PTSPG,
Stan Pietkiewicz,SDC,1978-1979, 6-5,SG,22,4,32,8.0,1,8,.125,.000,.000,.000,2,2,1.000,0,0.0,6,1.5,6,1.5,3,0.75,1,0.25,0,0.0,1,0.25,5,4,1.0,
Stan Pietkiewicz,SDC,1979-1980, 6-5,PG,23,50,577,11.54,91,179,.508,9,36,.250,37,46,.804,26,0.52,19,0.38,45,0.9,94,1.88,25,0.5,4,0.08,51,1.02,52,228,4.56,
Stan Pietkiewicz,TOT,1980-1981, 6-5,SG,24,42,461,10.9761904762,57,138,.413,19,48,.396,11,14,.786,13,0.309523809524,29,0.690476190476,42,1.0,77,1.83333333333,15,0.357142857143,2,0.047619047619,22,0.52380952381,28,144,3.42857142857,
Stan Pietkiewicz,SDC,1980-1981, 6-5,SG,24,6,30,5.0,2,5,.400,0,0,.000,0,0,.000,0,0.0,1,0.166666666667,1,0.166666666667,2,0.333333333333,0,0.0,0,0.0,5,0.833333333333,2,4,0.666666666667,
Stan Pietkiewicz,DAL,1980-1981, 6-5,SG,24,36,431,11.9722222222,55,133,.414,19,48,.396,11,14,.786,13,0.361111111111,28,0.777777777778,41,1.13888888889,75,2.08333333333,15,0.416666666667,2,0.0555555555556,17,0.472222222222,26,140,3.88888888889,
