Player,Team,Season,Height,Position,Age,G,MIN,MINPG,FGM,FGA,FGP,TPM,TPA,TPP,FTM,FTA,FTP,ORB,ORBPG,DRB,DRBPG,TRB,TRBPG,AST,ASTPG,STL,STLPG,BLK,BLKPG,TO,TOPG,PF,PTS,PTSPG,
Stan Patrick,TOT,1949-1950, 6-2,,27,53,.000,0.0,116,294,.395,.000,.000,.000,89,147,.605,.000,0.0,.000,0.0,.000,0.0,74,1.39622641509,.000,0.0,.000,0.0,.000,0.0,76,321,6.05660377358,
Stan Patrick,WAT,1949-1950, 6-2,,27,34,.000,0.0,79,187,.422,.000,.000,.000,70,108,.648,.000,0.0,.000,0.0,.000,0.0,41,1.20588235294,.000,0.0,.000,0.0,.000,0.0,43,228,6.70588235294,
Stan Patrick,SHE,1949-1950, 6-2,,27,19,.000,0.0,37,107,.346,.000,.000,.000,19,39,.487,.000,0.0,.000,0.0,.000,0.0,33,1.73684210526,.000,0.0,.000,0.0,.000,0.0,33,93,4.89473684211,
