Player,Team,Season,Height,Position,Age,G,MIN,MINPG,FGM,FGA,FGP,TPM,TPA,TPP,FTM,FTA,FTP,ORB,ORBPG,DRB,DRBPG,TRB,TRBPG,AST,ASTPG,STL,STLPG,BLK,BLKPG,TO,TOPG,PF,PTS,PTSPG,
Stephen Curry,GSW,2009-2010, 6-3,PG,21,80,2896,36.2,528,1143,.462,166,380,.437,177,200,.885,48,0.6,308,3.85,356,4.45,472,5.9,152,1.9,19,0.2375,244,3.05,252,1399,17.4875,
Stephen Curry,GSW,2010-2011, 6-3,PG,22,74,2489,33.6351351351,505,1053,.480,151,342,.442,212,227,.934,52,0.702702702703,234,3.16216216216,286,3.86486486486,432,5.83783783784,109,1.47297297297,20,0.27027027027,226,3.05405405405,233,1373,18.5540540541,
Stephen Curry,GSW,2011-2012, 6-3,PG,23,26,732,28.1538461538,145,296,.490,55,121,.455,38,47,.809,15,0.576923076923,73,2.80769230769,88,3.38461538462,138,5.30769230769,39,1.5,8,0.307692307692,65,2.5,62,383,14.7307692308,
Stephen Curry,GSW,2012-2013, 6-3,PG,24,62,2365,38.1451612903,480,1075,.447,203,446,.455,213,235,.906,46,0.741935483871,202,3.25806451613,248,4.0,416,6.70967741935,99,1.59677419355,10,0.161290322581,191,3.08064516129,159,1376,22.1935483871,
