Player,Team,Season,Height,Position,Age,G,MIN,MINPG,FGM,FGA,FGP,TPM,TPA,TPP,FTM,FTA,FTP,ORB,ORBPG,DRB,DRBPG,TRB,TRBPG,AST,ASTPG,STL,STLPG,BLK,BLKPG,TO,TOPG,PF,PTS,PTSPG,
Stephen Vacendak,PTP,1967-1968, 6-1,PG,23,9,73,8.11111111111,13,35,.371,0,0,.000,10,15,.667,.000,0.0,.000,0.0,15,1.66666666667,8,0.888888888889,.000,0.0,.000,0.0,9,1.0,14,36,4.0,
Stephen Vacendak,MNP,1968-1969, 6-1,PG,24,60,1589,26.4833333333,288,716,.402,2,8,.250,167,215,.777,90,1.5,120,2.0,210,3.5,166,2.76666666667,.000,0.0,.000,0.0,139,2.31666666667,158,745,12.4166666667,
Stephen Vacendak,TOT,1969-1970, 6-1,PG,25,14,173,12.3571428571,15,59,.254,0,2,.000,13,22,.591,5,0.357142857143,8,0.571428571429,13,0.928571428571,20,1.42857142857,.000,0.0,.000,0.0,10,0.714285714286,22,43,3.07142857143,
Stephen Vacendak,PTP,1969-1970, 6-1,PG,25,2,36,18.0,2,13,.154,0,0,.000,2,2,1.000,1,0.5,0,0.0,1,0.5,3,1.5,.000,0.0,.000,0.0,2,1.0,4,6,3.0,
Stephen Vacendak,MMF,1969-1970, 6-1,PG,25,12,137,11.4166666667,13,46,.283,0,2,.000,11,20,.550,4,0.333333333333,8,0.666666666667,12,1.0,17,1.41666666667,.000,0.0,.000,0.0,8,0.666666666667,18,37,3.08333333333,
