Player,Team,Season,Height,Position,Age,G,MIN,MINPG,FGM,FGA,FGP,TPM,TPA,TPP,FTM,FTA,FTP,ORB,ORBPG,DRB,DRBPG,TRB,TRBPG,AST,ASTPG,STL,STLPG,BLK,BLKPG,TO,TOPG,PF,PTS,PTSPG,
Stephen Howard,UTA,1992-1993, 6-9,SF,22,49,260,5.30612244898,35,93,.376,0,0,.000,34,53,.642,26,0.530612244898,34,0.69387755102,60,1.22448979592,10,0.204081632653,15,0.30612244898,12,0.244897959184,23,0.469387755102,58,104,2.12244897959,
Stephen Howard,UTA,1993-1994, 6-9,SF,23,9,53,5.88888888889,10,17,.588,0,0,.000,11,16,.688,10,1.11111111111,6,0.666666666667,16,1.77777777778,1,0.111111111111,1,0.111111111111,3,0.333333333333,6,0.666666666667,13,31,3.44444444444,
Stephen Howard,TOT,1996-1997, 6-9,SF,26,49,418,8.5306122449,62,108,.574,0,0,.000,52,81,.642,29,0.591836734694,56,1.14285714286,85,1.73469387755,11,0.224489795918,19,0.387755102041,12,0.244897959184,25,0.510204081633,62,176,3.59183673469,
Stephen Howard,SAS,1996-1997, 6-9,SF,26,7,69,9.85714285714,7,12,.583,0,0,.000,12,14,.857,4,0.571428571429,5,0.714285714286,9,1.28571428571,1,0.142857142857,8,1.14285714286,2,0.285714285714,5,0.714285714286,7,26,3.71428571429,
Stephen Howard,UTA,1996-1997, 6-9,SF,26,42,349,8.30952380952,55,96,.573,0,0,.000,40,67,.597,25,0.595238095238,51,1.21428571429,76,1.80952380952,10,0.238095238095,11,0.261904761905,10,0.238095238095,20,0.47619047619,55,150,3.57142857143,
Stephen Howard,SEA,1997-1998, 6-9,SF,27,13,53,4.07692307692,8,21,.381,0,0,.000,9,18,.500,6,0.461538461538,6,0.461538461538,12,0.923076923077,3,0.230769230769,3,0.230769230769,1,0.0769230769231,6,0.461538461538,13,25,1.92307692308,
