Player,Team,Season,Height,Position,Age,G,MIN,MINPG,FGM,FGA,FGP,TPM,TPA,TPP,FTM,FTA,FTP,ORB,ORBPG,DRB,DRBPG,TRB,TRBPG,AST,ASTPG,STL,STLPG,BLK,BLKPG,TO,TOPG,PF,PTS,PTSPG,
Stephane Lasme,TOT,2007-2008, 6-8,PF,25,16,303,18.9375,32,71,.451,0,0,.000,19,32,.594,26,1.625,27,1.6875,53,3.3125,3,0.1875,13,0.8125,22,1.375,15,0.9375,35,83,5.1875,
Stephane Lasme,GSW,2007-2008, 6-8,SF,25,1,0,0.0,0,0,.000,0,0,.000,0,0,.000,0,0.0,0,0.0,0,0.0,0,0.0,0,0.0,0,0.0,0,0.0,0,0,0.0,
Stephane Lasme,MIA,2007-2008, 6-8,PF,25,15,303,20.2,32,71,.451,0,0,.000,19,32,.594,26,1.73333333333,27,1.8,53,3.53333333333,3,0.2,13,0.866666666667,22,1.46666666667,15,1.0,35,83,5.53333333333,
