Player,Team,Season,Height,Position,Age,G,MIN,MINPG,FGM,FGA,FGP,TPM,TPA,TPP,FTM,FTA,FTP,ORB,ORBPG,DRB,DRBPG,TRB,TRBPG,AST,ASTPG,STL,STLPG,BLK,BLKPG,TO,TOPG,PF,PTS,PTSPG,
Steve Lingenfelter,WSB,1982-1983, 6-9,PF,24,7,53,7.57142857143,4,6,.667,0,0,.000,0,4,.000,1,0.142857142857,11,1.57142857143,12,1.71428571429,4,0.571428571429,1,0.142857142857,3,0.428571428571,5,0.714285714286,16,8,1.14285714286,
Steve Lingenfelter,SAS,1983-1984, 6-9,PF,25,3,14,4.66666666667,1,1,1.000,0,0,.000,0,2,.000,3,1.0,1,0.333333333333,4,1.33333333333,1,0.333333333333,0,0.0,0,0.0,1,0.333333333333,6,2,0.666666666667,
