Player,Team,Season,Height,Position,Age,G,MIN,MINPG,FGM,FGA,FGP,TPM,TPA,TPP,FTM,FTA,FTP,ORB,ORBPG,DRB,DRBPG,TRB,TRBPG,AST,ASTPG,STL,STLPG,BLK,BLKPG,TO,TOPG,PF,PTS,PTSPG,
Steve Goodrich,CHI,2000-2001, 6-10,PF,24,12,133,11.0833333333,7,18,.389,1,3,.333,4,7,.571,7,0.583333333333,14,1.16666666667,21,1.75,6,0.5,2,0.166666666667,1,0.0833333333333,8,0.666666666667,14,19,1.58333333333,
Steve Goodrich,NJN,2001-2002, 6-10,SF,25,9,50,5.55555555556,2,10,.200,0,0,.000,1,2,.500,1,0.111111111111,4,0.444444444444,5,0.555555555556,5,0.555555555556,1,0.111111111111,2,0.222222222222,3,0.333333333333,10,5,0.555555555556,
