Player,Team,Season,Height,Position,Age,G,MIN,MINPG,FGM,FGA,FGP,TPM,TPA,TPP,FTM,FTA,FTP,ORB,ORBPG,DRB,DRBPG,TRB,TRBPG,AST,ASTPG,STL,STLPG,BLK,BLKPG,TO,TOPG,PF,PTS,PTSPG,
Steve Green,TOT,1975-1976, 6-7,SF,22,52,1068,20.5384615385,195,438,.445,0,5,.000,84,108,.778,84,1.61538461538,110,2.11538461538,194,3.73076923077,64,1.23076923077,31,0.596153846154,10,0.192307692308,72,1.38461538462,150,474,9.11538461538,
Steve Green,UTS,1975-1976, 6-7,SF,22,16,534,33.375,96,195,.492,0,0,.000,46,56,.821,46,2.875,66,4.125,112,7.0,29,1.8125,12,0.75,3,0.1875,40,2.5,71,238,14.875,
Steve Green,SSL,1975-1976, 6-7,SF,22,36,534,14.8333333333,99,243,.407,0,5,.000,38,52,.731,38,1.05555555556,44,1.22222222222,82,2.27777777778,35,0.972222222222,19,0.527777777778,7,0.194444444444,32,0.888888888889,79,236,6.55555555556,
Steve Green,IND,1976-1977, 6-7,SF,23,70,918,13.1142857143,183,424,.432,.000,.000,.000,84,113,.743,79,1.12857142857,98,1.4,177,2.52857142857,46,0.657142857143,46,0.657142857143,12,0.171428571429,.000,0.0,157,450,6.42857142857,
Steve Green,IND,1977-1978, 6-7,SF,24,44,449,10.2045454545,56,128,.438,.000,.000,.000,39,56,.696,31,0.704545454545,40,0.909090909091,71,1.61363636364,30,0.681818181818,14,0.318181818182,2,0.0454545454545,23,0.522727272727,67,151,3.43181818182,
Steve Green,IND,1978-1979, 6-7,SF,25,39,265,6.79487179487,42,89,.472,.000,.000,.000,20,34,.588,22,0.564102564103,30,0.769230769231,52,1.33333333333,21,0.538461538462,11,0.282051282051,3,0.0769230769231,17,0.435897435897,39,104,2.66666666667,
