Player,Team,Season,Height,Position,Age,G,MIN,MINPG,FGM,FGA,FGP,TPM,TPA,TPP,FTM,FTA,FTP,ORB,ORBPG,DRB,DRBPG,TRB,TRBPG,AST,ASTPG,STL,STLPG,BLK,BLKPG,TO,TOPG,PF,PTS,PTSPG,
Steve Hamer,BOS,1996-1997, 7-0,C,23,35,268,7.65714285714,30,57,.526,0,2,.000,16,29,.552,17,0.485714285714,43,1.22857142857,60,1.71428571429,7,0.2,2,0.0571428571429,4,0.114285714286,13,0.371428571429,39,76,2.17142857143,
