Player,Team,Season,Height,Position,Age,G,MIN,MINPG,FGM,FGA,FGP,TPM,TPA,TPP,FTM,FTA,FTP,ORB,ORBPG,DRB,DRBPG,TRB,TRBPG,AST,ASTPG,STL,STLPG,BLK,BLKPG,TO,TOPG,PF,PTS,PTSPG,
Steven Hunter,ORL,2001-2002, 7-0,C,20,53,516,9.7358490566,67,147,.456,0,0,.000,55,94,.585,40,0.754716981132,57,1.07547169811,97,1.83018867925,5,0.0943396226415,5,0.0943396226415,43,0.811320754717,16,0.301886792453,81,189,3.56603773585,
Steven Hunter,ORL,2002-2003, 7-0,C,21,33,447,13.5454545455,56,103,.544,0,0,.000,18,44,.409,38,1.15151515152,55,1.66666666667,93,2.81818181818,6,0.181818181818,9,0.272727272727,36,1.09090909091,15,0.454545454545,56,130,3.93939393939,
Steven Hunter,ORL,2003-2004, 7-0,C,22,59,789,13.3728813559,82,155,.529,0,0,.000,23,69,.333,54,0.915254237288,116,1.96610169492,170,2.8813559322,12,0.203389830508,5,0.0847457627119,73,1.23728813559,29,0.491525423729,101,187,3.16949152542,
Steven Hunter,PHO,2004-2005, 7-0,C,23,76,1046,13.7631578947,135,220,.614,0,1,.000,78,163,.479,98,1.28947368421,129,1.69736842105,227,2.98684210526,13,0.171052631579,4,0.0526315789474,102,1.34210526316,44,0.578947368421,131,348,4.57894736842,
Steven Hunter,PHI,2005-2006, 7-0,C,24,69,1312,19.0144927536,175,291,.601,0,0,.000,71,138,.514,110,1.59420289855,161,2.33333333333,271,3.92753623188,17,0.246376811594,12,0.173913043478,76,1.10144927536,64,0.927536231884,120,421,6.10144927536,
Steven Hunter,PHI,2006-2007, 7-0,PF,25,70,1605,22.9285714286,188,326,.577,0,0,.000,74,151,.490,114,1.62857142857,221,3.15714285714,335,4.78571428571,26,0.371428571429,13,0.185714285714,76,1.08571428571,65,0.928571428571,137,450,6.42857142857,
Steven Hunter,DEN,2007-2008, 7-0,C,26,19,120,6.31578947368,15,28,.536,0,0,.000,9,20,.450,10,0.526315789474,19,1.0,29,1.52631578947,0,0.0,0,0.0,6,0.315789473684,7,0.368421052632,20,39,2.05263157895,
Steven Hunter,MEM,2009-2010, 7-0,C,28,21,158,7.52380952381,17,43,.395,0,0,.000,19,36,.528,18,0.857142857143,24,1.14285714286,42,2.0,0,0.0,1,0.047619047619,10,0.47619047619,9,0.428571428571,10,53,2.52380952381,
