Player,Team,Season,Height,Position,Age,G,MIN,MINPG,FGM,FGA,FGP,TPM,TPA,TPP,FTM,FTA,FTP,ORB,ORBPG,DRB,DRBPG,TRB,TRBPG,AST,ASTPG,STL,STLPG,BLK,BLKPG,TO,TOPG,PF,PTS,PTSPG,
Steve Downing,BOS,1973-1974, 6-8,C,23,24,137,5.70833333333,21,64,.328,.000,.000,.000,22,38,.579,14,0.583333333333,25,1.04166666667,39,1.625,11,0.458333333333,5,0.208333333333,0,0.0,.000,0.0,33,64,2.66666666667,
Steve Downing,BOS,1974-1975, 6-8,C,24,3,9,3.0,0,2,.000,.000,.000,.000,0,2,.000,0,0.0,2,0.666666666667,2,0.666666666667,0,0.0,0,0.0,0,0.0,.000,0.0,0,0,0.0,
