Player,Team,Season,Height,Position,Age,G,MIN,MINPG,FGM,FGA,FGP,TPM,TPA,TPP,FTM,FTA,FTP,ORB,ORBPG,DRB,DRBPG,TRB,TRBPG,AST,ASTPG,STL,STLPG,BLK,BLKPG,TO,TOPG,PF,PTS,PTSPG,
Steve Hayes,TOT,1981-1982, 7-0,C,26,35,487,13.9142857143,54,111,.486,0,0,.000,32,53,.604,39,1.11428571429,78,2.22857142857,117,3.34285714286,28,0.8,4,0.114285714286,20,0.571428571429,19,0.542857142857,71,140,4.0,
Steve Hayes,SAS,1981-1982, 7-0,C,26,9,75,8.33333333333,8,18,.444,0,0,.000,7,12,.583,7,0.777777777778,10,1.11111111111,17,1.88888888889,4,0.444444444444,1,0.111111111111,2,0.222222222222,2,0.222222222222,17,23,2.55555555556,
Steve Hayes,DET,1981-1982, 7-0,C,26,26,412,15.8461538462,46,93,.495,0,0,.000,25,41,.610,32,1.23076923077,68,2.61538461538,100,3.84615384615,24,0.923076923077,3,0.115384615385,18,0.692307692308,17,0.653846153846,54,117,4.5,
Steve Hayes,CLE,1982-1983, 7-0,C,27,65,1058,16.2769230769,104,217,.479,0,1,.000,29,51,.569,102,1.56923076923,134,2.06153846154,236,3.63076923077,36,0.553846153846,17,0.261538461538,41,0.630769230769,49,0.753846153846,215,237,3.64615384615,
Steve Hayes,SEA,1983-1984, 7-0,C,28,43,253,5.88372093023,26,50,.520,0,0,.000,5,14,.357,19,0.441860465116,43,1.0,62,1.44186046512,13,0.302325581395,5,0.116279069767,18,0.418604651163,13,0.302325581395,52,57,1.32558139535,
Steve Hayes,PHI,1984-1985, 7-0,C,29,11,101,9.18181818182,10,18,.556,0,0,.000,2,4,.500,11,1.0,23,2.09090909091,34,3.09090909091,1,0.0909090909091,1,0.0909090909091,4,0.363636363636,2,0.181818181818,19,22,2.0,
Steve Hayes,UTA,1985-1986, 7-0,C,30,58,397,6.84482758621,39,87,.448,0,0,.000,11,36,.306,32,0.551724137931,45,0.775862068966,77,1.3275862069,7,0.120689655172,5,0.0862068965517,19,0.327586206897,16,0.275862068966,81,89,1.53448275862,
