Player,Team,Season,Height,Position,Age,G,MIN,MINPG,FGM,FGA,FGP,TPM,TPA,TPP,FTM,FTA,FTP,ORB,ORBPG,DRB,DRBPG,TRB,TRBPG,AST,ASTPG,STL,STLPG,BLK,BLKPG,TO,TOPG,PF,PTS,PTSPG,
Steve Burtt,GSW,1984-1985, 6-2,SG,22,47,418,8.89361702128,72,188,.383,0,1,.000,53,77,.688,10,0.212765957447,18,0.382978723404,28,0.595744680851,20,0.425531914894,21,0.446808510638,4,0.0851063829787,33,0.702127659574,76,197,4.1914893617,
Steve Burtt,LAC,1987-1988, 6-2,SG,25,19,312,16.4210526316,62,138,.449,0,4,.000,47,69,.681,6,0.315789473684,21,1.10526315789,27,1.42105263158,38,2.0,10,0.526315789474,5,0.263157894737,40,2.10526315789,56,171,9.0,
Steve Burtt,PHO,1991-1992, 6-2,SG,29,31,356,11.4838709677,74,160,.463,1,6,.167,38,54,.704,10,0.322580645161,24,0.774193548387,34,1.09677419355,59,1.90322580645,16,0.516129032258,4,0.129032258065,33,1.06451612903,58,187,6.03225806452,
Steve Burtt,WSB,1992-1993, 6-2,SG,30,4,35,8.75,10,26,.385,1,3,.333,8,10,.800,2,0.5,1,0.25,3,0.75,6,1.5,2,0.5,0,0.0,4,1.0,5,29,7.25,
