Player,Team,Season,Height,Position,Age,G,MIN,MINPG,FGM,FGA,FGP,TPM,TPA,TPP,FTM,FTA,FTP,ORB,ORBPG,DRB,DRBPG,TRB,TRBPG,AST,ASTPG,STL,STLPG,BLK,BLKPG,TO,TOPG,PF,PTS,PTSPG,
Steve Harris,HOU,1985-1986, 6-5,SG,22,57,482,8.45614035088,103,233,.442,1,5,.200,50,54,.926,25,0.438596491228,32,0.561403508772,57,1.0,50,0.877192982456,21,0.368421052632,4,0.0701754385965,34,0.59649122807,55,257,4.50877192982,
Steve Harris,HOU,1986-1987, 6-5,SG,23,74,1174,15.8648648649,251,599,.419,0,8,.000,111,130,.854,71,0.959459459459,99,1.33783783784,170,2.2972972973,100,1.35135135135,37,0.5,16,0.216216216216,74,1.0,111,613,8.28378378378,
Steve Harris,TOT,1987-1988, 6-5,SG,24,58,1084,18.6896551724,223,487,.458,0,7,.000,89,113,.788,53,0.913793103448,73,1.25862068966,126,2.1724137931,87,1.5,50,0.862068965517,8,0.137931034483,56,0.965517241379,89,535,9.22413793103,
Steve Harris,HOU,1987-1988, 6-5,SG,24,14,199,14.2142857143,34,86,.395,0,1,.000,15,16,.938,12,0.857142857143,9,0.642857142857,21,1.5,17,1.21428571429,8,0.571428571429,2,0.142857142857,6,0.428571428571,15,83,5.92857142857,
Steve Harris,GSW,1987-1988, 6-5,SG,24,44,885,20.1136363636,189,401,.471,0,6,.000,74,97,.763,41,0.931818181818,64,1.45454545455,105,2.38636363636,70,1.59090909091,42,0.954545454545,6,0.136363636364,50,1.13636363636,74,452,10.2727272727,
Steve Harris,DET,1988-1989, 6-5,SG,25,3,7,2.33333333333,1,4,.250,0,0,.000,2,2,1.000,0,0.0,2,0.666666666667,2,0.666666666667,0,0.0,1,0.333333333333,0,0.0,0,0.0,1,4,1.33333333333,
Steve Harris,LAC,1989-1990, 6-5,SG,26,15,93,6.2,14,40,.350,0,0,.000,3,4,.750,5,0.333333333333,5,0.333333333333,10,0.666666666667,1,0.0666666666667,7,0.466666666667,1,0.0666666666667,5,0.333333333333,9,31,2.06666666667,
