Player,Team,Season,Height,Position,Age,G,MIN,MINPG,FGM,FGA,FGP,TPM,TPA,TPP,FTM,FTA,FTP,ORB,ORBPG,DRB,DRBPG,TRB,TRBPG,AST,ASTPG,STL,STLPG,BLK,BLKPG,TO,TOPG,PF,PTS,PTSPG,
Steve Bucknall,LAL,1989-1990, 6-6,SG,23,18,75,4.16666666667,9,33,.273,0,1,.000,5,6,.833,5,0.277777777778,2,0.111111111111,7,0.388888888889,10,0.555555555556,2,0.111111111111,1,0.0555555555556,11,0.611111111111,10,23,1.27777777778,
