Player,Team,Season,Height,Position,Age,G,MIN,MINPG,FGM,FGA,FGP,TPM,TPA,TPP,FTM,FTA,FTP,ORB,ORBPG,DRB,DRBPG,TRB,TRBPG,AST,ASTPG,STL,STLPG,BLK,BLKPG,TO,TOPG,PF,PTS,PTSPG,
Steve Patterson,CLE,1971-1972, 6-9,C,23,65,775,11.9230769231,94,263,.357,.000,.000,.000,23,46,.500,.000,0.0,.000,0.0,228,3.50769230769,54,0.830769230769,.000,0.0,.000,0.0,.000,0.0,80,211,3.24615384615,
Steve Patterson,CLE,1972-1973, 6-9,C,24,62,710,11.4516129032,71,198,.359,.000,.000,.000,34,65,.523,.000,0.0,.000,0.0,228,3.67741935484,51,0.822580645161,.000,0.0,.000,0.0,.000,0.0,79,176,2.83870967742,
Steve Patterson,CLE,1973-1974, 6-9,C,25,76,1910,25.1315789474,262,599,.437,.000,.000,.000,69,112,.616,223,2.93421052632,396,5.21052631579,619,8.14473684211,165,2.17105263158,48,0.631578947368,58,0.763157894737,.000,0.0,193,593,7.80263157895,
Steve Patterson,CLE,1974-1975, 6-9,C,26,81,1269,15.6666666667,161,387,.416,.000,.000,.000,48,73,.658,112,1.38271604938,217,2.67901234568,329,4.06172839506,93,1.14814814815,21,0.259259259259,20,0.246913580247,.000,0.0,128,370,4.56790123457,
Steve Patterson,TOT,1975-1976, 6-9,C,27,66,918,13.9090909091,84,220,.382,.000,.000,.000,34,54,.630,80,1.21212121212,148,2.24242424242,228,3.45454545455,80,1.21212121212,16,0.242424242424,16,0.242424242424,.000,0.0,93,202,3.06060606061,
Steve Patterson,CLE,1975-1976, 6-9,C,27,14,136,9.71428571429,15,38,.395,.000,.000,.000,8,10,.800,7,0.5,21,1.5,28,2.0,9,0.642857142857,3,0.214285714286,5,0.357142857143,.000,0.0,11,38,2.71428571429,
Steve Patterson,CHI,1975-1976, 6-9,C,27,52,782,15.0384615385,69,182,.379,.000,.000,.000,26,44,.591,73,1.40384615385,127,2.44230769231,200,3.84615384615,71,1.36538461538,13,0.25,11,0.211538461538,.000,0.0,82,164,3.15384615385,
