Player,Team,Season,Height,Position,Age,G,MIN,MINPG,FGM,FGA,FGP,TPM,TPA,TPP,FTM,FTA,FTP,ORB,ORBPG,DRB,DRBPG,TRB,TRBPG,AST,ASTPG,STL,STLPG,BLK,BLKPG,TO,TOPG,PF,PTS,PTSPG,
Steve Bardo,SAS,1991-1992, 6-5,SG,23,1,1,1.0,0,0,.000,0,0,.000,0,0,.000,1,1.0,0,0.0,1,1.0,0,0.0,0,0.0,0,0.0,0,0.0,0,0,0.0,
Steve Bardo,DAL,1992-1993, 6-5,SG,24,23,175,7.60869565217,19,62,.306,1,6,.167,12,17,.706,10,0.434782608696,27,1.17391304348,37,1.60869565217,29,1.26086956522,8,0.347826086957,3,0.130434782609,17,0.739130434783,28,51,2.21739130435,
Steve Bardo,DET,1995-1996, 6-5,SG,27,9,123,13.6666666667,9,23,.391,0,4,.000,4,6,.667,2,0.222222222222,20,2.22222222222,22,2.44444444444,15,1.66666666667,4,0.444444444444,1,0.111111111111,5,0.555555555556,17,22,2.44444444444,
