Player,Team,Season,Height,Position,Age,G,MIN,MINPG,FGM,FGA,FGP,TPM,TPA,TPP,FTM,FTA,FTP,ORB,ORBPG,DRB,DRBPG,TRB,TRBPG,AST,ASTPG,STL,STLPG,BLK,BLKPG,TO,TOPG,PF,PTS,PTSPG,
Steve Scheffler,CHH,1990-1991, 6-9,C,23,39,227,5.82051282051,20,39,.513,0,0,.000,19,21,.905,21,0.538461538462,24,0.615384615385,45,1.15384615385,9,0.230769230769,6,0.153846153846,2,0.0512820512821,4,0.102564102564,20,59,1.51282051282,
Steve Scheffler,TOT,1991-1992, 6-9,C,24,11,61,5.54545454545,6,9,.667,0,0,.000,9,12,.750,10,0.909090909091,4,0.363636363636,14,1.27272727273,0,0.0,3,0.272727272727,1,0.0909090909091,1,0.0909090909091,10,21,1.90909090909,
Steve Scheffler,SAC,1991-1992, 6-9,C,24,4,15,3.75,2,2,1.000,0,0,.000,5,6,.833,2,0.5,1,0.25,3,0.75,0,0.0,0,0.0,1,0.25,0,0.0,2,9,2.25,
Steve Scheffler,DEN,1991-1992, 6-9,C,24,7,46,6.57142857143,4,7,.571,0,0,.000,4,6,.667,8,1.14285714286,3,0.428571428571,11,1.57142857143,0,0.0,3,0.428571428571,0,0.0,1,0.142857142857,8,12,1.71428571429,
Steve Scheffler,SEA,1992-1993, 6-9,C,25,29,166,5.72413793103,25,48,.521,0,0,.000,16,24,.667,15,0.51724137931,21,0.724137931034,36,1.24137931034,5,0.172413793103,6,0.206896551724,1,0.0344827586207,5,0.172413793103,37,66,2.27586206897,
Steve Scheffler,SEA,1993-1994, 6-9,C,26,35,152,4.34285714286,28,46,.609,0,0,.000,19,20,.950,11,0.314285714286,15,0.428571428571,26,0.742857142857,6,0.171428571429,7,0.2,0,0.0,8,0.228571428571,25,75,2.14285714286,
Steve Scheffler,SEA,1994-1995, 6-9,C,27,18,102,5.66666666667,12,23,.522,0,0,.000,15,18,.833,8,0.444444444444,15,0.833333333333,23,1.27777777778,4,0.222222222222,2,0.111111111111,2,0.111111111111,3,0.166666666667,9,39,2.16666666667,
Steve Scheffler,SEA,1995-1996, 6-9,C,28,35,181,5.17142857143,24,45,.533,1,5,.200,9,19,.474,15,0.428571428571,18,0.514285714286,33,0.942857142857,2,0.0571428571429,6,0.171428571429,2,0.0571428571429,8,0.228571428571,25,58,1.65714285714,
Steve Scheffler,SEA,1996-1997, 6-9,C,29,7,29,4.14285714286,6,7,.857,0,0,.000,1,2,.500,1,0.142857142857,2,0.285714285714,3,0.428571428571,0,0.0,0,0.0,0,0.0,5,0.714285714286,5,13,1.85714285714,
