Player,Team,Season,Height,Position,Age,G,MIN,MINPG,FGM,FGA,FGP,TPM,TPA,TPP,FTM,FTA,FTP,ORB,ORBPG,DRB,DRBPG,TRB,TRBPG,AST,ASTPG,STL,STLPG,BLK,BLKPG,TO,TOPG,PF,PTS,PTSPG,
Stewart Granger,CLE,1983-1984, 6-3,PG,22,56,738,13.1785714286,97,226,.429,4,13,.308,53,70,.757,8,0.142857142857,47,0.839285714286,55,0.982142857143,134,2.39285714286,24,0.428571428571,0,0.0,57,1.01785714286,97,251,4.48214285714,
Stewart Granger,ATL,1984-1985, 6-3,PG,23,9,92,10.2222222222,6,17,.353,0,1,.000,4,8,.500,1,0.111111111111,5,0.555555555556,6,0.666666666667,12,1.33333333333,2,0.222222222222,0,0.0,12,1.33333333333,13,16,1.77777777778,
Stewart Granger,NYK,1986-1987, 6-3,PG,25,15,166,11.0666666667,20,54,.370,0,3,.000,9,11,.818,6,0.4,11,0.733333333333,17,1.13333333333,27,1.8,7,0.466666666667,1,0.0666666666667,22,1.46666666667,17,49,3.26666666667,
