Player,Team,Season,Height,Position,Age,G,MIN,MINPG,FGM,FGA,FGP,TPM,TPA,TPP,FTM,FTA,FTP,ORB,ORBPG,DRB,DRBPG,TRB,TRBPG,AST,ASTPG,STL,STLPG,BLK,BLKPG,TO,TOPG,PF,PTS,PTSPG,
Stojko Vrankovic,BOS,1990-1991, 7-2,C,27,31,166,5.35483870968,24,52,.462,0,0,.000,10,18,.556,15,0.483870967742,36,1.16129032258,51,1.64516129032,4,0.129032258065,1,0.0322580645161,29,0.935483870968,24,0.774193548387,43,58,1.87096774194,
Stojko Vrankovic,BOS,1991-1992, 7-2,C,28,19,110,5.78947368421,15,32,.469,0,0,.000,7,12,.583,8,0.421052631579,20,1.05263157895,28,1.47368421053,5,0.263157894737,0,0.0,17,0.894736842105,10,0.526315789474,22,37,1.94736842105,
Stojko Vrankovic,MIN,1996-1997, 7-2,C,33,53,766,14.4528301887,78,139,.561,0,0,.000,25,37,.676,57,1.07547169811,111,2.09433962264,168,3.16981132075,14,0.264150943396,10,0.188679245283,67,1.2641509434,52,0.981132075472,121,181,3.41509433962,
Stojko Vrankovic,LAC,1997-1998, 7-2,C,34,65,996,15.3230769231,79,186,.425,0,0,.000,37,65,.569,71,1.09230769231,192,2.95384615385,263,4.04615384615,36,0.553846153846,11,0.169230769231,66,1.01538461538,46,0.707692307692,130,195,3.0,
Stojko Vrankovic,LAC,1998-1999, 7-2,C,35,2,12,6.0,1,4,.250,0,0,.000,0,0,.000,4,2.0,2,1.0,6,3.0,0,0.0,0,0.0,0,0.0,0,0.0,2,2,1.0,
