Player,Team,Season,Height,Position,Age,G,MIN,MINPG,FGM,FGA,FGP,TPM,TPA,TPP,FTM,FTA,FTP,ORB,ORBPG,DRB,DRBPG,TRB,TRBPG,AST,ASTPG,STL,STLPG,BLK,BLKPG,TO,TOPG,PF,PTS,PTSPG,
Stuart Gray,IND,1984-1985, 7-0,C,21,52,391,7.51923076923,35,92,.380,0,0,.000,32,47,.681,29,0.557692307692,94,1.80769230769,123,2.36538461538,15,0.288461538462,9,0.173076923077,14,0.269230769231,51,0.980769230769,82,102,1.96153846154,
Stuart Gray,IND,1985-1986, 7-0,C,22,67,423,6.31343283582,54,108,.500,0,0,.000,47,74,.635,45,0.671641791045,73,1.08955223881,118,1.76119402985,15,0.223880597015,8,0.119402985075,11,0.164179104478,32,0.477611940299,94,155,2.31343283582,
Stuart Gray,IND,1986-1987, 7-0,C,23,55,456,8.29090909091,41,101,.406,0,0,.000,28,39,.718,39,0.709090909091,90,1.63636363636,129,2.34545454545,26,0.472727272727,10,0.181818181818,28,0.509090909091,36,0.654545454545,93,110,2.0,
Stuart Gray,IND,1987-1988, 7-0,C,24,74,807,10.9054054054,90,193,.466,0,1,.000,44,73,.603,70,0.945945945946,180,2.43243243243,250,3.37837837838,44,0.594594594595,11,0.148648648649,32,0.432432432432,50,0.675675675676,152,224,3.02702702703,
Stuart Gray,IND,1988-1989, 7-0,C,25,72,783,10.875,72,153,.471,0,1,.000,44,64,.688,84,1.16666666667,161,2.23611111111,245,3.40277777778,29,0.402777777778,11,0.152777777778,21,0.291666666667,48,0.666666666667,128,188,2.61111111111,
Stuart Gray,TOT,1989-1990, 7-0,C,26,58,560,9.65517241379,42,99,.424,0,5,.000,32,47,.681,40,0.689655172414,105,1.81034482759,145,2.5,19,0.327586206897,15,0.258620689655,26,0.448275862069,24,0.413793103448,90,116,2.0,
Stuart Gray,CHH,1989-1990, 7-0,C,26,39,466,11.9487179487,38,82,.463,0,2,.000,25,39,.641,38,0.974358974359,93,2.38461538462,131,3.35897435897,17,0.435897435897,12,0.307692307692,24,0.615384615385,19,0.487179487179,64,101,2.58974358974,
Stuart Gray,NYK,1989-1990, 7-0,C,26,19,94,4.94736842105,4,17,.235,0,3,.000,7,8,.875,2,0.105263157895,12,0.631578947368,14,0.736842105263,2,0.105263157895,3,0.157894736842,2,0.105263157895,5,0.263157894737,26,15,0.789473684211,
Stuart Gray,NYK,1990-1991, 7-0,C,27,8,37,4.625,4,12,.333,0,0,.000,3,3,1.000,2,0.25,8,1.0,10,1.25,0,0.0,0,0.0,1,0.125,2,0.25,6,11,1.375,
