Player,Team,Season,Height,Position,Age,G,MIN,MINPG,FGM,FGA,FGP,TPM,TPA,TPP,FTM,FTA,FTP,ORB,ORBPG,DRB,DRBPG,TRB,TRBPG,AST,ASTPG,STL,STLPG,BLK,BLKPG,TO,TOPG,PF,PTS,PTSPG,
Swede Halbrook,SYR,1960-1961, 7-3,C,28,79,1131,14.3164556962,155,463,.335,.000,.000,.000,76,140,.543,.000,0.0,.000,0.0,550,6.96202531646,31,0.392405063291,.000,0.0,.000,0.0,.000,0.0,262,386,4.88607594937,
Swede Halbrook,SYR,1961-1962, 7-3,C,29,64,908,14.1875,152,422,.360,.000,.000,.000,96,151,.636,.000,0.0,.000,0.0,399,6.234375,33,0.515625,.000,0.0,.000,0.0,.000,0.0,179,400,6.25,
