Player,Team,Season,Height,Position,Age,G,MIN,MINPG,FGM,FGA,FGP,TPM,TPA,TPP,FTM,FTA,FTP,ORB,ORBPG,DRB,DRBPG,TRB,TRBPG,AST,ASTPG,STL,STLPG,BLK,BLKPG,TO,TOPG,PF,PTS,PTSPG,
Sylvester Norris,SAS,1979-1980, 6-11,C,22,17,189,11.1176470588,18,43,.419,0,0,.000,4,6,.667,10,0.588235294118,33,1.94117647059,43,2.52941176471,6,0.352941176471,3,0.176470588235,12,0.705882352941,19,1.11764705882,41,40,2.35294117647,
