Player,Team,Season,Height,Position,Age,G,MIN,MINPG,FGM,FGA,FGP,TPM,TPA,TPP,FTM,FTA,FTP,ORB,ORBPG,DRB,DRBPG,TRB,TRBPG,AST,ASTPG,STL,STLPG,BLK,BLKPG,TO,TOPG,PF,PTS,PTSPG,
Taj Gibson,CHI,2009-2010, 6-9,PF,24,82,2204,26.8780487805,311,629,.494,0,0,.000,113,175,.646,226,2.75609756098,385,4.69512195122,611,7.4512195122,70,0.853658536585,50,0.609756097561,104,1.26829268293,114,1.39024390244,282,735,8.96341463415,
Taj Gibson,CHI,2010-2011, 6-9,PF,25,80,1742,21.775,234,502,.466,1,8,.125,100,148,.676,162,2.025,296,3.7,458,5.725,58,0.725,39,0.4875,106,1.325,71,0.8875,203,569,7.1125,
Taj Gibson,CHI,2011-2012, 6-9,PF,26,63,1284,20.380952381,200,404,.495,0,0,.000,84,135,.622,135,2.14285714286,197,3.12698412698,332,5.26984126984,47,0.746031746032,27,0.428571428571,81,1.28571428571,60,0.952380952381,131,484,7.68253968254,
Taj Gibson,CHI,2012-2013, 6-9,PF,27,56,1243,22.1964285714,180,368,.489,0,3,.000,72,107,.673,114,2.03571428571,188,3.35714285714,302,5.39285714286,49,0.875,25,0.446428571429,79,1.41071428571,67,1.19642857143,138,432,7.71428571429,
