Player,Team,Season,Height,Position,Age,G,MIN,MINPG,FGM,FGA,FGP,TPM,TPA,TPP,FTM,FTA,FTP,ORB,ORBPG,DRB,DRBPG,TRB,TRBPG,AST,ASTPG,STL,STLPG,BLK,BLKPG,TO,TOPG,PF,PTS,PTSPG,
Tamar Slay,NJN,2002-2003, 6-8,SG,22,36,274,7.61111111111,39,103,.379,7,25,.280,7,10,.700,8,0.222222222222,23,0.638888888889,31,0.861111111111,14,0.388888888889,14,0.388888888889,3,0.0833333333333,20,0.555555555556,31,92,2.55555555556,
Tamar Slay,NJN,2003-2004, 6-8,SG,23,22,165,7.5,21,60,.350,4,12,.333,7,14,.500,10,0.454545454545,15,0.681818181818,25,1.13636363636,14,0.636363636364,7,0.318181818182,1,0.0454545454545,11,0.5,20,53,2.40909090909,
Tamar Slay,CHA,2004-2005, 6-8,SG,24,8,78,9.75,13,39,.333,2,12,.167,0,2,.000,6,0.75,8,1.0,14,1.75,3,0.375,5,0.625,0,0.0,8,1.0,20,28,3.5,
