Player,Team,Season,Height,Position,Age,G,MIN,MINPG,FGM,FGA,FGP,TPM,TPA,TPP,FTM,FTA,FTP,ORB,ORBPG,DRB,DRBPG,TRB,TRBPG,AST,ASTPG,STL,STLPG,BLK,BLKPG,TO,TOPG,PF,PTS,PTSPG,
Tarence Kinsey,MEM,2006-2007, 6-6,SG,22,48,967,20.1458333333,139,304,.457,13,46,.283,78,98,.796,29,0.604166666667,68,1.41666666667,97,2.02083333333,41,0.854166666667,53,1.10416666667,1,0.0208333333333,46,0.958333333333,57,369,7.6875,
Tarence Kinsey,MEM,2007-2008, 6-6,SG,23,11,96,8.72727272727,16,38,.421,3,7,.429,5,6,.833,3,0.272727272727,9,0.818181818182,12,1.09090909091,2,0.181818181818,3,0.272727272727,0,0.0,3,0.272727272727,11,40,3.63636363636,
Tarence Kinsey,CLE,2008-2009, 6-6,SG,24,50,277,5.54,31,69,.449,7,18,.389,33,38,.868,10,0.2,28,0.56,38,0.76,10,0.2,12,0.24,0,0.0,22,0.44,34,102,2.04,
