Player,Team,Season,Height,Position,Age,G,MIN,MINPG,FGM,FGA,FGP,TPM,TPA,TPP,FTM,FTA,FTP,ORB,ORBPG,DRB,DRBPG,TRB,TRBPG,AST,ASTPG,STL,STLPG,BLK,BLKPG,TO,TOPG,PF,PTS,PTSPG,
Tate Armstrong,CHI,1977-1978, 6-3,SG,22,66,716,10.8484848485,131,280,.468,.000,.000,.000,22,27,.815,24,0.363636363636,44,0.666666666667,68,1.0303030303,74,1.12121212121,23,0.348484848485,0,0.0,58,0.878787878788,42,284,4.30303030303,
Tate Armstrong,CHI,1978-1979, 6-3,SG,23,26,259,9.96153846154,28,70,.400,.000,.000,.000,10,13,.769,7,0.269230769231,13,0.5,20,0.769230769231,31,1.19230769231,10,0.384615384615,0,0.0,21,0.807692307692,22,66,2.53846153846,
