Player,Team,Season,Height,Position,Age,G,MIN,MINPG,FGM,FGA,FGP,TPM,TPA,TPP,FTM,FTA,FTP,ORB,ORBPG,DRB,DRBPG,TRB,TRBPG,AST,ASTPG,STL,STLPG,BLK,BLKPG,TO,TOPG,PF,PTS,PTSPG,
Tate George,NJN,1990-1991, 6-5,PG,22,56,594,10.6071428571,80,193,.415,0,2,.000,32,40,.800,19,0.339285714286,28,0.5,47,0.839285714286,104,1.85714285714,25,0.446428571429,5,0.0892857142857,42,0.75,58,192,3.42857142857,
Tate George,NJN,1991-1992, 6-5,SG,23,70,1037,14.8142857143,165,386,.427,1,6,.167,87,106,.821,36,0.514285714286,69,0.985714285714,105,1.5,162,2.31428571429,41,0.585714285714,3,0.0428571428571,82,1.17142857143,98,418,5.97142857143,
Tate George,NJN,1992-1993, 6-5,PG,24,48,380,7.91666666667,51,135,.378,0,5,.000,20,24,.833,9,0.1875,18,0.375,27,0.5625,59,1.22916666667,10,0.208333333333,3,0.0625,31,0.645833333333,25,122,2.54166666667,
Tate George,MIL,1994-1995, 6-5,SG,26,3,8,2.66666666667,1,3,.333,0,1,.000,2,2,1.000,1,0.333333333333,0,0.0,1,0.333333333333,0,0.0,0,0.0,0,0.0,2,0.666666666667,1,4,1.33333333333,
