Player,Team,Season,Height,Position,Age,G,MIN,MINPG,FGM,FGA,FGP,TPM,TPA,TPP,FTM,FTA,FTP,ORB,ORBPG,DRB,DRBPG,TRB,TRBPG,AST,ASTPG,STL,STLPG,BLK,BLKPG,TO,TOPG,PF,PTS,PTSPG,
Tellis Frank,GSW,1987-1988, 6-10,PF,22,78,1597,20.4743589744,242,565,.428,0,1,.000,150,207,.725,95,1.21794871795,235,3.01282051282,330,4.23076923077,111,1.42307692308,53,0.679487179487,23,0.294871794872,109,1.39743589744,267,634,8.12820512821,
Tellis Frank,GSW,1988-1989, 6-10,PF,23,32,245,7.65625,34,91,.374,0,1,.000,39,51,.765,26,0.8125,35,1.09375,61,1.90625,15,0.46875,14,0.4375,6,0.1875,29,0.90625,59,107,3.34375,
Tellis Frank,MIA,1989-1990, 6-10,PF,24,77,1762,22.8831168831,278,607,.458,0,0,.000,179,234,.765,151,1.96103896104,234,3.03896103896,385,5.0,85,1.1038961039,51,0.662337662338,27,0.350649350649,134,1.74025974026,282,735,9.54545454545,
Tellis Frank,MIN,1991-1992, 6-10,PF,26,10,140,14.0,18,33,.545,0,0,.000,10,15,.667,8,0.8,18,1.8,26,2.6,8,0.8,5,0.5,4,0.4,5,0.5,24,46,4.6,
Tellis Frank,MIN,1993-1994, 6-10,PF,28,67,959,14.3134328358,67,160,.419,0,2,.000,54,76,.711,83,1.23880597015,137,2.0447761194,220,3.28358208955,57,0.850746268657,35,0.522388059701,35,0.522388059701,49,0.731343283582,163,188,2.80597014925,
