Player,Team,Season,Height,Position,Age,G,MIN,MINPG,FGM,FGA,FGP,TPM,TPA,TPP,FTM,FTA,FTP,ORB,ORBPG,DRB,DRBPG,TRB,TRBPG,AST,ASTPG,STL,STLPG,BLK,BLKPG,TO,TOPG,PF,PTS,PTSPG,
Terry Furlow,PHI,1976-1977, 6-4,SG,22,32,174,5.4375,34,100,.340,.000,.000,.000,16,18,.889,18,0.5625,21,0.65625,39,1.21875,19,0.59375,7,0.21875,2,0.0625,.000,0.0,11,84,2.625,
Terry Furlow,CLE,1977-1978, 6-4,SG,23,53,827,15.6037735849,192,443,.433,.000,.000,.000,88,99,.889,47,0.88679245283,60,1.1320754717,107,2.01886792453,72,1.35849056604,21,0.396226415094,14,0.264150943396,77,1.45283018868,67,472,8.90566037736,
Terry Furlow,TOT,1978-1979, 6-4,SG,24,78,1686,21.6153846154,388,804,.483,.000,.000,.000,163,195,.836,76,0.974358974359,91,1.16666666667,167,2.14102564103,184,2.35897435897,58,0.74358974359,30,0.384615384615,134,1.71794871795,122,939,12.0384615385,
Terry Furlow,CLE,1978-1979, 6-4,SG,24,49,1110,22.6530612245,275,569,.483,.000,.000,.000,103,125,.824,44,0.897959183673,52,1.0612244898,96,1.95918367347,103,2.10204081633,40,0.816326530612,17,0.34693877551,87,1.77551020408,80,653,13.3265306122,
Terry Furlow,ATL,1978-1979, 6-4,SG,24,29,576,19.8620689655,113,235,.481,.000,.000,.000,60,70,.857,32,1.10344827586,39,1.34482758621,71,2.44827586207,81,2.79310344828,18,0.620689655172,13,0.448275862069,47,1.62068965517,42,286,9.86206896552,
Terry Furlow,TOT,1979-1980, 6-4,SG,25,76,2122,27.9210526316,430,926,.464,24,82,.293,171,196,.872,70,0.921052631579,124,1.63157894737,194,2.55263157895,293,3.85526315789,73,0.960526315789,23,0.302631578947,163,2.14473684211,98,1055,13.8815789474,
Terry Furlow,ATL,1979-1980, 6-4,SG,25,21,404,19.2380952381,66,161,.410,1,9,.111,44,51,.863,23,1.09523809524,19,0.904761904762,42,2.0,72,3.42857142857,19,0.904761904762,9,0.428571428571,34,1.61904761905,19,177,8.42857142857,
Terry Furlow,UTA,1979-1980, 6-4,SG,25,55,1718,31.2363636364,364,765,.476,23,73,.315,127,145,.876,47,0.854545454545,105,1.90909090909,152,2.76363636364,221,4.01818181818,54,0.981818181818,14,0.254545454545,129,2.34545454545,79,878,15.9636363636,
