Player,Team,Season,Height,Position,Age,G,MIN,MINPG,FGM,FGA,FGP,TPM,TPA,TPP,FTM,FTA,FTP,ORB,ORBPG,DRB,DRBPG,TRB,TRBPG,AST,ASTPG,STL,STLPG,BLK,BLKPG,TO,TOPG,PF,PTS,PTSPG,
Terrel Harris,MIA,2011-2012, 6-5,SG,24,22,318,14.4545454545,29,83,.349,8,39,.205,14,21,.667,18,0.818181818182,33,1.5,51,2.31818181818,26,1.18181818182,9,0.409090909091,2,0.0909090909091,25,1.13636363636,34,80,3.63636363636,
Terrel Harris,TOT,2012-2013, 6-5,SG,25,8,35,4.375,2,8,.250,0,1,.000,6,8,.750,4,0.5,6,0.75,10,1.25,2,0.25,1,0.125,0,0.0,5,0.625,3,10,1.25,
Terrel Harris,MIA,2012-2013, 6-5,SG,25,7,29,4.14285714286,2,8,.250,0,1,.000,6,8,.750,4,0.571428571429,5,0.714285714286,9,1.28571428571,2,0.285714285714,0,0.0,0,0.0,4,0.571428571429,3,10,1.42857142857,
Terrel Harris,NOH,2012-2013, 6-5,,25,1,6,6.0,0,0,.000,0,0,.000,0,0,.000,0,0.0,1,1.0,1,1.0,0,0.0,1,1.0,0,0.0,1,1.0,0,0,0.0,
