Player,Team,Season,Height,Position,Age,G,MIN,MINPG,FGM,FGA,FGP,TPM,TPA,TPP,FTM,FTA,FTP,ORB,ORBPG,DRB,DRBPG,TRB,TRBPG,AST,ASTPG,STL,STLPG,BLK,BLKPG,TO,TOPG,PF,PTS,PTSPG,
Terry Catledge,PHI,1985-1986, 6-8,PF,22,64,1092,17.0625,202,431,.469,0,4,.000,90,139,.647,107,1.671875,165,2.578125,272,4.25,21,0.328125,31,0.484375,8,0.125,69,1.078125,127,494,7.71875,
Terry Catledge,WSB,1986-1987, 6-8,PF,23,78,2149,27.5512820513,413,835,.495,0,4,.000,199,335,.594,248,3.17948717949,312,4.0,560,7.17948717949,56,0.717948717949,43,0.551282051282,14,0.179487179487,145,1.85897435897,195,1025,13.141025641,
Terry Catledge,WSB,1987-1988, 6-8,PF,24,70,1610,23.0,296,585,.506,0,2,.000,154,235,.655,180,2.57142857143,217,3.1,397,5.67142857143,63,0.9,33,0.471428571429,9,0.128571428571,101,1.44285714286,172,746,10.6571428571,
Terry Catledge,WSB,1988-1989, 6-8,PF,25,79,2077,26.2911392405,334,681,.490,1,5,.200,153,254,.602,230,2.91139240506,342,4.32911392405,572,7.24050632911,75,0.949367088608,46,0.582278481013,25,0.316455696203,120,1.51898734177,250,822,10.4050632911,
Terry Catledge,ORL,1989-1990, 6-8,PF,26,74,2462,33.2702702703,546,1152,.474,2,8,.250,341,486,.702,271,3.66216216216,292,3.94594594595,563,7.60810810811,72,0.972972972973,36,0.486486486486,17,0.22972972973,181,2.44594594595,201,1435,19.3918918919,
Terry Catledge,ORL,1990-1991, 6-8,PF,27,51,1459,28.6078431373,292,632,.462,0,5,.000,161,258,.624,168,3.29411764706,187,3.66666666667,355,6.96078431373,58,1.13725490196,34,0.666666666667,9,0.176470588235,107,2.09803921569,113,745,14.6078431373,
Terry Catledge,ORL,1991-1992, 6-8,PF,28,78,2430,31.1538461538,457,922,.496,0,4,.000,240,346,.694,257,3.29487179487,292,3.74358974359,549,7.03846153846,109,1.39743589744,58,0.74358974359,16,0.205128205128,138,1.76923076923,196,1154,14.7948717949,
Terry Catledge,ORL,1992-1993, 6-8,PF,29,21,262,12.4761904762,36,73,.493,0,0,.000,27,34,.794,18,0.857142857143,28,1.33333333333,46,2.19047619048,5,0.238095238095,4,0.190476190476,1,0.047619047619,25,1.19047619048,31,99,4.71428571429,
