Player,Team,Season,Height,Position,Age,G,MIN,MINPG,FGM,FGA,FGP,TPM,TPA,TPP,FTM,FTA,FTP,ORB,ORBPG,DRB,DRBPG,TRB,TRBPG,AST,ASTPG,STL,STLPG,BLK,BLKPG,TO,TOPG,PF,PTS,PTSPG,
Terry Dehere,LAC,1993-1994, 6-2,PG,22,64,759,11.859375,129,342,.377,23,57,.404,61,81,.753,25,0.390625,43,0.671875,68,1.0625,78,1.21875,28,0.4375,3,0.046875,61,0.953125,69,342,5.34375,
Terry Dehere,LAC,1994-1995, 6-2,PG,23,80,1774,22.175,279,685,.407,48,163,.294,229,292,.784,35,0.4375,117,1.4625,152,1.9,225,2.8125,45,0.5625,7,0.0875,157,1.9625,200,835,10.4375,
Terry Dehere,LAC,1995-1996, 6-2,PG,24,82,2018,24.6097560976,315,686,.459,139,316,.440,247,327,.755,41,0.5,102,1.24390243902,143,1.74390243902,350,4.26829268293,54,0.658536585366,16,0.19512195122,191,2.32926829268,239,1016,12.3902439024,
Terry Dehere,LAC,1996-1997, 6-2,PG,25,73,1053,14.4246575342,148,383,.386,52,160,.325,122,148,.824,15,0.205479452055,80,1.09589041096,95,1.30136986301,158,2.16438356164,27,0.369863013699,3,0.041095890411,96,1.31506849315,142,470,6.43835616438,
Terry Dehere,SAC,1997-1998, 6-2,PG,26,77,1410,18.3116883117,180,451,.399,50,132,.379,79,99,.798,21,0.272727272727,85,1.1038961039,106,1.37662337662,196,2.54545454545,52,0.675324675325,4,0.0519480519481,96,1.24675324675,150,489,6.35064935065,
Terry Dehere,TOT,1998-1999, 6-2,SG,27,26,291,11.1923076923,31,85,.365,16,39,.410,5,7,.714,7,0.269230769231,17,0.653846153846,24,0.923076923077,27,1.03846153846,7,0.269230769231,3,0.115384615385,16,0.615384615385,30,83,3.19230769231,
Terry Dehere,SAC,1998-1999, 6-2,PG,27,4,20,5.0,4,11,.364,1,5,.200,0,0,.000,2,0.5,0,0.0,2,0.5,1,0.25,2,0.5,0,0.0,2,0.5,2,9,2.25,
Terry Dehere,VAN,1998-1999, 6-2,SG,27,22,271,12.3181818182,27,74,.365,15,34,.441,5,7,.714,5,0.227272727273,17,0.772727272727,22,1.0,26,1.18181818182,5,0.227272727273,3,0.136363636364,14,0.636363636364,28,74,3.36363636364,
