Player,Team,Season,Height,Position,Age,G,MIN,MINPG,FGM,FGA,FGP,TPM,TPA,TPP,FTM,FTA,FTP,ORB,ORBPG,DRB,DRBPG,TRB,TRBPG,AST,ASTPG,STL,STLPG,BLK,BLKPG,TO,TOPG,PF,PTS,PTSPG,
Terrence Ross,TOR,2012-2013, 6-6,SG,21,59,970,16.4406779661,144,367,.392,57,172,.331,19,29,.655,27,0.457627118644,89,1.50847457627,116,1.96610169492,48,0.813559322034,35,0.593220338983,13,0.220338983051,40,0.677966101695,95,364,6.16949152542,
