Player,Team,Season,Height,Position,Age,G,MIN,MINPG,FGM,FGA,FGP,TPM,TPA,TPP,FTM,FTA,FTP,ORB,ORBPG,DRB,DRBPG,TRB,TRBPG,AST,ASTPG,STL,STLPG,BLK,BLKPG,TO,TOPG,PF,PTS,PTSPG,
Terrence Rencher,TOT,1995-1996, 6-3,PG,22,36,405,11.25,33,100,.330,9,29,.310,31,46,.674,9,0.25,35,0.972222222222,44,1.22222222222,54,1.5,16,0.444444444444,2,0.0555555555556,43,1.19444444444,37,106,2.94444444444,
Terrence Rencher,MIA,1995-1996, 6-3,PG,22,34,397,11.6764705882,32,99,.323,9,29,.310,30,43,.698,9,0.264705882353,33,0.970588235294,42,1.23529411765,54,1.58823529412,16,0.470588235294,1,0.0294117647059,41,1.20588235294,36,103,3.02941176471,
Terrence Rencher,PHO,1995-1996, 6-3,PG,22,2,8,4.0,1,1,1.000,0,0,.000,1,3,.333,0,0.0,2,1.0,2,1.0,0,0.0,0,0.0,1,0.5,2,1.0,1,3,1.5,
