Player,Team,Season,Height,Position,Age,G,MIN,MINPG,FGM,FGA,FGP,TPM,TPA,TPP,FTM,FTA,FTP,ORB,ORBPG,DRB,DRBPG,TRB,TRBPG,AST,ASTPG,STL,STLPG,BLK,BLKPG,TO,TOPG,PF,PTS,PTSPG,
Tex Ritter,NYK,1948-1949, 6-2,,24,55,.000,0.0,123,353,.348,.000,.000,.000,91,146,.623,.000,0.0,.000,0.0,.000,0.0,57,1.03636363636,.000,0.0,.000,0.0,.000,0.0,71,337,6.12727272727,
Tex Ritter,NYK,1949-1950, 6-2,,25,62,.000,0.0,100,297,.337,.000,.000,.000,125,176,.710,.000,0.0,.000,0.0,.000,0.0,51,0.822580645161,.000,0.0,.000,0.0,.000,0.0,101,325,5.24193548387,
Tex Ritter,NYK,1950-1951, 6-2,,26,34,.000,0.0,100,297,.337,.000,.000,.000,49,71,.690,.000,0.0,.000,0.0,65,1.91176470588,37,1.08823529412,.000,0.0,.000,0.0,.000,0.0,52,249,7.32352941176,
