Player,Team,Season,Height,Position,Age,G,MIN,MINPG,FGM,FGA,FGP,TPM,TPA,TPP,FTM,FTA,FTP,ORB,ORBPG,DRB,DRBPG,TRB,TRBPG,AST,ASTPG,STL,STLPG,BLK,BLKPG,TO,TOPG,PF,PTS,PTSPG,
Tharon Mayes,TOT,1991-1992, 6-3,SG,23,24,255,10.625,30,99,.303,15,41,.366,24,36,.667,3,0.125,13,0.541666666667,16,0.666666666667,35,1.45833333333,16,0.666666666667,2,0.0833333333333,31,1.29166666667,41,99,4.125,
Tharon Mayes,PHI,1991-1992, 6-3,SG,23,21,215,10.2380952381,28,94,.298,14,39,.359,20,30,.667,3,0.142857142857,12,0.571428571429,15,0.714285714286,32,1.52380952381,14,0.666666666667,1,0.047619047619,28,1.33333333333,32,90,4.28571428571,
Tharon Mayes,LAC,1991-1992, 6-3,SG,23,3,40,13.3333333333,2,5,.400,1,2,.500,4,6,.667,0,0.0,1,0.333333333333,1,0.333333333333,3,1.0,2,0.666666666667,1,0.333333333333,3,1.0,9,9,3.0,
