Player,Team,Season,Height,Position,Age,G,MIN,MINPG,FGM,FGA,FGP,TPM,TPA,TPP,FTM,FTA,FTP,ORB,ORBPG,DRB,DRBPG,TRB,TRBPG,AST,ASTPG,STL,STLPG,BLK,BLKPG,TO,TOPG,PF,PTS,PTSPG,
Thomas Robinson,TOT,2012-2013, 6-9,PF,21,58,913,15.7413793103,117,268,.437,0,0,.000,47,85,.553,99,1.70689655172,166,2.86206896552,265,4.56896551724,39,0.672413793103,32,0.551724137931,23,0.396551724138,73,1.25862068966,107,281,4.84482758621,
Thomas Robinson,SAC,2012-2013, 6-9,PF,21,51,809,15.862745098,103,243,.424,0,0,.000,41,71,.577,92,1.80392156863,146,2.86274509804,238,4.66666666667,36,0.705882352941,25,0.490196078431,21,0.411764705882,65,1.27450980392,95,247,4.8431372549,
Thomas Robinson,HOU,2012-2013, 6-9,,21,7,104,14.8571428571,14,25,.560,0,0,.000,6,14,.429,7,1.0,20,2.85714285714,27,3.85714285714,3,0.428571428571,7,1.0,2,0.285714285714,8,1.14285714286,12,34,4.85714285714,
