Player,Team,Season,Height,Position,Age,G,MIN,MINPG,FGM,FGA,FGP,TPM,TPA,TPP,FTM,FTA,FTP,ORB,ORBPG,DRB,DRBPG,TRB,TRBPG,AST,ASTPG,STL,STLPG,BLK,BLKPG,TO,TOPG,PF,PTS,PTSPG,
Thomas Hamilton,BOS,1995-1996, 7-2,C,20,11,70,6.36363636364,9,31,.290,0,0,.000,7,18,.389,10,0.909090909091,12,1.09090909091,22,2.0,1,0.0909090909091,0,0.0,9,0.818181818182,9,0.818181818182,12,25,2.27272727273,
Thomas Hamilton,HOU,1999-2000, 7-2,C,24,22,273,12.4090909091,35,79,.443,0,0,.000,12,23,.522,31,1.40909090909,59,2.68181818182,90,4.09090909091,15,0.681818181818,4,0.181818181818,14,0.636363636364,28,1.27272727273,25,82,3.72727272727,
