Player,Team,Season,Height,Position,Age,G,MIN,MINPG,FGM,FGA,FGP,TPM,TPA,TPP,FTM,FTA,FTP,ORB,ORBPG,DRB,DRBPG,TRB,TRBPG,AST,ASTPG,STL,STLPG,BLK,BLKPG,TO,TOPG,PF,PTS,PTSPG,
Ticky Burden,VIR,1975-1976, 6-2,SG,22,71,2181,30.7183098592,561,1247,.450,8,36,.222,283,369,.767,108,1.52112676056,94,1.32394366197,202,2.84507042254,131,1.84507042254,103,1.45070422535,9,0.12676056338,181,2.54929577465,188,1413,19.9014084507,
Ticky Burden,NYK,1976-1977, 6-2,SG,23,61,608,9.96721311475,148,352,.420,.000,.000,.000,51,85,.600,26,0.426229508197,40,0.655737704918,66,1.08196721311,62,1.01639344262,47,0.770491803279,1,0.016393442623,.000,0.0,88,347,5.68852459016,
Ticky Burden,NYK,1977-1978, 6-2,SG,24,2,15,7.5,1,2,.500,.000,.000,.000,0,0,.000,0,0.0,0,0.0,0,0.0,1,0.5,1,0.5,0,0.0,0,0.0,1,2,1.0,
