Player,Team,Season,Height,Position,Age,G,MIN,MINPG,FGM,FGA,FGP,TPM,TPA,TPP,FTM,FTA,FTP,ORB,ORBPG,DRB,DRBPG,TRB,TRBPG,AST,ASTPG,STL,STLPG,BLK,BLKPG,TO,TOPG,PF,PTS,PTSPG,
Tierre Brown,HOU,2001-2002, 6-2,SG,22,40,403,10.075,49,115,.426,4,12,.333,21,28,.750,12,0.3,30,0.75,42,1.05,70,1.75,19,0.475,3,0.075,40,1.0,26,123,3.075,
Tierre Brown,CLE,2002-2003, 6-2,PG,23,15,168,11.2,27,59,.458,0,1,.000,11,14,.786,8,0.533333333333,22,1.46666666667,30,2.0,39,2.6,13,0.866666666667,0,0.0,22,1.46666666667,9,65,4.33333333333,
Tierre Brown,NOH,2003-2004, 6-2,PG,24,3,17,5.66666666667,2,4,.500,0,0,.000,2,4,.500,0,0.0,1,0.333333333333,1,0.333333333333,2,0.666666666667,0,0.0,0,0.0,7,2.33333333333,1,6,2.0,
Tierre Brown,LAL,2004-2005, 6-2,PG,25,76,1066,14.0263157895,124,348,.356,26,72,.361,59,75,.787,21,0.276315789474,72,0.947368421053,93,1.22368421053,155,2.03947368421,32,0.421052631579,1,0.0131578947368,74,0.973684210526,59,333,4.38157894737,
