Player,Team,Season,Height,Position,Age,G,MIN,MINPG,FGM,FGA,FGP,TPM,TPA,TPP,FTM,FTA,FTP,ORB,ORBPG,DRB,DRBPG,TRB,TRBPG,AST,ASTPG,STL,STLPG,BLK,BLKPG,TO,TOPG,PF,PTS,PTSPG,
Tim James,MIA,1999-2000, 6-7,SF,23,4,23,5.75,5,14,.357,0,0,.000,1,3,.333,3,0.75,1,0.25,4,1.0,2,0.5,0,0.0,3,0.75,2,0.5,1,11,2.75,
Tim James,CHH,2000-2001, 6-7,SF,24,30,197,6.56666666667,16,52,.308,1,3,.333,12,14,.857,15,0.5,20,0.666666666667,35,1.16666666667,8,0.266666666667,2,0.0666666666667,5,0.166666666667,8,0.266666666667,27,45,1.5,
Tim James,PHI,2001-2002, 6-7,SF,25,9,41,4.55555555556,5,13,.385,0,0,.000,2,6,.333,5,0.555555555556,2,0.222222222222,7,0.777777777778,1,0.111111111111,0,0.0,1,0.111111111111,3,0.333333333333,5,12,1.33333333333,
