Player,Team,Season,Height,Position,Age,G,MIN,MINPG,FGM,FGA,FGP,TPM,TPA,TPP,FTM,FTA,FTP,ORB,ORBPG,DRB,DRBPG,TRB,TRBPG,AST,ASTPG,STL,STLPG,BLK,BLKPG,TO,TOPG,PF,PTS,PTSPG,
Tim Bassett,SDA,1973-1974, 6-8,PF,22,82,1854,22.6097560976,233,499,.467,0,4,.000,99,167,.593,252,3.07317073171,343,4.18292682927,595,7.25609756098,109,1.32926829268,57,0.69512195122,35,0.426829268293,87,1.06097560976,185,565,6.89024390244,
Tim Bassett,SDA,1974-1975, 6-8,PF,23,72,1998,27.75,244,518,.471,3,4,.750,82,146,.562,210,2.91666666667,316,4.38888888889,526,7.30555555556,117,1.625,45,0.625,36,0.5,97,1.34722222222,159,573,7.95833333333,
Tim Bassett,NYA,1975-1976, 6-8,PF,24,84,1790,21.3095238095,173,396,.437,1,6,.167,58,98,.592,185,2.20238095238,346,4.11904761905,531,6.32142857143,65,0.77380952381,47,0.559523809524,41,0.488095238095,97,1.15476190476,247,405,4.82142857143,
Tim Bassett,NYN,1976-1977, 6-8,PF,25,76,2442,32.1315789474,293,739,.396,.000,.000,.000,101,177,.571,175,2.30263157895,466,6.13157894737,641,8.43421052632,109,1.43421052632,95,1.25,53,0.697368421053,.000,0.0,246,687,9.03947368421,
Tim Bassett,NJN,1977-1978, 6-8,PF,26,65,1474,22.6769230769,149,384,.388,.000,.000,.000,50,97,.515,142,2.18461538462,262,4.03076923077,404,6.21538461538,63,0.969230769231,62,0.953846153846,33,0.507692307692,80,1.23076923077,181,348,5.35384615385,
Tim Bassett,NJN,1978-1979, 6-8,PF,27,82,1508,18.3902439024,116,313,.371,.000,.000,.000,89,131,.679,174,2.12195121951,244,2.9756097561,418,5.09756097561,99,1.20731707317,44,0.536585365854,29,0.353658536585,103,1.25609756098,219,321,3.91463414634,
Tim Bassett,TOT,1979-1980, 6-8,PF,28,12,164,13.6666666667,12,34,.353,0,0,.000,10,15,.667,11,0.916666666667,22,1.83333333333,33,2.75,14,1.16666666667,8,0.666666666667,0,0.0,9,0.75,27,34,2.83333333333,
Tim Bassett,NJN,1979-1980, 6-8,PF,28,7,92,13.1428571429,8,22,.364,0,0,.000,8,12,.667,7,1.0,11,1.57142857143,18,2.57142857143,4,0.571428571429,5,0.714285714286,0,0.0,4,0.571428571429,14,24,3.42857142857,
Tim Bassett,SAS,1979-1980, 6-8,PF,28,5,72,14.4,4,12,.333,0,0,.000,2,3,.667,4,0.8,11,2.2,15,3.0,10,2.0,3,0.6,0,0.0,5,1.0,13,10,2.0,
