Player,Team,Season,Height,Position,Age,G,MIN,MINPG,FGM,FGA,FGP,TPM,TPA,TPP,FTM,FTA,FTP,ORB,ORBPG,DRB,DRBPG,TRB,TRBPG,AST,ASTPG,STL,STLPG,BLK,BLKPG,TO,TOPG,PF,PTS,PTSPG,
Timofey Mozgov,TOT,2010-2011, 7-1,C,24,45,524,11.6444444444,63,133,.474,0,0,.000,37,52,.712,46,1.02222222222,75,1.66666666667,121,2.68888888889,15,0.333333333333,15,0.333333333333,25,0.555555555556,35,0.777777777778,84,163,3.62222222222,
Timofey Mozgov,NYK,2010-2011, 7-1,C,24,34,458,13.4705882353,52,112,.464,0,0,.000,31,44,.705,41,1.20588235294,63,1.85294117647,104,3.05882352941,15,0.441176470588,14,0.411764705882,23,0.676470588235,32,0.941176470588,76,135,3.97058823529,
Timofey Mozgov,DEN,2010-2011, 7-1,C,24,11,66,6.0,11,21,.524,0,0,.000,6,8,.750,5,0.454545454545,12,1.09090909091,17,1.54545454545,0,0.0,1,0.0909090909091,2,0.181818181818,3,0.272727272727,8,28,2.54545454545,
Timofey Mozgov,DEN,2011-2012, 7-1,C,25,44,687,15.6136363636,100,190,.526,0,0,.000,39,57,.684,53,1.20454545455,126,2.86363636364,179,4.06818181818,22,0.5,15,0.340909090909,42,0.954545454545,53,1.20454545455,86,239,5.43181818182,
Timofey Mozgov,DEN,2012-2013, 7-1,C,26,36,330,9.16666666667,40,76,.526,0,2,.000,16,22,.727,42,1.16666666667,49,1.36111111111,91,2.52777777778,8,0.222222222222,6,0.166666666667,17,0.472222222222,23,0.638888888889,52,96,2.66666666667,
