Player,Team,Season,Height,Position,Age,G,MIN,MINPG,FGM,FGA,FGP,TPM,TPA,TPP,FTM,FTA,FTP,ORB,ORBPG,DRB,DRBPG,TRB,TRBPG,AST,ASTPG,STL,STLPG,BLK,BLKPG,TO,TOPG,PF,PTS,PTSPG,
Tito Horford,MIL,1988-1989, 7-1,C,23,25,112,4.48,15,46,.326,0,0,.000,12,19,.632,9,0.36,13,0.52,22,0.88,3,0.12,1,0.04,7,0.28,15,0.6,14,42,1.68,
Tito Horford,MIL,1989-1990, 7-1,C,24,35,236,6.74285714286,18,62,.290,0,0,.000,15,24,.625,19,0.542857142857,40,1.14285714286,59,1.68571428571,2,0.0571428571429,5,0.142857142857,16,0.457142857143,14,0.4,33,51,1.45714285714,
Tito Horford,WSB,1993-1994, 7-1,C,28,3,28,9.33333333333,0,2,.000,0,0,.000,0,0,.000,1,0.333333333333,2,0.666666666667,3,1.0,0,0.0,1,0.333333333333,3,1.0,1,0.333333333333,3,0,0.0,
