Player,Team,Season,Height,Position,Age,G,MIN,MINPG,FGM,FGA,FGP,TPM,TPA,TPP,FTM,FTA,FTP,ORB,ORBPG,DRB,DRBPG,TRB,TRBPG,AST,ASTPG,STL,STLPG,BLK,BLKPG,TO,TOPG,PF,PTS,PTSPG,
Toby Bailey,PHO,1998-1999, 6-6,SG,23,27,249,9.22222222222,34,86,.395,1,5,.200,9,13,.692,24,0.888888888889,30,1.11111111111,54,2.0,13,0.481481481481,9,0.333333333333,2,0.0740740740741,11,0.407407407407,24,78,2.88888888889,
Toby Bailey,PHO,1999-2000, 6-6,SG,24,46,449,9.76086956522,58,140,.414,2,10,.200,45,65,.692,26,0.565217391304,46,1.0,72,1.5652173913,30,0.652173913043,13,0.282608695652,4,0.0869565217391,24,0.521739130435,55,163,3.54347826087,
