Player,Team,Season,Height,Position,Age,G,MIN,MINPG,FGM,FGA,FGP,TPM,TPA,TPP,FTM,FTA,FTP,ORB,ORBPG,DRB,DRBPG,TRB,TRBPG,AST,ASTPG,STL,STLPG,BLK,BLKPG,TO,TOPG,PF,PTS,PTSPG,
Toby Kimball,BOS,1966-1967, 6-6,PF,24,38,222,5.84210526316,35,97,.361,.000,.000,.000,27,40,.675,.000,0.0,.000,0.0,146,3.84210526316,13,0.342105263158,.000,0.0,.000,0.0,.000,0.0,42,97,2.55263157895,
Toby Kimball,SDR,1967-1968, 6-6,PF,25,81,2519,31.0987654321,354,894,.396,.000,.000,.000,181,306,.592,.000,0.0,.000,0.0,947,11.6913580247,147,1.81481481481,.000,0.0,.000,0.0,.000,0.0,273,889,10.975308642,
Toby Kimball,SDR,1968-1969, 6-6,PF,26,76,1680,22.1052631579,239,537,.445,.000,.000,.000,117,250,.468,.000,0.0,.000,0.0,669,8.80263157895,90,1.18421052632,.000,0.0,.000,0.0,.000,0.0,216,595,7.82894736842,
Toby Kimball,SDR,1969-1970, 6-6,PF,27,77,1622,21.0649350649,218,508,.429,.000,.000,.000,107,185,.578,.000,0.0,.000,0.0,621,8.06493506494,95,1.23376623377,.000,0.0,.000,0.0,.000,0.0,187,543,7.05194805195,
Toby Kimball,SDR,1970-1971, 6-6,PF,28,80,1100,13.75,111,287,.387,.000,.000,.000,51,108,.472,.000,0.0,.000,0.0,406,5.075,62,0.775,.000,0.0,.000,0.0,.000,0.0,128,273,3.4125,
Toby Kimball,MIL,1971-1972, 6-6,PF,29,74,971,13.1216216216,107,229,.467,.000,.000,.000,44,81,.543,.000,0.0,.000,0.0,312,4.21621621622,60,0.810810810811,.000,0.0,.000,0.0,.000,0.0,137,258,3.48648648649,
Toby Kimball,KCO,1972-1973, 6-6,PF,30,67,743,11.0895522388,96,220,.436,.000,.000,.000,44,67,.657,.000,0.0,.000,0.0,191,2.85074626866,27,0.402985074627,.000,0.0,.000,0.0,.000,0.0,86,236,3.5223880597,
Toby Kimball,PHI,1973-1974, 6-6,PF,31,75,1592,21.2266666667,216,456,.474,.000,.000,.000,127,185,.686,185,2.46666666667,367,4.89333333333,552,7.36,73,0.973333333333,49,0.653333333333,23,0.306666666667,.000,0.0,199,559,7.45333333333,
Toby Kimball,NOJ,1974-1975, 6-6,PF,32,3,90,30.0,7,23,.304,.000,.000,.000,6,7,.857,8,2.66666666667,18,6.0,26,8.66666666667,4,1.33333333333,2,0.666666666667,0,0.0,.000,0.0,12,20,6.66666666667,
