Player,Team,Season,Height,Position,Age,G,MIN,MINPG,FGM,FGA,FGP,TPM,TPA,TPP,FTM,FTA,FTP,ORB,ORBPG,DRB,DRBPG,TRB,TRBPG,AST,ASTPG,STL,STLPG,BLK,BLKPG,TO,TOPG,PF,PTS,PTSPG,
Toby Knight,NYK,1977-1978, 6-9,SF,22,80,1169,14.6125,222,465,.477,.000,.000,.000,63,97,.649,121,1.5125,200,2.5,321,4.0125,38,0.475,50,0.625,28,0.35,97,1.2125,211,507,6.3375,
Toby Knight,NYK,1978-1979, 6-9,SF,23,82,2667,32.5243902439,609,1174,.519,.000,.000,.000,145,206,.704,201,2.4512195122,347,4.23170731707,548,6.68292682927,124,1.51219512195,61,0.743902439024,60,0.731707317073,163,1.98780487805,309,1363,16.6219512195,
Toby Knight,NYK,1979-1980, 6-9,SF,24,81,2945,36.3580246914,669,1265,.529,0,2,.000,211,261,.808,201,2.48148148148,292,3.6049382716,493,6.08641975309,150,1.85185185185,117,1.44444444444,86,1.06172839506,163,2.01234567901,302,1549,19.1234567901,
Toby Knight,NYK,1981-1982, 6-9,SF,26,40,550,13.75,102,183,.557,0,0,.000,17,25,.680,33,0.825,49,1.225,82,2.05,23,0.575,14,0.35,11,0.275,21,0.525,74,221,5.525,
