Player,Team,Season,Height,Position,Age,G,MIN,MINPG,FGM,FGA,FGP,TPM,TPA,TPP,FTM,FTA,FTP,ORB,ORBPG,DRB,DRBPG,TRB,TRBPG,AST,ASTPG,STL,STLPG,BLK,BLKPG,TO,TOPG,PF,PTS,PTSPG,
Tod Murphy,LAC,1987-1988, 6-9,PF,24,1,19,19.0,1,1,1.000,0,0,.000,3,4,.750,1,1.0,1,1.0,2,2.0,2,2.0,1,1.0,0,0.0,0,0.0,2,5,5.0,
Tod Murphy,MIN,1989-1990, 6-9,C,26,82,2493,30.4024390244,260,552,.471,16,43,.372,144,203,.709,207,2.5243902439,357,4.35365853659,564,6.87804878049,106,1.29268292683,76,0.926829268293,60,0.731707317073,61,0.743902439024,229,680,8.29268292683,
Tod Murphy,MIN,1990-1991, 6-9,PF,27,52,1063,20.4423076923,90,227,.396,1,17,.059,70,105,.667,92,1.76923076923,163,3.13461538462,255,4.90384615385,60,1.15384615385,25,0.480769230769,20,0.384615384615,32,0.615384615385,101,251,4.82692307692,
Tod Murphy,MIN,1991-1992, 6-9,PF,28,47,429,9.12765957447,39,80,.488,1,2,.500,19,34,.559,36,0.765957446809,74,1.57446808511,110,2.34042553191,11,0.234042553191,9,0.191489361702,8,0.170212765957,18,0.382978723404,40,98,2.08510638298,
Tod Murphy,TOT,1993-1994, 6-9,PF,30,9,67,7.44444444444,6,12,.500,0,0,.000,3,6,.500,4,0.444444444444,6,0.666666666667,10,1.11111111111,4,0.444444444444,2,0.222222222222,0,0.0,1,0.111111111111,10,15,1.66666666667,
Tod Murphy,DET,1993-1994, 6-9,PF,30,7,57,8.14285714286,6,12,.500,0,0,.000,3,6,.500,4,0.571428571429,5,0.714285714286,9,1.28571428571,3,0.428571428571,2,0.285714285714,0,0.0,1,0.142857142857,8,15,2.14285714286,
Tod Murphy,GSW,1993-1994, 6-9,PF,30,2,10,5.0,0,0,.000,0,0,.000,0,0,.000,0,0.0,1,0.5,1,0.5,1,0.5,0,0.0,0,0.0,0,0.0,2,0,0.0,
