Player,Team,Season,Height,Position,Age,G,MIN,MINPG,FGM,FGA,FGP,TPM,TPA,TPP,FTM,FTA,FTP,ORB,ORBPG,DRB,DRBPG,TRB,TRBPG,AST,ASTPG,STL,STLPG,BLK,BLKPG,TO,TOPG,PF,PTS,PTSPG,
Todd Lichti,DEN,1989-1990, 6-4,SG,23,79,1326,16.7848101266,250,514,.486,0,14,.000,130,174,.747,49,0.620253164557,102,1.29113924051,151,1.91139240506,116,1.46835443038,55,0.696202531646,13,0.164556962025,95,1.20253164557,145,630,7.9746835443,
Todd Lichti,DEN,1990-1991, 6-4,SG,24,29,860,29.6551724138,166,378,.439,14,47,.298,59,69,.855,49,1.68965517241,63,2.1724137931,112,3.86206896552,72,2.48275862069,46,1.58620689655,8,0.275862068966,33,1.13793103448,65,405,13.9655172414,
Todd Lichti,DEN,1991-1992, 6-4,SG,25,68,1176,17.2941176471,173,376,.460,1,9,.111,99,118,.839,36,0.529411764706,82,1.20588235294,118,1.73529411765,74,1.08823529412,43,0.632352941176,12,0.176470588235,72,1.05882352941,130,446,6.55882352941,
Todd Lichti,DEN,1992-1993, 6-4,SG,26,48,752,15.6666666667,124,276,.449,2,6,.333,81,102,.794,35,0.729166666667,67,1.39583333333,102,2.125,52,1.08333333333,28,0.583333333333,11,0.229166666667,49,1.02083333333,60,331,6.89583333333,
Todd Lichti,TOT,1993-1994, 6-4,SG,27,13,126,9.69230769231,20,51,.392,2,2,1.000,16,25,.640,8,0.615384615385,14,1.07692307692,22,1.69230769231,11,0.846153846154,7,0.538461538462,1,0.0769230769231,5,0.384615384615,16,58,4.46153846154,
Todd Lichti,ORL,1993-1994, 6-4,SG,27,4,20,5.0,4,9,.444,0,0,.000,0,0,.000,3,0.75,1,0.25,4,1.0,2,0.5,2,0.5,0,0.0,2,0.5,3,8,2.0,
Todd Lichti,GSW,1993-1994, 6-4,SG,27,5,58,11.6,10,28,.357,2,2,1.000,9,11,.818,3,0.6,7,1.4,10,2.0,3,0.6,0,0.0,0,0.0,0,0.0,9,31,6.2,
Todd Lichti,BOS,1993-1994, 6-4,SG,27,4,48,12.0,6,14,.429,0,0,.000,7,14,.500,2,0.5,6,1.5,8,2.0,6,1.5,5,1.25,1,0.25,3,0.75,4,19,4.75,
