Player,Team,Season,Height,Position,Age,G,MIN,MINPG,FGM,FGA,FGP,TPM,TPA,TPP,FTM,FTA,FTP,ORB,ORBPG,DRB,DRBPG,TRB,TRBPG,AST,ASTPG,STL,STLPG,BLK,BLKPG,TO,TOPG,PF,PTS,PTSPG,
Todd Mitchell,TOT,1988-1989, 6-7,SF,22,24,353,14.7083333333,43,97,.443,0,0,.000,37,64,.578,18,0.75,32,1.33333333333,50,2.08333333333,21,0.875,16,0.666666666667,2,0.0833333333333,33,1.375,51,123,5.125,
Todd Mitchell,MIA,1988-1989, 6-7,SF,22,22,320,14.5454545455,41,88,.466,0,0,.000,36,60,.600,17,0.772727272727,30,1.36363636364,47,2.13636363636,20,0.909090909091,15,0.681818181818,2,0.0909090909091,29,1.31818181818,49,118,5.36363636364,
Todd Mitchell,SAS,1988-1989, 6-7,SF,22,2,33,16.5,2,9,.222,0,0,.000,1,4,.250,1,0.5,2,1.0,3,1.5,1,0.5,1,0.5,0,0.0,4,2.0,2,5,2.5,
