Player,Team,Season,Height,Position,Age,G,MIN,MINPG,FGM,FGA,FGP,TPM,TPA,TPP,FTM,FTA,FTP,ORB,ORBPG,DRB,DRBPG,TRB,TRBPG,AST,ASTPG,STL,STLPG,BLK,BLKPG,TO,TOPG,PF,PTS,PTSPG,
Togo Palazzi,BOS,1954-1955, 6-4,SG,22,53,504,9.50943396226,101,253,.399,.000,.000,.000,45,60,.750,.000,0.0,.000,0.0,146,2.75471698113,30,0.566037735849,.000,0.0,.000,0.0,.000,0.0,60,247,4.66037735849,
Togo Palazzi,BOS,1955-1956, 6-4,SF,23,63,703,11.1587301587,145,373,.389,.000,.000,.000,85,124,.685,.000,0.0,.000,0.0,182,2.88888888889,42,0.666666666667,.000,0.0,.000,0.0,.000,0.0,87,375,5.95238095238,
Togo Palazzi,TOT,1956-1957, 6-4,SF,24,63,1013,16.0793650794,210,571,.368,.000,.000,.000,136,175,.777,.000,0.0,.000,0.0,262,4.15873015873,49,0.777777777778,.000,0.0,.000,0.0,.000,0.0,117,556,8.8253968254,
Togo Palazzi,BOS,1956-1957, 6-4,SF,24,21,233,11.0952380952,41,118,.347,.000,.000,.000,23,32,.719,.000,0.0,.000,0.0,75,3.57142857143,8,0.380952380952,.000,0.0,.000,0.0,.000,0.0,23,105,5.0,
Togo Palazzi,SYR,1956-1957, 6-4,SF,24,42,780,18.5714285714,169,453,.373,.000,.000,.000,113,143,.790,.000,0.0,.000,0.0,187,4.45238095238,41,0.97619047619,.000,0.0,.000,0.0,.000,0.0,94,451,10.7380952381,
Togo Palazzi,SYR,1957-1958, 6-4,SF,25,67,1001,14.9402985075,228,579,.394,.000,.000,.000,123,171,.719,.000,0.0,.000,0.0,243,3.62686567164,42,0.626865671642,.000,0.0,.000,0.0,.000,0.0,125,579,8.64179104478,
Togo Palazzi,SYR,1958-1959, 6-4,SF,26,71,1053,14.8309859155,240,612,.392,.000,.000,.000,115,158,.728,.000,0.0,.000,0.0,266,3.74647887324,67,0.943661971831,.000,0.0,.000,0.0,.000,0.0,174,595,8.38028169014,
Togo Palazzi,SYR,1959-1960, 6-4,SF,27,7,70,10.0,13,41,.317,.000,.000,.000,4,8,.500,.000,0.0,.000,0.0,14,2.0,3,0.428571428571,.000,0.0,.000,0.0,.000,0.0,7,30,4.28571428571,
