Player,Team,Season,Height,Position,Age,G,MIN,MINPG,FGM,FGA,FGP,TPM,TPA,TPP,FTM,FTA,FTP,ORB,ORBPG,DRB,DRBPG,TRB,TRBPG,AST,ASTPG,STL,STLPG,BLK,BLKPG,TO,TOPG,PF,PTS,PTSPG,
Tom Barker,ATL,1976-1977, 6-11,C,21,59,1354,22.9491525424,182,436,.417,.000,.000,.000,112,164,.683,111,1.8813559322,290,4.91525423729,401,6.79661016949,60,1.01694915254,33,0.559322033898,41,0.694915254237,.000,0.0,223,476,8.06779661017,
Tom Barker,TOT,1978-1979, 6-11,C,23,39,476,12.2051282051,68,156,.436,.000,.000,.000,27,37,.730,45,1.15384615385,74,1.89743589744,119,3.05128205128,15,0.384615384615,10,0.25641025641,11,0.282051282051,34,0.871794871795,76,163,4.17948717949,
Tom Barker,HOU,1978-1979, 6-11,C,23,5,16,3.2,3,6,.500,.000,.000,.000,2,2,1.000,2,0.4,4,0.8,6,1.2,0,0.0,0,0.0,0,0.0,1,0.2,5,8,1.6,
Tom Barker,BOS,1978-1979, 6-11,C,23,12,131,10.9166666667,21,48,.438,.000,.000,.000,11,15,.733,12,1.0,18,1.5,30,2.5,6,0.5,4,0.333333333333,4,0.333333333333,13,1.08333333333,26,53,4.41666666667,
Tom Barker,NYK,1978-1979, 6-11,C,23,22,329,14.9545454545,44,102,.431,.000,.000,.000,14,20,.700,31,1.40909090909,52,2.36363636364,83,3.77272727273,9,0.409090909091,6,0.272727272727,7,0.318181818182,20,0.909090909091,45,102,4.63636363636,
