Player,Team,Season,Height,Position,Age,G,MIN,MINPG,FGM,FGA,FGP,TPM,TPA,TPP,FTM,FTA,FTP,ORB,ORBPG,DRB,DRBPG,TRB,TRBPG,AST,ASTPG,STL,STLPG,BLK,BLKPG,TO,TOPG,PF,PTS,PTSPG,
Tom Copa,SAS,1991-1992, 6-10,C,27,33,132,4.0,22,40,.550,0,0,.000,4,13,.308,14,0.424242424242,22,0.666666666667,36,1.09090909091,3,0.0909090909091,2,0.0606060606061,6,0.181818181818,8,0.242424242424,29,48,1.45454545455,
