Player,Team,Season,Height,Position,Age,G,MIN,MINPG,FGM,FGA,FGP,TPM,TPA,TPP,FTM,FTA,FTP,ORB,ORBPG,DRB,DRBPG,TRB,TRBPG,AST,ASTPG,STL,STLPG,BLK,BLKPG,TO,TOPG,PF,PTS,PTSPG,
Tom Black,TOT,1970-1971, 6-10,C,29,71,873,12.2957746479,121,301,.402,.000,.000,.000,57,88,.648,.000,0.0,.000,0.0,259,3.64788732394,44,0.619718309859,.000,0.0,.000,0.0,.000,0.0,136,299,4.21126760563,
Tom Black,SEA,1970-1971, 6-10,C,29,55,773,14.0545454545,111,268,.414,.000,.000,.000,51,73,.699,.000,0.0,.000,0.0,225,4.09090909091,42,0.763636363636,.000,0.0,.000,0.0,.000,0.0,116,273,4.96363636364,
Tom Black,CIN,1970-1971, 6-10,C,29,16,100,6.25,10,33,.303,.000,.000,.000,6,15,.400,.000,0.0,.000,0.0,34,2.125,2,0.125,.000,0.0,.000,0.0,.000,0.0,20,26,1.625,
