Player,Team,Season,Height,Position,Age,G,MIN,MINPG,FGM,FGA,FGP,TPM,TPA,TPP,FTM,FTA,FTP,ORB,ORBPG,DRB,DRBPG,TRB,TRBPG,AST,ASTPG,STL,STLPG,BLK,BLKPG,TO,TOPG,PF,PTS,PTSPG,
Tom Abernethy,LAL,1976-1977, 6-7,SF,22,70,1378,19.6857142857,169,349,.484,.000,.000,.000,101,134,.754,113,1.61428571429,178,2.54285714286,291,4.15714285714,98,1.4,49,0.7,10,0.142857142857,.000,0.0,118,439,6.27142857143,
Tom Abernethy,LAL,1977-1978, 6-7,SF,23,73,1317,18.0410958904,201,404,.498,.000,.000,.000,91,111,.820,105,1.43835616438,160,2.19178082192,265,3.6301369863,101,1.38356164384,55,0.753424657534,22,0.301369863014,50,0.684931506849,122,493,6.75342465753,
Tom Abernethy,GSW,1978-1979, 6-7,PF,24,70,1219,17.4142857143,176,342,.515,.000,.000,.000,70,94,.745,74,1.05714285714,142,2.02857142857,216,3.08571428571,79,1.12857142857,39,0.557142857143,13,0.185714285714,32,0.457142857143,133,422,6.02857142857,
Tom Abernethy,GSW,1979-1980, 6-7,PF,25,67,1222,18.2388059701,153,318,.481,0,1,.000,56,82,.683,62,0.925373134328,129,1.92537313433,191,2.85074626866,87,1.29850746269,35,0.522388059701,12,0.179104477612,39,0.582089552239,118,362,5.40298507463,
Tom Abernethy,TOT,1980-1981, 6-7,SF,26,39,298,7.64102564103,25,59,.424,0,1,.000,13,22,.591,20,0.512820512821,28,0.717948717949,48,1.23076923077,19,0.487179487179,7,0.179487179487,3,0.0769230769231,8,0.205128205128,34,63,1.61538461538,
Tom Abernethy,GSW,1980-1981, 6-7,SF,26,10,39,3.9,1,3,.333,0,0,.000,2,3,.667,1,0.1,7,0.7,8,0.8,1,0.1,1,0.1,0,0.0,2,0.2,5,4,0.4,
Tom Abernethy,IND,1980-1981, 6-7,SF,26,29,259,8.93103448276,24,56,.429,0,1,.000,11,19,.579,19,0.655172413793,21,0.724137931034,40,1.37931034483,18,0.620689655172,6,0.206896551724,3,0.103448275862,6,0.206896551724,29,59,2.03448275862,
