Player,Team,Season,Height,Position,Age,G,MIN,MINPG,FGM,FGA,FGP,TPM,TPA,TPP,FTM,FTA,FTP,ORB,ORBPG,DRB,DRBPG,TRB,TRBPG,AST,ASTPG,STL,STLPG,BLK,BLKPG,TO,TOPG,PF,PTS,PTSPG,
Tom Garrick,LAC,1988-1989, 6-2,SG,22,71,1499,21.1126760563,176,359,.490,0,13,.000,102,127,.803,37,0.521126760563,119,1.67605633803,156,2.19718309859,243,3.42253521127,78,1.0985915493,9,0.12676056338,116,1.6338028169,141,454,6.39436619718,
Tom Garrick,LAC,1989-1990, 6-2,SG,23,73,1721,23.5753424658,208,421,.494,4,21,.190,88,114,.772,34,0.465753424658,128,1.75342465753,162,2.21917808219,289,3.95890410959,90,1.23287671233,7,0.0958904109589,117,1.60273972603,151,508,6.95890410959,
Tom Garrick,LAC,1990-1991, 6-2,SG,24,67,949,14.1641791045,100,236,.424,0,22,.000,60,79,.759,40,0.597014925373,87,1.29850746269,127,1.89552238806,223,3.32835820896,62,0.925373134328,2,0.0298507462687,66,0.985074626866,101,260,3.88059701493,
Tom Garrick,TOT,1991-1992, 6-2,SG,25,40,549,13.725,59,143,.413,1,4,.250,18,26,.692,12,0.3,44,1.1,56,1.4,98,2.45,36,0.9,4,0.1,44,1.1,54,137,3.425,
Tom Garrick,SAS,1991-1992, 6-2,SG,25,19,374,19.6842105263,44,93,.473,0,1,.000,10,16,.625,8,0.421052631579,33,1.73684210526,41,2.15789473684,63,3.31578947368,21,1.10526315789,1,0.0526315789474,30,1.57894736842,33,98,5.15789473684,
Tom Garrick,MIN,1991-1992, 6-2,SG,25,15,112,7.46666666667,11,33,.333,1,2,.500,6,8,.750,2,0.133333333333,7,0.466666666667,9,0.6,18,1.2,7,0.466666666667,3,0.2,10,0.666666666667,14,29,1.93333333333,
Tom Garrick,DAL,1991-1992, 6-2,SG,25,6,63,10.5,4,17,.235,0,1,.000,2,2,1.000,2,0.333333333333,4,0.666666666667,6,1.0,17,2.83333333333,8,1.33333333333,0,0.0,4,0.666666666667,7,10,1.66666666667,
