Player,Team,Season,Height,Position,Age,G,MIN,MINPG,FGM,FGA,FGP,TPM,TPA,TPP,FTM,FTA,FTP,ORB,ORBPG,DRB,DRBPG,TRB,TRBPG,AST,ASTPG,STL,STLPG,BLK,BLKPG,TO,TOPG,PF,PTS,PTSPG,
Tom Sewell,WSB,1984-1985, 6-5,SG,22,21,87,4.14285714286,9,36,.250,0,2,.000,2,4,.500,2,0.0952380952381,2,0.0952380952381,4,0.190476190476,6,0.285714285714,3,0.142857142857,1,0.047619047619,7,0.333333333333,13,20,0.952380952381,
