Player,Team,Season,Height,Position,Age,G,MIN,MINPG,FGM,FGA,FGP,TPM,TPA,TPP,FTM,FTA,FTP,ORB,ORBPG,DRB,DRBPG,TRB,TRBPG,AST,ASTPG,STL,STLPG,BLK,BLKPG,TO,TOPG,PF,PTS,PTSPG,
Tom Burleson,SEA,1974-1975, 7-2,C,22,82,1888,23.0243902439,322,772,.417,.000,.000,.000,182,265,.687,155,1.89024390244,417,5.08536585366,572,6.9756097561,115,1.40243902439,64,0.780487804878,153,1.86585365854,.000,0.0,221,826,10.0731707317,
Tom Burleson,SEA,1975-1976, 7-2,C,23,82,2647,32.2804878049,496,1032,.481,.000,.000,.000,291,388,.750,258,3.14634146341,484,5.90243902439,742,9.0487804878,180,2.19512195122,70,0.853658536585,150,1.82926829268,.000,0.0,273,1283,15.6463414634,
Tom Burleson,SEA,1976-1977, 7-2,C,24,82,1803,21.987804878,288,652,.442,.000,.000,.000,220,301,.731,184,2.24390243902,367,4.4756097561,551,6.71951219512,93,1.13414634146,74,0.90243902439,117,1.42682926829,.000,0.0,259,796,9.70731707317,
Tom Burleson,KCK,1977-1978, 7-2,C,25,76,1525,20.0657894737,228,525,.434,.000,.000,.000,197,248,.794,170,2.23684210526,312,4.10526315789,482,6.34210526316,131,1.72368421053,62,0.815789473684,81,1.06578947368,123,1.61842105263,259,653,8.59210526316,
Tom Burleson,KCK,1978-1979, 7-2,C,26,56,927,16.5535714286,157,342,.459,.000,.000,.000,121,169,.716,84,1.5,197,3.51785714286,281,5.01785714286,50,0.892857142857,26,0.464285714286,58,1.03571428571,64,1.14285714286,183,435,7.76785714286,
Tom Burleson,KCK,1979-1980, 7-2,C,27,37,272,7.35135135135,36,104,.346,0,3,.000,23,40,.575,23,0.621621621622,49,1.32432432432,72,1.94594594595,20,0.540540540541,8,0.216216216216,13,0.351351351351,25,0.675675675676,49,95,2.56756756757,
Tom Burleson,ATL,1980-1981, 7-2,C,28,31,363,11.7096774194,41,99,.414,0,0,.000,20,41,.488,44,1.41935483871,50,1.61290322581,94,3.03225806452,12,0.387096774194,8,0.258064516129,19,0.612903225806,24,0.774193548387,73,102,3.29032258065,
