Player,Team,Season,Height,Position,Age,G,MIN,MINPG,FGM,FGA,FGP,TPM,TPA,TPP,FTM,FTA,FTP,ORB,ORBPG,DRB,DRBPG,TRB,TRBPG,AST,ASTPG,STL,STLPG,BLK,BLKPG,TO,TOPG,PF,PTS,PTSPG,
Tom LaGarde,DEN,1977-1978, 6-10,C,22,77,868,11.2727272727,96,237,.405,.000,.000,.000,114,150,.760,75,0.974025974026,139,1.80519480519,214,2.77922077922,47,0.61038961039,17,0.220779220779,17,0.220779220779,101,1.31168831169,146,306,3.97402597403,
Tom LaGarde,SEA,1978-1979, 6-10,C,23,23,575,25.0,98,181,.541,.000,.000,.000,57,95,.600,61,2.65217391304,129,5.60869565217,190,8.26086956522,32,1.39130434783,6,0.260869565217,18,0.782608695652,47,2.04347826087,75,253,11.0,
Tom LaGarde,SEA,1979-1980, 6-10,C,24,82,1164,14.1951219512,146,306,.477,0,0,.000,90,137,.657,127,1.5487804878,185,2.25609756098,312,3.80487804878,91,1.10975609756,19,0.231707317073,34,0.414634146341,97,1.18292682927,206,382,4.65853658537,
Tom LaGarde,DAL,1980-1981, 6-10,C,25,82,2670,32.5609756098,417,888,.470,0,0,.000,288,444,.649,177,2.15853658537,488,5.9512195122,665,8.10975609756,237,2.89024390244,35,0.426829268293,45,0.548780487805,206,2.51219512195,293,1122,13.6829268293,
Tom LaGarde,DAL,1981-1982, 6-10,C,26,47,909,19.3404255319,113,269,.420,0,2,.000,86,166,.518,63,1.34042553191,147,3.12765957447,210,4.46808510638,49,1.04255319149,17,0.36170212766,17,0.36170212766,82,1.74468085106,138,312,6.63829787234,
Tom LaGarde,NJN,1984-1985, 6-10,C,29,1,8,8.0,0,1,.000,0,0,.000,1,2,.500,1,1.0,1,1.0,2,2.0,0,0.0,0,0.0,0,0.0,1,1.0,2,1,1.0,
