Player,Team,Season,Height,Position,Age,G,MIN,MINPG,FGM,FGA,FGP,TPM,TPA,TPP,FTM,FTA,FTP,ORB,ORBPG,DRB,DRBPG,TRB,TRBPG,AST,ASTPG,STL,STLPG,BLK,BLKPG,TO,TOPG,PF,PTS,PTSPG,
Tom Hagan,DLC,1969-1970, 6-3,PG,23,24,226,9.41666666667,37,81,.457,7,17,.412,22,29,.759,8,0.333333333333,22,0.916666666667,30,1.25,29,1.20833333333,.000,0.0,.000,0.0,16,0.666666666667,42,103,4.29166666667,
Tom Hagan,TOT,1970-1971, 6-3,SG,24,49,690,14.0816326531,100,246,.407,12,41,.293,43,63,.683,33,0.673469387755,50,1.02040816327,83,1.69387755102,106,2.16326530612,.000,0.0,.000,0.0,52,1.0612244898,78,255,5.20408163265,
Tom Hagan,TEX,1970-1971, 6-3,SG,24,45,656,14.5777777778,98,236,.415,12,40,.300,43,61,.705,33,0.733333333333,49,1.08888888889,82,1.82222222222,102,2.26666666667,.000,0.0,.000,0.0,52,1.15555555556,76,251,5.57777777778,
Tom Hagan,KEN,1970-1971, 6-3,,24,4,34,8.5,2,10,.200,0,1,.000,0,2,.000,0,0.0,1,0.25,1,0.25,4,1.0,.000,0.0,.000,0.0,0,0.0,2,4,1.0,
