Player,Team,Season,Height,Position,Age,G,MIN,MINPG,FGM,FGA,FGP,TPM,TPA,TPP,FTM,FTA,FTP,ORB,ORBPG,DRB,DRBPG,TRB,TRBPG,AST,ASTPG,STL,STLPG,BLK,BLKPG,TO,TOPG,PF,PTS,PTSPG,
Tom Boswell,BOS,1975-1976, 6-9,PF,22,35,275,7.85714285714,41,93,.441,.000,.000,.000,14,24,.583,26,0.742857142857,45,1.28571428571,71,2.02857142857,16,0.457142857143,2,0.0571428571429,1,0.0285714285714,.000,0.0,70,96,2.74285714286,
Tom Boswell,BOS,1976-1977, 6-9,PF,23,70,1083,15.4714285714,175,340,.515,.000,.000,.000,96,135,.711,111,1.58571428571,195,2.78571428571,306,4.37142857143,85,1.21428571429,27,0.385714285714,8,0.114285714286,.000,0.0,237,446,6.37142857143,
Tom Boswell,BOS,1977-1978, 6-9,PF,24,65,1149,17.6769230769,185,357,.518,.000,.000,.000,93,123,.756,117,1.8,171,2.63076923077,288,4.43076923077,71,1.09230769231,25,0.384615384615,14,0.215384615385,95,1.46153846154,204,463,7.12307692308,
Tom Boswell,DEN,1978-1979, 6-9,PF,25,79,2201,27.8607594937,321,603,.532,.000,.000,.000,198,284,.697,248,3.13924050633,290,3.67088607595,538,6.81012658228,242,3.06329113924,50,0.632911392405,51,0.645569620253,185,2.3417721519,263,840,10.6329113924,
Tom Boswell,TOT,1979-1980, 6-9,PF,26,79,2077,26.2911392405,346,613,.564,5,10,.500,206,273,.755,146,1.84810126582,296,3.74683544304,442,5.59493670886,161,2.03797468354,29,0.367088607595,37,0.46835443038,181,2.29113924051,270,903,11.4303797468,
Tom Boswell,DEN,1979-1980, 6-9,PF,26,18,522,29.0,72,135,.533,1,2,.500,58,70,.829,40,2.22222222222,74,4.11111111111,114,6.33333333333,46,2.55555555556,5,0.277777777778,8,0.444444444444,39,2.16666666667,56,203,11.2777777778,
Tom Boswell,UTA,1979-1980, 6-9,PF,26,61,1555,25.4918032787,274,478,.573,4,8,.500,148,203,.729,106,1.73770491803,222,3.6393442623,328,5.37704918033,115,1.88524590164,24,0.393442622951,29,0.475409836066,142,2.32786885246,214,700,11.4754098361,
Tom Boswell,UTA,1983-1984, 6-9,PF,30,38,261,6.86842105263,28,52,.538,1,1,1.000,16,21,.762,28,0.736842105263,36,0.947368421053,64,1.68421052632,16,0.421052631579,9,0.236842105263,0,0.0,13,0.342105263158,58,73,1.92105263158,
