Player,Team,Season,Height,Position,Age,G,MIN,MINPG,FGM,FGA,FGP,TPM,TPA,TPP,FTM,FTA,FTP,ORB,ORBPG,DRB,DRBPG,TRB,TRBPG,AST,ASTPG,STL,STLPG,BLK,BLKPG,TO,TOPG,PF,PTS,PTSPG,
Tom Piotrowski,POR,1983-1984, 7-1,C,23,18,78,4.33333333333,12,26,.462,0,0,.000,6,6,1.000,6,0.333333333333,10,0.555555555556,16,0.888888888889,5,0.277777777778,1,0.0555555555556,3,0.166666666667,6,0.333333333333,22,30,1.66666666667,
