Player,Team,Season,Height,Position,Age,G,MIN,MINPG,FGM,FGA,FGP,TPM,TPA,TPP,FTM,FTA,FTP,ORB,ORBPG,DRB,DRBPG,TRB,TRBPG,AST,ASTPG,STL,STLPG,BLK,BLKPG,TO,TOPG,PF,PTS,PTSPG,
Tom Thacker,CIN,1963-1964, 6-2,PG,24,48,457,9.52083333333,53,181,.293,.000,.000,.000,26,53,.491,.000,0.0,.000,0.0,115,2.39583333333,51,1.0625,.000,0.0,.000,0.0,.000,0.0,51,132,2.75,
Tom Thacker,CIN,1964-1965, 6-2,PG,25,55,470,8.54545454545,56,168,.333,.000,.000,.000,23,47,.489,.000,0.0,.000,0.0,127,2.30909090909,41,0.745454545455,.000,0.0,.000,0.0,.000,0.0,64,135,2.45454545455,
Tom Thacker,CIN,1965-1966, 6-2,PG,26,50,478,9.56,84,207,.406,.000,.000,.000,15,38,.395,.000,0.0,.000,0.0,119,2.38,61,1.22,.000,0.0,.000,0.0,.000,0.0,85,183,3.66,
Tom Thacker,BOS,1967-1968, 6-2,SG,28,65,782,12.0307692308,114,272,.419,.000,.000,.000,43,84,.512,.000,0.0,.000,0.0,161,2.47692307692,69,1.06153846154,.000,0.0,.000,0.0,.000,0.0,165,271,4.16923076923,
Tom Thacker,INA,1968-1969, 6-2,PG,29,18,346,19.2222222222,40,117,.342,0,2,.000,18,31,.581,31,1.72222222222,36,2.0,67,3.72222222222,52,2.88888888889,.000,0.0,.000,0.0,26,1.44444444444,51,98,5.44444444444,
Tom Thacker,INA,1969-1970, 6-2,PG,30,70,1016,14.5142857143,70,212,.330,10,39,.256,38,69,.551,91,1.3,120,1.71428571429,211,3.01428571429,185,2.64285714286,.000,0.0,.000,0.0,115,1.64285714286,177,188,2.68571428571,
Tom Thacker,INA,1970-1971, 6-2,PG,31,8,92,11.5,6,17,.353,0,3,.000,1,1,1.000,7,0.875,15,1.875,22,2.75,7,0.875,.000,0.0,.000,0.0,8,1.0,18,13,1.625,
