Player,Team,Season,Height,Position,Age,G,MIN,MINPG,FGM,FGA,FGP,TPM,TPA,TPP,FTM,FTA,FTP,ORB,ORBPG,DRB,DRBPG,TRB,TRBPG,AST,ASTPG,STL,STLPG,BLK,BLKPG,TO,TOPG,PF,PTS,PTSPG,
Tommie Green,NOJ,1978-1979, 6-2,PG,22,59,809,13.7118644068,92,237,.388,.000,.000,.000,48,63,.762,20,0.338983050847,48,0.813559322034,68,1.15254237288,140,2.37288135593,61,1.03389830508,6,0.101694915254,89,1.50847457627,111,232,3.93220338983,
