Player,Team,Season,Height,Position,Age,G,MIN,MINPG,FGM,FGA,FGP,TPM,TPA,TPP,FTM,FTA,FTP,ORB,ORBPG,DRB,DRBPG,TRB,TRBPG,AST,ASTPG,STL,STLPG,BLK,BLKPG,TO,TOPG,PF,PTS,PTSPG,
Tommy Kron,STL,1966-1967, 6-5,SG,23,32,221,6.90625,27,87,.310,.000,.000,.000,13,19,.684,.000,0.0,.000,0.0,36,1.125,46,1.4375,.000,0.0,.000,0.0,.000,0.0,35,67,2.09375,
Tommy Kron,SEA,1967-1968, 6-5,SG,24,76,1794,23.6052631579,277,699,.396,.000,.000,.000,184,233,.790,.000,0.0,.000,0.0,355,4.67105263158,281,3.69736842105,.000,0.0,.000,0.0,.000,0.0,231,738,9.71052631579,
Tommy Kron,SEA,1968-1969, 6-5,SG,25,76,1124,14.7894736842,146,372,.392,.000,.000,.000,96,137,.701,.000,0.0,.000,0.0,212,2.78947368421,191,2.51315789474,.000,0.0,.000,0.0,.000,0.0,179,388,5.10526315789,
Tommy Kron,KEN,1969-1970, 6-5,SG,26,40,493,12.325,55,147,.374,7,19,.368,41,46,.891,24,0.6,45,1.125,69,1.725,87,2.175,.000,0.0,.000,0.0,59,1.475,80,158,3.95,
