Player,Team,Season,Height,Position,Age,G,MIN,MINPG,FGM,FGA,FGP,TPM,TPA,TPP,FTM,FTA,FTP,ORB,ORBPG,DRB,DRBPG,TRB,TRBPG,AST,ASTPG,STL,STLPG,BLK,BLKPG,TO,TOPG,PF,PTS,PTSPG,
Toney Douglas,NYK,2009-2010, 6-2,PG,23,56,1087,19.4107142857,179,391,.458,68,175,.389,55,68,.809,40,0.714285714286,68,1.21428571429,108,1.92857142857,112,2.0,42,0.75,3,0.0535714285714,55,0.982142857143,116,481,8.58928571429,
Toney Douglas,NYK,2010-2011, 6-2,SG,24,81,1971,24.3333333333,314,755,.416,143,383,.373,85,107,.794,65,0.802469135802,179,2.20987654321,244,3.01234567901,244,3.01234567901,89,1.0987654321,4,0.0493827160494,89,1.0987654321,177,856,10.5679012346,
Toney Douglas,NYK,2011-2012, 6-2,PG,25,38,656,17.2631578947,94,290,.324,27,117,.231,22,26,.846,16,0.421052631579,56,1.47368421053,72,1.89473684211,77,2.02631578947,29,0.763157894737,1,0.0263157894737,56,1.47368421053,55,237,6.23684210526,
Toney Douglas,TOT,2012-2013, 6-2,PG,26,56,1034,18.4642857143,149,383,.389,65,177,.367,68,76,.895,26,0.464285714286,80,1.42857142857,106,1.89285714286,113,2.01785714286,48,0.857142857143,2,0.0357142857143,65,1.16071428571,116,431,7.69642857143,
Toney Douglas,HOU,2012-2013, 6-2,PG,26,49,913,18.6326530612,139,352,.395,61,162,.377,60,68,.882,23,0.469387755102,67,1.36734693878,90,1.83673469388,93,1.89795918367,40,0.816326530612,2,0.0408163265306,56,1.14285714286,103,399,8.14285714286,
Toney Douglas,SAC,2012-2013, 6-2,,26,7,121,17.2857142857,10,31,.323,4,15,.267,8,8,1.000,3,0.428571428571,13,1.85714285714,16,2.28571428571,20,2.85714285714,8,1.14285714286,0,0.0,9,1.28571428571,13,32,4.57142857143,
