Player,Team,Season,Height,Position,Age,G,MIN,MINPG,FGM,FGA,FGP,TPM,TPA,TPP,FTM,FTA,FTP,ORB,ORBPG,DRB,DRBPG,TRB,TRBPG,AST,ASTPG,STL,STLPG,BLK,BLKPG,TO,TOPG,PF,PTS,PTSPG,
Tony Harris,PHI,1990-1991, 6-3,SG,23,6,41,6.83333333333,4,16,.250,0,2,.000,2,4,.500,0,0.0,1,0.166666666667,1,0.166666666667,0,0.0,1,0.166666666667,0,0.0,3,0.5,5,10,1.66666666667,
Tony Harris,BOS,1993-1994, 6-3,SG,26,5,88,17.6,9,31,.290,3,9,.333,23,25,.920,3,0.6,7,1.4,10,2.0,8,1.6,4,0.8,0,0.0,6,1.2,8,44,8.8,
Tony Harris,BOS,1994-1995, 6-3,SG,27,3,18,6.0,3,8,.375,0,1,.000,8,9,.889,0,0.0,0,0.0,0,0.0,0,0.0,0,0.0,0,0.0,1,0.333333333333,2,14,4.66666666667,
