Player,Team,Season,Height,Position,Age,G,MIN,MINPG,FGM,FGA,FGP,TPM,TPA,TPP,FTM,FTA,FTP,ORB,ORBPG,DRB,DRBPG,TRB,TRBPG,AST,ASTPG,STL,STLPG,BLK,BLKPG,TO,TOPG,PF,PTS,PTSPG,
Tony Robertson,ATL,1977-1978, 6-4,SG,22,63,929,14.746031746,168,381,.441,.000,.000,.000,37,53,.698,15,0.238095238095,55,0.873015873016,70,1.11111111111,103,1.63492063492,74,1.1746031746,5,0.0793650793651,88,1.39682539683,133,373,5.92063492063,
Tony Robertson,GSW,1978-1979, 6-4,SG,23,12,74,6.16666666667,15,40,.375,.000,.000,.000,6,9,.667,6,0.5,4,0.333333333333,10,0.833333333333,4,0.333333333333,8,0.666666666667,0,0.0,8,0.666666666667,10,36,3.0,
