Player,Team,Season,Height,Position,Age,G,MIN,MINPG,FGM,FGA,FGP,TPM,TPA,TPP,FTM,FTA,FTP,ORB,ORBPG,DRB,DRBPG,TRB,TRBPG,AST,ASTPG,STL,STLPG,BLK,BLKPG,TO,TOPG,PF,PTS,PTSPG,
Tony Kappen,TOT,1946-1947, 5-10,,27,59,.000,0.0,128,537,.238,.000,.000,.000,128,161,.795,.000,0.0,.000,0.0,.000,0.0,28,0.474576271186,.000,0.0,.000,0.0,.000,0.0,78,384,6.50847457627,
Tony Kappen,PIT,1946-1947, 5-10,,27,41,.000,0.0,103,446,.231,.000,.000,.000,104,123,.846,.000,0.0,.000,0.0,.000,0.0,22,0.536585365854,.000,0.0,.000,0.0,.000,0.0,61,310,7.56097560976,
Tony Kappen,BOS,1946-1947, 5-10,,27,18,.000,0.0,25,91,.275,.000,.000,.000,24,38,.632,.000,0.0,.000,0.0,.000,0.0,6,0.333333333333,.000,0.0,.000,0.0,.000,0.0,17,74,4.11111111111,
