Player,Team,Season,Height,Position,Age,G,MIN,MINPG,FGM,FGA,FGP,TPM,TPA,TPP,FTM,FTA,FTP,ORB,ORBPG,DRB,DRBPG,TRB,TRBPG,AST,ASTPG,STL,STLPG,BLK,BLKPG,TO,TOPG,PF,PTS,PTSPG,
Tony Lavelli,BOS,1949-1950, 6-3,,23,56,.000,0.0,162,436,.372,.000,.000,.000,168,197,.853,.000,0.0,.000,0.0,.000,0.0,40,0.714285714286,.000,0.0,.000,0.0,.000,0.0,107,492,8.78571428571,
Tony Lavelli,NYK,1950-1951, 6-3,,24,30,.000,0.0,32,93,.344,.000,.000,.000,35,41,.854,.000,0.0,.000,0.0,59,1.96666666667,23,0.766666666667,.000,0.0,.000,0.0,.000,0.0,56,99,3.3,
