Player,Team,Season,Height,Position,Age,G,MIN,MINPG,FGM,FGA,FGP,TPM,TPA,TPP,FTM,FTA,FTP,ORB,ORBPG,DRB,DRBPG,TRB,TRBPG,AST,ASTPG,STL,STLPG,BLK,BLKPG,TO,TOPG,PF,PTS,PTSPG,
Tony Dumas,DAL,1994-1995, 6-6,SG,22,58,613,10.5689655172,96,250,.384,22,73,.301,50,77,.649,32,0.551724137931,30,0.51724137931,62,1.06896551724,57,0.98275862069,13,0.224137931034,4,0.0689655172414,50,0.862068965517,78,264,4.55172413793,
Tony Dumas,DAL,1995-1996, 6-6,SG,23,67,1284,19.1641791045,274,655,.418,74,207,.357,154,257,.599,58,0.865671641791,57,0.850746268657,115,1.71641791045,99,1.4776119403,42,0.626865671642,13,0.194029850746,77,1.14925373134,128,776,11.5820895522,
Tony Dumas,TOT,1996-1997, 6-6,SG,24,24,278,11.5833333333,33,96,.344,4,28,.143,16,25,.640,3,0.125,13,0.541666666667,16,0.666666666667,25,1.04166666667,10,0.416666666667,2,0.0833333333333,16,0.666666666667,45,86,3.58333333333,
Tony Dumas,DAL,1996-1997, 6-6,SG,24,18,227,12.6111111111,27,77,.351,3,24,.125,15,23,.652,3,0.166666666667,11,0.611111111111,14,0.777777777778,22,1.22222222222,10,0.555555555556,1,0.0555555555556,15,0.833333333333,36,72,4.0,
Tony Dumas,PHO,1996-1997, 6-6,SG,24,6,51,8.5,6,19,.316,1,4,.250,1,2,.500,0,0.0,2,0.333333333333,2,0.333333333333,3,0.5,0,0.0,1,0.166666666667,1,0.166666666667,9,14,2.33333333333,
Tony Dumas,CLE,1997-1998, 6-6,SG,25,7,47,6.71428571429,6,12,.500,2,4,.500,0,3,.000,1,0.142857142857,4,0.571428571429,5,0.714285714286,5,0.714285714286,0,0.0,0,0.0,5,0.714285714286,5,14,2.0,
