Player,Team,Season,Height,Position,Age,G,MIN,MINPG,FGM,FGA,FGP,TPM,TPA,TPP,FTM,FTA,FTP,ORB,ORBPG,DRB,DRBPG,TRB,TRBPG,AST,ASTPG,STL,STLPG,BLK,BLKPG,TO,TOPG,PF,PTS,PTSPG,
Tony Bennett,CHH,1992-1993, 6-0,PG,23,75,857,11.4266666667,110,260,.423,26,80,.325,30,41,.732,12,0.16,51,0.68,63,0.84,136,1.81333333333,30,0.4,0,0.0,50,0.666666666667,110,276,3.68,
Tony Bennett,CHH,1993-1994, 6-0,PG,24,74,983,13.2837837838,105,263,.399,27,75,.360,11,15,.733,16,0.216216216216,74,1.0,90,1.21621621622,163,2.2027027027,39,0.527027027027,1,0.0135135135135,40,0.540540540541,84,248,3.35135135135,
Tony Bennett,CHH,1994-1995, 6-0,PG,25,3,46,15.3333333333,6,13,.462,2,9,.222,0,0,.000,0,0.0,2,0.666666666667,2,0.666666666667,4,1.33333333333,0,0.0,0,0.0,3,1.0,6,14,4.66666666667,
