Player,Team,Season,Height,Position,Age,G,MIN,MINPG,FGM,FGA,FGP,TPM,TPA,TPP,FTM,FTA,FTP,ORB,ORBPG,DRB,DRBPG,TRB,TRBPG,AST,ASTPG,STL,STLPG,BLK,BLKPG,TO,TOPG,PF,PTS,PTSPG,
Tony White,TOT,1987-1988, 6-2,PG,22,49,581,11.8571428571,111,249,.446,0,6,.000,39,54,.722,12,0.244897959184,19,0.387755102041,31,0.632653061224,59,1.20408163265,20,0.408163265306,2,0.0408163265306,47,0.959183673469,57,261,5.32653061224,
Tony White,CHI,1987-1988, 6-2,PG,22,2,2,1.0,0,0,.000,0,0,.000,0,0,.000,0,0.0,0,0.0,0,0.0,0,0.0,0,0.0,0,0.0,0,0.0,0,0,0.0,
Tony White,NYK,1987-1988, 6-2,PG,22,12,117,9.75,17,46,.370,0,1,.000,9,13,.692,1,0.0833333333333,2,0.166666666667,3,0.25,10,0.833333333333,1,0.0833333333333,0,0.0,13,1.08333333333,14,43,3.58333333333,
Tony White,GSW,1987-1988, 6-2,PG,22,35,462,13.2,94,203,.463,0,5,.000,30,41,.732,11,0.314285714286,17,0.485714285714,28,0.8,49,1.4,19,0.542857142857,2,0.0571428571429,34,0.971428571429,43,218,6.22857142857,
