Player,Team,Season,Height,Position,Age,G,MIN,MINPG,FGM,FGA,FGP,TPM,TPA,TPP,FTM,FTA,FTP,ORB,ORBPG,DRB,DRBPG,TRB,TRBPG,AST,ASTPG,STL,STLPG,BLK,BLKPG,TO,TOPG,PF,PTS,PTSPG,
Tony Jaros,CHS,1946-1947, 6-3,,26,59,.000,0.0,177,613,.289,.000,.000,.000,128,181,.707,.000,0.0,.000,0.0,.000,0.0,28,0.474576271186,.000,0.0,.000,0.0,.000,0.0,156,482,8.16949152542,
Tony Jaros,MNL,1948-1949, 6-3,,28,59,.000,0.0,132,385,.343,.000,.000,.000,79,110,.718,.000,0.0,.000,0.0,.000,0.0,58,0.983050847458,.000,0.0,.000,0.0,.000,0.0,114,343,5.81355932203,
Tony Jaros,MNL,1949-1950, 6-3,,29,61,.000,0.0,84,289,.291,.000,.000,.000,72,96,.750,.000,0.0,.000,0.0,.000,0.0,60,0.983606557377,.000,0.0,.000,0.0,.000,0.0,106,240,3.93442622951,
Tony Jaros,MNL,1950-1951, 6-3,,30,63,.000,0.0,88,287,.307,.000,.000,.000,65,103,.631,.000,0.0,.000,0.0,131,2.07936507937,72,1.14285714286,.000,0.0,.000,0.0,.000,0.0,131,241,3.8253968254,
