Player,Team,Season,Height,Position,Age,G,MIN,MINPG,FGM,FGA,FGP,TPM,TPA,TPP,FTM,FTA,FTP,ORB,ORBPG,DRB,DRBPG,TRB,TRBPG,AST,ASTPG,STL,STLPG,BLK,BLKPG,TO,TOPG,PF,PTS,PTSPG,
Torraye Braggs,TOT,2003-2004, 6-8,PF,27,15,154,10.2666666667,16,33,.485,0,0,.000,8,12,.667,18,1.2,21,1.4,39,2.6,7,0.466666666667,4,0.266666666667,2,0.133333333333,13,0.866666666667,29,40,2.66666666667,
Torraye Braggs,HOU,2003-2004, 6-8,PF,27,11,132,12.0,13,28,.464,0,0,.000,8,12,.667,15,1.36363636364,19,1.72727272727,34,3.09090909091,6,0.545454545455,4,0.363636363636,2,0.181818181818,12,1.09090909091,21,34,3.09090909091,
Torraye Braggs,WAS,2003-2004, 6-8,PF,27,4,22,5.5,3,5,.600,0,0,.000,0,0,.000,3,0.75,2,0.5,5,1.25,1,0.25,0,0.0,0,0.0,1,0.25,8,6,1.5,
Torraye Braggs,HOU,2004-2005, 6-8,PF,28,7,24,3.42857142857,3,7,.429,0,0,.000,0,0,.000,7,1.0,5,0.714285714286,12,1.71428571429,0,0.0,0,0.0,0,0.0,2,0.285714285714,4,6,0.857142857143,
