Player,Team,Season,Height,Position,Age,G,MIN,MINPG,FGM,FGA,FGP,TPM,TPA,TPP,FTM,FTA,FTP,ORB,ORBPG,DRB,DRBPG,TRB,TRBPG,AST,ASTPG,STL,STLPG,BLK,BLKPG,TO,TOPG,PF,PTS,PTSPG,
Tracy Jackson,TOT,1981-1982, 6-6,SG,22,49,478,9.75510204082,79,172,.459,0,0,.000,38,49,.776,35,0.714285714286,28,0.571428571429,63,1.28571428571,27,0.551020408163,14,0.285714285714,3,0.0612244897959,24,0.489795918367,48,196,4.0,
Tracy Jackson,BOS,1981-1982, 6-6,SG,22,11,66,6.0,10,26,.385,0,0,.000,6,10,.600,7,0.636363636364,5,0.454545454545,12,1.09090909091,5,0.454545454545,3,0.272727272727,0,0.0,6,0.545454545455,5,26,2.36363636364,
Tracy Jackson,CHI,1981-1982, 6-6,SG,22,38,412,10.8421052632,69,146,.473,0,0,.000,32,39,.821,28,0.736842105263,23,0.605263157895,51,1.34210526316,22,0.578947368421,11,0.289473684211,3,0.0789473684211,18,0.473684210526,43,170,4.47368421053,
Tracy Jackson,CHI,1982-1983, 6-6,SG,23,78,1309,16.7820512821,199,426,.467,2,13,.154,92,126,.730,87,1.11538461538,92,1.17948717949,179,2.29487179487,105,1.34615384615,64,0.820512820513,11,0.141025641026,83,1.0641025641,132,492,6.30769230769,
Tracy Jackson,IND,1983-1984, 6-6,SG,24,2,10,5.0,1,4,.250,0,0,.000,4,4,1.000,1,0.5,0,0.0,1,0.5,0,0.0,0,0.0,0,0.0,1,0.5,3,6,3.0,
