Player,Team,Season,Height,Position,Age,G,MIN,MINPG,FGM,FGA,FGP,TPM,TPA,TPP,FTM,FTA,FTP,ORB,ORBPG,DRB,DRBPG,TRB,TRBPG,AST,ASTPG,STL,STLPG,BLK,BLKPG,TO,TOPG,PF,PTS,PTSPG,
Tracy Moore,DAL,1991-1992, 6-4,SF,26,42,782,18.619047619,130,325,.400,30,84,.357,65,78,.833,31,0.738095238095,51,1.21428571429,82,1.95238095238,48,1.14285714286,32,0.761904761905,4,0.0952380952381,44,1.04761904762,97,355,8.45238095238,
Tracy Moore,DAL,1992-1993, 6-4,SG,27,39,510,13.0769230769,103,249,.414,23,67,.343,53,61,.869,23,0.589743589744,29,0.74358974359,52,1.33333333333,47,1.20512820513,21,0.538461538462,4,0.102564102564,32,0.820512820513,54,282,7.23076923077,
Tracy Moore,DET,1993-1994, 6-4,SG,28,3,10,3.33333333333,2,3,.667,0,0,.000,2,2,1.000,0,0.0,1,0.333333333333,1,0.333333333333,0,0.0,2,0.666666666667,0,0.0,0,0.0,0,6,2.0,
Tracy Moore,HOU,1995-1996, 6-4,SG,30,8,190,23.75,30,76,.395,13,30,.433,18,19,.947,10,1.25,12,1.5,22,2.75,6,0.75,2,0.25,0,0.0,8,1.0,16,91,11.375,
Tracy Moore,HOU,1996-1997, 6-4,SG,31,27,237,8.77777777778,33,85,.388,11,43,.256,22,31,.710,11,0.407407407407,15,0.555555555556,26,0.962962962963,20,0.740740740741,5,0.185185185185,0,0.0,14,0.518518518519,19,99,3.66666666667,
