Player,Team,Season,Height,Position,Age,G,MIN,MINPG,FGM,FGA,FGP,TPM,TPA,TPP,FTM,FTA,FTP,ORB,ORBPG,DRB,DRBPG,TRB,TRBPG,AST,ASTPG,STL,STLPG,BLK,BLKPG,TO,TOPG,PF,PTS,PTSPG,
Trajan Langdon,CLE,1999-2000, 6-3,SG,23,10,145,14.5,15,40,.375,8,19,.421,11,11,1.000,4,0.4,11,1.1,15,1.5,11,1.1,5,0.5,0,0.0,6,0.6,16,49,4.9,
Trajan Langdon,CLE,2000-2001, 6-3,SG,24,65,1116,17.1692307692,135,313,.431,51,124,.411,68,76,.895,12,0.184615384615,77,1.18461538462,89,1.36923076923,81,1.24615384615,38,0.584615384615,9,0.138461538462,52,0.8,114,389,5.98461538462,
Trajan Langdon,CLE,2001-2002, 6-3,SG,25,44,477,10.8409090909,70,176,.398,27,74,.365,42,46,.913,13,0.295454545455,42,0.954545454545,55,1.25,60,1.36363636364,13,0.295454545455,5,0.113636363636,40,0.909090909091,49,209,4.75,
