Player,Team,Season,Height,Position,Age,G,MIN,MINPG,FGM,FGA,FGP,TPM,TPA,TPP,FTM,FTA,FTP,ORB,ORBPG,DRB,DRBPG,TRB,TRBPG,AST,ASTPG,STL,STLPG,BLK,BLKPG,TO,TOPG,PF,PTS,PTSPG,
Travis Williams,CHH,1997-1998, 6-6,SF,28,39,365,9.35897435897,56,119,.471,0,1,.000,24,46,.522,53,1.35897435897,39,1.0,92,2.35897435897,20,0.512820512821,18,0.461538461538,5,0.128205128205,30,0.769230769231,55,136,3.48717948718,
Travis Williams,CHH,1998-1999, 6-6,SF,29,8,62,7.75,6,13,.462,0,0,.000,3,4,.750,6,0.75,13,1.625,19,2.375,2,0.25,2,0.25,1,0.125,6,0.75,10,15,1.875,
