Player,Team,Season,Height,Position,Age,G,MIN,MINPG,FGM,FGA,FGP,TPM,TPA,TPP,FTM,FTA,FTP,ORB,ORBPG,DRB,DRBPG,TRB,TRBPG,AST,ASTPG,STL,STLPG,BLK,BLKPG,TO,TOPG,PF,PTS,PTSPG,
Travis Diener,ORL,2005-2006, 6-1,PG,23,23,246,10.6956521739,29,69,.420,25,57,.439,5,6,.833,4,0.173913043478,17,0.739130434783,21,0.913043478261,16,0.695652173913,7,0.304347826087,0,0.0,10,0.434782608696,22,88,3.82608695652,
Travis Diener,ORL,2006-2007, 6-1,PG,24,26,288,11.0769230769,34,80,.425,18,50,.360,12,15,.800,3,0.115384615385,15,0.576923076923,18,0.692307692308,35,1.34615384615,4,0.153846153846,0,0.0,13,0.5,27,98,3.76923076923,
Travis Diener,IND,2007-2008, 6-1,PG,25,66,1356,20.5454545455,159,430,.370,74,233,.318,64,71,.901,26,0.393939393939,89,1.34848484848,115,1.74242424242,251,3.80303030303,35,0.530303030303,4,0.0606060606061,55,0.833333333333,107,456,6.90909090909,
Travis Diener,IND,2008-2009, 6-1,PG,26,55,719,13.0727272727,74,179,.413,46,118,.390,12,15,.800,6,0.109090909091,80,1.45454545455,86,1.56363636364,122,2.21818181818,26,0.472727272727,5,0.0909090909091,21,0.381818181818,42,206,3.74545454545,
Travis Diener,TOT,2009-2010, 6-1,PG,27,9,51,5.66666666667,2,10,.200,1,7,.143,1,4,.250,0,0.0,3,0.333333333333,3,0.333333333333,8,0.888888888889,4,0.444444444444,0,0.0,0,0.0,2,6,0.666666666667,
Travis Diener,IND,2009-2010, 6-1,PG,27,4,25,6.25,1,6,.167,1,5,.200,0,2,.000,0,0.0,2,0.5,2,0.5,4,1.0,3,0.75,0,0.0,0,0.0,1,3,0.75,
Travis Diener,POR,2009-2010, 6-1,PG,27,5,26,5.2,1,4,.250,0,2,.000,1,2,.500,0,0.0,1,0.2,1,0.2,4,0.8,1,0.2,0,0.0,0,0.0,1,3,0.6,
