Player,Team,Season,Height,Position,Age,G,MIN,MINPG,FGM,FGA,FGP,TPM,TPA,TPP,FTM,FTA,FTP,ORB,ORBPG,DRB,DRBPG,TRB,TRBPG,AST,ASTPG,STL,STLPG,BLK,BLKPG,TO,TOPG,PF,PTS,PTSPG,
Travis Hansen,ATL,2003-2004, 6-6,SF,25,41,507,12.3658536585,46,130,.354,9,30,.300,22,27,.815,30,0.731707317073,40,0.975609756098,70,1.70731707317,19,0.463414634146,10,0.243902439024,9,0.219512195122,15,0.365853658537,67,123,3.0,
