Player,Team,Season,Height,Position,Age,G,MIN,MINPG,FGM,FGA,FGP,TPM,TPA,TPP,FTM,FTA,FTP,ORB,ORBPG,DRB,DRBPG,TRB,TRBPG,AST,ASTPG,STL,STLPG,BLK,BLKPG,TO,TOPG,PF,PTS,PTSPG,
Travis Mays,SAC,1990-1991, 6-2,PG,22,64,2145,33.515625,294,724,.406,72,197,.365,255,331,.770,54,0.84375,124,1.9375,178,2.78125,253,3.953125,81,1.265625,11,0.171875,159,2.484375,169,915,14.296875,
Travis Mays,ATL,1991-1992, 6-2,PG,23,2,32,16.0,6,14,.429,3,6,.500,2,2,1.000,1,0.5,1,0.5,2,1.0,1,0.5,0,0.0,0,0.0,3,1.5,4,17,8.5,
Travis Mays,ATL,1992-1993, 6-2,PG,24,49,787,16.0612244898,129,309,.417,29,84,.345,54,82,.659,20,0.408163265306,33,0.673469387755,53,1.08163265306,72,1.4693877551,21,0.428571428571,3,0.0612244897959,51,1.04081632653,59,341,6.95918367347,
