Player,Team,Season,Height,Position,Age,G,MIN,MINPG,FGM,FGA,FGP,TPM,TPA,TPP,FTM,FTA,FTP,ORB,ORBPG,DRB,DRBPG,TRB,TRBPG,AST,ASTPG,STL,STLPG,BLK,BLKPG,TO,TOPG,PF,PTS,PTSPG,
Trevor Ruffin,PHO,1994-1995, 6-1,PG,24,49,319,6.51020408163,84,197,.426,38,99,.384,27,38,.711,8,0.163265306122,15,0.30612244898,23,0.469387755102,48,0.979591836735,14,0.285714285714,2,0.0408163265306,47,0.959183673469,52,233,4.75510204082,
Trevor Ruffin,PHI,1995-1996, 6-1,PG,25,61,1551,25.4262295082,263,648,.406,104,284,.366,148,182,.813,21,0.344262295082,111,1.81967213115,132,2.16393442623,269,4.40983606557,43,0.704918032787,2,0.0327868852459,149,2.44262295082,132,778,12.7540983607,
