Player,Team,Season,Height,Position,Age,G,MIN,MINPG,FGM,FGA,FGP,TPM,TPA,TPP,FTM,FTA,FTP,ORB,ORBPG,DRB,DRBPG,TRB,TRBPG,AST,ASTPG,STL,STLPG,BLK,BLKPG,TO,TOPG,PF,PTS,PTSPG,
Trevor Wilson,ATL,1990-1991, 6-7,PF,22,25,162,6.48,21,70,.300,0,2,.000,13,26,.500,16,0.64,24,0.96,40,1.6,11,0.44,5,0.2,1,0.04,17,0.68,13,55,2.2,
Trevor Wilson,TOT,1993-1994, 6-7,PF,25,57,1221,21.4210526316,187,388,.482,0,2,.000,92,166,.554,120,2.10526315789,153,2.68421052632,273,4.78947368421,72,1.26315789474,38,0.666666666667,11,0.19298245614,93,1.63157894737,123,466,8.17543859649,
Trevor Wilson,LAL,1993-1994, 6-7,PF,25,5,126,25.2,19,39,.487,0,0,.000,13,25,.520,12,2.4,16,3.2,28,5.6,12,2.4,5,1.0,1,0.2,6,1.2,17,51,10.2,
Trevor Wilson,SAC,1993-1994, 6-7,PF,25,52,1095,21.0576923077,168,349,.481,0,2,.000,79,141,.560,108,2.07692307692,137,2.63461538462,245,4.71153846154,60,1.15384615385,33,0.634615384615,10,0.192307692308,87,1.67307692308,106,415,7.98076923077,
Trevor Wilson,SAC,1994-1995, 6-7,PF,26,15,147,9.8,18,40,.450,0,0,.000,11,14,.786,10,0.666666666667,16,1.06666666667,26,1.73333333333,12,0.8,4,0.266666666667,2,0.133333333333,6,0.4,12,47,3.13333333333,
Trevor Wilson,PHI,1995-1996, 6-7,PF,27,6,79,13.1666666667,10,20,.500,0,0,.000,3,4,.750,7,1.16666666667,7,1.16666666667,14,2.33333333333,4,0.666666666667,3,0.5,0,0.0,1,0.166666666667,9,23,3.83333333333,
