Player,Team,Season,Height,Position,Age,G,MIN,MINPG,FGM,FGA,FGP,TPM,TPA,TPP,FTM,FTA,FTP,ORB,ORBPG,DRB,DRBPG,TRB,TRBPG,AST,ASTPG,STL,STLPG,BLK,BLKPG,TO,TOPG,PF,PTS,PTSPG,
Trey Johnson,CLE,2008-2009, 6-5,SG,24,4,14,3.5,0,5,.000,0,0,.000,4,4,1.000,0,0.0,1,0.25,1,0.25,0,0.0,0,0.0,0,0.0,1,0.25,4,4,1.0,
Trey Johnson,TOT,2010-2011, 6-5,SG,26,8,94,11.75,12,33,.364,1,3,.333,9,10,.900,2,0.25,5,0.625,7,0.875,11,1.375,1,0.125,1,0.125,5,0.625,12,34,4.25,
Trey Johnson,TOR,2010-2011, 6-5,SG,26,7,81,11.5714285714,10,30,.333,1,3,.333,7,8,.875,2,0.285714285714,5,0.714285714286,7,1.0,11,1.57142857143,1,0.142857142857,1,0.142857142857,5,0.714285714286,11,28,4.0,
Trey Johnson,LAL,2010-2011, 6-5,SG,26,1,13,13.0,2,3,.667,0,0,.000,2,2,1.000,0,0.0,0,0.0,0,0.0,0,0.0,0,0.0,0,0.0,0,0.0,1,6,6.0,
Trey Johnson,NOH,2011-2012, 6-5,SG,27,11,61,5.54545454545,8,14,.571,0,0,.000,5,5,1.000,3,0.272727272727,9,0.818181818182,12,1.09090909091,4,0.363636363636,1,0.0909090909091,0,0.0,5,0.454545454545,10,21,1.90909090909,
