Player,Team,Season,Height,Position,Age,G,MIN,MINPG,FGM,FGA,FGP,TPM,TPA,TPP,FTM,FTA,FTP,ORB,ORBPG,DRB,DRBPG,TRB,TRBPG,AST,ASTPG,STL,STLPG,BLK,BLKPG,TO,TOPG,PF,PTS,PTSPG,
Tristan Thompson,CLE,2011-2012, 6-8,PF,20,60,1424,23.7333333333,194,442,.439,0,2,.000,106,192,.552,187,3.11666666667,202,3.36666666667,389,6.48333333333,27,0.45,27,0.45,62,1.03333333333,81,1.35,134,494,8.23333333333,
Tristan Thompson,CLE,2012-2013, 6-8,PF,21,64,2007,31.359375,296,603,.491,0,2,.000,138,211,.654,243,3.796875,356,5.5625,599,9.359375,88,1.375,50,0.78125,55,0.859375,97,1.515625,187,730,11.40625,
