Player,Team,Season,Height,Position,Age,G,MIN,MINPG,FGM,FGA,FGP,TPM,TPA,TPP,FTM,FTA,FTP,ORB,ORBPG,DRB,DRBPG,TRB,TRBPG,AST,ASTPG,STL,STLPG,BLK,BLKPG,TO,TOPG,PF,PTS,PTSPG,
Ty Lawson,DEN,2009-2010, 5-11,PG,22,65,1318,20.2769230769,201,390,.515,34,83,.410,106,140,.757,42,0.646153846154,82,1.26153846154,124,1.90769230769,203,3.12307692308,48,0.738461538462,2,0.0307692307692,82,1.26153846154,89,542,8.33846153846,
Ty Lawson,DEN,2010-2011, 5-11,PG,23,80,2103,26.2875,346,688,.503,69,171,.404,172,225,.764,67,0.8375,142,1.775,209,2.6125,377,4.7125,80,1.0,4,0.05,137,1.7125,133,933,11.6625,
Ty Lawson,DEN,2011-2012, 5-11,PG,24,61,2124,34.8196721311,374,767,.488,73,200,.365,178,216,.824,54,0.885245901639,173,2.83606557377,227,3.72131147541,401,6.5737704918,82,1.34426229508,6,0.0983606557377,149,2.44262295082,94,999,16.3770491803,
Ty Lawson,DEN,2012-2013, 5-11,PG,25,65,2274,34.9846153846,407,886,.459,79,209,.378,210,282,.745,35,0.538461538462,144,2.21538461538,179,2.75384615385,460,7.07692307692,98,1.50769230769,8,0.123076923077,172,2.64615384615,120,1103,16.9692307692,
