Player,Team,Season,Height,Position,Age,G,MIN,MINPG,FGM,FGA,FGP,TPM,TPA,TPP,FTM,FTA,FTP,ORB,ORBPG,DRB,DRBPG,TRB,TRBPG,AST,ASTPG,STL,STLPG,BLK,BLKPG,TO,TOPG,PF,PTS,PTSPG,
Tyler Hansbrough,IND,2009-2010, 6-9,PF,24,29,511,17.6206896552,81,225,.360,0,4,.000,84,113,.743,60,2.06896551724,78,2.68965517241,138,4.75862068966,28,0.965517241379,17,0.586206896552,8,0.275862068966,21,0.724137931034,70,246,8.48275862069,
Tyler Hansbrough,IND,2010-2011, 6-9,PF,25,70,1535,21.9285714286,285,613,.465,0,2,.000,197,253,.779,145,2.07142857143,221,3.15714285714,366,5.22857142857,41,0.585714285714,37,0.528571428571,15,0.214285714286,76,1.08571428571,160,767,10.9571428571,
Tyler Hansbrough,IND,2011-2012, 6-9,PF,26,66,1442,21.8484848485,194,479,.405,0,1,.000,226,278,.813,113,1.71212121212,177,2.68181818182,290,4.39393939394,30,0.454545454545,54,0.818181818182,9,0.136363636364,65,0.984848484848,159,614,9.30303030303,
Tyler Hansbrough,IND,2012-2013, 6-9,PF,27,64,1015,15.859375,124,289,.429,0,2,.000,161,226,.712,108,1.6875,148,2.3125,256,4.0,28,0.4375,22,0.34375,16,0.25,51,0.796875,120,409,6.390625,
