Player,Team,Season,Height,Position,Age,G,MIN,MINPG,FGM,FGA,FGP,TPM,TPA,TPP,FTM,FTA,FTP,ORB,ORBPG,DRB,DRBPG,TRB,TRBPG,AST,ASTPG,STL,STLPG,BLK,BLKPG,TO,TOPG,PF,PTS,PTSPG,
Tyler Zeller,CLE,2012-2013, 7-0,C,23,59,1579,26.7627118644,181,425,.426,0,2,.000,101,131,.771,132,2.23728813559,212,3.59322033898,344,5.83050847458,82,1.38983050847,28,0.474576271186,56,0.949152542373,76,1.28813559322,186,463,7.84745762712,
