Player,Team,Season,Height,Position,Age,G,MIN,MINPG,FGM,FGA,FGP,TPM,TPA,TPP,FTM,FTA,FTP,ORB,ORBPG,DRB,DRBPG,TRB,TRBPG,AST,ASTPG,STL,STLPG,BLK,BLKPG,TO,TOPG,PF,PTS,PTSPG,
Tyler Honeycutt,SAC,2011-2012, 6-8,SF,21,15,88,5.86666666667,8,24,.333,1,3,.333,3,5,.600,3,0.2,11,0.733333333333,14,0.933333333333,7,0.466666666667,4,0.266666666667,3,0.2,2,0.133333333333,3,20,1.33333333333,
Tyler Honeycutt,SAC,2012-2013, 6-8,SF,22,9,32,3.55555555556,3,11,.273,0,2,.000,2,2,1.000,3,0.333333333333,7,0.777777777778,10,1.11111111111,2,0.222222222222,0,0.0,1,0.111111111111,5,0.555555555556,2,8,0.888888888889,
