Player,Team,Season,Height,Position,Age,G,MIN,MINPG,FGM,FGA,FGP,TPM,TPA,TPP,FTM,FTA,FTP,ORB,ORBPG,DRB,DRBPG,TRB,TRBPG,AST,ASTPG,STL,STLPG,BLK,BLKPG,TO,TOPG,PF,PTS,PTSPG,
Tyreke Evans,SAC,2009-2010, 6-6,SG,20,72,2677,37.1805555556,533,1165,.458,36,141,.255,348,465,.748,66,0.916666666667,314,4.36111111111,380,5.27777777778,414,5.75,109,1.51388888889,26,0.361111111111,216,3.0,204,1450,20.1388888889,
Tyreke Evans,SAC,2010-2011, 6-6,SG,21,57,2107,36.9649122807,382,933,.409,43,148,.291,205,266,.771,46,0.80701754386,229,4.01754385965,275,4.82456140351,319,5.59649122807,85,1.49122807018,30,0.526315789474,184,3.22807017544,143,1012,17.7543859649,
Tyreke Evans,SAC,2011-2012, 6-6,SG,22,63,2162,34.3174603175,408,900,.453,20,99,.202,201,258,.779,64,1.01587301587,225,3.57142857143,289,4.5873015873,283,4.49206349206,84,1.33333333333,29,0.460317460317,171,2.71428571429,136,1037,16.4603174603,
Tyreke Evans,SAC,2012-2013, 6-6,SG,23,50,1566,31.32,287,595,.482,34,92,.370,172,224,.768,47,0.94,181,3.62,228,4.56,171,3.42,75,1.5,24,0.48,105,2.1,104,780,15.6,
