Player,Team,Season,Height,Position,Age,G,MIN,MINPG,FGM,FGA,FGP,TPM,TPA,TPP,FTM,FTA,FTP,ORB,ORBPG,DRB,DRBPG,TRB,TRBPG,AST,ASTPG,STL,STLPG,BLK,BLKPG,TO,TOPG,PF,PTS,PTSPG,
Tyrone Nesby,LAC,1998-1999, 6-6,SF,23,50,1288,25.76,182,405,.449,35,96,.365,104,133,.782,57,1.14,118,2.36,175,3.5,82,1.64,77,1.54,20,0.4,53,1.06,143,503,10.06,
Tyrone Nesby,LAC,1999-2000, 6-6,SG,24,73,2317,31.7397260274,364,915,.398,94,281,.335,151,191,.791,82,1.12328767123,193,2.64383561644,275,3.76712328767,121,1.65753424658,75,1.02739726027,31,0.424657534247,102,1.39726027397,205,973,13.3287671233,
Tyrone Nesby,TOT,2000-2001, 6-6,SF,25,62,1556,25.0967741935,189,530,.357,49,180,.272,85,106,.802,51,0.822580645161,122,1.96774193548,173,2.79032258065,76,1.22580645161,51,0.822580645161,20,0.322580645161,65,1.04838709677,155,512,8.25806451613,
Tyrone Nesby,LAC,2000-2001, 6-6,SG,25,14,333,23.7857142857,40,123,.325,10,46,.217,18,23,.783,16,1.14285714286,26,1.85714285714,42,3.0,11,0.785714285714,10,0.714285714286,4,0.285714285714,10,0.714285714286,28,108,7.71428571429,
Tyrone Nesby,WAS,2000-2001, 6-6,SF,25,48,1223,25.4791666667,149,407,.366,39,134,.291,67,83,.807,35,0.729166666667,96,2.0,131,2.72916666667,65,1.35416666667,41,0.854166666667,16,0.333333333333,55,1.14583333333,127,404,8.41666666667,
Tyrone Nesby,WAS,2001-2002, 6-6,SF,26,70,1498,21.4,183,421,.435,13,47,.277,64,93,.688,105,1.5,213,3.04285714286,318,4.54285714286,91,1.3,61,0.871428571429,22,0.314285714286,49,0.7,164,443,6.32857142857,
