Player,Team,Season,Height,Position,Age,G,MIN,MINPG,FGM,FGA,FGP,TPM,TPA,TPP,FTM,FTA,FTP,ORB,ORBPG,DRB,DRBPG,TRB,TRBPG,AST,ASTPG,STL,STLPG,BLK,BLKPG,TO,TOPG,PF,PTS,PTSPG,
Tyrus Thomas,CHI,2006-2007, 6-9,PF,20,72,966,13.4166666667,134,282,.475,0,2,.000,106,175,.606,89,1.23611111111,180,2.5,269,3.73611111111,40,0.555555555556,46,0.638888888889,76,1.05555555556,94,1.30555555556,162,374,5.19444444444,
Tyrus Thomas,CHI,2007-2008, 6-9,PF,21,74,1330,17.972972973,186,440,.423,1,6,.167,129,174,.741,102,1.37837837838,240,3.24324324324,342,4.62162162162,90,1.21621621622,48,0.648648648649,72,0.972972972973,77,1.04054054054,170,502,6.78378378378,
Tyrus Thomas,CHI,2008-2009, 6-9,PF,22,79,2175,27.5316455696,308,683,.451,3,9,.333,238,304,.783,148,1.87341772152,360,4.55696202532,508,6.43037974684,77,0.974683544304,91,1.15189873418,151,1.91139240506,129,1.63291139241,220,857,10.8481012658,
Tyrus Thomas,TOT,2009-2010, 6-9,PF,23,54,1220,22.5925925926,194,420,.462,0,3,.000,120,175,.686,81,1.5,254,4.7037037037,335,6.2037037037,56,1.03703703704,63,1.16666666667,85,1.57407407407,92,1.7037037037,129,508,9.40740740741,
Tyrus Thomas,CHI,2009-2010, 6-9,PF,23,29,678,23.3793103448,99,205,.483,0,1,.000,58,90,.644,42,1.44827586207,141,4.86206896552,183,6.31034482759,33,1.13793103448,40,1.37931034483,48,1.65517241379,52,1.79310344828,64,256,8.8275862069,
Tyrus Thomas,CHA,2009-2010, 6-9,C,23,25,542,21.68,95,215,.442,0,2,.000,62,85,.729,39,1.56,113,4.52,152,6.08,23,0.92,23,0.92,37,1.48,40,1.6,65,252,10.08,
Tyrus Thomas,CHA,2010-2011, 6-9,C,24,41,861,21.0,156,331,.471,0,3,.000,107,136,.787,65,1.58536585366,159,3.87804878049,224,5.46341463415,29,0.707317073171,30,0.731707317073,66,1.60975609756,65,1.58536585366,113,419,10.2195121951,
Tyrus Thomas,CHA,2011-2012, 6-9,PF,25,54,1013,18.7592592593,120,327,.367,1,3,.333,63,83,.759,49,0.907407407407,151,2.7962962963,200,3.7037037037,35,0.648148148148,36,0.666666666667,60,1.11111111111,53,0.981481481481,144,304,5.62962962963,
Tyrus Thomas,CHA,2012-2013, 6-9,PF,26,18,279,15.5,32,101,.317,0,1,.000,22,26,.846,12,0.666666666667,38,2.11111111111,50,2.77777777778,13,0.722222222222,7,0.388888888889,14,0.777777777778,13,0.722222222222,40,86,4.77777777778,
