Player,Team,Season,Height,Position,Age,G,MIN,MINPG,FGM,FGA,FGP,TPM,TPA,TPP,FTM,FTA,FTP,ORB,ORBPG,DRB,DRBPG,TRB,TRBPG,AST,ASTPG,STL,STLPG,BLK,BLKPG,TO,TOPG,PF,PTS,PTSPG,
Tyus Edney,SAC,1995-1996, 5-10,PG,22,80,2481,31.0125,305,740,.412,53,144,.368,197,252,.782,63,0.7875,138,1.725,201,2.5125,491,6.1375,89,1.1125,3,0.0375,192,2.4,203,860,10.75,
Tyus Edney,SAC,1996-1997, 5-10,PG,23,70,1376,19.6571428571,150,391,.384,8,42,.190,177,215,.823,34,0.485714285714,79,1.12857142857,113,1.61428571429,226,3.22857142857,60,0.857142857143,2,0.0285714285714,112,1.6,98,485,6.92857142857,
Tyus Edney,BOS,1997-1998, 5-10,PG,24,52,623,11.9807692308,93,216,.431,3,10,.300,88,111,.793,20,0.384615384615,35,0.673076923077,55,1.05769230769,139,2.67307692308,51,0.980769230769,1,0.0192307692308,66,1.26923076923,69,277,5.32692307692,
Tyus Edney,IND,2000-2001, 5-10,PG,27,24,263,10.9583333333,35,91,.385,1,6,.167,35,39,.897,5,0.208333333333,19,0.791666666667,24,1.0,54,2.25,17,0.708333333333,0,0.0,25,1.04166666667,17,106,4.41666666667,
