Player,Team,Season,Height,Position,Age,G,MIN,MINPG,FGM,FGA,FGP,TPM,TPA,TPP,FTM,FTA,FTP,ORB,ORBPG,DRB,DRBPG,TRB,TRBPG,AST,ASTPG,STL,STLPG,BLK,BLKPG,TO,TOPG,PF,PTS,PTSPG,
Uwe Blab,DAL,1985-1986, 7-1,C,23,48,409,8.52083333333,44,94,.468,0,0,.000,36,67,.537,25,0.520833333333,66,1.375,91,1.89583333333,17,0.354166666667,3,0.0625,12,0.25,28,0.583333333333,65,124,2.58333333333,
Uwe Blab,DAL,1986-1987, 7-1,C,24,30,160,5.33333333333,20,51,.392,0,0,.000,13,28,.464,11,0.366666666667,25,0.833333333333,36,1.2,13,0.433333333333,4,0.133333333333,9,0.3,15,0.5,33,53,1.76666666667,
Uwe Blab,DAL,1987-1988, 7-1,C,25,73,658,9.01369863014,58,132,.439,0,0,.000,46,65,.708,52,0.712328767123,82,1.12328767123,134,1.83561643836,35,0.479452054795,8,0.109589041096,29,0.397260273973,49,0.671232876712,108,162,2.21917808219,
Uwe Blab,DAL,1988-1989, 7-1,C,26,37,208,5.62162162162,24,52,.462,0,0,.000,20,25,.800,11,0.297297297297,33,0.891891891892,44,1.18918918919,12,0.324324324324,3,0.0810810810811,13,0.351351351351,14,0.378378378378,36,68,1.83783783784,
Uwe Blab,TOT,1989-1990, 7-1,C,27,47,531,11.2978723404,39,98,.398,0,0,.000,20,37,.541,29,0.617021276596,79,1.68085106383,108,2.29787234043,25,0.531914893617,1,0.0212765957447,22,0.468085106383,35,0.744680851064,102,98,2.08510638298,
Uwe Blab,GSW,1989-1990, 7-1,C,27,40,481,12.025,33,87,.379,0,0,.000,17,31,.548,28,0.7,71,1.775,99,2.475,24,0.6,1,0.025,22,0.55,30,0.75,93,83,2.075,
Uwe Blab,SAS,1989-1990, 7-1,C,27,7,50,7.14285714286,6,11,.545,0,0,.000,3,6,.500,1,0.142857142857,8,1.14285714286,9,1.28571428571,1,0.142857142857,0,0.0,0,0.0,5,0.714285714286,9,15,2.14285714286,
