Player,Team,Season,Height,Position,Age,G,MIN,MINPG,FGM,FGA,FGP,TPM,TPA,TPP,FTM,FTA,FTP,ORB,ORBPG,DRB,DRBPG,TRB,TRBPG,AST,ASTPG,STL,STLPG,BLK,BLKPG,TO,TOPG,PF,PTS,PTSPG,
Vassilis Spanoulis,HOU,2006-2007, 6-4,SG,24,31,272,8.77419354839,23,72,.319,5,29,.172,34,42,.810,5,0.161290322581,17,0.548387096774,22,0.709677419355,28,0.903225806452,7,0.225806451613,1,0.0322580645161,29,0.935483870968,33,85,2.74193548387,
