Player,Team,Season,Height,Position,Age,G,MIN,MINPG,FGM,FGA,FGP,TPM,TPA,TPP,FTM,FTA,FTP,ORB,ORBPG,DRB,DRBPG,TRB,TRBPG,AST,ASTPG,STL,STLPG,BLK,BLKPG,TO,TOPG,PF,PTS,PTSPG,
Vern Hatton,TOT,1958-1959, 6-3,PG,23,64,1109,17.328125,149,418,.356,.000,.000,.000,77,116,.664,.000,0.0,.000,0.0,178,2.78125,78,1.21875,.000,0.0,.000,0.0,.000,0.0,111,375,5.859375,
Vern Hatton,CIN,1958-1959, 6-3,,23,24,657,27.375,66,207,.319,.000,.000,.000,34,51,.667,.000,0.0,.000,0.0,81,3.375,30,1.25,.000,0.0,.000,0.0,.000,0.0,55,166,6.91666666667,
Vern Hatton,PHW,1958-1959, 6-3,PG,23,40,452,11.3,83,211,.393,.000,.000,.000,43,65,.662,.000,0.0,.000,0.0,97,2.425,48,1.2,.000,0.0,.000,0.0,.000,0.0,56,209,5.225,
Vern Hatton,PHW,1959-1960, 6-3,SG,24,67,1049,15.6567164179,127,356,.357,.000,.000,.000,53,87,.609,.000,0.0,.000,0.0,159,2.37313432836,82,1.22388059701,.000,0.0,.000,0.0,.000,0.0,61,307,4.58208955224,
Vern Hatton,PHW,1960-1961, 6-3,SG,25,54,610,11.2962962963,97,304,.319,.000,.000,.000,46,56,.821,.000,0.0,.000,0.0,92,1.7037037037,59,1.09259259259,.000,0.0,.000,0.0,.000,0.0,59,240,4.44444444444,
Vern Hatton,TOT,1961-1962, 6-3,,26,40,898,22.45,112,331,.338,.000,.000,.000,98,125,.784,.000,0.0,.000,0.0,102,2.55,99,2.475,.000,0.0,.000,0.0,.000,0.0,63,322,8.05,
