Player,Team,Season,Height,Position,Age,G,MIN,MINPG,FGM,FGA,FGP,TPM,TPA,TPP,FTM,FTA,FTP,ORB,ORBPG,DRB,DRBPG,TRB,TRBPG,AST,ASTPG,STL,STLPG,BLK,BLKPG,TO,TOPG,PF,PTS,PTSPG,
Victor Alexander,GSW,1991-1992, 6-9,C,22,80,1350,16.875,243,459,.529,0,1,.000,103,149,.691,106,1.325,230,2.875,336,4.2,32,0.4,45,0.5625,62,0.775,91,1.1375,176,589,7.3625,
Victor Alexander,GSW,1992-1993, 6-9,C,23,72,1753,24.3472222222,344,667,.516,10,22,.455,111,162,.685,132,1.83333333333,288,4.0,420,5.83333333333,93,1.29166666667,34,0.472222222222,53,0.736111111111,120,1.66666666667,218,809,11.2361111111,
Victor Alexander,GSW,1993-1994, 6-9,C,24,69,1318,19.1014492754,266,502,.530,2,13,.154,68,129,.527,114,1.65217391304,194,2.8115942029,308,4.46376811594,66,0.95652173913,28,0.405797101449,32,0.463768115942,86,1.24637681159,168,602,8.72463768116,
Victor Alexander,GSW,1994-1995, 6-9,C,25,50,1237,24.74,230,447,.515,6,25,.240,36,60,.600,87,1.74,204,4.08,291,5.82,60,1.2,28,0.56,29,0.58,76,1.52,145,502,10.04,
Victor Alexander,DET,2001-2002, 6-9,C,32,15,97,6.46666666667,18,51,.353,0,2,.000,4,8,.500,7,0.466666666667,22,1.46666666667,29,1.93333333333,6,0.4,0,0.0,1,0.0666666666667,5,0.333333333333,6,40,2.66666666667,
