Player,Team,Season,Height,Position,Age,G,MIN,MINPG,FGM,FGA,FGP,TPM,TPA,TPP,FTM,FTA,FTP,ORB,ORBPG,DRB,DRBPG,TRB,TRBPG,AST,ASTPG,STL,STLPG,BLK,BLKPG,TO,TOPG,PF,PTS,PTSPG,
Vince Taylor,NYK,1982-1983, 6-5,SG,22,31,321,10.3548387097,37,102,.363,0,0,.000,21,32,.656,19,0.612903225806,17,0.548387096774,36,1.16129032258,41,1.32258064516,20,0.645161290323,2,0.0645161290323,30,0.967741935484,54,95,3.06451612903,
