Player,Team,Season,Height,Position,Age,G,MIN,MINPG,FGM,FGA,FGP,TPM,TPA,TPP,FTM,FTA,FTP,ORB,ORBPG,DRB,DRBPG,TRB,TRBPG,AST,ASTPG,STL,STLPG,BLK,BLKPG,TO,TOPG,PF,PTS,PTSPG,
Von Wafer,LAL,2005-2006, 6-5,SG,20,16,73,4.5625,6,38,.158,2,17,.118,6,8,.750,5,0.3125,3,0.1875,8,0.5,4,0.25,3,0.1875,0,0.0,1,0.0625,12,20,1.25,
Von Wafer,LAC,2006-2007, 6-5,SF,21,1,1,1.0,0,1,.000,0,1,.000,0,0,.000,0,0.0,0,0.0,0,0.0,0,0.0,0,0.0,0,0.0,0,0.0,0,0,0.0,
Von Wafer,TOT,2007-2008, 6-5,SG,22,29,154,5.31034482759,17,61,.279,4,26,.154,8,12,.667,1,0.0344827586207,18,0.620689655172,19,0.655172413793,7,0.241379310345,2,0.0689655172414,3,0.103448275862,13,0.448275862069,7,46,1.58620689655,
Von Wafer,DEN,2007-2008, 6-5,SG,22,21,90,4.28571428571,10,38,.263,1,15,.067,6,8,.750,1,0.047619047619,9,0.428571428571,10,0.47619047619,5,0.238095238095,2,0.0952380952381,1,0.047619047619,11,0.52380952381,4,27,1.28571428571,
Von Wafer,POR,2007-2008, 6-5,SG,22,8,64,8.0,7,23,.304,3,11,.273,2,4,.500,0,0.0,9,1.125,9,1.125,2,0.25,0,0.0,2,0.25,2,0.25,3,19,2.375,
Von Wafer,HOU,2008-2009, 6-5,SG,23,63,1225,19.4444444444,229,512,.447,64,164,.390,88,117,.752,19,0.301587301587,94,1.49206349206,113,1.79365079365,71,1.12698412698,40,0.634920634921,8,0.126984126984,59,0.936507936508,71,610,9.68253968254,
Von Wafer,BOS,2010-2011, 6-5,SG,25,58,553,9.53448275862,67,159,.421,18,67,.269,32,38,.842,7,0.120689655172,42,0.724137931034,49,0.844827586207,35,0.603448275862,18,0.310344827586,5,0.0862068965517,20,0.344827586207,39,184,3.1724137931,
Von Wafer,ORL,2011-2012, 6-5,SG,26,33,469,14.2121212121,71,157,.452,14,39,.359,38,54,.704,6,0.181818181818,39,1.18181818182,45,1.36363636364,29,0.878787878788,10,0.30303030303,3,0.0909090909091,35,1.06060606061,26,194,5.87878787879,
