Player,Team,Season,Height,Position,Age,G,MIN,MINPG,FGM,FGA,FGP,TPM,TPA,TPP,FTM,FTA,FTP,ORB,ORBPG,DRB,DRBPG,TRB,TRBPG,AST,ASTPG,STL,STLPG,BLK,BLKPG,TO,TOPG,PF,PTS,PTSPG,
Wah Wah Jones,INO,1949-1950, 6-4,PF,23,60,.000,0.0,264,706,.374,.000,.000,.000,223,297,.751,.000,0.0,.000,0.0,.000,0.0,194,3.23333333333,.000,0.0,.000,0.0,.000,0.0,241,751,12.5166666667,
Wah Wah Jones,INO,1950-1951, 6-4,PF,24,22,.000,0.0,93,237,.392,.000,.000,.000,61,77,.792,.000,0.0,.000,0.0,125,5.68181818182,85,3.86363636364,.000,0.0,.000,0.0,.000,0.0,74,247,11.2272727273,
Wah Wah Jones,INO,1951-1952, 6-4,PF,25,58,1320,22.7586206897,164,524,.313,.000,.000,.000,102,136,.750,.000,0.0,.000,0.0,283,4.87931034483,150,2.58620689655,.000,0.0,.000,0.0,.000,0.0,137,430,7.41379310345,
