Player,Team,Season,Height,Position,Age,G,MIN,MINPG,FGM,FGA,FGP,TPM,TPA,TPP,FTM,FTA,FTP,ORB,ORBPG,DRB,DRBPG,TRB,TRBPG,AST,ASTPG,STL,STLPG,BLK,BLKPG,TO,TOPG,PF,PTS,PTSPG,
Wallace Bryant,CHI,1983-1984, 7-0,C,24,29,317,10.9310344828,52,133,.391,0,0,.000,14,33,.424,37,1.27586206897,43,1.48275862069,80,2.75862068966,13,0.448275862069,9,0.310344827586,11,0.379310344828,16,0.551724137931,48,118,4.06896551724,
Wallace Bryant,DAL,1984-1985, 7-0,C,25,56,860,15.3571428571,67,148,.453,0,0,.000,30,44,.682,74,1.32142857143,167,2.98214285714,241,4.30357142857,84,1.5,21,0.375,24,0.428571428571,46,0.821428571429,110,164,2.92857142857,
Wallace Bryant,TOT,1985-1986, 7-0,C,26,17,218,12.8235294118,15,48,.313,0,0,.000,11,19,.579,17,1.0,36,2.11764705882,53,3.11764705882,15,0.882352941176,5,0.294117647059,5,0.294117647059,9,0.529411764706,38,41,2.41176470588,
Wallace Bryant,DAL,1985-1986, 7-0,C,26,9,154,17.1111111111,11,30,.367,0,0,.000,6,11,.545,9,1.0,24,2.66666666667,33,3.66666666667,11,1.22222222222,3,0.333333333333,2,0.222222222222,7,0.777777777778,26,28,3.11111111111,
Wallace Bryant,LAC,1985-1986, 7-0,C,26,8,64,8.0,4,18,.222,0,0,.000,5,8,.625,8,1.0,12,1.5,20,2.5,4,0.5,2,0.25,3,0.375,2,0.25,12,13,1.625,
