Player,Team,Season,Height,Position,Age,G,MIN,MINPG,FGM,FGA,FGP,TPM,TPA,TPP,FTM,FTA,FTP,ORB,ORBPG,DRB,DRBPG,TRB,TRBPG,AST,ASTPG,STL,STLPG,BLK,BLKPG,TO,TOPG,PF,PTS,PTSPG,
Walter Berry,TOT,1986-1987, 6-8,SF,22,63,1586,25.1746031746,407,766,.531,0,3,.000,187,288,.649,136,2.15873015873,173,2.74603174603,309,4.90476190476,105,1.66666666667,38,0.603174603175,40,0.634920634921,153,2.42857142857,196,1001,15.8888888889,
Walter Berry,POR,1986-1987, 6-8,PF,22,7,19,2.71428571429,6,8,.750,0,0,.000,1,1,1.000,4,0.571428571429,3,0.428571428571,7,1.0,1,0.142857142857,2,0.285714285714,0,0.0,0,0.0,8,13,1.85714285714,
Walter Berry,SAS,1986-1987, 6-8,SF,22,56,1567,27.9821428571,401,758,.529,0,3,.000,186,287,.648,132,2.35714285714,170,3.03571428571,302,5.39285714286,104,1.85714285714,36,0.642857142857,40,0.714285714286,153,2.73214285714,188,988,17.6428571429,
Walter Berry,SAS,1987-1988, 6-8,SF,23,73,1922,26.3287671233,540,960,.563,0,0,.000,192,320,.600,176,2.41095890411,219,3.0,395,5.41095890411,110,1.50684931507,55,0.753424657534,63,0.86301369863,162,2.21917808219,207,1272,17.4246575342,
Walter Berry,TOT,1988-1989, 6-8,PF,24,69,1355,19.6376811594,254,501,.507,1,2,.500,100,143,.699,86,1.24637681159,181,2.6231884058,267,3.86956521739,77,1.11594202899,29,0.420289855072,48,0.695652173913,89,1.28985507246,183,609,8.82608695652,
Walter Berry,NJN,1988-1989, 6-8,PF,24,29,556,19.1724137931,108,231,.468,0,0,.000,43,63,.683,32,1.10344827586,83,2.86206896552,115,3.96551724138,20,0.689655172414,10,0.344827586207,13,0.448275862069,40,1.37931034483,69,259,8.93103448276,
Walter Berry,HOU,1988-1989, 6-8,PF,24,40,799,19.975,146,270,.541,1,2,.500,57,80,.713,54,1.35,98,2.45,152,3.8,57,1.425,19,0.475,35,0.875,49,1.225,114,350,8.75,
