Player,Team,Season,Height,Position,Age,G,MIN,MINPG,FGM,FGA,FGP,TPM,TPA,TPP,FTM,FTA,FTP,ORB,ORBPG,DRB,DRBPG,TRB,TRBPG,AST,ASTPG,STL,STLPG,BLK,BLKPG,TO,TOPG,PF,PTS,PTSPG,
Walter Simon,NJA,1967-1968, 6-6,SF,28,78,2518,32.2820512821,433,955,.453,1,15,.067,169,266,.635,.000,0.0,.000,0.0,524,6.71794871795,212,2.71794871795,.000,0.0,.000,0.0,173,2.21794871795,272,1036,13.2820512821,
Walter Simon,NYA,1968-1969, 6-6,SF,29,68,2750,40.4411764706,570,1296,.440,6,27,.222,290,417,.695,181,2.66176470588,373,5.48529411765,554,8.14705882353,234,3.44117647059,.000,0.0,.000,0.0,183,2.69117647059,289,1436,21.1176470588,
Walter Simon,NYA,1969-1970, 6-6,SF,30,81,2696,33.2839506173,454,1030,.441,1,20,.050,253,338,.749,152,1.87654320988,322,3.97530864198,474,5.85185185185,294,3.62962962963,.000,0.0,.000,0.0,197,2.43209876543,296,1162,14.3456790123,
Walter Simon,KEN,1970-1971, 6-6,SF,31,84,1411,16.7976190476,274,578,.474,1,11,.091,100,156,.641,102,1.21428571429,213,2.53571428571,315,3.75,156,1.85714285714,.000,0.0,.000,0.0,128,1.52380952381,253,649,7.72619047619,
Walter Simon,KEN,1971-1972, 6-6,SF,32,67,1111,16.5820895522,243,464,.524,1,10,.100,109,156,.699,72,1.07462686567,161,2.40298507463,233,3.4776119403,137,2.0447761194,.000,0.0,.000,0.0,72,1.07462686567,157,596,8.89552238806,
Walter Simon,KEN,1972-1973, 6-6,SF,33,83,2403,28.9518072289,432,897,.482,3,17,.176,143,191,.749,122,1.46987951807,273,3.28915662651,395,4.75903614458,336,4.04819277108,.000,0.0,.000,0.0,156,1.87951807229,271,1010,12.1686746988,
Walter Simon,KEN,1973-1974, 6-6,SF,34,80,1164,14.55,233,492,.474,2,13,.154,57,68,.838,62,0.775,147,1.8375,209,2.6125,117,1.4625,38,0.475,10,0.125,77,0.9625,133,525,6.5625,
