Player,Team,Season,Height,Position,Age,G,MIN,MINPG,FGM,FGA,FGP,TPM,TPA,TPP,FTM,FTA,FTP,ORB,ORBPG,DRB,DRBPG,TRB,TRBPG,AST,ASTPG,STL,STLPG,BLK,BLKPG,TO,TOPG,PF,PTS,PTSPG,
Walt Kirk,TOT,1948-1949, 6-3,PG,24,49,.000,0.0,140,406,.345,.000,.000,.000,167,231,.723,.000,0.0,.000,0.0,.000,0.0,118,2.40816326531,.000,0.0,.000,0.0,.000,0.0,127,447,9.12244897959,
Walt Kirk,FTW,1948-1949, 6-3,PG,24,14,.000,0.0,22,61,.361,.000,.000,.000,25,33,.758,.000,0.0,.000,0.0,.000,0.0,12,0.857142857143,.000,0.0,.000,0.0,.000,0.0,24,69,4.92857142857,
Walt Kirk,INJ,1948-1949, 6-3,PG,24,35,.000,0.0,118,345,.342,.000,.000,.000,142,198,.717,.000,0.0,.000,0.0,.000,0.0,106,3.02857142857,.000,0.0,.000,0.0,.000,0.0,103,378,10.8,
Walt Kirk,TOT,1949-1950, 6-3,PG,25,58,.000,0.0,97,361,.269,.000,.000,.000,155,216,.718,.000,0.0,.000,0.0,.000,0.0,103,1.77586206897,.000,0.0,.000,0.0,.000,0.0,155,349,6.01724137931,
Walt Kirk,AND,1949-1950, 6-3,PG,25,26,.000,0.0,31,125,.248,.000,.000,.000,57,83,.687,.000,0.0,.000,0.0,.000,0.0,43,1.65384615385,.000,0.0,.000,0.0,.000,0.0,63,119,4.57692307692,
Walt Kirk,TRI,1949-1950, 6-3,PG,25,32,.000,0.0,66,236,.280,.000,.000,.000,98,133,.737,.000,0.0,.000,0.0,.000,0.0,60,1.875,.000,0.0,.000,0.0,.000,0.0,92,230,7.1875,
Walt Kirk,MLH,1951-1952, 6-3,PG,27,11,396,36.0,28,101,.277,.000,.000,.000,55,78,.705,.000,0.0,.000,0.0,44,4.0,28,2.54545454545,.000,0.0,.000,0.0,.000,0.0,47,111,10.0909090909,
