Player,Team,Season,Height,Position,Age,G,MIN,MINPG,FGM,FGA,FGP,TPM,TPA,TPP,FTM,FTA,FTP,ORB,ORBPG,DRB,DRBPG,TRB,TRBPG,AST,ASTPG,STL,STLPG,BLK,BLKPG,TO,TOPG,PF,PTS,PTSPG,
Walter Herrmann,CHA,2006-2007, 6-9,PF,27,48,936,19.5,174,330,.527,53,115,.461,41,53,.774,28,0.583333333333,111,2.3125,139,2.89583333333,26,0.541666666667,17,0.354166666667,7,0.145833333333,32,0.666666666667,76,442,9.20833333333,
Walter Herrmann,TOT,2007-2008, 6-9,PF,28,45,373,8.28888888889,56,144,.389,20,64,.313,21,25,.840,22,0.488888888889,51,1.13333333333,73,1.62222222222,18,0.4,7,0.155555555556,1,0.0222222222222,12,0.266666666667,24,153,3.4,
Walter Herrmann,CHA,2007-2008, 6-9,PF,28,17,174,10.2352941176,25,65,.385,9,26,.346,9,10,.900,10,0.588235294118,26,1.52941176471,36,2.11764705882,4,0.235294117647,4,0.235294117647,0,0.0,4,0.235294117647,12,68,4.0,
Walter Herrmann,DET,2007-2008, 6-9,PF,28,28,199,7.10714285714,31,79,.392,11,38,.289,12,15,.800,12,0.428571428571,25,0.892857142857,37,1.32142857143,14,0.5,3,0.107142857143,1,0.0357142857143,8,0.285714285714,12,85,3.03571428571,
Walter Herrmann,DET,2008-2009, 6-9,SF,29,59,630,10.6779661017,82,207,.396,41,120,.342,19,25,.760,28,0.474576271186,79,1.33898305085,107,1.81355932203,22,0.372881355932,7,0.118644067797,4,0.0677966101695,17,0.28813559322,43,224,3.79661016949,
