Player,Team,Season,Height,Position,Age,G,MIN,MINPG,FGM,FGA,FGP,TPM,TPA,TPP,FTM,FTA,FTP,ORB,ORBPG,DRB,DRBPG,TRB,TRBPG,AST,ASTPG,STL,STLPG,BLK,BLKPG,TO,TOPG,PF,PTS,PTSPG,
Walt Davis,PHW,1953-1954, 6-8,PF,23,68,1568,23.0588235294,167,455,.367,.000,.000,.000,65,101,.644,.000,0.0,.000,0.0,435,6.39705882353,58,0.852941176471,.000,0.0,.000,0.0,.000,0.0,207,399,5.86764705882,
Walt Davis,PHW,1954-1955, 6-8,C,24,61,766,12.5573770492,70,182,.385,.000,.000,.000,35,48,.729,.000,0.0,.000,0.0,206,3.37704918033,36,0.590163934426,.000,0.0,.000,0.0,.000,0.0,100,175,2.86885245902,
Walt Davis,PHW,1955-1956, 6-8,PF,25,70,1097,15.6714285714,123,333,.369,.000,.000,.000,77,112,.688,.000,0.0,.000,0.0,276,3.94285714286,56,0.8,.000,0.0,.000,0.0,.000,0.0,230,323,4.61428571429,
Walt Davis,PHW,1956-1957, 6-8,PF,26,65,1250,19.2307692308,178,437,.407,.000,.000,.000,74,106,.698,.000,0.0,.000,0.0,306,4.70769230769,52,0.8,.000,0.0,.000,0.0,.000,0.0,235,430,6.61538461538,
Walt Davis,TOT,1957-1958, 6-8,PF,27,61,663,10.868852459,85,244,.348,.000,.000,.000,61,82,.744,.000,0.0,.000,0.0,174,2.85245901639,29,0.475409836066,.000,0.0,.000,0.0,.000,0.0,143,231,3.7868852459,
Walt Davis,PHW,1957-1958, 6-8,PF,27,35,376,10.7428571429,44,129,.341,.000,.000,.000,16,24,.667,.000,0.0,.000,0.0,88,2.51428571429,18,0.514285714286,.000,0.0,.000,0.0,.000,0.0,81,104,2.97142857143,
Walt Davis,STL,1957-1958, 6-8,PF,27,26,287,11.0384615385,41,115,.357,.000,.000,.000,45,58,.776,.000,0.0,.000,0.0,86,3.30769230769,11,0.423076923077,.000,0.0,.000,0.0,.000,0.0,62,127,4.88461538462,
