Player,Team,Season,Height,Position,Age,G,MIN,MINPG,FGM,FGA,FGP,TPM,TPA,TPP,FTM,FTA,FTP,ORB,ORBPG,DRB,DRBPG,TRB,TRBPG,AST,ASTPG,STL,STLPG,BLK,BLKPG,TO,TOPG,PF,PTS,PTSPG,
Walt Budko,BLB,1948-1949, 6-5,PF,23,60,.000,0.0,224,644,.348,.000,.000,.000,244,309,.790,.000,0.0,.000,0.0,.000,0.0,99,1.65,.000,0.0,.000,0.0,.000,0.0,201,692,11.5333333333,
Walt Budko,BLB,1949-1950, 6-5,PF,24,66,.000,0.0,198,652,.304,.000,.000,.000,199,263,.757,.000,0.0,.000,0.0,.000,0.0,146,2.21212121212,.000,0.0,.000,0.0,.000,0.0,259,595,9.01515151515,
Walt Budko,BLB,1950-1951, 6-5,PF,25,64,.000,0.0,165,464,.356,.000,.000,.000,166,223,.744,.000,0.0,.000,0.0,452,7.0625,135,2.109375,.000,0.0,.000,0.0,.000,0.0,203,496,7.75,
Walt Budko,PHW,1951-1952, 6-5,PF,26,63,1126,17.873015873,97,240,.404,.000,.000,.000,60,89,.674,.000,0.0,.000,0.0,232,3.68253968254,91,1.44444444444,.000,0.0,.000,0.0,.000,0.0,196,254,4.03174603175,
