Player,Team,Season,Height,Position,Age,G,MIN,MINPG,FGM,FGA,FGP,TPM,TPA,TPP,FTM,FTA,FTP,ORB,ORBPG,DRB,DRBPG,TRB,TRBPG,AST,ASTPG,STL,STLPG,BLK,BLKPG,TO,TOPG,PF,PTS,PTSPG,
Wang Zhizhi,DAL,2000-2001, 7-0,C,23,5,38,7.6,8,19,.421,0,2,.000,8,10,.800,1,0.2,6,1.2,7,1.4,0,0.0,0,0.0,0,0.0,1,0.2,8,24,4.8,
Wang Zhizhi,DAL,2001-2002, 7-0,C,24,55,600,10.9090909091,109,248,.440,48,116,.414,42,57,.737,19,0.345454545455,92,1.67272727273,111,2.01818181818,22,0.4,11,0.2,18,0.327272727273,25,0.454545454545,84,308,5.6,
Wang Zhizhi,LAC,2002-2003, 7-0,C,25,41,412,10.0487804878,62,162,.383,16,47,.340,42,58,.724,26,0.634146341463,51,1.24390243902,77,1.87804878049,10,0.243902439024,8,0.19512195122,10,0.243902439024,31,0.756097560976,41,182,4.43902439024,
Wang Zhizhi,TOT,2003-2004, 7-0,C,26,16,114,7.125,17,46,.370,4,14,.286,9,10,.900,4,0.25,14,0.875,18,1.125,2,0.125,3,0.1875,5,0.3125,6,0.375,13,47,2.9375,
Wang Zhizhi,LAC,2003-2004, 7-0,C,26,2,9,4.5,0,1,.000,0,0,.000,4,4,1.000,0,0.0,4,2.0,4,2.0,0,0.0,0,0.0,1,0.5,0,0.0,0,4,2.0,
Wang Zhizhi,MIA,2003-2004, 7-0,C,26,14,105,7.5,17,45,.378,4,14,.286,5,6,.833,4,0.285714285714,10,0.714285714286,14,1.0,2,0.142857142857,3,0.214285714286,4,0.285714285714,6,0.428571428571,13,43,3.07142857143,
Wang Zhizhi,MIA,2004-2005, 7-0,C,27,20,92,4.6,17,36,.472,2,3,.667,7,12,.583,6,0.3,12,0.6,18,0.9,5,0.25,3,0.15,2,0.1,5,0.25,9,43,2.15,
