Player,Team,Season,Height,Position,Age,G,MIN,MINPG,FGM,FGA,FGP,TPM,TPA,TPP,FTM,FTA,FTP,ORB,ORBPG,DRB,DRBPG,TRB,TRBPG,AST,ASTPG,STL,STLPG,BLK,BLKPG,TO,TOPG,PF,PTS,PTSPG,
Warren Jabali,OAK,1968-1969, 6-2,SG,22,71,2545,35.8450704225,573,1276,.449,11,44,.250,373,545,.684,255,3.59154929577,433,6.0985915493,688,9.69014084507,252,3.54929577465,.000,0.0,.000,0.0,307,4.32394366197,263,1530,21.5492957746,
Warren Jabali,WSA,1969-1970, 6-2,SG,23,40,1510,37.75,342,768,.445,19,62,.306,210,293,.717,114,2.85,302,7.55,416,10.4,173,4.325,.000,0.0,.000,0.0,205,5.125,143,913,22.825,
Warren Jabali,INA,1970-1971, 6-2,SG,24,62,1586,25.5806451613,227,554,.410,47,163,.288,181,238,.761,64,1.03225806452,234,3.77419354839,298,4.8064516129,214,3.45161290323,.000,0.0,.000,0.0,190,3.06451612903,205,682,11.0,
Warren Jabali,FLO,1971-1972, 6-2,SG,25,81,3313,40.9012345679,569,1304,.436,102,285,.358,375,496,.756,167,2.06172839506,489,6.03703703704,656,8.0987654321,495,6.11111111111,.000,0.0,.000,0.0,332,4.0987654321,298,1615,19.9382716049,
Warren Jabali,DNR,1972-1973, 6-2,PG,26,82,2738,33.3902439024,441,974,.453,36,140,.257,480,596,.805,129,1.57317073171,295,3.59756097561,424,5.17073170732,539,6.57317073171,175,2.13414634146,.000,0.0,302,3.68292682927,280,1398,17.0487804878,
Warren Jabali,DNR,1973-1974, 6-2,SG,27,49,1711,34.9183673469,257,657,.391,45,123,.366,220,274,.803,82,1.67346938776,164,3.34693877551,246,5.02040816327,358,7.30612244898,97,1.97959183673,10,0.204081632653,195,3.97959183673,167,779,15.8979591837,
Warren Jabali,SDA,1974-1975, 6-2,SG,28,62,1861,30.0161290323,254,648,.392,62,193,.321,179,227,.789,72,1.16129032258,185,2.98387096774,257,4.14516129032,358,5.77419354839,112,1.8064516129,19,0.306451612903,184,2.96774193548,188,749,12.0806451613,
