Player,Team,Season,Height,Position,Age,G,MIN,MINPG,FGM,FGA,FGP,TPM,TPA,TPP,FTM,FTA,FTP,ORB,ORBPG,DRB,DRBPG,TRB,TRBPG,AST,ASTPG,STL,STLPG,BLK,BLKPG,TO,TOPG,PF,PTS,PTSPG,
Wayne Simien,MIA,2005-2006, 6-9,PF,22,43,414,9.62790697674,58,120,.483,0,0,.000,30,34,.882,38,0.883720930233,50,1.16279069767,88,2.04651162791,7,0.162790697674,13,0.302325581395,1,0.0232558139535,24,0.558139534884,70,146,3.39534883721,
Wayne Simien,MIA,2006-2007, 6-9,PF,23,8,93,11.625,9,23,.391,0,0,.000,5,7,.714,5,0.625,6,0.75,11,1.375,4,0.5,2,0.25,0,0.0,3,0.375,13,23,2.875,
