Player,Team,Season,Height,Position,Age,G,MIN,MINPG,FGM,FGA,FGP,TPM,TPA,TPP,FTM,FTA,FTP,ORB,ORBPG,DRB,DRBPG,TRB,TRBPG,AST,ASTPG,STL,STLPG,BLK,BLKPG,TO,TOPG,PF,PTS,PTSPG,
Wayne Robinson,DET,1980-1981, 6-8,PF,22,81,1592,19.6543209877,234,509,.460,0,6,.000,175,240,.729,117,1.44444444444,177,2.18518518519,294,3.62962962963,112,1.38271604938,46,0.567901234568,24,0.296296296296,149,1.83950617284,186,643,7.93827160494,
