Player,Team,Season,Height,Position,Age,G,MIN,MINPG,FGM,FGA,FGP,TPM,TPA,TPP,FTM,FTA,FTP,ORB,ORBPG,DRB,DRBPG,TRB,TRBPG,AST,ASTPG,STL,STLPG,BLK,BLKPG,TO,TOPG,PF,PTS,PTSPG,
Wayne Ellington,MIN,2009-2010, 6-4,SG,22,76,1384,18.2105263158,190,448,.424,64,162,.395,61,70,.871,33,0.434210526316,126,1.65789473684,159,2.09210526316,74,0.973684210526,20,0.263157894737,5,0.0657894736842,74,0.973684210526,72,505,6.64473684211,
Wayne Ellington,MIN,2010-2011, 6-4,SG,23,62,1181,19.0483870968,160,397,.403,48,121,.397,42,53,.792,26,0.41935483871,82,1.32258064516,108,1.74193548387,72,1.16129032258,28,0.451612903226,3,0.0483870967742,53,0.854838709677,85,410,6.61290322581,
Wayne Ellington,MIN,2011-2012, 6-4,SG,24,51,973,19.0784313725,122,302,.404,35,108,.324,32,40,.800,14,0.274509803922,85,1.66666666667,99,1.94117647059,33,0.647058823529,26,0.509803921569,10,0.196078431373,26,0.509803921569,56,311,6.09803921569,
Wayne Ellington,TOT,2012-2013, 6-4,SG,25,61,1155,18.9344262295,149,349,.427,70,172,.407,53,58,.914,13,0.213114754098,96,1.5737704918,109,1.7868852459,69,1.13114754098,29,0.475409836066,2,0.0327868852459,36,0.590163934426,58,421,6.90163934426,
Wayne Ellington,MEM,2012-2013, 6-4,SG,25,40,676,16.9,81,199,.407,41,97,.423,15,16,.938,5,0.125,47,1.175,52,1.3,42,1.05,16,0.4,1,0.025,24,0.6,38,218,5.45,
Wayne Ellington,CLE,2012-2013, 6-4,,25,21,479,22.8095238095,68,150,.453,29,75,.387,38,42,.905,8,0.380952380952,49,2.33333333333,57,2.71428571429,27,1.28571428571,13,0.619047619048,1,0.047619047619,12,0.571428571429,20,203,9.66666666667,
