Player,Team,Season,Height,Position,Age,G,MIN,MINPG,FGM,FGA,FGP,TPM,TPA,TPP,FTM,FTA,FTP,ORB,ORBPG,DRB,DRBPG,TRB,TRBPG,AST,ASTPG,STL,STLPG,BLK,BLKPG,TO,TOPG,PF,PTS,PTSPG,
Wayne Molis,NYK,1966-1967, 6-8,C,23,13,75,5.76923076923,19,51,.373,.000,.000,.000,7,13,.538,.000,0.0,.000,0.0,22,1.69230769231,2,0.153846153846,.000,0.0,.000,0.0,.000,0.0,9,45,3.46153846154,
Wayne Molis,TOT,1967-1968, 6-8,C,24,46,535,11.6304347826,96,225,.427,2,3,.667,41,61,.672,.000,0.0,.000,0.0,170,3.69565217391,39,0.847826086957,.000,0.0,.000,0.0,26,0.565217391304,49,235,5.10869565217,
Wayne Molis,OAK,1967-1968, 6-8,C,24,5,46,9.2,5,13,.385,0,0,.000,4,4,1.000,.000,0.0,.000,0.0,10,2.0,3,0.6,.000,0.0,.000,0.0,3,0.6,3,14,2.8,
Wayne Molis,HSM,1967-1968, 6-8,C,24,41,489,11.9268292683,91,212,.429,2,3,.667,37,57,.649,.000,0.0,.000,0.0,160,3.90243902439,36,0.878048780488,.000,0.0,.000,0.0,23,0.560975609756,46,221,5.39024390244,
