Player,Team,Season,Height,Position,Age,G,MIN,MINPG,FGM,FGA,FGP,TPM,TPA,TPP,FTM,FTA,FTP,ORB,ORBPG,DRB,DRBPG,TRB,TRBPG,AST,ASTPG,STL,STLPG,BLK,BLKPG,TO,TOPG,PF,PTS,PTSPG,
Wayne Sappleton,NJN,1984-1985, 6-9,PF,24,33,298,9.0303030303,41,87,.471,0,0,.000,14,34,.412,28,0.848484848485,47,1.42424242424,75,2.27272727273,7,0.212121212121,7,0.212121212121,4,0.121212121212,21,0.636363636364,50,96,2.90909090909,
