Player,Team,Season,Height,Position,Age,G,MIN,MINPG,FGM,FGA,FGP,TPM,TPA,TPP,FTM,FTA,FTP,ORB,ORBPG,DRB,DRBPG,TRB,TRBPG,AST,ASTPG,STL,STLPG,BLK,BLKPG,TO,TOPG,PF,PTS,PTSPG,
Wesley Cox,GSW,1977-1978, 6-6,SF,23,43,453,10.5348837209,69,173,.399,.000,.000,.000,58,100,.580,42,0.976744186047,101,2.3488372093,143,3.32558139535,12,0.279069767442,21,0.488372093023,10,0.232558139535,36,0.837209302326,82,196,4.55813953488,
Wesley Cox,GSW,1978-1979, 6-6,SF,24,31,360,11.6129032258,53,123,.431,.000,.000,.000,40,92,.435,18,0.58064516129,45,1.45161290323,63,2.03225806452,11,0.354838709677,13,0.41935483871,5,0.161290322581,44,1.41935483871,68,146,4.70967741935,
