Player,Team,Season,Height,Position,Age,G,MIN,MINPG,FGM,FGA,FGP,TPM,TPA,TPP,FTM,FTA,FTP,ORB,ORBPG,DRB,DRBPG,TRB,TRBPG,AST,ASTPG,STL,STLPG,BLK,BLKPG,TO,TOPG,PF,PTS,PTSPG,
Wesley Johnson,MIN,2010-2011, 6-7,SG,23,79,2069,26.1898734177,271,682,.397,103,289,.356,64,92,.696,51,0.645569620253,189,2.39240506329,240,3.03797468354,148,1.87341772152,58,0.73417721519,54,0.683544303797,95,1.20253164557,163,709,8.9746835443,
Wesley Johnson,MIN,2011-2012, 6-7,SF,24,65,1469,22.6,158,397,.398,53,169,.314,24,34,.706,24,0.369230769231,153,2.35384615385,177,2.72307692308,59,0.907692307692,35,0.538461538462,48,0.738461538462,60,0.923076923077,115,393,6.04615384615,
Wesley Johnson,PHO,2012-2013, 6-7,SF,25,33,454,13.7575757576,72,181,.398,22,69,.319,9,12,.750,16,0.484848484848,49,1.48484848485,65,1.9696969697,15,0.454545454545,8,0.242424242424,12,0.363636363636,17,0.515151515152,35,175,5.30303030303,
