Player,Team,Season,Height,Position,Age,G,MIN,MINPG,FGM,FGA,FGP,TPM,TPA,TPP,FTM,FTA,FTP,ORB,ORBPG,DRB,DRBPG,TRB,TRBPG,AST,ASTPG,STL,STLPG,BLK,BLKPG,TO,TOPG,PF,PTS,PTSPG,
Wesley Matthews,UTA,2009-2010, 6-5,SG,23,82,2025,24.6951219512,273,565,.483,63,165,.382,160,193,.829,50,0.609756097561,141,1.71951219512,191,2.32926829268,124,1.51219512195,64,0.780487804878,15,0.182926829268,93,1.13414634146,152,769,9.37804878049,
Wesley Matthews,POR,2010-2011, 6-5,SG,24,82,2758,33.6341463415,440,979,.449,154,378,.407,266,315,.844,48,0.585365853659,210,2.56097560976,258,3.14634146341,164,2.0,102,1.24390243902,9,0.109756097561,138,1.68292682927,195,1300,15.8536585366,
Wesley Matthews,POR,2011-2012, 6-5,SG,25,66,2228,33.7575757576,314,763,.412,129,337,.383,147,171,.860,56,0.848484848485,168,2.54545454545,224,3.39393939394,113,1.71212121212,96,1.45454545455,15,0.227272727273,73,1.10606060606,148,904,13.696969697,
Wesley Matthews,POR,2012-2013, 6-5,SG,26,55,1908,34.6909090909,282,641,.440,135,335,.403,120,153,.784,27,0.490909090909,127,2.30909090909,154,2.8,152,2.76363636364,71,1.29090909091,17,0.309090909091,90,1.63636363636,144,819,14.8909090909,
