Player,Team,Season,Height,Position,Age,G,MIN,MINPG,FGM,FGA,FGP,TPM,TPA,TPP,FTM,FTA,FTP,ORB,ORBPG,DRB,DRBPG,TRB,TRBPG,AST,ASTPG,STL,STLPG,BLK,BLKPG,TO,TOPG,PF,PTS,PTSPG,
Whitey Von Nieda,TOT,1949-1950, 6-1,,27,59,.000,0.0,120,336,.357,.000,.000,.000,73,115,.635,.000,0.0,.000,0.0,.000,0.0,143,2.42372881356,.000,0.0,.000,0.0,.000,0.0,127,313,5.30508474576,
Whitey Von Nieda,TRI,1949-1950, 6-1,,27,26,.000,0.0,40,116,.345,.000,.000,.000,29,46,.630,.000,0.0,.000,0.0,.000,0.0,36,1.38461538462,.000,0.0,.000,0.0,.000,0.0,48,109,4.19230769231,
Whitey Von Nieda,BLB,1949-1950, 6-1,,27,33,.000,0.0,80,220,.364,.000,.000,.000,44,69,.638,.000,0.0,.000,0.0,.000,0.0,107,3.24242424242,.000,0.0,.000,0.0,.000,0.0,79,204,6.18181818182,
