Player,Team,Season,Height,Position,Age,G,MIN,MINPG,FGM,FGA,FGP,TPM,TPA,TPP,FTM,FTA,FTP,ORB,ORBPG,DRB,DRBPG,TRB,TRBPG,AST,ASTPG,STL,STLPG,BLK,BLKPG,TO,TOPG,PF,PTS,PTSPG,
Wil Jones,MMF,1969-1970, 6-8,PF,22,74,1697,22.9324324324,243,616,.394,2,11,.182,118,162,.728,223,3.01351351351,342,4.62162162162,565,7.63513513514,48,0.648648648649,.000,0.0,.000,0.0,102,1.37837837838,207,606,8.18918918919,
Wil Jones,MMP,1970-1971, 6-8,PF,23,84,2234,26.5952380952,390,811,.481,1,13,.077,174,258,.674,309,3.67857142857,371,4.41666666667,680,8.09523809524,152,1.80952380952,.000,0.0,.000,0.0,135,1.60714285714,249,955,11.369047619,
Wil Jones,MMP,1971-1972, 6-8,SF,24,84,3098,36.880952381,506,1078,.469,2,16,.125,240,320,.750,371,4.41666666667,505,6.0119047619,876,10.4285714286,154,1.83333333333,.000,0.0,.000,0.0,160,1.90476190476,322,1254,14.9285714286,
Wil Jones,MMT,1972-1973, 6-8,PF,25,76,2316,30.4736842105,344,722,.476,1,7,.143,146,198,.737,245,3.22368421053,359,4.72368421053,604,7.94736842105,117,1.53947368421,.000,0.0,.000,0.0,130,1.71052631579,281,835,10.9868421053,
Wil Jones,MMT,1973-1974, 6-8,PF,26,81,2842,35.0864197531,453,997,.454,3,26,.115,163,220,.741,205,2.53086419753,460,5.67901234568,665,8.20987654321,205,2.53086419753,105,1.2962962963,82,1.01234567901,184,2.27160493827,276,1072,13.2345679012,
Wil Jones,KEN,1974-1975, 6-8,SF,27,84,2689,32.0119047619,458,948,.483,0,5,.000,139,189,.735,198,2.35714285714,409,4.86904761905,607,7.22619047619,256,3.04761904762,108,1.28571428571,70,0.833333333333,199,2.36904761905,353,1055,12.5595238095,
Wil Jones,KEN,1975-1976, 6-8,PF,28,83,2635,31.7469879518,483,1015,.476,3,6,.500,158,204,.775,243,2.92771084337,382,4.60240963855,625,7.53012048193,209,2.51807228916,84,1.01204819277,54,0.650602409639,200,2.40963855422,326,1127,13.578313253,
Wil Jones,IND,1976-1977, 6-8,PF,29,80,2709,33.8625,438,1019,.430,.000,.000,.000,166,223,.744,218,2.725,386,4.825,604,7.55,189,2.3625,102,1.275,80,1.0,.000,0.0,305,1042,13.025,
Wil Jones,BUF,1977-1978, 6-8,PF,30,79,1711,21.6582278481,226,514,.440,.000,.000,.000,84,119,.706,106,1.3417721519,228,2.88607594937,334,4.22784810127,116,1.46835443038,70,0.886075949367,43,0.544303797468,137,1.73417721519,255,536,6.78481012658,
