Player,Team,Season,Height,Position,Age,G,MIN,MINPG,FGM,FGA,FGP,TPM,TPA,TPP,FTM,FTA,FTP,ORB,ORBPG,DRB,DRBPG,TRB,TRBPG,AST,ASTPG,STL,STLPG,BLK,BLKPG,TO,TOPG,PF,PTS,PTSPG,
Wiley Peck,SAS,1979-1980, 6-7,SF,22,52,628,12.0769230769,73,169,.432,0,2,.000,34,55,.618,66,1.26923076923,117,2.25,183,3.51923076923,33,0.634615384615,17,0.326923076923,23,0.442307692308,48,0.923076923077,100,180,3.46153846154,
