Player,Team,Season,Height,Position,Age,G,MIN,MINPG,FGM,FGA,FGP,TPM,TPA,TPP,FTM,FTA,FTP,ORB,ORBPG,DRB,DRBPG,TRB,TRBPG,AST,ASTPG,STL,STLPG,BLK,BLKPG,TO,TOPG,PF,PTS,PTSPG,
Willard Sojourner,VIR,1971-1972, 6-8,C,23,84,1313,15.630952381,222,448,.496,0,0,.000,124,193,.642,185,2.20238095238,329,3.91666666667,514,6.11904761905,56,0.666666666667,.000,0.0,.000,0.0,86,1.02380952381,222,568,6.7619047619,
Willard Sojourner,VIR,1972-1973, 6-8,C,24,64,1065,16.640625,199,410,.485,0,0,.000,84,128,.656,121,1.890625,243,3.796875,364,5.6875,75,1.171875,.000,0.0,.000,0.0,80,1.25,187,482,7.53125,
Willard Sojourner,NYA,1973-1974, 6-8,C,25,82,1316,16.0487804878,202,419,.482,0,3,.000,54,64,.844,110,1.34146341463,225,2.74390243902,335,4.08536585366,54,0.658536585366,24,0.292682926829,88,1.07317073171,85,1.03658536585,205,458,5.58536585366,
Willard Sojourner,NYA,1974-1975, 6-8,C,26,79,1020,12.9113924051,155,324,.478,1,3,.333,49,70,.700,94,1.18987341772,181,2.29113924051,275,3.48101265823,42,0.53164556962,16,0.20253164557,64,0.810126582278,63,0.79746835443,190,360,4.55696202532,
