Player,Team,Season,Height,Position,Age,G,MIN,MINPG,FGM,FGA,FGP,TPM,TPA,TPP,FTM,FTA,FTP,ORB,ORBPG,DRB,DRBPG,TRB,TRBPG,AST,ASTPG,STL,STLPG,BLK,BLKPG,TO,TOPG,PF,PTS,PTSPG,
Will Barton,POR,2012-2013, 6-6,SG,22,55,570,10.3636363636,67,187,.358,7,45,.156,21,33,.636,22,0.4,58,1.05454545455,80,1.45454545455,29,0.527272727273,19,0.345454545455,8,0.145454545455,34,0.618181818182,34,162,2.94545454545,
