Player,Team,Season,Height,Position,Age,G,MIN,MINPG,FGM,FGA,FGP,TPM,TPA,TPP,FTM,FTA,FTP,ORB,ORBPG,DRB,DRBPG,TRB,TRBPG,AST,ASTPG,STL,STLPG,BLK,BLKPG,TO,TOPG,PF,PTS,PTSPG,
Willie Burton,MIA,1990-1991, 6-8,SF,22,76,1928,25.3684210526,341,773,.441,4,30,.133,229,293,.782,111,1.46052631579,151,1.98684210526,262,3.44736842105,107,1.40789473684,72,0.947368421053,24,0.315789473684,144,1.89473684211,275,915,12.0394736842,
Willie Burton,MIA,1991-1992, 6-8,SF,23,68,1585,23.3088235294,280,622,.450,6,15,.400,196,245,.800,76,1.11764705882,168,2.47058823529,244,3.58823529412,123,1.80882352941,46,0.676470588235,37,0.544117647059,119,1.75,186,762,11.2058823529,
Willie Burton,MIA,1992-1993, 6-8,SF,24,26,451,17.3461538462,54,141,.383,5,15,.333,91,127,.717,22,0.846153846154,48,1.84615384615,70,2.69230769231,16,0.615384615385,13,0.5,16,0.615384615385,50,1.92307692308,58,204,7.84615384615,
Willie Burton,MIA,1993-1994, 6-8,SF,25,53,697,13.1509433962,124,283,.438,3,15,.200,120,158,.759,50,0.943396226415,86,1.62264150943,136,2.56603773585,39,0.735849056604,18,0.339622641509,20,0.377358490566,54,1.01886792453,96,371,7.0,
Willie Burton,PHI,1994-1995, 6-8,SF,26,53,1564,29.5094339623,243,606,.401,106,275,.385,220,267,.824,49,0.924528301887,115,2.16981132075,164,3.09433962264,96,1.81132075472,32,0.603773584906,19,0.358490566038,122,2.30188679245,167,812,15.320754717,
Willie Burton,ATL,1996-1997, 6-8,SF,28,24,380,15.8333333333,39,116,.336,13,46,.283,57,68,.838,11,0.458333333333,30,1.25,41,1.70833333333,11,0.458333333333,8,0.333333333333,3,0.125,26,1.08333333333,55,148,6.16666666667,
Willie Burton,SAS,1997-1998, 6-8,SF,29,13,43,3.30769230769,8,21,.381,3,9,.333,8,12,.667,3,0.230769230769,6,0.461538461538,9,0.692307692308,1,0.0769230769231,2,0.153846153846,2,0.153846153846,1,0.0769230769231,7,27,2.07692307692,
Willie Burton,CHH,1998-1999, 6-8,SF,30,3,18,6.0,1,7,.143,0,1,.000,2,4,.500,4,1.33333333333,2,0.666666666667,6,2.0,0,0.0,0,0.0,0,0.0,1,0.333333333333,2,4,1.33333333333,
