Player,Team,Season,Height,Position,Age,G,MIN,MINPG,FGM,FGA,FGP,TPM,TPA,TPP,FTM,FTA,FTP,ORB,ORBPG,DRB,DRBPG,TRB,TRBPG,AST,ASTPG,STL,STLPG,BLK,BLKPG,TO,TOPG,PF,PTS,PTSPG,
William Franklin,VIR,1972-1973, 6-7,PF,23,73,990,13.5616438356,218,524,.416,2,7,.286,107,179,.598,123,1.68493150685,166,2.27397260274,289,3.95890410959,50,0.684931506849,.000,0.0,.000,0.0,123,1.68493150685,157,545,7.46575342466,
William Franklin,SAA,1974-1975, 6-7,PF,25,24,179,7.45833333333,32,85,.376,0,1,.000,15,23,.652,39,1.625,43,1.79166666667,82,3.41666666667,10,0.416666666667,3,0.125,2,0.0833333333333,18,0.75,37,79,3.29166666667,
William Franklin,SAA,1975-1976, 6-7,PF,26,10,95,9.5,12,22,.545,0,0,.000,9,16,.563,12,1.2,17,1.7,29,2.9,5,0.5,3,0.3,3,0.3,5,0.5,16,33,3.3,
