Player,Team,Season,Height,Position,Age,G,MIN,MINPG,FGM,FGA,FGP,TPM,TPA,TPP,FTM,FTA,FTP,ORB,ORBPG,DRB,DRBPG,TRB,TRBPG,AST,ASTPG,STL,STLPG,BLK,BLKPG,TO,TOPG,PF,PTS,PTSPG,
Will Frazier,SFW,1965-1966, 6-7,PF,23,2,9,4.5,0,4,.000,.000,.000,.000,1,2,.500,.000,0.0,.000,0.0,5,2.5,1,0.5,.000,0.0,.000,0.0,.000,0.0,1,1,0.5,
Will Frazier,HSM,1967-1968, 6-7,PF,25,76,2125,27.9605263158,358,870,.411,1,2,.500,228,376,.606,.000,0.0,.000,0.0,666,8.76315789474,104,1.36842105263,.000,0.0,.000,0.0,146,1.92105263158,219,945,12.4342105263,
Will Frazier,NYA,1968-1969, 6-7,C,26,75,1370,18.2666666667,217,512,.424,0,0,.000,120,194,.619,148,1.97333333333,268,3.57333333333,416,5.54666666667,66,0.88,.000,0.0,.000,0.0,75,1.0,200,554,7.38666666667,
