Player,Team,Season,Height,Position,Age,G,MIN,MINPG,FGM,FGA,FGP,TPM,TPA,TPP,FTM,FTA,FTP,ORB,ORBPG,DRB,DRBPG,TRB,TRBPG,AST,ASTPG,STL,STLPG,BLK,BLKPG,TO,TOPG,PF,PTS,PTSPG,
William Avery,MIN,1999-2000, 6-2,PG,20,59,484,8.20338983051,56,181,.309,18,63,.286,24,36,.667,8,0.135593220339,32,0.542372881356,40,0.677966101695,88,1.49152542373,14,0.237288135593,2,0.0338983050847,42,0.71186440678,60,154,2.61016949153,
William Avery,MIN,2000-2001, 6-2,PG,21,55,463,8.41818181818,55,144,.382,16,59,.271,28,36,.778,5,0.0909090909091,24,0.436363636364,29,0.527272727273,75,1.36363636364,13,0.236363636364,4,0.0727272727273,45,0.818181818182,48,154,2.8,
William Avery,MIN,2001-2002, 6-2,PG,22,28,258,9.21428571429,26,90,.289,6,35,.171,13,19,.684,4,0.142857142857,20,0.714285714286,24,0.857142857143,36,1.28571428571,7,0.25,0,0.0,19,0.678571428571,17,71,2.53571428571,
