Player,Team,Season,Height,Position,Age,G,MIN,MINPG,FGM,FGA,FGP,TPM,TPA,TPP,FTM,FTA,FTP,ORB,ORBPG,DRB,DRBPG,TRB,TRBPG,AST,ASTPG,STL,STLPG,BLK,BLKPG,TO,TOPG,PF,PTS,PTSPG,
Will Conroy,TOT,2006-2007, 6-2,PG,24,7,52,7.42857142857,0,3,.000,0,0,.000,0,4,.000,3,0.428571428571,4,0.571428571429,7,1.0,9,1.28571428571,0,0.0,0,0.0,2,0.285714285714,7,0,0.0,
Will Conroy,MEM,2006-2007, 6-2,SG,24,3,17,5.66666666667,0,0,.000,0,0,.000,0,0,.000,1,0.333333333333,1,0.333333333333,2,0.666666666667,1,0.333333333333,0,0.0,0,0.0,0,0.0,1,0,0.0,
Will Conroy,LAC,2006-2007, 6-2,PG,24,4,35,8.75,0,3,.000,0,0,.000,0,4,.000,2,0.5,3,0.75,5,1.25,8,2.0,0,0.0,0,0.0,2,0.5,6,0,0.0,
Will Conroy,HOU,2009-2010, 6-2,PG,27,5,36,7.2,3,10,.300,0,3,.000,0,2,.000,0,0.0,3,0.6,3,0.6,7,1.4,0,0.0,0,0.0,4,0.8,5,6,1.2,
Will Conroy,MIN,2012-2013, 6-2,PG,30,4,20,5.0,0,9,.000,0,3,.000,1,2,.500,1,0.25,0,0.0,1,0.25,0,0.0,0,0.0,0,0.0,0,0.0,1,1,0.25,
