Player,Team,Season,Height,Position,Age,G,MIN,MINPG,FGM,FGA,FGP,TPM,TPA,TPP,FTM,FTA,FTP,ORB,ORBPG,DRB,DRBPG,TRB,TRBPG,AST,ASTPG,STL,STLPG,BLK,BLKPG,TO,TOPG,PF,PTS,PTSPG,
Willie Murrell,DNR,1967-1968, 6-6,SF,26,71,2495,35.1408450704,498,1069,.466,3,11,.273,166,236,.703,.000,0.0,.000,0.0,637,8.97183098592,64,0.901408450704,.000,0.0,.000,0.0,116,1.6338028169,200,1165,16.4084507042,
Willie Murrell,MMF,1968-1969, 6-6,SF,27,75,2493,33.24,476,1019,.467,4,18,.222,191,269,.710,186,2.48,380,5.06666666667,566,7.54666666667,103,1.37333333333,.000,0.0,.000,0.0,159,2.12,239,1147,15.2933333333,
Willie Murrell,TOT,1969-1970, 6-6,SF,28,82,1759,21.4512195122,276,596,.463,7,17,.412,117,154,.760,121,1.4756097561,331,4.03658536585,452,5.51219512195,66,0.80487804878,.000,0.0,.000,0.0,112,1.36585365854,201,676,8.24390243902,
Willie Murrell,MMF,1969-1970, 6-6,SF,28,47,1321,28.1063829787,228,478,.477,3,10,.300,99,126,.786,74,1.57446808511,237,5.04255319149,311,6.6170212766,56,1.1914893617,.000,0.0,.000,0.0,87,1.85106382979,133,558,11.8723404255,
Willie Murrell,KEN,1969-1970, 6-6,SF,28,35,438,12.5142857143,48,118,.407,4,7,.571,18,28,.643,47,1.34285714286,94,2.68571428571,141,4.02857142857,10,0.285714285714,.000,0.0,.000,0.0,25,0.714285714286,68,118,3.37142857143,
