Player,Team,Season,Height,Position,Age,G,MIN,MINPG,FGM,FGA,FGP,TPM,TPA,TPP,FTM,FTA,FTP,ORB,ORBPG,DRB,DRBPG,TRB,TRBPG,AST,ASTPG,STL,STLPG,BLK,BLKPG,TO,TOPG,PF,PTS,PTSPG,
Willie Porter,TOT,1967-1968, 6-7,PF,25,56,1294,23.1071428571,225,546,.412,0,0,.000,199,294,.677,.000,0.0,.000,0.0,449,8.01785714286,59,1.05357142857,.000,0.0,.000,0.0,155,2.76785714286,190,649,11.5892857143,
Willie Porter,OAK,1967-1968, 6-7,PF,25,43,1123,26.1162790698,199,472,.422,0,0,.000,167,246,.679,.000,0.0,.000,0.0,380,8.83720930233,50,1.16279069767,.000,0.0,.000,0.0,140,3.25581395349,162,565,13.1395348837,
Willie Porter,PTP,1967-1968, 6-7,PF,25,13,171,13.1538461538,26,74,.351,0,0,.000,32,48,.667,.000,0.0,.000,0.0,69,5.30769230769,9,0.692307692308,.000,0.0,.000,0.0,15,1.15384615385,28,84,6.46153846154,
Willie Porter,TOT,1968-1969, 6-7,PF,26,13,148,11.3846153846,28,52,.538,0,0,.000,17,31,.548,27,2.07692307692,28,2.15384615385,55,4.23076923077,6,0.461538461538,.000,0.0,.000,0.0,11,0.846153846154,23,73,5.61538461538,
Willie Porter,MNP,1968-1969, 6-7,PF,26,11,137,12.4545454545,25,45,.556,0,0,.000,13,27,.481,24,2.18181818182,24,2.18181818182,48,4.36363636364,6,0.545454545455,.000,0.0,.000,0.0,10,0.909090909091,23,63,5.72727272727,
Willie Porter,HSM,1968-1969, 6-7,PF,26,2,11,5.5,3,7,.429,0,0,.000,4,4,1.000,3,1.5,4,2.0,7,3.5,0,0.0,.000,0.0,.000,0.0,1,0.5,0,10,5.0,
