Player,Team,Season,Height,Position,Age,G,MIN,MINPG,FGM,FGA,FGP,TPM,TPA,TPP,FTM,FTA,FTP,ORB,ORBPG,DRB,DRBPG,TRB,TRBPG,AST,ASTPG,STL,STLPG,BLK,BLKPG,TO,TOPG,PF,PTS,PTSPG,
Will Bynum,GSW,2005-2006, 6-0,PG,23,15,162,10.8,21,52,.404,2,9,.222,10,16,.625,3,0.2,9,0.6,12,0.8,19,1.26666666667,7,0.466666666667,0,0.0,14,0.933333333333,10,54,3.6,
Will Bynum,DET,2008-2009, 6-0,PG,26,57,803,14.0877192982,156,342,.456,3,19,.158,95,119,.798,19,0.333333333333,56,0.982456140351,75,1.31578947368,157,2.75438596491,34,0.59649122807,2,0.0350877192982,76,1.33333333333,85,410,7.19298245614,
Will Bynum,DET,2009-2010, 6-0,PG,27,63,1667,26.4603174603,237,534,.444,12,55,.218,142,178,.798,24,0.380952380952,118,1.87301587302,142,2.25396825397,283,4.49206349206,55,0.873015873016,7,0.111111111111,115,1.8253968254,143,628,9.96825396825,
Will Bynum,DET,2010-2011, 6-0,PG,28,61,1125,18.4426229508,182,406,.448,16,50,.320,102,122,.836,15,0.245901639344,59,0.967213114754,74,1.2131147541,195,3.19672131148,52,0.852459016393,4,0.0655737704918,83,1.3606557377,113,482,7.90163934426,
Will Bynum,DET,2011-2012, 6-0,PG,29,36,514,14.2777777778,74,194,.381,7,29,.241,49,64,.766,10,0.277777777778,46,1.27777777778,56,1.55555555556,66,1.83333333333,23,0.638888888889,2,0.0555555555556,54,1.5,61,204,5.66666666667,
Will Bynum,DET,2012-2013, 6-0,PG,30,56,1029,18.375,205,454,.452,19,62,.306,84,106,.792,24,0.428571428571,56,1.0,80,1.42857142857,194,3.46428571429,39,0.696428571429,5,0.0892857142857,105,1.875,111,513,9.16071428571,
