Player,Team,Season,Height,Position,Age,G,MIN,MINPG,FGM,FGA,FGP,TPM,TPA,TPP,FTM,FTA,FTP,ORB,ORBPG,DRB,DRBPG,TRB,TRBPG,AST,ASTPG,STL,STLPG,BLK,BLKPG,TO,TOPG,PF,PTS,PTSPG,
Willie Jones,DET,1960-1961, 6-3,PG,24,35,452,12.9142857143,78,216,.361,.000,.000,.000,40,63,.635,.000,0.0,.000,0.0,94,2.68571428571,63,1.8,.000,0.0,.000,0.0,.000,0.0,90,196,5.6,
Willie Jones,DET,1961-1962, 6-3,PG,25,69,1006,14.5797101449,177,475,.373,.000,.000,.000,64,101,.634,.000,0.0,.000,0.0,177,2.5652173913,115,1.66666666667,.000,0.0,.000,0.0,.000,0.0,137,418,6.05797101449,
Willie Jones,DET,1962-1963, 6-3,PG,26,79,1470,18.6075949367,305,730,.418,.000,.000,.000,118,164,.720,.000,0.0,.000,0.0,233,2.94936708861,188,2.37974683544,.000,0.0,.000,0.0,.000,0.0,207,728,9.21518987342,
Willie Jones,DET,1963-1964, 6-3,PG,27,77,1539,19.987012987,265,680,.390,.000,.000,.000,100,141,.709,.000,0.0,.000,0.0,253,3.28571428571,172,2.23376623377,.000,0.0,.000,0.0,.000,0.0,211,630,8.18181818182,
Willie Jones,DET,1964-1965, 6-3,PG,28,12,101,8.41666666667,21,52,.404,.000,.000,.000,2,6,.333,.000,0.0,.000,0.0,10,0.833333333333,7,0.583333333333,.000,0.0,.000,0.0,.000,0.0,13,44,3.66666666667,
