Player,Team,Season,Height,Position,Age,G,MIN,MINPG,FGM,FGA,FGP,TPM,TPA,TPP,FTM,FTA,FTP,ORB,ORBPG,DRB,DRBPG,TRB,TRBPG,AST,ASTPG,STL,STLPG,BLK,BLKPG,TO,TOPG,PF,PTS,PTSPG,
Willie Williams,TOT,1970-1971, 6-7,,24,25,105,4.2,10,42,.238,.000,.000,.000,3,5,.600,.000,0.0,.000,0.0,23,0.92,8,0.32,.000,0.0,.000,0.0,.000,0.0,14,23,0.92,
Willie Williams,BOS,1970-1971, 6-7,,24,16,56,3.5,6,32,.188,.000,.000,.000,3,5,.600,.000,0.0,.000,0.0,10,0.625,2,0.125,.000,0.0,.000,0.0,.000,0.0,8,15,0.9375,
Willie Williams,CIN,1970-1971, 6-7,,24,9,49,5.44444444444,4,10,.400,.000,.000,.000,0,0,.000,.000,0.0,.000,0.0,13,1.44444444444,6,0.666666666667,.000,0.0,.000,0.0,.000,0.0,6,8,0.888888888889,
