Player,Team,Season,Height,Position,Age,G,MIN,MINPG,FGM,FGA,FGP,TPM,TPA,TPP,FTM,FTA,FTP,ORB,ORBPG,DRB,DRBPG,TRB,TRBPG,AST,ASTPG,STL,STLPG,BLK,BLKPG,TO,TOPG,PF,PTS,PTSPG,
Willie White,DEN,1984-1985, 6-3,SG,22,39,234,6.0,52,124,.419,4,11,.364,21,31,.677,15,0.384615384615,21,0.538461538462,36,0.923076923077,29,0.74358974359,5,0.128205128205,2,0.0512820512821,30,0.769230769231,24,129,3.30769230769,
Willie White,DEN,1985-1986, 6-3,SG,23,43,343,7.97674418605,74,168,.440,6,21,.286,19,23,.826,17,0.395348837209,27,0.627906976744,44,1.02325581395,53,1.23255813953,18,0.418604651163,2,0.046511627907,25,0.581395348837,24,173,4.02325581395,
