Player,Team,Season,Height,Position,Age,G,MIN,MINPG,FGM,FGA,FGP,TPM,TPA,TPP,FTM,FTA,FTP,ORB,ORBPG,DRB,DRBPG,TRB,TRBPG,AST,ASTPG,STL,STLPG,BLK,BLKPG,TO,TOPG,PF,PTS,PTSPG,
Willie Norwood,DET,1971-1972, 6-7,SF,24,78,1272,16.3076923077,222,440,.505,.000,.000,.000,140,215,.651,.000,0.0,.000,0.0,316,4.05128205128,43,0.551282051282,.000,0.0,.000,0.0,.000,0.0,229,584,7.48717948718,
Willie Norwood,DET,1972-1973, 6-7,SF,25,79,1282,16.2278481013,249,504,.494,.000,.000,.000,154,225,.684,.000,0.0,.000,0.0,324,4.10126582278,56,0.708860759494,.000,0.0,.000,0.0,.000,0.0,182,652,8.25316455696,
Willie Norwood,DET,1973-1974, 6-7,SF,26,74,1178,15.9189189189,247,484,.510,.000,.000,.000,95,143,.664,95,1.28378378378,134,1.81081081081,229,3.09459459459,58,0.783783783784,60,0.810810810811,9,0.121621621622,.000,0.0,156,589,7.95945945946,
Willie Norwood,DET,1974-1975, 6-7,SF,27,24,347,14.4583333333,64,123,.520,.000,.000,.000,31,42,.738,31,1.29166666667,57,2.375,88,3.66666666667,16,0.666666666667,23,0.958333333333,0,0.0,.000,0.0,51,159,6.625,
Willie Norwood,SEA,1975-1976, 6-7,SF,28,64,1004,15.6875,146,301,.485,.000,.000,.000,152,203,.749,91,1.421875,138,2.15625,229,3.578125,59,0.921875,42,0.65625,4,0.0625,.000,0.0,139,444,6.9375,
Willie Norwood,SEA,1976-1977, 6-7,SF,29,76,1647,21.6710526316,216,461,.469,.000,.000,.000,151,206,.733,127,1.67105263158,165,2.17105263158,292,3.84210526316,99,1.30263157895,62,0.815789473684,6,0.0789473684211,.000,0.0,191,583,7.67105263158,
Willie Norwood,TOT,1977-1978, 6-7,SF,30,35,611,17.4571428571,74,181,.409,.000,.000,.000,50,75,.667,49,1.4,70,2.0,119,3.4,33,0.942857142857,31,0.885714285714,3,0.0857142857143,56,1.6,101,198,5.65714285714,
Willie Norwood,DET,1977-1978, 6-7,SF,30,16,260,16.25,34,82,.415,.000,.000,.000,20,29,.690,27,1.6875,27,1.6875,54,3.375,14,0.875,13,0.8125,3,0.1875,17,1.0625,45,88,5.5,
Willie Norwood,POR,1977-1978, 6-7,SF,30,19,351,18.4736842105,40,99,.404,.000,.000,.000,30,46,.652,22,1.15789473684,43,2.26315789474,65,3.42105263158,19,1.0,18,0.947368421053,0,0.0,39,2.05263157895,56,110,5.78947368421,
