Player,Team,Season,Height,Position,Age,G,MIN,MINPG,FGM,FGA,FGP,TPM,TPA,TPP,FTM,FTA,FTP,ORB,ORBPG,DRB,DRBPG,TRB,TRBPG,AST,ASTPG,STL,STLPG,BLK,BLKPG,TO,TOPG,PF,PTS,PTSPG,
Willie Smith,CHI,1976-1977, 6-2,PG,23,2,11,5.5,0,1,.000,.000,.000,.000,0,0,.000,0,0.0,0,0.0,0,0.0,0,0.0,0,0.0,0,0.0,.000,0.0,1,0,0.0,
Willie Smith,IND,1977-1978, 6-2,PG,24,1,7,7.0,0,0,.000,.000,.000,.000,0,0,.000,0,0.0,0,0.0,0,0.0,1,1.0,0,0.0,0,0.0,0,0.0,1,0,0.0,
Willie Smith,POR,1978-1979, 6-2,PG,25,13,131,10.0769230769,23,44,.523,.000,.000,.000,12,17,.706,7,0.538461538462,6,0.461538461538,13,1.0,17,1.30769230769,10,0.769230769231,1,0.0769230769231,14,1.07692307692,19,58,4.46153846154,
Willie Smith,CLE,1979-1980, 6-2,PG,26,62,1051,16.9516129032,121,315,.384,17,71,.239,40,52,.769,56,0.903225806452,65,1.04838709677,121,1.95161290323,259,4.17741935484,75,1.20967741935,1,0.0161290322581,95,1.53225806452,110,299,4.82258064516,
