Player,Team,Season,Height,Position,Age,G,MIN,MINPG,FGM,FGA,FGP,TPM,TPA,TPP,FTM,FTA,FTP,ORB,ORBPG,DRB,DRBPG,TRB,TRBPG,AST,ASTPG,STL,STLPG,BLK,BLKPG,TO,TOPG,PF,PTS,PTSPG,
Willie Somerset,BAL,1965-1966, 5-8,PG,23,8,98,12.25,18,43,.419,.000,.000,.000,9,11,.818,.000,0.0,.000,0.0,15,1.875,9,1.125,.000,0.0,.000,0.0,.000,0.0,21,45,5.625,
Willie Somerset,HSM,1967-1968, 5-8,PG,25,61,2334,38.262295082,467,1042,.448,33,107,.308,359,460,.780,.000,0.0,.000,0.0,305,5.0,225,3.68852459016,.000,0.0,.000,0.0,164,2.68852459016,211,1326,21.737704918,
Willie Somerset,TOT,1968-1969, 5-8,PG,26,74,3118,42.1351351351,619,1510,.410,36,139,.259,484,583,.830,141,1.90540540541,191,2.58108108108,332,4.48648648649,280,3.78378378378,.000,0.0,.000,0.0,215,2.90540540541,261,1758,23.7567567568,
Willie Somerset,HSM,1968-1969, 5-8,PG,26,43,1793,41.6976744186,337,853,.395,17,75,.227,320,383,.836,79,1.83720930233,118,2.74418604651,197,4.58139534884,174,4.04651162791,.000,0.0,.000,0.0,123,2.86046511628,158,1011,23.511627907,
Willie Somerset,NYA,1968-1969, 5-8,PG,26,31,1325,42.7419354839,282,657,.429,19,64,.297,164,200,.820,62,2.0,73,2.35483870968,135,4.35483870968,106,3.41935483871,.000,0.0,.000,0.0,92,2.96774193548,103,747,24.0967741935,
