Player,Team,Season,Height,Position,Age,G,MIN,MINPG,FGM,FGA,FGP,TPM,TPA,TPP,FTM,FTA,FTP,ORB,ORBPG,DRB,DRBPG,TRB,TRBPG,AST,ASTPG,STL,STLPG,BLK,BLKPG,TO,TOPG,PF,PTS,PTSPG,
Willie McCarter,LAL,1969-1970, 6-3,SG,23,40,861,21.525,132,349,.378,.000,.000,.000,43,60,.717,.000,0.0,.000,0.0,83,2.075,93,2.325,.000,0.0,.000,0.0,.000,0.0,71,307,7.675,
Willie McCarter,LAL,1970-1971, 6-3,SG,24,76,1369,18.0131578947,247,592,.417,.000,.000,.000,46,77,.597,.000,0.0,.000,0.0,122,1.60526315789,126,1.65789473684,.000,0.0,.000,0.0,.000,0.0,152,540,7.10526315789,
Willie McCarter,POR,1971-1972, 6-3,SG,25,39,612,15.6923076923,103,257,.401,.000,.000,.000,37,55,.673,.000,0.0,.000,0.0,43,1.10256410256,85,2.17948717949,.000,0.0,.000,0.0,.000,0.0,58,243,6.23076923077,
