Player,Team,Season,Height,Position,Age,G,MIN,MINPG,FGM,FGA,FGP,TPM,TPA,TPP,FTM,FTA,FTP,ORB,ORBPG,DRB,DRBPG,TRB,TRBPG,AST,ASTPG,STL,STLPG,BLK,BLKPG,TO,TOPG,PF,PTS,PTSPG,
Willie Long,FLO,1971-1972, 6-8,PF,21,75,1925,25.6666666667,336,761,.442,0,1,.000,206,291,.708,157,2.09333333333,356,4.74666666667,513,6.84,66,0.88,.000,0.0,.000,0.0,137,1.82666666667,215,878,11.7066666667,
Willie Long,DNR,1972-1973, 6-8,PF,22,56,1050,18.75,183,458,.400,0,2,.000,138,177,.780,99,1.76785714286,191,3.41071428571,290,5.17857142857,43,0.767857142857,.000,0.0,.000,0.0,95,1.69642857143,147,504,9.0,
Willie Long,DNR,1973-1974, 6-8,SF,23,82,2058,25.0975609756,383,925,.414,0,2,.000,270,325,.831,197,2.40243902439,269,3.28048780488,466,5.68292682927,100,1.21951219512,54,0.658536585366,13,0.158536585366,157,1.91463414634,244,1036,12.6341463415,
