Player,Team,Season,Height,Position,Age,G,MIN,MINPG,FGM,FGA,FGP,TPM,TPA,TPP,FTM,FTA,FTP,ORB,ORBPG,DRB,DRBPG,TRB,TRBPG,AST,ASTPG,STL,STLPG,BLK,BLKPG,TO,TOPG,PF,PTS,PTSPG,
William Cunningham,TOT,1997-1998, 6-11,C,23,7,39,5.57142857143,4,9,.444,0,0,.000,0,0,.000,4,0.571428571429,6,0.857142857143,10,1.42857142857,1,0.142857142857,2,0.285714285714,0,0.0,0,0.0,10,8,1.14285714286,
William Cunningham,UTA,1997-1998, 6-11,C,23,6,38,6.33333333333,4,9,.444,0,0,.000,0,0,.000,4,0.666666666667,4,0.666666666667,8,1.33333333333,1,0.166666666667,2,0.333333333333,0,0.0,0,0.0,10,8,1.33333333333,
William Cunningham,PHI,1997-1998, 6-11,C,23,1,1,1.0,0,0,.000,0,0,.000,0,0,.000,0,0.0,2,2.0,2,2.0,0,0.0,0,0.0,0,0.0,0,0.0,0,0,0.0,
William Cunningham,TOT,1998-1999, 6-11,C,24,16,162,10.125,3,18,.167,0,0,.000,0,2,.000,13,0.8125,15,0.9375,28,1.75,1,0.0625,1,0.0625,11,0.6875,5,0.3125,30,6,0.375,
William Cunningham,TOR,1998-1999, 6-11,C,24,1,1,1.0,0,0,.000,0,0,.000,0,0,.000,0,0.0,0,0.0,0,0.0,0,0.0,0,0.0,0,0.0,0,0.0,0,0,0.0,
William Cunningham,NJN,1998-1999, 6-11,C,24,15,161,10.7333333333,3,18,.167,0,0,.000,0,2,.000,13,0.866666666667,15,1.0,28,1.86666666667,1,0.0666666666667,1,0.0666666666667,11,0.733333333333,5,0.333333333333,30,6,0.4,
