Player,Team,Season,Height,Position,Age,G,MIN,MINPG,FGM,FGA,FGP,TPM,TPA,TPP,FTM,FTA,FTP,ORB,ORBPG,DRB,DRBPG,TRB,TRBPG,AST,ASTPG,STL,STLPG,BLK,BLKPG,TO,TOPG,PF,PTS,PTSPG,
Wilson Chandler,NYK,2007-2008, 6-8,SF,20,35,685,19.5714285714,106,242,.438,9,30,.300,34,54,.630,38,1.08571428571,89,2.54285714286,127,3.62857142857,33,0.942857142857,15,0.428571428571,16,0.457142857143,27,0.771428571429,83,255,7.28571428571,
Wilson Chandler,NYK,2008-2009, 6-8,SF,21,82,2735,33.3536585366,455,1054,.432,103,314,.328,171,215,.795,91,1.10975609756,354,4.31707317073,445,5.42682926829,170,2.07317073171,71,0.865853658537,75,0.914634146341,139,1.69512195122,250,1184,14.4390243902,
Wilson Chandler,NYK,2009-2010, 6-8,SG,22,65,2320,35.6923076923,412,860,.479,40,150,.267,129,160,.806,93,1.43076923077,255,3.92307692308,348,5.35384615385,138,2.12307692308,46,0.707692307692,49,0.753846153846,108,1.66153846154,184,993,15.2769230769,
Wilson Chandler,TOT,2010-2011, 6-8,SF,23,72,2401,33.3472222222,429,953,.450,112,320,.350,130,161,.807,75,1.04166666667,333,4.625,408,5.66666666667,120,1.66666666667,48,0.666666666667,94,1.30555555556,104,1.44444444444,199,1100,15.2777777778,
Wilson Chandler,NYK,2010-2011, 6-8,SF,23,51,1759,34.4901960784,328,712,.461,86,245,.351,96,119,.807,62,1.21568627451,241,4.72549019608,303,5.94117647059,86,1.6862745098,34,0.666666666667,70,1.37254901961,67,1.3137254902,152,838,16.431372549,
Wilson Chandler,DEN,2010-2011, 6-8,SF,23,21,642,30.5714285714,101,241,.419,26,75,.347,34,42,.810,13,0.619047619048,92,4.38095238095,105,5.0,34,1.61904761905,14,0.666666666667,24,1.14285714286,37,1.7619047619,47,262,12.4761904762,
Wilson Chandler,DEN,2011-2012, 6-8,SF,24,8,215,26.875,31,79,.392,3,12,.250,10,12,.833,6,0.75,35,4.375,41,5.125,17,2.125,6,0.75,6,0.75,18,2.25,18,75,9.375,
Wilson Chandler,DEN,2012-2013, 6-8,PF,25,29,660,22.7586206897,124,280,.443,32,75,.427,50,65,.769,28,0.965517241379,114,3.93103448276,142,4.89655172414,27,0.931034482759,30,1.03448275862,8,0.275862068966,37,1.27586206897,76,330,11.3793103448,
