Player,Team,Season,Height,Position,Age,G,MIN,MINPG,FGM,FGA,FGP,TPM,TPA,TPP,FTM,FTA,FTP,ORB,ORBPG,DRB,DRBPG,TRB,TRBPG,AST,ASTPG,STL,STLPG,BLK,BLKPG,TO,TOPG,PF,PTS,PTSPG,
Wilson Washington,TOT,1977-1978, 6-9,PF,22,38,561,14.7631578947,100,206,.485,.000,.000,.000,29,53,.547,50,1.31578947368,106,2.78947368421,156,4.10526315789,10,0.263157894737,18,0.473684210526,37,0.973684210526,63,1.65789473684,75,229,6.02631578947,
Wilson Washington,PHI,1977-1978, 6-9,PF,22,14,38,2.71428571429,8,19,.421,.000,.000,.000,3,6,.500,2,0.142857142857,12,0.857142857143,14,1.0,1,0.0714285714286,1,0.0714285714286,2,0.142857142857,10,0.714285714286,3,19,1.35714285714,
Wilson Washington,NJN,1977-1978, 6-9,PF,22,24,523,21.7916666667,92,187,.492,.000,.000,.000,26,47,.553,48,2.0,94,3.91666666667,142,5.91666666667,9,0.375,17,0.708333333333,35,1.45833333333,53,2.20833333333,72,210,8.75,
Wilson Washington,NJN,1978-1979, 6-9,PF,23,62,1139,18.3709677419,218,434,.502,.000,.000,.000,66,104,.635,88,1.41935483871,206,3.32258064516,294,4.74193548387,47,0.758064516129,31,0.5,67,1.08064516129,98,1.58064516129,186,502,8.09677419355,
