Player,Team,Season,Height,Position,Age,G,MIN,MINPG,FGM,FGA,FGP,TPM,TPA,TPP,FTM,FTA,FTP,ORB,ORBPG,DRB,DRBPG,TRB,TRBPG,AST,ASTPG,STL,STLPG,BLK,BLKPG,TO,TOPG,PF,PTS,PTSPG,
Winston Crite,PHO,1987-1988, 6-7,SF,22,29,258,8.89655172414,34,68,.500,0,0,.000,19,25,.760,27,0.931034482759,37,1.27586206897,64,2.20689655172,15,0.51724137931,5,0.172413793103,8,0.275862068966,25,0.862068965517,42,87,3.0,
Winston Crite,PHO,1988-1989, 6-7,SF,23,2,6,3.0,0,3,.000,0,0,.000,0,0,.000,1,0.5,0,0.0,1,0.5,0,0.0,0,0.0,0,0.0,1,0.5,1,0,0.0,
