Player,Team,Season,Height,Position,Age,G,MIN,MINPG,FGM,FGA,FGP,TPM,TPA,TPP,FTM,FTA,FTP,ORB,ORBPG,DRB,DRBPG,TRB,TRBPG,AST,ASTPG,STL,STLPG,BLK,BLKPG,TO,TOPG,PF,PTS,PTSPG,
Winston Bennett,CLE,1989-1990, 6-7,SF,24,55,990,18.0,137,286,.479,0,0,.000,64,96,.667,84,1.52727272727,104,1.89090909091,188,3.41818181818,54,0.981818181818,23,0.418181818182,10,0.181818181818,62,1.12727272727,133,338,6.14545454545,
Winston Bennett,CLE,1990-1991, 6-7,SF,25,27,334,12.3703703704,40,107,.374,0,0,.000,35,47,.745,30,1.11111111111,34,1.25925925926,64,2.37037037037,28,1.03703703704,8,0.296296296296,2,0.0740740740741,20,0.740740740741,50,115,4.25925925926,
Winston Bennett,TOT,1991-1992, 6-7,SF,26,54,833,15.4259259259,80,211,.379,0,1,.000,35,50,.700,63,1.16666666667,99,1.83333333333,162,3.0,38,0.703703703704,19,0.351851851852,9,0.166666666667,33,0.611111111111,122,195,3.61111111111,
Winston Bennett,CLE,1991-1992, 6-7,SF,26,52,831,15.9807692308,79,209,.378,0,1,.000,35,50,.700,62,1.19230769231,99,1.90384615385,161,3.09615384615,38,0.730769230769,19,0.365384615385,9,0.173076923077,33,0.634615384615,121,193,3.71153846154,
Winston Bennett,MIA,1991-1992, 6-7,SF,26,2,2,1.0,1,2,.500,0,0,.000,0,0,.000,1,0.5,0,0.0,1,0.5,0,0.0,0,0.0,0,0.0,0,0.0,1,2,1.0,
