Player,Team,Season,Height,Position,Age,G,MIN,MINPG,FGM,FGA,FGP,TPM,TPA,TPP,FTM,FTA,FTP,ORB,ORBPG,DRB,DRBPG,TRB,TRBPG,AST,ASTPG,STL,STLPG,BLK,BLKPG,TO,TOPG,PF,PTS,PTSPG,
Winston Garland,GSW,1987-1988, 6-2,PG,23,67,2122,31.671641791,340,775,.439,13,39,.333,138,157,.879,68,1.01492537313,159,2.37313432836,227,3.38805970149,429,6.40298507463,116,1.73134328358,7,0.10447761194,167,2.49253731343,188,831,12.4029850746,
Winston Garland,GSW,1988-1989, 6-2,PG,24,79,2661,33.6835443038,466,1074,.434,10,43,.233,203,251,.809,101,1.27848101266,227,2.87341772152,328,4.15189873418,505,6.39240506329,175,2.21518987342,14,0.177215189873,187,2.36708860759,216,1145,14.4936708861,
Winston Garland,TOT,1989-1990, 6-2,PG,25,79,1762,22.3037974684,230,573,.401,12,36,.333,102,122,.836,51,0.645569620253,163,2.06329113924,214,2.70886075949,303,3.83544303797,78,0.987341772152,10,0.126582278481,158,2.0,152,574,7.26582278481,
Winston Garland,GSW,1989-1990, 6-2,PG,25,51,891,17.4705882353,108,288,.375,1,10,.100,53,63,.841,31,0.607843137255,80,1.56862745098,111,2.17647058824,157,3.07843137255,48,0.941176470588,5,0.0980392156863,81,1.58823529412,77,270,5.29411764706,
Winston Garland,LAC,1989-1990, 6-2,PG,25,28,871,31.1071428571,122,285,.428,11,26,.423,49,59,.831,20,0.714285714286,83,2.96428571429,103,3.67857142857,146,5.21428571429,30,1.07142857143,5,0.178571428571,77,2.75,75,304,10.8571428571,
Winston Garland,LAC,1990-1991, 6-2,PG,26,69,1702,24.6666666667,221,519,.426,4,26,.154,118,157,.752,46,0.666666666667,152,2.20289855072,198,2.86956521739,317,4.59420289855,97,1.40579710145,10,0.144927536232,116,1.68115942029,189,564,8.17391304348,
Winston Garland,DEN,1991-1992, 6-2,PG,27,78,2209,28.3205128205,333,750,.444,9,28,.321,171,199,.859,67,0.858974358974,123,1.57692307692,190,2.4358974359,411,5.26923076923,98,1.25641025641,22,0.282051282051,175,2.24358974359,206,846,10.8461538462,
Winston Garland,HOU,1992-1993, 6-2,PG,28,66,1004,15.2121212121,152,343,.443,6,13,.462,81,89,.910,32,0.484848484848,76,1.15151515152,108,1.63636363636,138,2.09090909091,39,0.590909090909,4,0.0606060606061,67,1.01515151515,116,391,5.92424242424,
Winston Garland,MIN,1994-1995, 6-2,PG,30,73,1931,26.4520547945,170,410,.415,19,75,.253,89,112,.795,48,0.657534246575,120,1.64383561644,168,2.30136986301,318,4.35616438356,71,0.972602739726,13,0.178082191781,105,1.43835616438,184,448,6.13698630137,
