Player,Team,Season,Height,Position,Age,G,MIN,MINPG,FGM,FGA,FGP,TPM,TPA,TPP,FTM,FTA,FTP,ORB,ORBPG,DRB,DRBPG,TRB,TRBPG,AST,ASTPG,STL,STLPG,BLK,BLKPG,TO,TOPG,PF,PTS,PTSPG,
Woody Sauldsberry,PHW,1957-1958, 6-7,PF,23,71,2377,33.4788732394,389,1082,.360,.000,.000,.000,134,218,.615,.000,0.0,.000,0.0,729,10.2676056338,58,0.816901408451,.000,0.0,.000,0.0,.000,0.0,245,912,12.8450704225,
Woody Sauldsberry,PHW,1958-1959, 6-7,C,24,72,2743,38.0972222222,501,1380,.363,.000,.000,.000,110,176,.625,.000,0.0,.000,0.0,826,11.4722222222,71,0.986111111111,.000,0.0,.000,0.0,.000,0.0,276,1112,15.4444444444,
Woody Sauldsberry,PHW,1959-1960, 6-7,PF,25,71,1848,26.0281690141,325,974,.334,.000,.000,.000,55,103,.534,.000,0.0,.000,0.0,447,6.29577464789,112,1.57746478873,.000,0.0,.000,0.0,.000,0.0,203,705,9.92957746479,
Woody Sauldsberry,STL,1960-1961, 6-7,PF,26,69,1491,21.6086956522,230,768,.299,.000,.000,.000,56,100,.560,.000,0.0,.000,0.0,491,7.11594202899,74,1.07246376812,.000,0.0,.000,0.0,.000,0.0,197,516,7.47826086957,
Woody Sauldsberry,TOT,1961-1962, 6-7,,27,63,1765,28.0158730159,298,869,.343,.000,.000,.000,79,123,.642,.000,0.0,.000,0.0,536,8.50793650794,90,1.42857142857,.000,0.0,.000,0.0,.000,0.0,179,675,10.7142857143,
Woody Sauldsberry,TOT,1962-1963, 6-7,PF,28,77,2034,26.4155844156,366,966,.379,.000,.000,.000,107,163,.656,.000,0.0,.000,0.0,447,5.80519480519,78,1.01298701299,.000,0.0,.000,0.0,.000,0.0,230,839,10.8961038961,
Woody Sauldsberry,CHZ,1962-1963, 6-7,,28,54,1664,30.8148148148,304,792,.384,.000,.000,.000,89,130,.685,.000,0.0,.000,0.0,367,6.7962962963,66,1.22222222222,.000,0.0,.000,0.0,.000,0.0,171,697,12.9074074074,
Woody Sauldsberry,STL,1962-1963, 6-7,PF,28,23,370,16.0869565217,62,174,.356,.000,.000,.000,18,33,.545,.000,0.0,.000,0.0,80,3.47826086957,12,0.521739130435,.000,0.0,.000,0.0,.000,0.0,59,142,6.17391304348,
Woody Sauldsberry,BOS,1965-1966, 6-7,PF,31,39,530,13.5897435897,80,249,.321,.000,.000,.000,11,22,.500,.000,0.0,.000,0.0,142,3.64102564103,15,0.384615384615,.000,0.0,.000,0.0,.000,0.0,94,171,4.38461538462,
