Player,Team,Season,Height,Position,Age,G,MIN,MINPG,FGM,FGA,FGP,TPM,TPA,TPP,FTM,FTA,FTP,ORB,ORBPG,DRB,DRBPG,TRB,TRBPG,AST,ASTPG,STL,STLPG,BLK,BLKPG,TO,TOPG,PF,PTS,PTSPG,
Wyndol Gray,BOS,1946-1947, 6-1,,24,55,.000,0.0,139,476,.292,.000,.000,.000,72,124,.581,.000,0.0,.000,0.0,.000,0.0,47,0.854545454545,.000,0.0,.000,0.0,.000,0.0,105,350,6.36363636364,
Wyndol Gray,TOT,1947-1948, 6-1,,25,12,.000,0.0,6,37,.162,.000,.000,.000,1,4,.250,.000,0.0,.000,0.0,.000,0.0,3,0.25,.000,0.0,.000,0.0,.000,0.0,16,13,1.08333333333,
Wyndol Gray,PRO,1947-1948, 6-1,,25,1,.000,0.0,0,1,.000,.000,.000,.000,0,1,.000,.000,0.0,.000,0.0,.000,0.0,0,0.0,.000,0.0,.000,0.0,.000,0.0,0,0,0.0,
Wyndol Gray,STB,1947-1948, 6-1,,25,11,.000,0.0,6,36,.167,.000,.000,.000,1,3,.333,.000,0.0,.000,0.0,.000,0.0,3,0.272727272727,.000,0.0,.000,0.0,.000,0.0,16,13,1.18181818182,
