Player,Team,Season,Height,Position,Age,G,MIN,MINPG,FGM,FGA,FGP,TPM,TPA,TPP,FTM,FTA,FTP,ORB,ORBPG,DRB,DRBPG,TRB,TRBPG,AST,ASTPG,STL,STLPG,BLK,BLKPG,TO,TOPG,PF,PTS,PTSPG,
Xavier Henry,MEM,2010-2011, 6-6,SG,19,38,527,13.8684210526,65,160,.406,2,17,.118,33,52,.635,9,0.236842105263,28,0.736842105263,37,0.973684210526,18,0.473684210526,11,0.289473684211,3,0.0789473684211,13,0.342105263158,48,165,4.34210526316,
Xavier Henry,NOH,2011-2012, 6-6,SG,20,45,759,16.8666666667,90,228,.395,7,17,.412,52,85,.612,24,0.533333333333,82,1.82222222222,106,2.35555555556,35,0.777777777778,26,0.577777777778,8,0.177777777778,35,0.777777777778,59,239,5.31111111111,
Xavier Henry,NOH,2012-2013, 6-6,SG,21,40,463,11.575,51,119,.429,4,11,.364,35,57,.614,16,0.4,51,1.275,67,1.675,12,0.3,13,0.325,3,0.075,20,0.5,51,141,3.525,
