Player,Team,Season,Height,Position,Age,G,MIN,MINPG,FGM,FGA,FGP,TPM,TPA,TPP,FTM,FTA,FTP,ORB,ORBPG,DRB,DRBPG,TRB,TRBPG,AST,ASTPG,STL,STLPG,BLK,BLKPG,TO,TOPG,PF,PTS,PTSPG,
Yakhouba Diawara,DEN,2006-2007, 6-7,SG,24,64,1177,18.390625,100,292,.342,49,170,.288,35,53,.660,27,0.421875,83,1.296875,110,1.71875,55,0.859375,30,0.46875,7,0.109375,37,0.578125,132,284,4.4375,
Yakhouba Diawara,DEN,2007-2008, 6-7,SG,25,54,542,10.037037037,55,134,.410,21,66,.318,22,31,.710,23,0.425925925926,39,0.722222222222,62,1.14814814815,37,0.685185185185,8,0.148148148148,3,0.0555555555556,16,0.296296296296,61,153,2.83333333333,
Yakhouba Diawara,MIA,2008-2009, 6-7,SF,26,63,851,13.5079365079,76,217,.350,51,163,.313,10,19,.526,26,0.412698412698,56,0.888888888889,82,1.30158730159,27,0.428571428571,13,0.206349206349,6,0.0952380952381,16,0.253968253968,75,213,3.38095238095,
Yakhouba Diawara,MIA,2009-2010, 6-7,SG,27,6,44,7.33333333333,2,10,.200,1,6,.167,0,0,.000,1,0.166666666667,3,0.5,4,0.666666666667,3,0.5,1,0.166666666667,0,0.0,3,0.5,8,5,0.833333333333,
