Player,Team,Season,Height,Position,Age,G,MIN,MINPG,FGM,FGA,FGP,TPM,TPA,TPP,FTM,FTA,FTP,ORB,ORBPG,DRB,DRBPG,TRB,TRBPG,AST,ASTPG,STL,STLPG,BLK,BLKPG,TO,TOPG,PF,PTS,PTSPG,
Yi Jianlian,MIL,2007-2008, 7-0,PF,20,66,1647,24.9545454545,219,520,.421,6,21,.286,122,145,.841,106,1.60606060606,238,3.60606060606,344,5.21212121212,55,0.833333333333,36,0.545454545455,56,0.848484848485,90,1.36363636364,153,566,8.57575757576,
Yi Jianlian,NJN,2008-2009, 7-0,PF,21,61,1421,23.2950819672,191,500,.382,48,140,.343,95,123,.772,67,1.09836065574,259,4.24590163934,326,5.34426229508,60,0.983606557377,29,0.475409836066,36,0.590163934426,70,1.14754098361,157,525,8.60655737705,
Yi Jianlian,NJN,2009-2010, 7-0,PF,22,52,1655,31.8269230769,227,563,.403,15,41,.366,154,193,.798,115,2.21153846154,257,4.94230769231,372,7.15384615385,47,0.903846153846,37,0.711538461538,52,1.0,77,1.48076923077,170,623,11.9807692308,
Yi Jianlian,WAS,2010-2011, 7-0,PF,23,63,1112,17.6507936508,145,347,.418,3,13,.231,62,91,.681,79,1.25396825397,169,2.68253968254,248,3.93650793651,25,0.396825396825,27,0.428571428571,32,0.507936507937,51,0.809523809524,115,355,5.63492063492,
Yi Jianlian,DAL,2011-2012, 7-0,PF,24,30,203,6.76666666667,31,82,.378,3,10,.300,14,21,.667,12,0.4,37,1.23333333333,49,1.63333333333,5,0.166666666667,7,0.233333333333,8,0.266666666667,14,0.466666666667,23,79,2.63333333333,
