Player,Team,Season,Height,Position,Age,G,MIN,MINPG,FGM,FGA,FGP,TPM,TPA,TPP,FTM,FTA,FTP,ORB,ORBPG,DRB,DRBPG,TRB,TRBPG,AST,ASTPG,STL,STLPG,BLK,BLKPG,TO,TOPG,PF,PTS,PTSPG,
Yinka Dare,NJN,1994-1995, 7-0,C,22,1,3,3.0,0,1,.000,0,0,.000,0,0,.000,0,0.0,1,1.0,1,1.0,0,0.0,0,0.0,0,0.0,1,1.0,2,0,0.0,
Yinka Dare,NJN,1995-1996, 7-0,C,23,58,626,10.7931034483,63,144,.438,0,0,.000,38,62,.613,56,0.965517241379,125,2.15517241379,181,3.12068965517,0,0.0,8,0.137931034483,40,0.689655172414,72,1.24137931034,117,164,2.8275862069,
Yinka Dare,NJN,1996-1997, 7-0,C,24,41,313,7.63414634146,19,54,.352,0,0,.000,19,37,.514,35,0.853658536585,47,1.14634146341,82,2.0,3,0.0731707317073,4,0.0975609756098,28,0.682926829268,21,0.512195121951,51,57,1.39024390244,
Yinka Dare,NJN,1997-1998, 7-0,C,25,10,60,6.0,4,18,.222,0,0,.000,4,8,.500,10,1.0,7,0.7,17,1.7,1,0.1,0,0.0,2,0.2,2,0.2,9,12,1.2,
