Player,Team,Season,Height,Position,Age,G,MIN,MINPG,FGM,FGA,FGP,TPM,TPA,TPP,FTM,FTA,FTP,ORB,ORBPG,DRB,DRBPG,TRB,TRBPG,AST,ASTPG,STL,STLPG,BLK,BLKPG,TO,TOPG,PF,PTS,PTSPG,
York Larese,TOT,1961-1962, 6-4,SG,23,59,703,11.9152542373,122,327,.373,.000,.000,.000,58,72,.806,.000,0.0,.000,0.0,77,1.30508474576,94,1.59322033898,.000,0.0,.000,0.0,.000,0.0,104,302,5.1186440678,
York Larese,CHP,1961-1962, 6-4,SG,23,8,57,7.125,10,21,.476,.000,.000,.000,5,9,.556,.000,0.0,.000,0.0,6,0.75,9,1.125,.000,0.0,.000,0.0,.000,0.0,8,25,3.125,
York Larese,PHW,1961-1962, 6-4,SG,23,51,646,12.6666666667,112,306,.366,.000,.000,.000,53,63,.841,.000,0.0,.000,0.0,71,1.39215686275,85,1.66666666667,.000,0.0,.000,0.0,.000,0.0,96,277,5.43137254902,
