Player,Team,Season,Height,Position,Age,G,MIN,MINPG,FGM,FGA,FGP,TPM,TPA,TPP,FTM,FTA,FTP,ORB,ORBPG,DRB,DRBPG,TRB,TRBPG,AST,ASTPG,STL,STLPG,BLK,BLKPG,TO,TOPG,PF,PTS,PTSPG,
Zarko Cabarkapa,PHO,2003-2004, 6-11,PF,22,49,570,11.6326530612,81,197,.411,6,32,.188,35,53,.660,26,0.530612244898,73,1.48979591837,99,2.02040816327,40,0.816326530612,10,0.204081632653,13,0.265306122449,54,1.10204081633,75,203,4.14285714286,
Zarko Cabarkapa,TOT,2004-2005, 6-11,PF,23,40,475,11.875,86,177,.486,13,36,.361,53,65,.815,35,0.875,67,1.675,102,2.55,25,0.625,10,0.25,5,0.125,30,0.75,59,238,5.95,
Zarko Cabarkapa,PHO,2004-2005, 6-11,PF,23,3,11,3.66666666667,4,7,.571,0,0,.000,1,1,1.000,2,0.666666666667,1,0.333333333333,3,1.0,0,0.0,0,0.0,0,0.0,0,0.0,0,9,3.0,
Zarko Cabarkapa,GSW,2004-2005, 6-11,PF,23,37,464,12.5405405405,82,170,.482,13,36,.361,52,64,.813,33,0.891891891892,66,1.78378378378,99,2.67567567568,25,0.675675675676,10,0.27027027027,5,0.135135135135,30,0.810810810811,59,229,6.18918918919,
Zarko Cabarkapa,GSW,2005-2006, 6-11,PF,24,61,505,8.27868852459,67,174,.385,5,20,.250,60,84,.714,37,0.606557377049,74,1.2131147541,111,1.81967213115,20,0.327868852459,13,0.213114754098,7,0.114754098361,35,0.573770491803,87,199,3.26229508197,
