Player,Team,Season,Height,Position,Age,G,MIN,MINPG,FGM,FGA,FGP,TPM,TPA,TPP,FTM,FTA,FTP,ORB,ORBPG,DRB,DRBPG,TRB,TRBPG,AST,ASTPG,STL,STLPG,BLK,BLKPG,TO,TOPG,PF,PTS,PTSPG,
Zeke Zawoluk,INO,1952-1953, 6-7,PF,22,41,622,15.1707317073,55,150,.367,.000,.000,.000,77,116,.664,.000,0.0,.000,0.0,146,3.56097560976,31,0.756097560976,.000,0.0,.000,0.0,.000,0.0,83,187,4.56097560976,
Zeke Zawoluk,PHW,1953-1954, 6-7,SF,23,71,1795,25.2816901408,203,540,.376,.000,.000,.000,186,230,.809,.000,0.0,.000,0.0,330,4.64788732394,99,1.39436619718,.000,0.0,.000,0.0,.000,0.0,220,592,8.33802816901,
Zeke Zawoluk,PHW,1954-1955, 6-7,PF,24,67,1117,16.671641791,138,375,.368,.000,.000,.000,155,199,.779,.000,0.0,.000,0.0,256,3.82089552239,87,1.29850746269,.000,0.0,.000,0.0,.000,0.0,147,431,6.4328358209,
