Player,Team,Season,Height,Position,Age,G,MIN,MINPG,FGM,FGA,FGP,TPM,TPA,TPP,FTM,FTA,FTP,ORB,ORBPG,DRB,DRBPG,TRB,TRBPG,AST,ASTPG,STL,STLPG,BLK,BLKPG,TO,TOPG,PF,PTS,PTSPG,
Zeke Sinicola,FTW,1951-1952, 5-10,,23,3,15,5.0,1,4,.250,.000,.000,.000,0,2,.000,.000,0.0,.000,0.0,1,0.333333333333,0,0.0,.000,0.0,.000,0.0,.000,0.0,2,2,0.666666666667,
Zeke Sinicola,FTW,1953-1954, 5-10,,25,9,33,3.66666666667,4,16,.250,.000,.000,.000,3,6,.500,.000,0.0,.000,0.0,1,0.111111111111,3,0.333333333333,.000,0.0,.000,0.0,.000,0.0,8,11,1.22222222222,
