Player,Team,Season,Height,Position,Age,G,MIN,MINPG,FGM,FGA,FGP,TPM,TPA,TPP,FTM,FTA,FTP,ORB,ORBPG,DRB,DRBPG,TRB,TRBPG,AST,ASTPG,STL,STLPG,BLK,BLKPG,TO,TOPG,PF,PTS,PTSPG,
Zeljko Rebraca,DET,2001-2002, 7-0,C,29,74,1179,15.9324324324,189,374,.505,0,0,.000,135,175,.771,84,1.13513513514,206,2.78378378378,290,3.91891891892,38,0.513513513514,28,0.378378378378,73,0.986486486486,84,1.13513513514,192,513,6.93243243243,
Zeljko Rebraca,DET,2002-2003, 7-0,C,30,30,488,16.2666666667,80,145,.552,0,0,.000,38,48,.792,27,0.9,65,2.16666666667,92,3.06666666667,9,0.3,6,0.2,17,0.566666666667,29,0.966666666667,79,198,6.6,
Zeljko Rebraca,TOT,2003-2004, 7-0,C,31,24,273,11.375,34,77,.442,0,0,.000,23,30,.767,23,0.958333333333,35,1.45833333333,58,2.41666666667,6,0.25,5,0.208333333333,11,0.458333333333,17,0.708333333333,52,91,3.79166666667,
Zeljko Rebraca,DET,2003-2004, 7-0,C,31,21,222,10.5714285714,22,54,.407,0,0,.000,22,28,.786,19,0.904761904762,30,1.42857142857,49,2.33333333333,4,0.190476190476,5,0.238095238095,9,0.428571428571,13,0.619047619048,45,66,3.14285714286,
Zeljko Rebraca,ATL,2003-2004, 7-0,C,31,3,51,17.0,12,23,.522,0,0,.000,1,2,.500,4,1.33333333333,5,1.66666666667,9,3.0,2,0.666666666667,0,0.0,2,0.666666666667,4,1.33333333333,7,25,8.33333333333,
Zeljko Rebraca,LAC,2004-2005, 7-0,C,32,58,928,16.0,133,234,.568,0,0,.000,73,85,.859,49,0.844827586207,135,2.3275862069,184,3.1724137931,26,0.448275862069,13,0.224137931034,40,0.689655172414,49,0.844827586207,130,339,5.84482758621,
Zeljko Rebraca,LAC,2005-2006, 7-0,C,33,29,412,14.2068965517,52,96,.542,0,0,.000,31,41,.756,13,0.448275862069,51,1.75862068966,64,2.20689655172,9,0.310344827586,5,0.172413793103,19,0.655172413793,24,0.827586206897,59,135,4.65517241379,
