Player,Team,Season,Height,Position,Age,G,MIN,MINPG,FGM,FGA,FGP,TPM,TPA,TPP,FTM,FTA,FTP,ORB,ORBPG,DRB,DRBPG,TRB,TRBPG,AST,ASTPG,STL,STLPG,BLK,BLKPG,TO,TOPG,PF,PTS,PTSPG,
Zendon Hamilton,LAC,2000-2001, 6-11,C,25,3,19,6.33333333333,2,9,.222,0,0,.000,5,8,.625,3,1.0,5,1.66666666667,8,2.66666666667,0,0.0,0,0.0,0,0.0,2,0.666666666667,4,9,3.0,
Zendon Hamilton,DEN,2001-2002, 6-11,PF,26,54,848,15.7037037037,103,245,.420,0,0,.000,118,181,.652,110,2.03703703704,143,2.64814814815,253,4.68518518519,14,0.259259259259,21,0.388888888889,18,0.333333333333,60,1.11111111111,104,324,6.0,
Zendon Hamilton,TOR,2002-2003, 6-11,C,27,3,12,4.0,2,5,.400,0,0,.000,2,2,1.000,1,0.333333333333,3,1.0,4,1.33333333333,0,0.0,1,0.333333333333,0,0.0,1,0.333333333333,2,6,2.0,
Zendon Hamilton,PHI,2003-2004, 6-11,C,28,46,473,10.2826086957,51,95,.537,0,0,.000,67,96,.698,49,1.0652173913,97,2.10869565217,146,3.17391304348,13,0.282608695652,8,0.173913043478,8,0.173913043478,27,0.586956521739,74,169,3.67391304348,
Zendon Hamilton,MIL,2004-2005, 6-11,C,29,16,159,9.9375,11,32,.344,0,0,.000,29,48,.604,18,1.125,24,1.5,42,2.625,6,0.375,5,0.3125,2,0.125,12,0.75,26,51,3.1875,
Zendon Hamilton,TOT,2005-2006, 6-11,C,30,12,49,4.08333333333,7,14,.500,0,0,.000,12,18,.667,3,0.25,8,0.666666666667,11,0.916666666667,0,0.0,4,0.333333333333,0,0.0,6,0.5,5,26,2.16666666667,
Zendon Hamilton,CLE,2005-2006, 6-11,C,30,11,46,4.18181818182,7,13,.538,0,0,.000,11,16,.688,3,0.272727272727,8,0.727272727273,11,1.0,0,0.0,3,0.272727272727,0,0.0,6,0.545454545455,4,25,2.27272727273,
Zendon Hamilton,PHI,2005-2006, 6-11,C,30,1,3,3.0,0,1,.000,0,0,.000,1,2,.500,0,0.0,0,0.0,0,0.0,0,0.0,1,1.0,0,0.0,0,0.0,1,1,1.0,
