Player,Team,Season,Height,Position,Age,G,MIN,MINPG,FGM,FGA,FGP,TPM,TPA,TPP,FTM,FTA,FTP,ORB,ORBPG,DRB,DRBPG,TRB,TRBPG,AST,ASTPG,STL,STLPG,BLK,BLKPG,TO,TOPG,PF,PTS,PTSPG,
Zoran Planinic,NJN,2003-2004, 6-7,SG,21,49,473,9.65306122449,53,129,.411,9,32,.281,38,60,.633,14,0.285714285714,41,0.836734693878,55,1.12244897959,68,1.38775510204,13,0.265306122449,3,0.0612244897959,36,0.734693877551,70,153,3.12244897959,
Zoran Planinic,NJN,2004-2005, 6-7,PG,22,43,515,11.976744186,78,174,.448,15,40,.375,46,66,.697,19,0.441860465116,50,1.16279069767,69,1.60465116279,44,1.02325581395,25,0.581395348837,0,0.0,41,0.953488372093,76,217,5.04651162791,
Zoran Planinic,NJN,2005-2006, 6-7,PG,23,56,596,10.6428571429,66,183,.361,13,56,.232,46,66,.697,14,0.25,60,1.07142857143,74,1.32142857143,53,0.946428571429,20,0.357142857143,4,0.0714285714286,43,0.767857142857,91,191,3.41071428571,
